weather_condition,temperature,distance,traffic_condition,time_of_day,chosen_mode,reasoning,serialized_query,serialized_with_label
storm,24°C warm,10 km,heavy traffic,07:00 rush hour,car,"Car is best for storms, prioritizing safety and comfort despite rush hour traffic.",Weather is storm with a temperature of 24°C warm. Route distance is 10 km and traffic is heavy traffic. Trip starts at 07:00 rush hour.,Weather is storm with a temperature of 24°C warm. Route distance is 10 km and traffic is heavy traffic. Trip starts at 07:00 rush hour. Transport mode is car.
clear sky,24°C warm,1 km,light traffic,09:00 morning,bike,Short distance and good weather make bike the most practical and efficient choice.,Weather is clear sky with a temperature of 24°C warm. Route distance is 1 km and traffic is light traffic. Trip starts at 09:00 morning.,Weather is clear sky with a temperature of 24°C warm. Route distance is 1 km and traffic is light traffic. Trip starts at 09:00 morning. Transport mode is bike.
heavy rain,30°C hot,20 km,heavy traffic,18:00 evening rush,car,"Car is best for heavy rain, prioritizing safety and comfort despite rush hour traffic.",Weather is heavy rain with a temperature of 30°C hot. Route distance is 20 km and traffic is heavy traffic. Trip starts at 18:00 evening rush.,Weather is heavy rain with a temperature of 30°C hot. Route distance is 20 km and traffic is heavy traffic. Trip starts at 18:00 evening rush. Transport mode is car.
clear sky,18°C mild,3 km,no traffic,12:00 midday,bike,Short distance and good weather make bike the most practical and efficient choice.,Weather is clear sky with a temperature of 18°C mild. Route distance is 3 km and traffic is no traffic. Trip starts at 12:00 midday.,Weather is clear sky with a temperature of 18°C mild. Route distance is 3 km and traffic is no traffic. Trip starts at 12:00 midday. Transport mode is bike.
overcast,30°C hot,15 km,moderate traffic,15:00 afternoon,motorbike,Motorbike is efficient for moderate distance in non-extreme weather and traffic.,Weather is overcast with a temperature of 30°C hot. Route distance is 15 km and traffic is moderate traffic. Trip starts at 15:00 afternoon.,Weather is overcast with a temperature of 30°C hot. Route distance is 15 km and traffic is moderate traffic. Trip starts at 15:00 afternoon. Transport mode is motorbike.
fog,18°C mild,8 km,light traffic,07:00 rush hour,motorbike,"Motorbike is efficient for moderate distance in light traffic, and fog is not an explicit exclusion.",Weather is fog with a temperature of 18°C mild. Route distance is 8 km and traffic is light traffic. Trip starts at 07:00 rush hour.,Weather is fog with a temperature of 18°C mild. Route distance is 8 km and traffic is light traffic. Trip starts at 07:00 rush hour. Transport mode is motorbike.
clear sky,35°C very hot,2 km,no traffic,12:00 midday,bike,Short distance and not extreme heat make bike a practical and direct choice.,Weather is clear sky with a temperature of 35°C very hot. Route distance is 2 km and traffic is no traffic. Trip starts at 12:00 midday.,Weather is clear sky with a temperature of 35°C very hot. Route distance is 2 km and traffic is no traffic. Trip starts at 12:00 midday. Transport mode is bike.
light rain,24°C warm,5 km,moderate traffic,09:00 morning,motorbike,"Motorbike is efficient for this distance in light rain, offering more flexibility than transit.",Weather is light rain with a temperature of 24°C warm. Route distance is 5 km and traffic is moderate traffic. Trip starts at 09:00 morning.,Weather is light rain with a temperature of 24°C warm. Route distance is 5 km and traffic is moderate traffic. Trip starts at 09:00 morning. Transport mode is motorbike.
light rain,35°C very hot,15 km,moderate traffic,18:00 evening rush,motorbike,Motorbike is efficient for moderate distance in light rain and moderate traffic during rush hour.,Weather is light rain with a temperature of 35°C very hot. Route distance is 15 km and traffic is moderate traffic. Trip starts at 18:00 evening rush.,Weather is light rain with a temperature of 35°C very hot. Route distance is 15 km and traffic is moderate traffic. Trip starts at 18:00 evening rush. Transport mode is motorbike.
light drizzle,35°C very hot,0.5 km,moderate traffic,18:00 evening rush,motorbike,Motorbike is most practical for a very short distance in light drizzle when bike is excluded.,Weather is light drizzle with a temperature of 35°C very hot. Route distance is 0.5 km and traffic is moderate traffic. Trip starts at 18:00 evening rush.,Weather is light drizzle with a temperature of 35°C very hot. Route distance is 0.5 km and traffic is moderate traffic. Trip starts at 18:00 evening rush. Transport mode is motorbike.
fog,24°C warm,20 km,moderate traffic,00:00 late night,motorbike,"Motorbike is efficient for moderate distance late at night, and fog is not an explicit exclusion.",Weather is fog with a temperature of 24°C warm. Route distance is 20 km and traffic is moderate traffic. Trip starts at 00:00 late night.,Weather is fog with a temperature of 24°C warm. Route distance is 20 km and traffic is moderate traffic. Trip starts at 00:00 late night. Transport mode is motorbike.
overcast,35°C very hot,1 km,gridlock,00:00 late night,bike,Short distance and gridlock traffic make bike the most efficient choice.,Weather is overcast with a temperature of 35°C very hot. Route distance is 1 km and traffic is gridlock. Trip starts at 00:00 late night.,Weather is overcast with a temperature of 35°C very hot. Route distance is 1 km and traffic is gridlock. Trip starts at 00:00 late night. Transport mode is bike.
strong wind,35°C very hot,1 km,gridlock,07:00 rush hour,bike,"Short distance and gridlock traffic make bike the most efficient choice, despite strong wind.",Weather is strong wind with a temperature of 35°C very hot. Route distance is 1 km and traffic is gridlock. Trip starts at 07:00 rush hour.,Weather is strong wind with a temperature of 35°C very hot. Route distance is 1 km and traffic is gridlock. Trip starts at 07:00 rush hour. Transport mode is bike.
light rain,30°C hot,2 km,light traffic,09:00 morning,motorbike,Motorbike is most practical for a short distance in light rain when bike is excluded.,Weather is light rain with a temperature of 30°C hot. Route distance is 2 km and traffic is light traffic. Trip starts at 09:00 morning.,Weather is light rain with a temperature of 30°C hot. Route distance is 2 km and traffic is light traffic. Trip starts at 09:00 morning. Transport mode is motorbike.
fog,12°C cold,10 km,heavy traffic,15:00 afternoon,motorbike,"Motorbike is efficient for moderate distance in heavy traffic, and fog is not an explicit exclusion.",Weather is fog with a temperature of 12°C cold. Route distance is 10 km and traffic is heavy traffic. Trip starts at 15:00 afternoon.,Weather is fog with a temperature of 12°C cold. Route distance is 10 km and traffic is heavy traffic. Trip starts at 15:00 afternoon. Transport mode is motorbike.
overcast,38°C extreme heat,30 km,heavy traffic,12:00 midday,car,"Car is best for extreme heat over a longer distance, prioritizing comfort and safety.",Weather is overcast with a temperature of 38°C extreme heat. Route distance is 30 km and traffic is heavy traffic. Trip starts at 12:00 midday.,Weather is overcast with a temperature of 38°C extreme heat. Route distance is 30 km and traffic is heavy traffic. Trip starts at 12:00 midday. Transport mode is car.
light drizzle,35°C very hot,0.5 km,moderate traffic,18:00 evening rush,motorbike,Motorbike is most practical for a very short distance in light drizzle when bike is excluded.,Weather is light drizzle with a temperature of 35°C very hot. Route distance is 0.5 km and traffic is moderate traffic. Trip starts at 18:00 evening rush.,Weather is light drizzle with a temperature of 35°C very hot. Route distance is 0.5 km and traffic is moderate traffic. Trip starts at 18:00 evening rush. Transport mode is motorbike.
strong wind,35°C very hot,5 km,heavy traffic,15:00 afternoon,bike,"Short distance and heavy traffic make bike efficient, and strong wind is not an explicit exclusion.",Weather is strong wind with a temperature of 35°C very hot. Route distance is 5 km and traffic is heavy traffic. Trip starts at 15:00 afternoon.,Weather is strong wind with a temperature of 35°C very hot. Route distance is 5 km and traffic is heavy traffic. Trip starts at 15:00 afternoon. Transport mode is bike.
storm,38°C extreme heat,1 km,no traffic,12:00 midday,car,"Car is best for storms and extreme heat, prioritizing safety and comfort regardless of distance.",Weather is storm with a temperature of 38°C extreme heat. Route distance is 1 km and traffic is no traffic. Trip starts at 12:00 midday.,Weather is storm with a temperature of 38°C extreme heat. Route distance is 1 km and traffic is no traffic. Trip starts at 12:00 midday. Transport mode is car.
strong wind,12°C cold,30 km,no traffic,12:00 midday,car,"Car provides comfort and protection from strong wind over a longer distance, especially with no traffic.",Weather is strong wind with a temperature of 12°C cold. Route distance is 30 km and traffic is no traffic. Trip starts at 12:00 midday.,Weather is strong wind with a temperature of 12°C cold. Route distance is 30 km and traffic is no traffic. Trip starts at 12:00 midday. Transport mode is car.
light drizzle,24°C warm,0.5 km,light traffic,15:00 afternoon,motorbike,"Motorbike is practical for short distances, and light drizzle excludes bike.",Weather is light drizzle with a temperature of 24°C warm. Route distance is 0.5 km and traffic is light traffic. Trip starts at 15:00 afternoon.,Weather is light drizzle with a temperature of 24°C warm. Route distance is 0.5 km and traffic is light traffic. Trip starts at 15:00 afternoon. Transport mode is motorbike.
heavy rain,24°C warm,8 km,heavy traffic,09:00 morning,car,"Car is best for heavy rain, as bike, motorbike, and transit are excluded.",Weather is heavy rain with a temperature of 24°C warm. Route distance is 8 km and traffic is heavy traffic. Trip starts at 09:00 morning.,Weather is heavy rain with a temperature of 24°C warm. Route distance is 8 km and traffic is heavy traffic. Trip starts at 09:00 morning. Transport mode is car.
light drizzle,30°C hot,10 km,moderate traffic,18:00 evening rush,motorbike,Motorbike is practical for 10km in light drizzle and avoids car deprioritization during rush hour.,Weather is light drizzle with a temperature of 30°C hot. Route distance is 10 km and traffic is moderate traffic. Trip starts at 18:00 evening rush.,Weather is light drizzle with a temperature of 30°C hot. Route distance is 10 km and traffic is moderate traffic. Trip starts at 18:00 evening rush. Transport mode is motorbike.
light rain,38°C extreme heat,2 km,no traffic,00:00 late night,motorbike,"Motorbike is practical for 2km, as bike is excluded by rain and extreme heat, and transit by extreme heat.",Weather is light rain with a temperature of 38°C extreme heat. Route distance is 2 km and traffic is no traffic. Trip starts at 00:00 late night.,Weather is light rain with a temperature of 38°C extreme heat. Route distance is 2 km and traffic is no traffic. Trip starts at 00:00 late night. Transport mode is motorbike.
heavy rain,30°C hot,10 km,light traffic,18:00 evening rush,car,"Car is best for heavy rain, as bike, motorbike, and transit are excluded.",Weather is heavy rain with a temperature of 30°C hot. Route distance is 10 km and traffic is light traffic. Trip starts at 18:00 evening rush.,Weather is heavy rain with a temperature of 30°C hot. Route distance is 10 km and traffic is light traffic. Trip starts at 18:00 evening rush. Transport mode is car.
clear sky,30°C hot,30 km,light traffic,12:00 midday,motorbike,Motorbike is practical for 30km in clear weather and light traffic.,Weather is clear sky with a temperature of 30°C hot. Route distance is 30 km and traffic is light traffic. Trip starts at 12:00 midday.,Weather is clear sky with a temperature of 30°C hot. Route distance is 30 km and traffic is light traffic. Trip starts at 12:00 midday. Transport mode is motorbike.
heavy rain,18°C mild,3 km,light traffic,00:00 late night,car,"Car is best for heavy rain, as bike, motorbike, and transit are excluded.",Weather is heavy rain with a temperature of 18°C mild. Route distance is 3 km and traffic is light traffic. Trip starts at 00:00 late night.,Weather is heavy rain with a temperature of 18°C mild. Route distance is 3 km and traffic is light traffic. Trip starts at 00:00 late night. Transport mode is car.
storm,35°C very hot,15 km,moderate traffic,00:00 late night,car,"Car is best for storms, as bike, motorbike, and transit are excluded.",Weather is storm with a temperature of 35°C very hot. Route distance is 15 km and traffic is moderate traffic. Trip starts at 00:00 late night.,Weather is storm with a temperature of 35°C very hot. Route distance is 15 km and traffic is moderate traffic. Trip starts at 00:00 late night. Transport mode is car.
heavy rain,24°C warm,3 km,heavy traffic,18:00 evening rush,car,"Car is best for heavy rain, as bike, motorbike, and transit are excluded.",Weather is heavy rain with a temperature of 24°C warm. Route distance is 3 km and traffic is heavy traffic. Trip starts at 18:00 evening rush.,Weather is heavy rain with a temperature of 24°C warm. Route distance is 3 km and traffic is heavy traffic. Trip starts at 18:00 evening rush. Transport mode is car.
clear sky,35°C very hot,2 km,light traffic,21:00 night,bike,"Bike is practical for 2km in clear sky, as 35°C is not extreme heat.",Weather is clear sky with a temperature of 35°C very hot. Route distance is 2 km and traffic is light traffic. Trip starts at 21:00 night.,Weather is clear sky with a temperature of 35°C very hot. Route distance is 2 km and traffic is light traffic. Trip starts at 21:00 night. Transport mode is bike.
fog,30°C hot,0.5 km,light traffic,18:00 evening rush,bike,"Bike is practical for 0.5km in fog, which is not an exclusion criterion.",Weather is fog with a temperature of 30°C hot. Route distance is 0.5 km and traffic is light traffic. Trip starts at 18:00 evening rush.,Weather is fog with a temperature of 30°C hot. Route distance is 0.5 km and traffic is light traffic. Trip starts at 18:00 evening rush. Transport mode is bike.
clear sky,35°C very hot,2 km,heavy traffic,21:00 night,bike,"Bike is practical for 2km in clear sky, as 35°C is not extreme heat.",Weather is clear sky with a temperature of 35°C very hot. Route distance is 2 km and traffic is heavy traffic. Trip starts at 21:00 night.,Weather is clear sky with a temperature of 35°C very hot. Route distance is 2 km and traffic is heavy traffic. Trip starts at 21:00 night. Transport mode is bike.
light rain,35°C very hot,30 km,no traffic,09:00 morning,motorbike,"Motorbike is practical for 30km in light rain, as bike is excluded by rain and distance.",Weather is light rain with a temperature of 35°C very hot. Route distance is 30 km and traffic is no traffic. Trip starts at 09:00 morning.,Weather is light rain with a temperature of 35°C very hot. Route distance is 30 km and traffic is no traffic. Trip starts at 09:00 morning. Transport mode is motorbike.
clear sky,18°C mild,8 km,no traffic,00:00 late night,motorbike,Motorbike is the most practical for 8km in clear weather with no traffic.,Weather is clear sky with a temperature of 18°C mild. Route distance is 8 km and traffic is no traffic. Trip starts at 00:00 late night.,Weather is clear sky with a temperature of 18°C mild. Route distance is 8 km and traffic is no traffic. Trip starts at 00:00 late night. Transport mode is motorbike.
strong wind,38°C extreme heat,30 km,moderate traffic,09:00 morning,car,"Car is preferred for 30km in poor weather (extreme heat and strong wind), as transit and bike are excluded.",Weather is strong wind with a temperature of 38°C extreme heat. Route distance is 30 km and traffic is moderate traffic. Trip starts at 09:00 morning.,Weather is strong wind with a temperature of 38°C extreme heat. Route distance is 30 km and traffic is moderate traffic. Trip starts at 09:00 morning. Transport mode is car.
fog,30°C hot,1 km,light traffic,00:00 late night,bike,"Bike is practical for 1km in fog, which is not an exclusion criterion.",Weather is fog with a temperature of 30°C hot. Route distance is 1 km and traffic is light traffic. Trip starts at 00:00 late night.,Weather is fog with a temperature of 30°C hot. Route distance is 1 km and traffic is light traffic. Trip starts at 00:00 late night. Transport mode is bike.
strong wind,38°C extreme heat,1 km,moderate traffic,21:00 night,motorbike,"Motorbike is the most practical for 1km, as bike and transit are excluded by extreme heat.",Weather is strong wind with a temperature of 38°C extreme heat. Route distance is 1 km and traffic is moderate traffic. Trip starts at 21:00 night.,Weather is strong wind with a temperature of 38°C extreme heat. Route distance is 1 km and traffic is moderate traffic. Trip starts at 21:00 night. Transport mode is motorbike.
clear sky,12°C cold,3 km,moderate traffic,07:00 rush hour,bike,"Bike is practical for 3km in clear, mild weather, even during rush hour.",Weather is clear sky with a temperature of 12°C cold. Route distance is 3 km and traffic is moderate traffic. Trip starts at 07:00 rush hour.,Weather is clear sky with a temperature of 12°C cold. Route distance is 3 km and traffic is moderate traffic. Trip starts at 07:00 rush hour. Transport mode is bike.
light drizzle,35°C very hot,30 km,gridlock,12:00 midday,motorbike,"Motorbike is best for navigating 30km in gridlock, as bike is excluded by rain and distance, and car is deprioritized.",Weather is light drizzle with a temperature of 35°C very hot. Route distance is 30 km and traffic is gridlock. Trip starts at 12:00 midday.,Weather is light drizzle with a temperature of 35°C very hot. Route distance is 30 km and traffic is gridlock. Trip starts at 12:00 midday. Transport mode is motorbike.
overcast,35°C very hot,3 km,moderate traffic,09:00 morning,bike,"Bike is practical for 3km in overcast weather, as 35°C is not extreme heat.",Weather is overcast with a temperature of 35°C very hot. Route distance is 3 km and traffic is moderate traffic. Trip starts at 09:00 morning.,Weather is overcast with a temperature of 35°C very hot. Route distance is 3 km and traffic is moderate traffic. Trip starts at 09:00 morning. Transport mode is bike.
overcast,30°C hot,1 km,moderate traffic,07:00 rush hour,bike,"Bike is ideal for a 1km distance in moderate weather, especially during rush hour to avoid traffic.",Weather is overcast with a temperature of 30°C hot. Route distance is 1 km and traffic is moderate traffic. Trip starts at 07:00 rush hour.,Weather is overcast with a temperature of 30°C hot. Route distance is 1 km and traffic is moderate traffic. Trip starts at 07:00 rush hour. Transport mode is bike.
strong wind,35°C very hot,10 km,moderate traffic,07:00 rush hour,motorbike,"Motorbike is practical for 10km in hot, windy conditions during rush hour, avoiding car delays.",Weather is strong wind with a temperature of 35°C very hot. Route distance is 10 km and traffic is moderate traffic. Trip starts at 07:00 rush hour.,Weather is strong wind with a temperature of 35°C very hot. Route distance is 10 km and traffic is moderate traffic. Trip starts at 07:00 rush hour. Transport mode is motorbike.
storm,35°C very hot,15 km,moderate traffic,00:00 late night,car,"Car is the most practical choice for a 15km trip during a storm, offering protection from the elements.",Weather is storm with a temperature of 35°C very hot. Route distance is 15 km and traffic is moderate traffic. Trip starts at 00:00 late night.,Weather is storm with a temperature of 35°C very hot. Route distance is 15 km and traffic is moderate traffic. Trip starts at 00:00 late night. Transport mode is car.
fog,35°C very hot,20 km,heavy traffic,12:00 midday,motorbike,"Motorbike is generally more efficient for 20km in heavy traffic, even with fog, compared to a car.",Weather is fog with a temperature of 35°C very hot. Route distance is 20 km and traffic is heavy traffic. Trip starts at 12:00 midday.,Weather is fog with a temperature of 35°C very hot. Route distance is 20 km and traffic is heavy traffic. Trip starts at 12:00 midday. Transport mode is motorbike.
light rain,24°C warm,0.5 km,gridlock,18:00 evening rush,motorbike,Motorbike is the most practical for a very short 0.5km distance in light rain and gridlock.,Weather is light rain with a temperature of 24°C warm. Route distance is 0.5 km and traffic is gridlock. Trip starts at 18:00 evening rush.,Weather is light rain with a temperature of 24°C warm. Route distance is 0.5 km and traffic is gridlock. Trip starts at 18:00 evening rush. Transport mode is motorbike.
light rain,30°C hot,0.5 km,heavy traffic,18:00 evening rush,motorbike,Motorbike is the most practical for a very short 0.5km distance in light rain and heavy traffic.,Weather is light rain with a temperature of 30°C hot. Route distance is 0.5 km and traffic is heavy traffic. Trip starts at 18:00 evening rush.,Weather is light rain with a temperature of 30°C hot. Route distance is 0.5 km and traffic is heavy traffic. Trip starts at 18:00 evening rush. Transport mode is motorbike.
overcast,18°C mild,20 km,gridlock,00:00 late night,motorbike,"Motorbike is efficient for 20km in gridlock, even late at night, in mild weather.",Weather is overcast with a temperature of 18°C mild. Route distance is 20 km and traffic is gridlock. Trip starts at 00:00 late night.,Weather is overcast with a temperature of 18°C mild. Route distance is 20 km and traffic is gridlock. Trip starts at 00:00 late night. Transport mode is motorbike.
storm,12°C cold,5 km,heavy traffic,00:00 late night,car,"Car is the only practical option for a 5km trip during a storm, providing safety and shelter.",Weather is storm with a temperature of 12°C cold. Route distance is 5 km and traffic is heavy traffic. Trip starts at 00:00 late night.,Weather is storm with a temperature of 12°C cold. Route distance is 5 km and traffic is heavy traffic. Trip starts at 00:00 late night. Transport mode is car.
strong wind,38°C extreme heat,2 km,moderate traffic,18:00 evening rush,motorbike,"Motorbike is the most practical for 2km in extreme heat during rush hour, as bike and transit are excluded and car is deprioritized.",Weather is strong wind with a temperature of 38°C extreme heat. Route distance is 2 km and traffic is moderate traffic. Trip starts at 18:00 evening rush.,Weather is strong wind with a temperature of 38°C extreme heat. Route distance is 2 km and traffic is moderate traffic. Trip starts at 18:00 evening rush. Transport mode is motorbike.
overcast,38°C extreme heat,0.5 km,heavy traffic,09:00 morning,motorbike,Motorbike is the most practical for a very short 0.5km distance in extreme heat and heavy traffic.,Weather is overcast with a temperature of 38°C extreme heat. Route distance is 0.5 km and traffic is heavy traffic. Trip starts at 09:00 morning.,Weather is overcast with a temperature of 38°C extreme heat. Route distance is 0.5 km and traffic is heavy traffic. Trip starts at 09:00 morning. Transport mode is motorbike.
heavy rain,35°C very hot,2 km,heavy traffic,21:00 night,car,"Car is best for heavy rain, providing protection for the 2km journey.",Weather is heavy rain with a temperature of 35°C very hot. Route distance is 2 km and traffic is heavy traffic. Trip starts at 21:00 night.,Weather is heavy rain with a temperature of 35°C very hot. Route distance is 2 km and traffic is heavy traffic. Trip starts at 21:00 night. Transport mode is car.
storm,12°C cold,15 km,gridlock,09:00 morning,car,"Car is the only practical option for a 15km trip during a storm, despite rush hour and gridlock.",Weather is storm with a temperature of 12°C cold. Route distance is 15 km and traffic is gridlock. Trip starts at 09:00 morning.,Weather is storm with a temperature of 12°C cold. Route distance is 15 km and traffic is gridlock. Trip starts at 09:00 morning. Transport mode is car.
light rain,35°C very hot,8 km,light traffic,12:00 midday,motorbike,"Motorbike is efficient for 8km in light rain and light traffic, as bikes are excluded in rain.",Weather is light rain with a temperature of 35°C very hot. Route distance is 8 km and traffic is light traffic. Trip starts at 12:00 midday.,Weather is light rain with a temperature of 35°C very hot. Route distance is 8 km and traffic is light traffic. Trip starts at 12:00 midday. Transport mode is motorbike.
storm,12°C cold,8 km,no traffic,09:00 morning,car,"Car is the only practical option for an 8km trip during a storm, ensuring safety and shelter.",Weather is storm with a temperature of 12°C cold. Route distance is 8 km and traffic is no traffic. Trip starts at 09:00 morning.,Weather is storm with a temperature of 12°C cold. Route distance is 8 km and traffic is no traffic. Trip starts at 09:00 morning. Transport mode is car.
storm,30°C hot,5 km,heavy traffic,18:00 evening rush,car,"Car is the only practical option for a 5km trip during a storm, offering protection from the elements.",Weather is storm with a temperature of 30°C hot. Route distance is 5 km and traffic is heavy traffic. Trip starts at 18:00 evening rush.,Weather is storm with a temperature of 30°C hot. Route distance is 5 km and traffic is heavy traffic. Trip starts at 18:00 evening rush. Transport mode is car.
heavy rain,18°C mild,1 km,moderate traffic,18:00 evening rush,car,"Car is best for heavy rain, providing protection for the 1km journey during rush hour.",Weather is heavy rain with a temperature of 18°C mild. Route distance is 1 km and traffic is moderate traffic. Trip starts at 18:00 evening rush.,Weather is heavy rain with a temperature of 18°C mild. Route distance is 1 km and traffic is moderate traffic. Trip starts at 18:00 evening rush. Transport mode is car.
overcast,38°C extreme heat,30 km,gridlock,00:00 late night,car,"Car offers comfort and protection for a 30km journey in extreme heat and gridlock, especially at night.",Weather is overcast with a temperature of 38°C extreme heat. Route distance is 30 km and traffic is gridlock. Trip starts at 00:00 late night.,Weather is overcast with a temperature of 38°C extreme heat. Route distance is 30 km and traffic is gridlock. Trip starts at 00:00 late night. Transport mode is car.
light rain,30°C hot,0.5 km,gridlock,15:00 afternoon,motorbike,Motorbike is the most practical for a very short 0.5km distance in light rain and gridlock.,Weather is light rain with a temperature of 30°C hot. Route distance is 0.5 km and traffic is gridlock. Trip starts at 15:00 afternoon.,Weather is light rain with a temperature of 30°C hot. Route distance is 0.5 km and traffic is gridlock. Trip starts at 15:00 afternoon. Transport mode is motorbike.
storm,18°C mild,2 km,no traffic,21:00 night,car,"Car is the only practical option for a 2km trip during a storm, ensuring safety and shelter.",Weather is storm with a temperature of 18°C mild. Route distance is 2 km and traffic is no traffic. Trip starts at 21:00 night.,Weather is storm with a temperature of 18°C mild. Route distance is 2 km and traffic is no traffic. Trip starts at 21:00 night. Transport mode is car.
overcast,30°C hot,15 km,no traffic,15:00 afternoon,motorbike,"Motorbike is efficient for 15km with no traffic in good weather, as bikes are excluded for this distance.",Weather is overcast with a temperature of 30°C hot. Route distance is 15 km and traffic is no traffic. Trip starts at 15:00 afternoon.,Weather is overcast with a temperature of 30°C hot. Route distance is 15 km and traffic is no traffic. Trip starts at 15:00 afternoon. Transport mode is motorbike.
storm,24°C warm,0.5 km,gridlock,07:00 rush hour,car,"Car is best for storms, despite rush hour, as other modes are excluded.",Weather is storm with a temperature of 24°C warm. Route distance is 0.5 km and traffic is gridlock. Trip starts at 07:00 rush hour.,Weather is storm with a temperature of 24°C warm. Route distance is 0.5 km and traffic is gridlock. Trip starts at 07:00 rush hour. Transport mode is car.
storm,38°C extreme heat,1 km,heavy traffic,07:00 rush hour,car,"Car is the only practical option due to the storm and extreme heat, despite rush hour.",Weather is storm with a temperature of 38°C extreme heat. Route distance is 1 km and traffic is heavy traffic. Trip starts at 07:00 rush hour.,Weather is storm with a temperature of 38°C extreme heat. Route distance is 1 km and traffic is heavy traffic. Trip starts at 07:00 rush hour. Transport mode is car.
overcast,12°C cold,10 km,light traffic,15:00 afternoon,motorbike,Motorbike is efficient for 10km in light traffic and suitable weather.,Weather is overcast with a temperature of 12°C cold. Route distance is 10 km and traffic is light traffic. Trip starts at 15:00 afternoon.,Weather is overcast with a temperature of 12°C cold. Route distance is 10 km and traffic is light traffic. Trip starts at 15:00 afternoon. Transport mode is motorbike.
strong wind,18°C mild,5 km,heavy traffic,18:00 evening rush,motorbike,"Motorbike is agile in heavy traffic for 5km, and strong wind is not an exclusion.",Weather is strong wind with a temperature of 18°C mild. Route distance is 5 km and traffic is heavy traffic. Trip starts at 18:00 evening rush.,Weather is strong wind with a temperature of 18°C mild. Route distance is 5 km and traffic is heavy traffic. Trip starts at 18:00 evening rush. Transport mode is motorbike.
light drizzle,30°C hot,10 km,gridlock,21:00 night,motorbike,Motorbike is highly effective for navigating 10km in gridlock during light drizzle.,Weather is light drizzle with a temperature of 30°C hot. Route distance is 10 km and traffic is gridlock. Trip starts at 21:00 night.,Weather is light drizzle with a temperature of 30°C hot. Route distance is 10 km and traffic is gridlock. Trip starts at 21:00 night. Transport mode is motorbike.
storm,24°C warm,1 km,gridlock,21:00 night,car,"Car is the best option for a storm, especially for a short distance in gridlock.",Weather is storm with a temperature of 24°C warm. Route distance is 1 km and traffic is gridlock. Trip starts at 21:00 night.,Weather is storm with a temperature of 24°C warm. Route distance is 1 km and traffic is gridlock. Trip starts at 21:00 night. Transport mode is car.
clear sky,38°C extreme heat,8 km,moderate traffic,12:00 midday,motorbike,"Motorbike is practical for 8km in moderate traffic, and extreme heat only excludes bikes.",Weather is clear sky with a temperature of 38°C extreme heat. Route distance is 8 km and traffic is moderate traffic. Trip starts at 12:00 midday.,Weather is clear sky with a temperature of 38°C extreme heat. Route distance is 8 km and traffic is moderate traffic. Trip starts at 12:00 midday. Transport mode is motorbike.
light drizzle,12°C cold,8 km,light traffic,18:00 evening rush,motorbike,"Motorbike is efficient for 8km in light traffic during rush hour, and light drizzle is not an exclusion.",Weather is light drizzle with a temperature of 12°C cold. Route distance is 8 km and traffic is light traffic. Trip starts at 18:00 evening rush.,Weather is light drizzle with a temperature of 12°C cold. Route distance is 8 km and traffic is light traffic. Trip starts at 18:00 evening rush. Transport mode is motorbike.
light drizzle,38°C extreme heat,30 km,moderate traffic,18:00 evening rush,motorbike,Motorbike is suitable for 30km and can navigate moderate traffic better than a deprioritized car during rush hour.,Weather is light drizzle with a temperature of 38°C extreme heat. Route distance is 30 km and traffic is moderate traffic. Trip starts at 18:00 evening rush.,Weather is light drizzle with a temperature of 38°C extreme heat. Route distance is 30 km and traffic is moderate traffic. Trip starts at 18:00 evening rush. Transport mode is motorbike.
overcast,30°C hot,1 km,moderate traffic,21:00 night,bike,Bike is the most practical and quick option for a 1km trip in suitable weather.,Weather is overcast with a temperature of 30°C hot. Route distance is 1 km and traffic is moderate traffic. Trip starts at 21:00 night.,Weather is overcast with a temperature of 30°C hot. Route distance is 1 km and traffic is moderate traffic. Trip starts at 21:00 night. Transport mode is bike.
light drizzle,38°C extreme heat,10 km,no traffic,07:00 rush hour,motorbike,"Motorbike is suitable for 10km in light drizzle, and car is deprioritized during rush hour.",Weather is light drizzle with a temperature of 38°C extreme heat. Route distance is 10 km and traffic is no traffic. Trip starts at 07:00 rush hour.,Weather is light drizzle with a temperature of 38°C extreme heat. Route distance is 10 km and traffic is no traffic. Trip starts at 07:00 rush hour. Transport mode is motorbike.
overcast,38°C extreme heat,15 km,light traffic,09:00 morning,motorbike,"Motorbike is efficient for 15km in light traffic, and extreme heat only excludes bikes.",Weather is overcast with a temperature of 38°C extreme heat. Route distance is 15 km and traffic is light traffic. Trip starts at 09:00 morning.,Weather is overcast with a temperature of 38°C extreme heat. Route distance is 15 km and traffic is light traffic. Trip starts at 09:00 morning. Transport mode is motorbike.
heavy rain,18°C mild,3 km,no traffic,21:00 night,car,"Car is the best option for heavy rain, especially for a short distance with no traffic.",Weather is heavy rain with a temperature of 18°C mild. Route distance is 3 km and traffic is no traffic. Trip starts at 21:00 night.,Weather is heavy rain with a temperature of 18°C mild. Route distance is 3 km and traffic is no traffic. Trip starts at 21:00 night. Transport mode is car.
heavy rain,24°C warm,0.5 km,heavy traffic,07:00 rush hour,car,"Car is the only practical option due to heavy rain, despite rush hour.",Weather is heavy rain with a temperature of 24°C warm. Route distance is 0.5 km and traffic is heavy traffic. Trip starts at 07:00 rush hour.,Weather is heavy rain with a temperature of 24°C warm. Route distance is 0.5 km and traffic is heavy traffic. Trip starts at 07:00 rush hour. Transport mode is car.
clear sky,12°C cold,2 km,moderate traffic,21:00 night,bike,Bike is the most practical and quick option for a 2km trip in suitable weather.,Weather is clear sky with a temperature of 12°C cold. Route distance is 2 km and traffic is moderate traffic. Trip starts at 21:00 night.,Weather is clear sky with a temperature of 12°C cold. Route distance is 2 km and traffic is moderate traffic. Trip starts at 21:00 night. Transport mode is bike.
strong wind,30°C hot,10 km,heavy traffic,21:00 night,motorbike,"Motorbike is efficient for 10km in heavy traffic, and strong wind is not an exclusion.",Weather is strong wind with a temperature of 30°C hot. Route distance is 10 km and traffic is heavy traffic. Trip starts at 21:00 night.,Weather is strong wind with a temperature of 30°C hot. Route distance is 10 km and traffic is heavy traffic. Trip starts at 21:00 night. Transport mode is motorbike.
light drizzle,38°C extreme heat,2 km,gridlock,00:00 late night,motorbike,Motorbike is highly effective for navigating 2km in gridlock during light drizzle.,Weather is light drizzle with a temperature of 38°C extreme heat. Route distance is 2 km and traffic is gridlock. Trip starts at 00:00 late night.,Weather is light drizzle with a temperature of 38°C extreme heat. Route distance is 2 km and traffic is gridlock. Trip starts at 00:00 late night. Transport mode is motorbike.
light rain,24°C warm,3 km,heavy traffic,21:00 night,motorbike,"Motorbike is efficient for 3km in heavy traffic, and light rain is not an exclusion.",Weather is light rain with a temperature of 24°C warm. Route distance is 3 km and traffic is heavy traffic. Trip starts at 21:00 night.,Weather is light rain with a temperature of 24°C warm. Route distance is 3 km and traffic is heavy traffic. Trip starts at 21:00 night. Transport mode is motorbike.
strong wind,24°C warm,0.5 km,gridlock,21:00 night,bike,"Bike is the most practical and quick option for a 0.5km trip in suitable weather, even with strong wind.",Weather is strong wind with a temperature of 24°C warm. Route distance is 0.5 km and traffic is gridlock. Trip starts at 21:00 night.,Weather is strong wind with a temperature of 24°C warm. Route distance is 0.5 km and traffic is gridlock. Trip starts at 21:00 night. Transport mode is bike.
light drizzle,12°C cold,2 km,gridlock,09:00 morning,motorbike,Motorbike is highly effective for navigating 2km in gridlock during light drizzle.,Weather is light drizzle with a temperature of 12°C cold. Route distance is 2 km and traffic is gridlock. Trip starts at 09:00 morning.,Weather is light drizzle with a temperature of 12°C cold. Route distance is 2 km and traffic is gridlock. Trip starts at 09:00 morning. Transport mode is motorbike.
fog,35°C very hot,5 km,light traffic,12:00 midday,motorbike,"Motorbike is practical for 5km in hot weather and light traffic, offering speed and flexibility.",Weather is fog with a temperature of 35°C very hot. Route distance is 5 km and traffic is light traffic. Trip starts at 12:00 midday.,Weather is fog with a temperature of 35°C very hot. Route distance is 5 km and traffic is light traffic. Trip starts at 12:00 midday. Transport mode is motorbike.
overcast,18°C mild,2 km,no traffic,09:00 morning,bike,Bike is ideal for a short 2km trip in mild weather with no traffic.,Weather is overcast with a temperature of 18°C mild. Route distance is 2 km and traffic is no traffic. Trip starts at 09:00 morning.,Weather is overcast with a temperature of 18°C mild. Route distance is 2 km and traffic is no traffic. Trip starts at 09:00 morning. Transport mode is bike.
clear sky,30°C hot,3 km,heavy traffic,00:00 late night,motorbike,"Motorbike is agile for 3km in heavy traffic, especially late at night when transit might be limited.",Weather is clear sky with a temperature of 30°C hot. Route distance is 3 km and traffic is heavy traffic. Trip starts at 00:00 late night.,Weather is clear sky with a temperature of 30°C hot. Route distance is 3 km and traffic is heavy traffic. Trip starts at 00:00 late night. Transport mode is motorbike.
storm,35°C very hot,15 km,heavy traffic,12:00 midday,car,"Car is the safest and most practical choice for travel during a storm, regardless of distance or traffic.",Weather is storm with a temperature of 35°C very hot. Route distance is 15 km and traffic is heavy traffic. Trip starts at 12:00 midday.,Weather is storm with a temperature of 35°C very hot. Route distance is 15 km and traffic is heavy traffic. Trip starts at 12:00 midday. Transport mode is car.
light drizzle,38°C extreme heat,2 km,gridlock,07:00 rush hour,motorbike,"Motorbike is best for navigating gridlock during rush hour, and light drizzle is manageable while extreme heat rules out bike and transit.",Weather is light drizzle with a temperature of 38°C extreme heat. Route distance is 2 km and traffic is gridlock. Trip starts at 07:00 rush hour.,Weather is light drizzle with a temperature of 38°C extreme heat. Route distance is 2 km and traffic is gridlock. Trip starts at 07:00 rush hour. Transport mode is motorbike.
strong wind,35°C very hot,15 km,gridlock,15:00 afternoon,motorbike,"Motorbike is efficient for 15km in gridlock, and strong wind is not an exclusion like heavy rain or storms.",Weather is strong wind with a temperature of 35°C very hot. Route distance is 15 km and traffic is gridlock. Trip starts at 15:00 afternoon.,Weather is strong wind with a temperature of 35°C very hot. Route distance is 15 km and traffic is gridlock. Trip starts at 15:00 afternoon. Transport mode is motorbike.
clear sky,24°C warm,3 km,gridlock,09:00 morning,motorbike,Motorbike is the most efficient mode for navigating 3km in gridlock traffic.,Weather is clear sky with a temperature of 24°C warm. Route distance is 3 km and traffic is gridlock. Trip starts at 09:00 morning.,Weather is clear sky with a temperature of 24°C warm. Route distance is 3 km and traffic is gridlock. Trip starts at 09:00 morning. Transport mode is motorbike.
storm,30°C hot,2 km,light traffic,12:00 midday,car,"Car is the safest and most practical choice for travel during a storm, even for a short distance.",Weather is storm with a temperature of 30°C hot. Route distance is 2 km and traffic is light traffic. Trip starts at 12:00 midday.,Weather is storm with a temperature of 30°C hot. Route distance is 2 km and traffic is light traffic. Trip starts at 12:00 midday. Transport mode is car.
heavy rain,35°C very hot,0.5 km,light traffic,07:00 rush hour,car,"Car is best for heavy rain, providing shelter for even a very short 0.5km trip.",Weather is heavy rain with a temperature of 35°C very hot. Route distance is 0.5 km and traffic is light traffic. Trip starts at 07:00 rush hour.,Weather is heavy rain with a temperature of 35°C very hot. Route distance is 0.5 km and traffic is light traffic. Trip starts at 07:00 rush hour. Transport mode is car.
light drizzle,24°C warm,30 km,no traffic,00:00 late night,motorbike,"Motorbike is suitable for 30km with light drizzle and no traffic, especially late at night.",Weather is light drizzle with a temperature of 24°C warm. Route distance is 30 km and traffic is no traffic. Trip starts at 00:00 late night.,Weather is light drizzle with a temperature of 24°C warm. Route distance is 30 km and traffic is no traffic. Trip starts at 00:00 late night. Transport mode is motorbike.
overcast,18°C mild,15 km,gridlock,15:00 afternoon,motorbike,Motorbike is the most efficient for navigating 15km in gridlock traffic.,Weather is overcast with a temperature of 18°C mild. Route distance is 15 km and traffic is gridlock. Trip starts at 15:00 afternoon.,Weather is overcast with a temperature of 18°C mild. Route distance is 15 km and traffic is gridlock. Trip starts at 15:00 afternoon. Transport mode is motorbike.
fog,30°C hot,2 km,no traffic,00:00 late night,bike,"Bike is practical for a short 2km trip with no traffic, even late at night.",Weather is fog with a temperature of 30°C hot. Route distance is 2 km and traffic is no traffic. Trip starts at 00:00 late night.,Weather is fog with a temperature of 30°C hot. Route distance is 2 km and traffic is no traffic. Trip starts at 00:00 late night. Transport mode is bike.
overcast,38°C extreme heat,30 km,light traffic,07:00 rush hour,motorbike,"Motorbike is suitable for 30km in extreme heat and light traffic, as extreme heat is not an exclusion for this mode.",Weather is overcast with a temperature of 38°C extreme heat. Route distance is 30 km and traffic is light traffic. Trip starts at 07:00 rush hour.,Weather is overcast with a temperature of 38°C extreme heat. Route distance is 30 km and traffic is light traffic. Trip starts at 07:00 rush hour. Transport mode is motorbike.
storm,35°C very hot,10 km,moderate traffic,09:00 morning,car,Car is the safest and most practical choice for travel during a storm.,Weather is storm with a temperature of 35°C very hot. Route distance is 10 km and traffic is moderate traffic. Trip starts at 09:00 morning.,Weather is storm with a temperature of 35°C very hot. Route distance is 10 km and traffic is moderate traffic. Trip starts at 09:00 morning. Transport mode is car.
overcast,24°C warm,0.5 km,gridlock,18:00 evening rush,motorbike,Motorbike is the most practical for navigating 0.5km in gridlock during rush hour.,Weather is overcast with a temperature of 24°C warm. Route distance is 0.5 km and traffic is gridlock. Trip starts at 18:00 evening rush.,Weather is overcast with a temperature of 24°C warm. Route distance is 0.5 km and traffic is gridlock. Trip starts at 18:00 evening rush. Transport mode is motorbike.
storm,24°C warm,1 km,heavy traffic,12:00 midday,car,"Car is the safest and most practical choice for travel during a storm, even for a very short distance.",Weather is storm with a temperature of 24°C warm. Route distance is 1 km and traffic is heavy traffic. Trip starts at 12:00 midday.,Weather is storm with a temperature of 24°C warm. Route distance is 1 km and traffic is heavy traffic. Trip starts at 12:00 midday. Transport mode is car.
fog,30°C hot,8 km,moderate traffic,15:00 afternoon,motorbike,"Motorbike is a practical choice for 8km in moderate traffic, with fog not being an exclusion.",Weather is fog with a temperature of 30°C hot. Route distance is 8 km and traffic is moderate traffic. Trip starts at 15:00 afternoon.,Weather is fog with a temperature of 30°C hot. Route distance is 8 km and traffic is moderate traffic. Trip starts at 15:00 afternoon. Transport mode is motorbike.
fog,30°C hot,30 km,moderate traffic,18:00 evening rush,motorbike,"Motorbike is suitable for 30km in moderate traffic during rush hour, offering flexibility.",Weather is fog with a temperature of 30°C hot. Route distance is 30 km and traffic is moderate traffic. Trip starts at 18:00 evening rush.,Weather is fog with a temperature of 30°C hot. Route distance is 30 km and traffic is moderate traffic. Trip starts at 18:00 evening rush. Transport mode is motorbike.
heavy rain,18°C mild,0.5 km,no traffic,15:00 afternoon,car,"Car is best for heavy rain, providing shelter for even a very short 0.5km trip.",Weather is heavy rain with a temperature of 18°C mild. Route distance is 0.5 km and traffic is no traffic. Trip starts at 15:00 afternoon.,Weather is heavy rain with a temperature of 18°C mild. Route distance is 0.5 km and traffic is no traffic. Trip starts at 15:00 afternoon. Transport mode is car.
heavy rain,38°C extreme heat,8 km,moderate traffic,21:00 night,car,Car is the safest and most practical choice for travel during heavy rain and extreme heat.,Weather is heavy rain with a temperature of 38°C extreme heat. Route distance is 8 km and traffic is moderate traffic. Trip starts at 21:00 night.,Weather is heavy rain with a temperature of 38°C extreme heat. Route distance is 8 km and traffic is moderate traffic. Trip starts at 21:00 night. Transport mode is car.
storm,38°C extreme heat,1 km,moderate traffic,12:00 midday,car,"Car is the best option for travel during a storm and extreme heat, providing shelter and safety.",Weather is storm with a temperature of 38°C extreme heat. Route distance is 1 km and traffic is moderate traffic. Trip starts at 12:00 midday.,Weather is storm with a temperature of 38°C extreme heat. Route distance is 1 km and traffic is moderate traffic. Trip starts at 12:00 midday. Transport mode is car.
clear sky,30°C hot,2 km,heavy traffic,18:00 evening rush,bike,"A 2km trip in clear weather is ideal for biking, offering maneuverability in heavy traffic.",Weather is clear sky with a temperature of 30°C hot. Route distance is 2 km and traffic is heavy traffic. Trip starts at 18:00 evening rush.,Weather is clear sky with a temperature of 30°C hot. Route distance is 2 km and traffic is heavy traffic. Trip starts at 18:00 evening rush. Transport mode is bike.
fog,12°C cold,10 km,heavy traffic,07:00 rush hour,motorbike,"Motorbike is efficient for 10km in heavy rush hour traffic, and fog does not exclude it.",Weather is fog with a temperature of 12°C cold. Route distance is 10 km and traffic is heavy traffic. Trip starts at 07:00 rush hour.,Weather is fog with a temperature of 12°C cold. Route distance is 10 km and traffic is heavy traffic. Trip starts at 07:00 rush hour. Transport mode is motorbike.
storm,35°C very hot,20 km,no traffic,00:00 late night,car,"Car is the best option for travel during a storm, especially for 20km with no traffic.",Weather is storm with a temperature of 35°C very hot. Route distance is 20 km and traffic is no traffic. Trip starts at 00:00 late night.,Weather is storm with a temperature of 35°C very hot. Route distance is 20 km and traffic is no traffic. Trip starts at 00:00 late night. Transport mode is car.
clear sky,24°C warm,8 km,light traffic,09:00 morning,motorbike,Motorbike is efficient and convenient for an 8km trip in clear weather with light traffic.,Weather is clear sky with a temperature of 24°C warm. Route distance is 8 km and traffic is light traffic. Trip starts at 09:00 morning.,Weather is clear sky with a temperature of 24°C warm. Route distance is 8 km and traffic is light traffic. Trip starts at 09:00 morning. Transport mode is motorbike.
storm,24°C warm,0.5 km,light traffic,07:00 rush hour,car,Car is the safest and most practical choice for any distance during a storm.,Weather is storm with a temperature of 24°C warm. Route distance is 0.5 km and traffic is light traffic. Trip starts at 07:00 rush hour.,Weather is storm with a temperature of 24°C warm. Route distance is 0.5 km and traffic is light traffic. Trip starts at 07:00 rush hour. Transport mode is car.
strong wind,38°C extreme heat,2 km,gridlock,15:00 afternoon,motorbike,"Motorbike offers better maneuverability in gridlock traffic for a short distance, despite the extreme heat.",Weather is strong wind with a temperature of 38°C extreme heat. Route distance is 2 km and traffic is gridlock. Trip starts at 15:00 afternoon.,Weather is strong wind with a temperature of 38°C extreme heat. Route distance is 2 km and traffic is gridlock. Trip starts at 15:00 afternoon. Transport mode is motorbike.
light rain,12°C cold,10 km,moderate traffic,21:00 night,motorbike,"Motorbike is a practical choice for 10km in light rain with moderate traffic, especially at night for convenience.",Weather is light rain with a temperature of 12°C cold. Route distance is 10 km and traffic is moderate traffic. Trip starts at 21:00 night.,Weather is light rain with a temperature of 12°C cold. Route distance is 10 km and traffic is moderate traffic. Trip starts at 21:00 night. Transport mode is motorbike.
overcast,35°C very hot,1 km,light traffic,15:00 afternoon,bike,"A 1km trip in warm, overcast weather with light traffic is ideal for biking.",Weather is overcast with a temperature of 35°C very hot. Route distance is 1 km and traffic is light traffic. Trip starts at 15:00 afternoon.,Weather is overcast with a temperature of 35°C very hot. Route distance is 1 km and traffic is light traffic. Trip starts at 15:00 afternoon. Transport mode is bike.
light drizzle,24°C warm,30 km,heavy traffic,18:00 evening rush,transit,"For a 30km trip in heavy rush hour traffic and light drizzle, transit offers a more comfortable and potentially less stressful option.",Weather is light drizzle with a temperature of 24°C warm. Route distance is 30 km and traffic is heavy traffic. Trip starts at 18:00 evening rush.,Weather is light drizzle with a temperature of 24°C warm. Route distance is 30 km and traffic is heavy traffic. Trip starts at 18:00 evening rush. Transport mode is transit.
light drizzle,18°C mild,15 km,moderate traffic,07:00 rush hour,motorbike,Motorbike is efficient for a 15km commute in light drizzle and moderate rush hour traffic.,Weather is light drizzle with a temperature of 18°C mild. Route distance is 15 km and traffic is moderate traffic. Trip starts at 07:00 rush hour.,Weather is light drizzle with a temperature of 18°C mild. Route distance is 15 km and traffic is moderate traffic. Trip starts at 07:00 rush hour. Transport mode is motorbike.
strong wind,18°C mild,20 km,moderate traffic,00:00 late night,car,Car provides comfort and safety for a 20km trip late at night with strong wind.,Weather is strong wind with a temperature of 18°C mild. Route distance is 20 km and traffic is moderate traffic. Trip starts at 00:00 late night.,Weather is strong wind with a temperature of 18°C mild. Route distance is 20 km and traffic is moderate traffic. Trip starts at 00:00 late night. Transport mode is car.
strong wind,35°C very hot,8 km,heavy traffic,09:00 morning,motorbike,"Motorbike is efficient for navigating 8km in heavy traffic, even with strong wind and very hot weather.",Weather is strong wind with a temperature of 35°C very hot. Route distance is 8 km and traffic is heavy traffic. Trip starts at 09:00 morning.,Weather is strong wind with a temperature of 35°C very hot. Route distance is 8 km and traffic is heavy traffic. Trip starts at 09:00 morning. Transport mode is motorbike.
overcast,38°C extreme heat,3 km,heavy traffic,15:00 afternoon,motorbike,"Motorbike offers better maneuverability for a 3km trip in heavy traffic, despite the extreme heat.",Weather is overcast with a temperature of 38°C extreme heat. Route distance is 3 km and traffic is heavy traffic. Trip starts at 15:00 afternoon.,Weather is overcast with a temperature of 38°C extreme heat. Route distance is 3 km and traffic is heavy traffic. Trip starts at 15:00 afternoon. Transport mode is motorbike.
light drizzle,38°C extreme heat,10 km,gridlock,18:00 evening rush,motorbike,"Motorbike is the most practical choice for navigating 10km in gridlock traffic during evening rush, despite the extreme heat and drizzle.",Weather is light drizzle with a temperature of 38°C extreme heat. Route distance is 10 km and traffic is gridlock. Trip starts at 18:00 evening rush.,Weather is light drizzle with a temperature of 38°C extreme heat. Route distance is 10 km and traffic is gridlock. Trip starts at 18:00 evening rush. Transport mode is motorbike.
light rain,18°C mild,1 km,heavy traffic,18:00 evening rush,motorbike,Motorbike is efficient for a short 1km trip in heavy traffic and light rain during rush hour.,Weather is light rain with a temperature of 18°C mild. Route distance is 1 km and traffic is heavy traffic. Trip starts at 18:00 evening rush.,Weather is light rain with a temperature of 18°C mild. Route distance is 1 km and traffic is heavy traffic. Trip starts at 18:00 evening rush. Transport mode is motorbike.
heavy rain,30°C hot,20 km,gridlock,00:00 late night,car,"Car is the best option for travel during heavy rain, providing shelter and safety for 20km.",Weather is heavy rain with a temperature of 30°C hot. Route distance is 20 km and traffic is gridlock. Trip starts at 00:00 late night.,Weather is heavy rain with a temperature of 30°C hot. Route distance is 20 km and traffic is gridlock. Trip starts at 00:00 late night. Transport mode is car.
strong wind,30°C hot,5 km,light traffic,18:00 evening rush,bike,"A 5km trip in light traffic is suitable for biking, even with strong wind, and avoids rush hour car delays.",Weather is strong wind with a temperature of 30°C hot. Route distance is 5 km and traffic is light traffic. Trip starts at 18:00 evening rush.,Weather is strong wind with a temperature of 30°C hot. Route distance is 5 km and traffic is light traffic. Trip starts at 18:00 evening rush. Transport mode is bike.
overcast,30°C hot,8 km,light traffic,09:00 morning,motorbike,Motorbike is efficient and convenient for an 8km trip in clear weather with light traffic.,Weather is overcast with a temperature of 30°C hot. Route distance is 8 km and traffic is light traffic. Trip starts at 09:00 morning.,Weather is overcast with a temperature of 30°C hot. Route distance is 8 km and traffic is light traffic. Trip starts at 09:00 morning. Transport mode is motorbike.
light rain,18°C mild,2 km,no traffic,21:00 night,motorbike,Motorbike is quick and convenient for a 2km trip in light rain with no traffic at night.,Weather is light rain with a temperature of 18°C mild. Route distance is 2 km and traffic is no traffic. Trip starts at 21:00 night.,Weather is light rain with a temperature of 18°C mild. Route distance is 2 km and traffic is no traffic. Trip starts at 21:00 night. Transport mode is motorbike.
clear sky,18°C mild,0.5 km,no traffic,18:00 evening rush,bike,"Short distance, mild weather, and no traffic make biking ideal.",Weather is clear sky with a temperature of 18°C mild. Route distance is 0.5 km and traffic is no traffic. Trip starts at 18:00 evening rush.,Weather is clear sky with a temperature of 18°C mild. Route distance is 0.5 km and traffic is no traffic. Trip starts at 18:00 evening rush. Transport mode is bike.
overcast,30°C hot,8 km,moderate traffic,18:00 evening rush,motorbike,Motorbike is efficient for 8km in moderate traffic during rush hour.,Weather is overcast with a temperature of 30°C hot. Route distance is 8 km and traffic is moderate traffic. Trip starts at 18:00 evening rush.,Weather is overcast with a temperature of 30°C hot. Route distance is 8 km and traffic is moderate traffic. Trip starts at 18:00 evening rush. Transport mode is motorbike.
light rain,24°C warm,0.5 km,gridlock,18:00 evening rush,motorbike,Motorbike is best for navigating gridlock over a very short distance in light rain.,Weather is light rain with a temperature of 24°C warm. Route distance is 0.5 km and traffic is gridlock. Trip starts at 18:00 evening rush.,Weather is light rain with a temperature of 24°C warm. Route distance is 0.5 km and traffic is gridlock. Trip starts at 18:00 evening rush. Transport mode is motorbike.
storm,12°C cold,1 km,no traffic,09:00 morning,car,Car is the safest and most practical option during a storm.,Weather is storm with a temperature of 12°C cold. Route distance is 1 km and traffic is no traffic. Trip starts at 09:00 morning.,Weather is storm with a temperature of 12°C cold. Route distance is 1 km and traffic is no traffic. Trip starts at 09:00 morning. Transport mode is car.
fog,24°C warm,3 km,moderate traffic,07:00 rush hour,bike,"Short distance in fog is manageable by bike, avoiding rush hour traffic.",Weather is fog with a temperature of 24°C warm. Route distance is 3 km and traffic is moderate traffic. Trip starts at 07:00 rush hour.,Weather is fog with a temperature of 24°C warm. Route distance is 3 km and traffic is moderate traffic. Trip starts at 07:00 rush hour. Transport mode is bike.
storm,30°C hot,30 km,moderate traffic,12:00 midday,car,Car is the only practical option for a 30km trip during a storm.,Weather is storm with a temperature of 30°C hot. Route distance is 30 km and traffic is moderate traffic. Trip starts at 12:00 midday.,Weather is storm with a temperature of 30°C hot. Route distance is 30 km and traffic is moderate traffic. Trip starts at 12:00 midday. Transport mode is car.
storm,24°C warm,15 km,heavy traffic,18:00 evening rush,car,"Car is the safest and most practical option during a storm, despite heavy traffic.",Weather is storm with a temperature of 24°C warm. Route distance is 15 km and traffic is heavy traffic. Trip starts at 18:00 evening rush.,Weather is storm with a temperature of 24°C warm. Route distance is 15 km and traffic is heavy traffic. Trip starts at 18:00 evening rush. Transport mode is car.
fog,12°C cold,20 km,no traffic,15:00 afternoon,motorbike,"Motorbike is efficient for 20km with no traffic, and fog is not an exclusion.",Weather is fog with a temperature of 12°C cold. Route distance is 20 km and traffic is no traffic. Trip starts at 15:00 afternoon.,Weather is fog with a temperature of 12°C cold. Route distance is 20 km and traffic is no traffic. Trip starts at 15:00 afternoon. Transport mode is motorbike.
heavy rain,30°C hot,15 km,moderate traffic,18:00 evening rush,car,"Car is the best option for travel during heavy rain, despite rush hour.",Weather is heavy rain with a temperature of 30°C hot. Route distance is 15 km and traffic is moderate traffic. Trip starts at 18:00 evening rush.,Weather is heavy rain with a temperature of 30°C hot. Route distance is 15 km and traffic is moderate traffic. Trip starts at 18:00 evening rush. Transport mode is car.
strong wind,35°C very hot,15 km,light traffic,09:00 morning,motorbike,"Motorbike is efficient for 15km in light traffic, and strong wind is not an exclusion.",Weather is strong wind with a temperature of 35°C very hot. Route distance is 15 km and traffic is light traffic. Trip starts at 09:00 morning.,Weather is strong wind with a temperature of 35°C very hot. Route distance is 15 km and traffic is light traffic. Trip starts at 09:00 morning. Transport mode is motorbike.
strong wind,24°C warm,8 km,light traffic,12:00 midday,motorbike,"Motorbike is efficient for 8km in light traffic, even with strong wind.",Weather is strong wind with a temperature of 24°C warm. Route distance is 8 km and traffic is light traffic. Trip starts at 12:00 midday.,Weather is strong wind with a temperature of 24°C warm. Route distance is 8 km and traffic is light traffic. Trip starts at 12:00 midday. Transport mode is motorbike.
overcast,38°C extreme heat,2 km,gridlock,09:00 morning,car,Car provides comfort and protection from extreme heat and gridlock.,Weather is overcast with a temperature of 38°C extreme heat. Route distance is 2 km and traffic is gridlock. Trip starts at 09:00 morning.,Weather is overcast with a temperature of 38°C extreme heat. Route distance is 2 km and traffic is gridlock. Trip starts at 09:00 morning. Transport mode is car.
overcast,30°C hot,15 km,gridlock,07:00 rush hour,motorbike,Motorbike is best for navigating gridlock during rush hour over 15km.,Weather is overcast with a temperature of 30°C hot. Route distance is 15 km and traffic is gridlock. Trip starts at 07:00 rush hour.,Weather is overcast with a temperature of 30°C hot. Route distance is 15 km and traffic is gridlock. Trip starts at 07:00 rush hour. Transport mode is motorbike.
strong wind,18°C mild,2 km,no traffic,15:00 afternoon,bike,"Short distance, mild weather, and no traffic make biking ideal.",Weather is strong wind with a temperature of 18°C mild. Route distance is 2 km and traffic is no traffic. Trip starts at 15:00 afternoon.,Weather is strong wind with a temperature of 18°C mild. Route distance is 2 km and traffic is no traffic. Trip starts at 15:00 afternoon. Transport mode is bike.
light drizzle,30°C hot,8 km,gridlock,07:00 rush hour,motorbike,Motorbike is best for navigating gridlock during rush hour in light drizzle.,Weather is light drizzle with a temperature of 30°C hot. Route distance is 8 km and traffic is gridlock. Trip starts at 07:00 rush hour.,Weather is light drizzle with a temperature of 30°C hot. Route distance is 8 km and traffic is gridlock. Trip starts at 07:00 rush hour. Transport mode is motorbike.
heavy rain,24°C warm,3 km,heavy traffic,00:00 late night,car,"Car is the safest and most practical option during heavy rain, even late night.",Weather is heavy rain with a temperature of 24°C warm. Route distance is 3 km and traffic is heavy traffic. Trip starts at 00:00 late night.,Weather is heavy rain with a temperature of 24°C warm. Route distance is 3 km and traffic is heavy traffic. Trip starts at 00:00 late night. Transport mode is car.
clear sky,30°C hot,3 km,gridlock,15:00 afternoon,bike,"Short distance, clear weather, and ability to navigate gridlock make biking practical.",Weather is clear sky with a temperature of 30°C hot. Route distance is 3 km and traffic is gridlock. Trip starts at 15:00 afternoon.,Weather is clear sky with a temperature of 30°C hot. Route distance is 3 km and traffic is gridlock. Trip starts at 15:00 afternoon. Transport mode is bike.
overcast,18°C mild,2 km,gridlock,18:00 evening rush,bike,"Short distance, mild weather, and ability to navigate gridlock make biking practical.",Weather is overcast with a temperature of 18°C mild. Route distance is 2 km and traffic is gridlock. Trip starts at 18:00 evening rush.,Weather is overcast with a temperature of 18°C mild. Route distance is 2 km and traffic is gridlock. Trip starts at 18:00 evening rush. Transport mode is bike.
light drizzle,12°C cold,15 km,moderate traffic,00:00 late night,motorbike,Motorbike is efficient for 15km in moderate traffic during light drizzle.,Weather is light drizzle with a temperature of 12°C cold. Route distance is 15 km and traffic is moderate traffic. Trip starts at 00:00 late night.,Weather is light drizzle with a temperature of 12°C cold. Route distance is 15 km and traffic is moderate traffic. Trip starts at 00:00 late night. Transport mode is motorbike.
heavy rain,30°C hot,0.5 km,moderate traffic,07:00 rush hour,car,Car is the safest and most practical option for any distance during heavy rain.,Weather is heavy rain with a temperature of 30°C hot. Route distance is 0.5 km and traffic is moderate traffic. Trip starts at 07:00 rush hour.,Weather is heavy rain with a temperature of 30°C hot. Route distance is 0.5 km and traffic is moderate traffic. Trip starts at 07:00 rush hour. Transport mode is car.
strong wind,35°C very hot,10 km,moderate traffic,15:00 afternoon,motorbike,"Motorbike is efficient for 10km in moderate traffic, and the weather is not prohibitive.",Weather is strong wind with a temperature of 35°C very hot. Route distance is 10 km and traffic is moderate traffic. Trip starts at 15:00 afternoon.,Weather is strong wind with a temperature of 35°C very hot. Route distance is 10 km and traffic is moderate traffic. Trip starts at 15:00 afternoon. Transport mode is motorbike.
fog,24°C warm,2 km,no traffic,21:00 night,bike,Bike is practical for a short 2km trip with no traffic in mild weather.,Weather is fog with a temperature of 24°C warm. Route distance is 2 km and traffic is no traffic. Trip starts at 21:00 night.,Weather is fog with a temperature of 24°C warm. Route distance is 2 km and traffic is no traffic. Trip starts at 21:00 night. Transport mode is bike.
light rain,38°C extreme heat,3 km,heavy traffic,18:00 evening rush,motorbike,"Motorbike is agile in heavy traffic and light rain, suitable for a 3km distance.",Weather is light rain with a temperature of 38°C extreme heat. Route distance is 3 km and traffic is heavy traffic. Trip starts at 18:00 evening rush.,Weather is light rain with a temperature of 38°C extreme heat. Route distance is 3 km and traffic is heavy traffic. Trip starts at 18:00 evening rush. Transport mode is motorbike.
fog,24°C warm,10 km,moderate traffic,18:00 evening rush,motorbike,"Motorbike is efficient for 10km in moderate rush hour traffic, and fog is manageable.",Weather is fog with a temperature of 24°C warm. Route distance is 10 km and traffic is moderate traffic. Trip starts at 18:00 evening rush.,Weather is fog with a temperature of 24°C warm. Route distance is 10 km and traffic is moderate traffic. Trip starts at 18:00 evening rush. Transport mode is motorbike.
storm,38°C extreme heat,10 km,heavy traffic,12:00 midday,car,"Car is the safest and most comfortable option during a storm, especially with heavy traffic.",Weather is storm with a temperature of 38°C extreme heat. Route distance is 10 km and traffic is heavy traffic. Trip starts at 12:00 midday.,Weather is storm with a temperature of 38°C extreme heat. Route distance is 10 km and traffic is heavy traffic. Trip starts at 12:00 midday. Transport mode is car.
strong wind,30°C hot,20 km,no traffic,07:00 rush hour,motorbike,"Motorbike is efficient for 20km with no traffic, even during rush hour, and strong wind is manageable.",Weather is strong wind with a temperature of 30°C hot. Route distance is 20 km and traffic is no traffic. Trip starts at 07:00 rush hour.,Weather is strong wind with a temperature of 30°C hot. Route distance is 20 km and traffic is no traffic. Trip starts at 07:00 rush hour. Transport mode is motorbike.
light drizzle,35°C very hot,15 km,gridlock,15:00 afternoon,motorbike,"Motorbike is the most practical mode to navigate gridlock traffic, and light drizzle is manageable.",Weather is light drizzle with a temperature of 35°C very hot. Route distance is 15 km and traffic is gridlock. Trip starts at 15:00 afternoon.,Weather is light drizzle with a temperature of 35°C very hot. Route distance is 15 km and traffic is gridlock. Trip starts at 15:00 afternoon. Transport mode is motorbike.
strong wind,12°C cold,8 km,gridlock,09:00 morning,motorbike,"Motorbike is the most practical mode to navigate gridlock traffic, and cold wind is manageable with proper attire.",Weather is strong wind with a temperature of 12°C cold. Route distance is 8 km and traffic is gridlock. Trip starts at 09:00 morning.,Weather is strong wind with a temperature of 12°C cold. Route distance is 8 km and traffic is gridlock. Trip starts at 09:00 morning. Transport mode is motorbike.
clear sky,18°C mild,8 km,heavy traffic,18:00 evening rush,motorbike,"Motorbike is the most efficient way to navigate heavy rush hour traffic in clear, mild weather.",Weather is clear sky with a temperature of 18°C mild. Route distance is 8 km and traffic is heavy traffic. Trip starts at 18:00 evening rush.,Weather is clear sky with a temperature of 18°C mild. Route distance is 8 km and traffic is heavy traffic. Trip starts at 18:00 evening rush. Transport mode is motorbike.
heavy rain,35°C very hot,5 km,no traffic,12:00 midday,car,Car is the best option for comfort and safety during heavy rain.,Weather is heavy rain with a temperature of 35°C very hot. Route distance is 5 km and traffic is no traffic. Trip starts at 12:00 midday.,Weather is heavy rain with a temperature of 35°C very hot. Route distance is 5 km and traffic is no traffic. Trip starts at 12:00 midday. Transport mode is car.
heavy rain,24°C warm,8 km,light traffic,09:00 morning,car,Car is the best option for comfort and safety during heavy rain.,Weather is heavy rain with a temperature of 24°C warm. Route distance is 8 km and traffic is light traffic. Trip starts at 09:00 morning.,Weather is heavy rain with a temperature of 24°C warm. Route distance is 8 km and traffic is light traffic. Trip starts at 09:00 morning. Transport mode is car.
overcast,12°C cold,10 km,moderate traffic,15:00 afternoon,motorbike,"Motorbike is efficient for 10km in moderate traffic, and cold overcast weather is manageable.",Weather is overcast with a temperature of 12°C cold. Route distance is 10 km and traffic is moderate traffic. Trip starts at 15:00 afternoon.,Weather is overcast with a temperature of 12°C cold. Route distance is 10 km and traffic is moderate traffic. Trip starts at 15:00 afternoon. Transport mode is motorbike.
light rain,18°C mild,0.5 km,light traffic,09:00 morning,motorbike,"Motorbike is practical for a very short 0.5km distance in light rain, avoiding walking in the wet.",Weather is light rain with a temperature of 18°C mild. Route distance is 0.5 km and traffic is light traffic. Trip starts at 09:00 morning.,Weather is light rain with a temperature of 18°C mild. Route distance is 0.5 km and traffic is light traffic. Trip starts at 09:00 morning. Transport mode is motorbike.
light drizzle,30°C hot,20 km,no traffic,21:00 night,motorbike,"Motorbike is efficient for 20km with no traffic at night, and light drizzle is manageable.",Weather is light drizzle with a temperature of 30°C hot. Route distance is 20 km and traffic is no traffic. Trip starts at 21:00 night.,Weather is light drizzle with a temperature of 30°C hot. Route distance is 20 km and traffic is no traffic. Trip starts at 21:00 night. Transport mode is motorbike.
storm,24°C warm,30 km,light traffic,12:00 midday,car,"Car is the best option for safety and comfort during a storm, especially for a 30km trip.",Weather is storm with a temperature of 24°C warm. Route distance is 30 km and traffic is light traffic. Trip starts at 12:00 midday.,Weather is storm with a temperature of 24°C warm. Route distance is 30 km and traffic is light traffic. Trip starts at 12:00 midday. Transport mode is car.
heavy rain,35°C very hot,5 km,heavy traffic,21:00 night,car,"Car is the best option for comfort and safety during heavy rain, especially in heavy traffic.",Weather is heavy rain with a temperature of 35°C very hot. Route distance is 5 km and traffic is heavy traffic. Trip starts at 21:00 night.,Weather is heavy rain with a temperature of 35°C very hot. Route distance is 5 km and traffic is heavy traffic. Trip starts at 21:00 night. Transport mode is car.
overcast,24°C warm,10 km,light traffic,09:00 morning,motorbike,"Motorbike is efficient for 10km in light traffic, and overcast warm weather is suitable.",Weather is overcast with a temperature of 24°C warm. Route distance is 10 km and traffic is light traffic. Trip starts at 09:00 morning.,Weather is overcast with a temperature of 24°C warm. Route distance is 10 km and traffic is light traffic. Trip starts at 09:00 morning. Transport mode is motorbike.
storm,30°C hot,30 km,heavy traffic,21:00 night,car,"Car is the best option for safety and comfort during a storm, especially for a 30km trip in heavy traffic at night.",Weather is storm with a temperature of 30°C hot. Route distance is 30 km and traffic is heavy traffic. Trip starts at 21:00 night.,Weather is storm with a temperature of 30°C hot. Route distance is 30 km and traffic is heavy traffic. Trip starts at 21:00 night. Transport mode is car.
clear sky,38°C extreme heat,2 km,moderate traffic,12:00 midday,motorbike,"Motorbike is practical for a short 2km trip, avoiding extreme heat exposure.",Weather is clear sky with a temperature of 38°C extreme heat. Route distance is 2 km and traffic is moderate traffic. Trip starts at 12:00 midday.,Weather is clear sky with a temperature of 38°C extreme heat. Route distance is 2 km and traffic is moderate traffic. Trip starts at 12:00 midday. Transport mode is motorbike.
light rain,35°C very hot,10 km,light traffic,09:00 morning,motorbike,"Motorbike is efficient for 10km in light traffic, and light rain with very hot weather is manageable.",Weather is light rain with a temperature of 35°C very hot. Route distance is 10 km and traffic is light traffic. Trip starts at 09:00 morning.,Weather is light rain with a temperature of 35°C very hot. Route distance is 10 km and traffic is light traffic. Trip starts at 09:00 morning. Transport mode is motorbike.
overcast,38°C extreme heat,15 km,moderate traffic,21:00 night,motorbike,"Motorbike is suitable for 15km, and extreme heat excludes bike and transit.",Weather is overcast with a temperature of 38°C extreme heat. Route distance is 15 km and traffic is moderate traffic. Trip starts at 21:00 night.,Weather is overcast with a temperature of 38°C extreme heat. Route distance is 15 km and traffic is moderate traffic. Trip starts at 21:00 night. Transport mode is motorbike.
storm,12°C cold,10 km,no traffic,18:00 evening rush,car,"Car is best for storms, overriding the deprioritization during evening rush hour.",Weather is storm with a temperature of 12°C cold. Route distance is 10 km and traffic is no traffic. Trip starts at 18:00 evening rush.,Weather is storm with a temperature of 12°C cold. Route distance is 10 km and traffic is no traffic. Trip starts at 18:00 evening rush. Transport mode is car.
overcast,30°C hot,15 km,no traffic,07:00 rush hour,motorbike,"Motorbike is practical for 15km and not excluded by weather, while car is deprioritized during rush hour.",Weather is overcast with a temperature of 30°C hot. Route distance is 15 km and traffic is no traffic. Trip starts at 07:00 rush hour.,Weather is overcast with a temperature of 30°C hot. Route distance is 15 km and traffic is no traffic. Trip starts at 07:00 rush hour. Transport mode is motorbike.
storm,38°C extreme heat,20 km,gridlock,07:00 rush hour,car,"Car is best for storms, overriding the deprioritization during rush hour and gridlock, and extreme heat excludes transit.",Weather is storm with a temperature of 38°C extreme heat. Route distance is 20 km and traffic is gridlock. Trip starts at 07:00 rush hour.,Weather is storm with a temperature of 38°C extreme heat. Route distance is 20 km and traffic is gridlock. Trip starts at 07:00 rush hour. Transport mode is car.
light drizzle,12°C cold,15 km,no traffic,21:00 night,motorbike,"Motorbike is suitable for 15km and not excluded by light drizzle, while bike is excluded by rain.",Weather is light drizzle with a temperature of 12°C cold. Route distance is 15 km and traffic is no traffic. Trip starts at 21:00 night.,Weather is light drizzle with a temperature of 12°C cold. Route distance is 15 km and traffic is no traffic. Trip starts at 21:00 night. Transport mode is motorbike.
light drizzle,35°C very hot,5 km,no traffic,21:00 night,motorbike,"Motorbike is suitable for 5km and not excluded by light drizzle, while bike is excluded by rain.",Weather is light drizzle with a temperature of 35°C very hot. Route distance is 5 km and traffic is no traffic. Trip starts at 21:00 night.,Weather is light drizzle with a temperature of 35°C very hot. Route distance is 5 km and traffic is no traffic. Trip starts at 21:00 night. Transport mode is motorbike.
fog,35°C very hot,5 km,heavy traffic,15:00 afternoon,bike,"Bike is suitable for 5km and not excluded by fog or 35°C heat, offering efficiency in heavy traffic.",Weather is fog with a temperature of 35°C very hot. Route distance is 5 km and traffic is heavy traffic. Trip starts at 15:00 afternoon.,Weather is fog with a temperature of 35°C very hot. Route distance is 5 km and traffic is heavy traffic. Trip starts at 15:00 afternoon. Transport mode is bike.
light rain,38°C extreme heat,3 km,gridlock,18:00 evening rush,motorbike,"Motorbike is suitable for 3km and can navigate gridlock, while bike and transit are excluded by weather and car is deprioritized.",Weather is light rain with a temperature of 38°C extreme heat. Route distance is 3 km and traffic is gridlock. Trip starts at 18:00 evening rush.,Weather is light rain with a temperature of 38°C extreme heat. Route distance is 3 km and traffic is gridlock. Trip starts at 18:00 evening rush. Transport mode is motorbike.
storm,12°C cold,15 km,light traffic,07:00 rush hour,car,"Car is best for storms, overriding the deprioritization during rush hour.",Weather is storm with a temperature of 12°C cold. Route distance is 15 km and traffic is light traffic. Trip starts at 07:00 rush hour.,Weather is storm with a temperature of 12°C cold. Route distance is 15 km and traffic is light traffic. Trip starts at 07:00 rush hour. Transport mode is car.
overcast,38°C extreme heat,2 km,heavy traffic,00:00 late night,motorbike,"Motorbike is suitable for 2km, and extreme heat excludes bike and transit.",Weather is overcast with a temperature of 38°C extreme heat. Route distance is 2 km and traffic is heavy traffic. Trip starts at 00:00 late night.,Weather is overcast with a temperature of 38°C extreme heat. Route distance is 2 km and traffic is heavy traffic. Trip starts at 00:00 late night. Transport mode is motorbike.
heavy rain,35°C very hot,10 km,heavy traffic,15:00 afternoon,car,"Car is best for heavy rain, and motorbike is excluded by heavy rain.",Weather is heavy rain with a temperature of 35°C very hot. Route distance is 10 km and traffic is heavy traffic. Trip starts at 15:00 afternoon.,Weather is heavy rain with a temperature of 35°C very hot. Route distance is 10 km and traffic is heavy traffic. Trip starts at 15:00 afternoon. Transport mode is car.
strong wind,38°C extreme heat,8 km,light traffic,15:00 afternoon,motorbike,"Motorbike is suitable for 8km, and extreme heat excludes bike and transit.",Weather is strong wind with a temperature of 38°C extreme heat. Route distance is 8 km and traffic is light traffic. Trip starts at 15:00 afternoon.,Weather is strong wind with a temperature of 38°C extreme heat. Route distance is 8 km and traffic is light traffic. Trip starts at 15:00 afternoon. Transport mode is motorbike.
light rain,30°C hot,2 km,no traffic,12:00 midday,motorbike,"Motorbike is suitable for 2km and not excluded by light rain, while bike is excluded by rain.",Weather is light rain with a temperature of 30°C hot. Route distance is 2 km and traffic is no traffic. Trip starts at 12:00 midday.,Weather is light rain with a temperature of 30°C hot. Route distance is 2 km and traffic is no traffic. Trip starts at 12:00 midday. Transport mode is motorbike.
light rain,24°C warm,2 km,gridlock,12:00 midday,motorbike,"Motorbike is suitable for 2km and can navigate gridlock, while bike is excluded by rain.",Weather is light rain with a temperature of 24°C warm. Route distance is 2 km and traffic is gridlock. Trip starts at 12:00 midday.,Weather is light rain with a temperature of 24°C warm. Route distance is 2 km and traffic is gridlock. Trip starts at 12:00 midday. Transport mode is motorbike.
light rain,38°C extreme heat,1 km,no traffic,12:00 midday,motorbike,"Motorbike is suitable for 1km, and light rain and extreme heat exclude bike and transit.",Weather is light rain with a temperature of 38°C extreme heat. Route distance is 1 km and traffic is no traffic. Trip starts at 12:00 midday.,Weather is light rain with a temperature of 38°C extreme heat. Route distance is 1 km and traffic is no traffic. Trip starts at 12:00 midday. Transport mode is motorbike.
storm,24°C warm,20 km,moderate traffic,12:00 midday,car,"Car is best for storms, and motorbike is excluded by storms.",Weather is storm with a temperature of 24°C warm. Route distance is 20 km and traffic is moderate traffic. Trip starts at 12:00 midday.,Weather is storm with a temperature of 24°C warm. Route distance is 20 km and traffic is moderate traffic. Trip starts at 12:00 midday. Transport mode is car.
light rain,24°C warm,1 km,heavy traffic,07:00 rush hour,motorbike,"Motorbike is practical for 1km in heavy traffic during rush hour, while bike is excluded by rain and car is deprioritized.",Weather is light rain with a temperature of 24°C warm. Route distance is 1 km and traffic is heavy traffic. Trip starts at 07:00 rush hour.,Weather is light rain with a temperature of 24°C warm. Route distance is 1 km and traffic is heavy traffic. Trip starts at 07:00 rush hour. Transport mode is motorbike.
light drizzle,12°C cold,20 km,moderate traffic,18:00 evening rush,motorbike,"Motorbike is suitable for 20km and not excluded by light drizzle, while bike is excluded by rain and car is deprioritized during rush hour.",Weather is light drizzle with a temperature of 12°C cold. Route distance is 20 km and traffic is moderate traffic. Trip starts at 18:00 evening rush.,Weather is light drizzle with a temperature of 12°C cold. Route distance is 20 km and traffic is moderate traffic. Trip starts at 18:00 evening rush. Transport mode is motorbike.
storm,35°C very hot,10 km,heavy traffic,15:00 afternoon,car,"Car is best for storms, and motorbike is excluded by storms.",Weather is storm with a temperature of 35°C very hot. Route distance is 10 km and traffic is heavy traffic. Trip starts at 15:00 afternoon.,Weather is storm with a temperature of 35°C very hot. Route distance is 10 km and traffic is heavy traffic. Trip starts at 15:00 afternoon. Transport mode is car.
storm,12°C cold,30 km,moderate traffic,21:00 night,car,"Car is best for storms, especially for a 30km distance, and motorbike is excluded by storms.",Weather is storm with a temperature of 12°C cold. Route distance is 30 km and traffic is moderate traffic. Trip starts at 21:00 night.,Weather is storm with a temperature of 12°C cold. Route distance is 30 km and traffic is moderate traffic. Trip starts at 21:00 night. Transport mode is car.
strong wind,24°C warm,3 km,moderate traffic,12:00 midday,bike,Bike is practical for a short 3km distance in suitable weather conditions.,Weather is strong wind with a temperature of 24°C warm. Route distance is 3 km and traffic is moderate traffic. Trip starts at 12:00 midday.,Weather is strong wind with a temperature of 24°C warm. Route distance is 3 km and traffic is moderate traffic. Trip starts at 12:00 midday. Transport mode is bike.
strong wind,38°C extreme heat,5 km,gridlock,12:00 midday,motorbike,"Motorbike is suitable for 5km and can navigate gridlock, while extreme heat excludes bike and transit.",Weather is strong wind with a temperature of 38°C extreme heat. Route distance is 5 km and traffic is gridlock. Trip starts at 12:00 midday.,Weather is strong wind with a temperature of 38°C extreme heat. Route distance is 5 km and traffic is gridlock. Trip starts at 12:00 midday. Transport mode is motorbike.
light rain,24°C warm,5 km,light traffic,15:00 afternoon,motorbike,"Motorbike is efficient for 5km in light rain, offering more protection than a bike.",Weather is light rain with a temperature of 24°C warm. Route distance is 5 km and traffic is light traffic. Trip starts at 15:00 afternoon.,Weather is light rain with a temperature of 24°C warm. Route distance is 5 km and traffic is light traffic. Trip starts at 15:00 afternoon. Transport mode is motorbike.
light drizzle,38°C extreme heat,0.5 km,gridlock,21:00 night,motorbike,"Motorbike is practical for a very short distance in extreme heat and gridlock, where bike and transit are excluded.",Weather is light drizzle with a temperature of 38°C extreme heat. Route distance is 0.5 km and traffic is gridlock. Trip starts at 21:00 night.,Weather is light drizzle with a temperature of 38°C extreme heat. Route distance is 0.5 km and traffic is gridlock. Trip starts at 21:00 night. Transport mode is motorbike.
clear sky,35°C very hot,0.5 km,gridlock,07:00 rush hour,motorbike,"Motorbike is efficient for a very short distance in gridlock during rush hour, avoiding discomfort from very hot weather.",Weather is clear sky with a temperature of 35°C very hot. Route distance is 0.5 km and traffic is gridlock. Trip starts at 07:00 rush hour.,Weather is clear sky with a temperature of 35°C very hot. Route distance is 0.5 km and traffic is gridlock. Trip starts at 07:00 rush hour. Transport mode is motorbike.
strong wind,35°C very hot,15 km,heavy traffic,07:00 rush hour,motorbike,"Motorbike is efficient for 15km in heavy traffic during rush hour, where bike is too far and car is slow.",Weather is strong wind with a temperature of 35°C very hot. Route distance is 15 km and traffic is heavy traffic. Trip starts at 07:00 rush hour.,Weather is strong wind with a temperature of 35°C very hot. Route distance is 15 km and traffic is heavy traffic. Trip starts at 07:00 rush hour. Transport mode is motorbike.
strong wind,30°C hot,1 km,moderate traffic,18:00 evening rush,bike,Bike is the most practical for a very short 1km distance in suitable weather.,Weather is strong wind with a temperature of 30°C hot. Route distance is 1 km and traffic is moderate traffic. Trip starts at 18:00 evening rush.,Weather is strong wind with a temperature of 30°C hot. Route distance is 1 km and traffic is moderate traffic. Trip starts at 18:00 evening rush. Transport mode is bike.
heavy rain,30°C hot,15 km,no traffic,00:00 late night,car,"Car is the best option for heavy rain, especially for 15km, when other modes are excluded.",Weather is heavy rain with a temperature of 30°C hot. Route distance is 15 km and traffic is no traffic. Trip starts at 00:00 late night.,Weather is heavy rain with a temperature of 30°C hot. Route distance is 15 km and traffic is no traffic. Trip starts at 00:00 late night. Transport mode is car.
strong wind,38°C extreme heat,1 km,gridlock,09:00 morning,motorbike,"Motorbike is efficient for a short distance in gridlock, while extreme heat excludes bike and transit.",Weather is strong wind with a temperature of 38°C extreme heat. Route distance is 1 km and traffic is gridlock. Trip starts at 09:00 morning.,Weather is strong wind with a temperature of 38°C extreme heat. Route distance is 1 km and traffic is gridlock. Trip starts at 09:00 morning. Transport mode is motorbike.
fog,30°C hot,15 km,heavy traffic,12:00 midday,motorbike,"Motorbike is efficient for 15km in heavy traffic, and fog is not an explicit exclusion for this mode.",Weather is fog with a temperature of 30°C hot. Route distance is 15 km and traffic is heavy traffic. Trip starts at 12:00 midday.,Weather is fog with a temperature of 30°C hot. Route distance is 15 km and traffic is heavy traffic. Trip starts at 12:00 midday. Transport mode is motorbike.
fog,18°C mild,15 km,gridlock,21:00 night,motorbike,"Motorbike is efficient for 15km in gridlock, and fog is not an explicit exclusion for this mode.",Weather is fog with a temperature of 18°C mild. Route distance is 15 km and traffic is gridlock. Trip starts at 21:00 night.,Weather is fog with a temperature of 18°C mild. Route distance is 15 km and traffic is gridlock. Trip starts at 21:00 night. Transport mode is motorbike.
light drizzle,35°C very hot,15 km,no traffic,12:00 midday,motorbike,"Motorbike is efficient for 15km with no traffic, and light drizzle is not an exclusion.",Weather is light drizzle with a temperature of 35°C very hot. Route distance is 15 km and traffic is no traffic. Trip starts at 12:00 midday.,Weather is light drizzle with a temperature of 35°C very hot. Route distance is 15 km and traffic is no traffic. Trip starts at 12:00 midday. Transport mode is motorbike.
overcast,30°C hot,20 km,moderate traffic,07:00 rush hour,motorbike,"Motorbike is efficient for 20km in moderate traffic during rush hour, offering good maneuverability.",Weather is overcast with a temperature of 30°C hot. Route distance is 20 km and traffic is moderate traffic. Trip starts at 07:00 rush hour.,Weather is overcast with a temperature of 30°C hot. Route distance is 20 km and traffic is moderate traffic. Trip starts at 07:00 rush hour. Transport mode is motorbike.
fog,24°C warm,15 km,gridlock,12:00 midday,motorbike,"Motorbike is efficient for 15km in gridlock, and fog is not an explicit exclusion for this mode.",Weather is fog with a temperature of 24°C warm. Route distance is 15 km and traffic is gridlock. Trip starts at 12:00 midday.,Weather is fog with a temperature of 24°C warm. Route distance is 15 km and traffic is gridlock. Trip starts at 12:00 midday. Transport mode is motorbike.
clear sky,30°C hot,30 km,moderate traffic,21:00 night,motorbike,Motorbike is suitable for distances up to 30km and efficient for moderate traffic at night.,Weather is clear sky with a temperature of 30°C hot. Route distance is 30 km and traffic is moderate traffic. Trip starts at 21:00 night.,Weather is clear sky with a temperature of 30°C hot. Route distance is 30 km and traffic is moderate traffic. Trip starts at 21:00 night. Transport mode is motorbike.
light rain,35°C very hot,8 km,gridlock,07:00 rush hour,motorbike,"Motorbike is efficient for 8km in gridlock during rush hour, and light rain is not an exclusion.",Weather is light rain with a temperature of 35°C very hot. Route distance is 8 km and traffic is gridlock. Trip starts at 07:00 rush hour.,Weather is light rain with a temperature of 35°C very hot. Route distance is 8 km and traffic is gridlock. Trip starts at 07:00 rush hour. Transport mode is motorbike.
heavy rain,12°C cold,3 km,gridlock,12:00 midday,car,"Car is the only suitable option for heavy rain, especially when other modes are excluded.",Weather is heavy rain with a temperature of 12°C cold. Route distance is 3 km and traffic is gridlock. Trip starts at 12:00 midday.,Weather is heavy rain with a temperature of 12°C cold. Route distance is 3 km and traffic is gridlock. Trip starts at 12:00 midday. Transport mode is car.
storm,30°C hot,1 km,no traffic,09:00 morning,car,"Car is the only suitable option during a storm, as all other modes are excluded.",Weather is storm with a temperature of 30°C hot. Route distance is 1 km and traffic is no traffic. Trip starts at 09:00 morning.,Weather is storm with a temperature of 30°C hot. Route distance is 1 km and traffic is no traffic. Trip starts at 09:00 morning. Transport mode is car.
overcast,38°C extreme heat,20 km,light traffic,21:00 night,motorbike,"Motorbike is efficient for 20km in light traffic, while extreme heat excludes bike and transit.",Weather is overcast with a temperature of 38°C extreme heat. Route distance is 20 km and traffic is light traffic. Trip starts at 21:00 night.,Weather is overcast with a temperature of 38°C extreme heat. Route distance is 20 km and traffic is light traffic. Trip starts at 21:00 night. Transport mode is motorbike.
strong wind,35°C very hot,0.5 km,no traffic,00:00 late night,bike,Bike is the most practical for a very short 0.5km distance in suitable weather conditions.,Weather is strong wind with a temperature of 35°C very hot. Route distance is 0.5 km and traffic is no traffic. Trip starts at 00:00 late night.,Weather is strong wind with a temperature of 35°C very hot. Route distance is 0.5 km and traffic is no traffic. Trip starts at 00:00 late night. Transport mode is bike.
clear sky,24°C warm,0.5 km,moderate traffic,18:00 evening rush,bike,"For a very short distance of 0.5 km in clear weather, a bike is the most practical choice.",Weather is clear sky with a temperature of 24°C warm. Route distance is 0.5 km and traffic is moderate traffic. Trip starts at 18:00 evening rush.,Weather is clear sky with a temperature of 24°C warm. Route distance is 0.5 km and traffic is moderate traffic. Trip starts at 18:00 evening rush. Transport mode is bike.
storm,24°C warm,2 km,light traffic,12:00 midday,car,"A storm excludes bike, motorbike, and transit, making a car the only practical option for safety and comfort.",Weather is storm with a temperature of 24°C warm. Route distance is 2 km and traffic is light traffic. Trip starts at 12:00 midday.,Weather is storm with a temperature of 24°C warm. Route distance is 2 km and traffic is light traffic. Trip starts at 12:00 midday. Transport mode is car.
storm,24°C warm,8 km,gridlock,07:00 rush hour,car,"Despite rush hour gridlock, a storm excludes bike, motorbike, and transit, making a car the only viable option.",Weather is storm with a temperature of 24°C warm. Route distance is 8 km and traffic is gridlock. Trip starts at 07:00 rush hour.,Weather is storm with a temperature of 24°C warm. Route distance is 8 km and traffic is gridlock. Trip starts at 07:00 rush hour. Transport mode is car.
overcast,18°C mild,15 km,gridlock,12:00 midday,transit,"For 15 km in gridlock, transit is a practical choice for urban travel, avoiding traffic congestion better than a car or motorbike.",Weather is overcast with a temperature of 18°C mild. Route distance is 15 km and traffic is gridlock. Trip starts at 12:00 midday.,Weather is overcast with a temperature of 18°C mild. Route distance is 15 km and traffic is gridlock. Trip starts at 12:00 midday. Transport mode is transit.
clear sky,24°C warm,5 km,gridlock,07:00 rush hour,motorbike,"For 5 km in gridlock during rush hour, a motorbike offers agility and is a common practical choice in Southeast Asian cities.",Weather is clear sky with a temperature of 24°C warm. Route distance is 5 km and traffic is gridlock. Trip starts at 07:00 rush hour.,Weather is clear sky with a temperature of 24°C warm. Route distance is 5 km and traffic is gridlock. Trip starts at 07:00 rush hour. Transport mode is motorbike.
storm,12°C cold,0.5 km,heavy traffic,00:00 late night,car,"A storm excludes bike, motorbike, and transit, making a car the only practical option for safety and comfort.",Weather is storm with a temperature of 12°C cold. Route distance is 0.5 km and traffic is heavy traffic. Trip starts at 00:00 late night.,Weather is storm with a temperature of 12°C cold. Route distance is 0.5 km and traffic is heavy traffic. Trip starts at 00:00 late night. Transport mode is car.
clear sky,18°C mild,0.5 km,light traffic,21:00 night,bike,"For a very short distance of 0.5 km in clear weather, a bike is the most practical choice.",Weather is clear sky with a temperature of 18°C mild. Route distance is 0.5 km and traffic is light traffic. Trip starts at 21:00 night.,Weather is clear sky with a temperature of 18°C mild. Route distance is 0.5 km and traffic is light traffic. Trip starts at 21:00 night. Transport mode is bike.
storm,24°C warm,8 km,no traffic,07:00 rush hour,car,"A storm excludes bike, motorbike, and transit, making a car the only practical option for safety and comfort.",Weather is storm with a temperature of 24°C warm. Route distance is 8 km and traffic is no traffic. Trip starts at 07:00 rush hour.,Weather is storm with a temperature of 24°C warm. Route distance is 8 km and traffic is no traffic. Trip starts at 07:00 rush hour. Transport mode is car.
light drizzle,38°C extreme heat,2 km,no traffic,07:00 rush hour,motorbike,"Bike and transit are excluded by extreme heat, leaving motorbike as the most practical option for 2 km in light drizzle.",Weather is light drizzle with a temperature of 38°C extreme heat. Route distance is 2 km and traffic is no traffic. Trip starts at 07:00 rush hour.,Weather is light drizzle with a temperature of 38°C extreme heat. Route distance is 2 km and traffic is no traffic. Trip starts at 07:00 rush hour. Transport mode is motorbike.
light rain,24°C warm,20 km,moderate traffic,18:00 evening rush,motorbike,"For 20 km in light rain during evening rush, a motorbike is a flexible and practical choice, as heavy rain is not present.",Weather is light rain with a temperature of 24°C warm. Route distance is 20 km and traffic is moderate traffic. Trip starts at 18:00 evening rush.,Weather is light rain with a temperature of 24°C warm. Route distance is 20 km and traffic is moderate traffic. Trip starts at 18:00 evening rush. Transport mode is motorbike.
clear sky,18°C mild,0.5 km,gridlock,07:00 rush hour,bike,"For a very short 0.5 km distance in good weather, a bike is the most practical and least affected by gridlock.",Weather is clear sky with a temperature of 18°C mild. Route distance is 0.5 km and traffic is gridlock. Trip starts at 07:00 rush hour.,Weather is clear sky with a temperature of 18°C mild. Route distance is 0.5 km and traffic is gridlock. Trip starts at 07:00 rush hour. Transport mode is bike.
overcast,38°C extreme heat,20 km,gridlock,09:00 morning,car,"Extreme heat excludes bike and transit, making a car the most practical choice for comfort over 20 km despite gridlock.",Weather is overcast with a temperature of 38°C extreme heat. Route distance is 20 km and traffic is gridlock. Trip starts at 09:00 morning.,Weather is overcast with a temperature of 38°C extreme heat. Route distance is 20 km and traffic is gridlock. Trip starts at 09:00 morning. Transport mode is car.
fog,30°C hot,8 km,no traffic,00:00 late night,motorbike,"For 8 km with no traffic at night, a motorbike offers directness and flexibility in foggy conditions.",Weather is fog with a temperature of 30°C hot. Route distance is 8 km and traffic is no traffic. Trip starts at 00:00 late night.,Weather is fog with a temperature of 30°C hot. Route distance is 8 km and traffic is no traffic. Trip starts at 00:00 late night. Transport mode is motorbike.
fog,30°C hot,30 km,gridlock,12:00 midday,transit,"For 30 km in gridlock, transit is often the most efficient and practical option for longer urban distances.",Weather is fog with a temperature of 30°C hot. Route distance is 30 km and traffic is gridlock. Trip starts at 12:00 midday.,Weather is fog with a temperature of 30°C hot. Route distance is 30 km and traffic is gridlock. Trip starts at 12:00 midday. Transport mode is transit.
strong wind,24°C warm,15 km,gridlock,07:00 rush hour,transit,"For 15 km in gridlock during rush hour, transit is a practical choice, unaffected by strong wind which could impact motorbikes.",Weather is strong wind with a temperature of 24°C warm. Route distance is 15 km and traffic is gridlock. Trip starts at 07:00 rush hour.,Weather is strong wind with a temperature of 24°C warm. Route distance is 15 km and traffic is gridlock. Trip starts at 07:00 rush hour. Transport mode is transit.
light rain,24°C warm,5 km,moderate traffic,15:00 afternoon,motorbike,"For 5 km in light rain, a motorbike is a practical and common choice, as heavy rain is not present.",Weather is light rain with a temperature of 24°C warm. Route distance is 5 km and traffic is moderate traffic. Trip starts at 15:00 afternoon.,Weather is light rain with a temperature of 24°C warm. Route distance is 5 km and traffic is moderate traffic. Trip starts at 15:00 afternoon. Transport mode is motorbike.
strong wind,35°C very hot,0.5 km,light traffic,18:00 evening rush,bike,"For a very short 0.5 km distance, a bike is the most practical choice as 35°C is not considered extreme heat.",Weather is strong wind with a temperature of 35°C very hot. Route distance is 0.5 km and traffic is light traffic. Trip starts at 18:00 evening rush.,Weather is strong wind with a temperature of 35°C very hot. Route distance is 0.5 km and traffic is light traffic. Trip starts at 18:00 evening rush. Transport mode is bike.
clear sky,18°C mild,30 km,moderate traffic,07:00 rush hour,transit,"For a 30 km commute during rush hour, transit is often the most reliable and efficient option.",Weather is clear sky with a temperature of 18°C mild. Route distance is 30 km and traffic is moderate traffic. Trip starts at 07:00 rush hour.,Weather is clear sky with a temperature of 18°C mild. Route distance is 30 km and traffic is moderate traffic. Trip starts at 07:00 rush hour. Transport mode is transit.
clear sky,30°C hot,10 km,gridlock,00:00 late night,motorbike,"For 10 km in gridlock late at night, a motorbike is a very practical and flexible option in HCMC.",Weather is clear sky with a temperature of 30°C hot. Route distance is 10 km and traffic is gridlock. Trip starts at 00:00 late night.,Weather is clear sky with a temperature of 30°C hot. Route distance is 10 km and traffic is gridlock. Trip starts at 00:00 late night. Transport mode is motorbike.
heavy rain,24°C warm,8 km,light traffic,07:00 rush hour,car,"Heavy rain excludes bike and motorbike, making a car the only practical option for safety and comfort.",Weather is heavy rain with a temperature of 24°C warm. Route distance is 8 km and traffic is light traffic. Trip starts at 07:00 rush hour.,Weather is heavy rain with a temperature of 24°C warm. Route distance is 8 km and traffic is light traffic. Trip starts at 07:00 rush hour. Transport mode is car.
overcast,35°C very hot,2 km,heavy traffic,07:00 rush hour,motorbike,"Motorbike is the most practical for a short distance in heavy rush hour traffic, despite the heat.",Weather is overcast with a temperature of 35°C very hot. Route distance is 2 km and traffic is heavy traffic. Trip starts at 07:00 rush hour.,Weather is overcast with a temperature of 35°C very hot. Route distance is 2 km and traffic is heavy traffic. Trip starts at 07:00 rush hour. Transport mode is motorbike.
strong wind,24°C warm,2 km,gridlock,09:00 morning,motorbike,Motorbike offers agility in gridlock traffic and is less affected by strong winds than a bike for a short distance.,Weather is strong wind with a temperature of 24°C warm. Route distance is 2 km and traffic is gridlock. Trip starts at 09:00 morning.,Weather is strong wind with a temperature of 24°C warm. Route distance is 2 km and traffic is gridlock. Trip starts at 09:00 morning. Transport mode is motorbike.
light drizzle,18°C mild,3 km,light traffic,09:00 morning,motorbike,Motorbike is a practical and efficient choice for 3km in light drizzle and light traffic.,Weather is light drizzle with a temperature of 18°C mild. Route distance is 3 km and traffic is light traffic. Trip starts at 09:00 morning.,Weather is light drizzle with a temperature of 18°C mild. Route distance is 3 km and traffic is light traffic. Trip starts at 09:00 morning. Transport mode is motorbike.
heavy rain,24°C warm,2 km,gridlock,21:00 night,car,Car is the only suitable mode for travel during heavy rain.,Weather is heavy rain with a temperature of 24°C warm. Route distance is 2 km and traffic is gridlock. Trip starts at 21:00 night.,Weather is heavy rain with a temperature of 24°C warm. Route distance is 2 km and traffic is gridlock. Trip starts at 21:00 night. Transport mode is car.
clear sky,24°C warm,3 km,moderate traffic,00:00 late night,motorbike,Motorbike is a practical and efficient choice for a short distance late at night.,Weather is clear sky with a temperature of 24°C warm. Route distance is 3 km and traffic is moderate traffic. Trip starts at 00:00 late night.,Weather is clear sky with a temperature of 24°C warm. Route distance is 3 km and traffic is moderate traffic. Trip starts at 00:00 late night. Transport mode is motorbike.
clear sky,38°C extreme heat,0.5 km,light traffic,07:00 rush hour,motorbike,"Motorbike is the most practical and quickest option for a very short distance, even in extreme heat.",Weather is clear sky with a temperature of 38°C extreme heat. Route distance is 0.5 km and traffic is light traffic. Trip starts at 07:00 rush hour.,Weather is clear sky with a temperature of 38°C extreme heat. Route distance is 0.5 km and traffic is light traffic. Trip starts at 07:00 rush hour. Transport mode is motorbike.
heavy rain,18°C mild,30 km,heavy traffic,00:00 late night,car,Car is the only suitable mode for a long distance trip during heavy rain.,Weather is heavy rain with a temperature of 18°C mild. Route distance is 30 km and traffic is heavy traffic. Trip starts at 00:00 late night.,Weather is heavy rain with a temperature of 18°C mild. Route distance is 30 km and traffic is heavy traffic. Trip starts at 00:00 late night. Transport mode is car.
heavy rain,18°C mild,8 km,no traffic,09:00 morning,car,Car is the only suitable mode for travel during heavy rain.,Weather is heavy rain with a temperature of 18°C mild. Route distance is 8 km and traffic is no traffic. Trip starts at 09:00 morning.,Weather is heavy rain with a temperature of 18°C mild. Route distance is 8 km and traffic is no traffic. Trip starts at 09:00 morning. Transport mode is car.
strong wind,24°C warm,30 km,light traffic,12:00 midday,motorbike,Motorbike is an efficient and practical choice for a 30km trip in light traffic.,Weather is strong wind with a temperature of 24°C warm. Route distance is 30 km and traffic is light traffic. Trip starts at 12:00 midday.,Weather is strong wind with a temperature of 24°C warm. Route distance is 30 km and traffic is light traffic. Trip starts at 12:00 midday. Transport mode is motorbike.
light drizzle,30°C hot,20 km,light traffic,09:00 morning,motorbike,Motorbike is a practical and efficient choice for 20km in light drizzle and light traffic.,Weather is light drizzle with a temperature of 30°C hot. Route distance is 20 km and traffic is light traffic. Trip starts at 09:00 morning.,Weather is light drizzle with a temperature of 30°C hot. Route distance is 20 km and traffic is light traffic. Trip starts at 09:00 morning. Transport mode is motorbike.
strong wind,24°C warm,10 km,heavy traffic,07:00 rush hour,motorbike,Motorbike is the most agile and efficient option for 10km in heavy rush hour traffic.,Weather is strong wind with a temperature of 24°C warm. Route distance is 10 km and traffic is heavy traffic. Trip starts at 07:00 rush hour.,Weather is strong wind with a temperature of 24°C warm. Route distance is 10 km and traffic is heavy traffic. Trip starts at 07:00 rush hour. Transport mode is motorbike.
light rain,12°C cold,5 km,heavy traffic,12:00 midday,motorbike,Motorbike is practical for 5km in heavy traffic and light rain.,Weather is light rain with a temperature of 12°C cold. Route distance is 5 km and traffic is heavy traffic. Trip starts at 12:00 midday.,Weather is light rain with a temperature of 12°C cold. Route distance is 5 km and traffic is heavy traffic. Trip starts at 12:00 midday. Transport mode is motorbike.
overcast,24°C warm,10 km,light traffic,12:00 midday,motorbike,Motorbike is a practical and efficient choice for 10km in light traffic.,Weather is overcast with a temperature of 24°C warm. Route distance is 10 km and traffic is light traffic. Trip starts at 12:00 midday.,Weather is overcast with a temperature of 24°C warm. Route distance is 10 km and traffic is light traffic. Trip starts at 12:00 midday. Transport mode is motorbike.
clear sky,12°C cold,1 km,gridlock,21:00 night,bike,Bike is the most agile option for a very short distance in gridlock traffic.,Weather is clear sky with a temperature of 12°C cold. Route distance is 1 km and traffic is gridlock. Trip starts at 21:00 night.,Weather is clear sky with a temperature of 12°C cold. Route distance is 1 km and traffic is gridlock. Trip starts at 21:00 night. Transport mode is bike.
heavy rain,12°C cold,0.5 km,light traffic,00:00 late night,car,Car is the only suitable mode for travel during heavy rain.,Weather is heavy rain with a temperature of 12°C cold. Route distance is 0.5 km and traffic is light traffic. Trip starts at 00:00 late night.,Weather is heavy rain with a temperature of 12°C cold. Route distance is 0.5 km and traffic is light traffic. Trip starts at 00:00 late night. Transport mode is car.
light drizzle,18°C mild,10 km,heavy traffic,09:00 morning,motorbike,Motorbike is the most agile and efficient option for 10km in heavy traffic with light drizzle.,Weather is light drizzle with a temperature of 18°C mild. Route distance is 10 km and traffic is heavy traffic. Trip starts at 09:00 morning.,Weather is light drizzle with a temperature of 18°C mild. Route distance is 10 km and traffic is heavy traffic. Trip starts at 09:00 morning. Transport mode is motorbike.
clear sky,35°C very hot,20 km,light traffic,18:00 evening rush,motorbike,"Motorbike is a practical choice for 20km, even in very hot weather, and avoids car deprioritization during rush hour.",Weather is clear sky with a temperature of 35°C very hot. Route distance is 20 km and traffic is light traffic. Trip starts at 18:00 evening rush.,Weather is clear sky with a temperature of 35°C very hot. Route distance is 20 km and traffic is light traffic. Trip starts at 18:00 evening rush. Transport mode is motorbike.
heavy rain,18°C mild,2 km,light traffic,00:00 late night,car,Car is the only suitable mode for travel during heavy rain.,Weather is heavy rain with a temperature of 18°C mild. Route distance is 2 km and traffic is light traffic. Trip starts at 00:00 late night.,Weather is heavy rain with a temperature of 18°C mild. Route distance is 2 km and traffic is light traffic. Trip starts at 00:00 late night. Transport mode is car.
storm,24°C warm,1 km,no traffic,07:00 rush hour,car,Car is the only suitable mode for travel during a storm.,Weather is storm with a temperature of 24°C warm. Route distance is 1 km and traffic is no traffic. Trip starts at 07:00 rush hour.,Weather is storm with a temperature of 24°C warm. Route distance is 1 km and traffic is no traffic. Trip starts at 07:00 rush hour. Transport mode is car.
overcast,18°C mild,20 km,moderate traffic,21:00 night,motorbike,Motorbike is a practical and efficient choice for 20km in moderate traffic at night.,Weather is overcast with a temperature of 18°C mild. Route distance is 20 km and traffic is moderate traffic. Trip starts at 21:00 night.,Weather is overcast with a temperature of 18°C mild. Route distance is 20 km and traffic is moderate traffic. Trip starts at 21:00 night. Transport mode is motorbike.
strong wind,12°C cold,15 km,moderate traffic,09:00 morning,motorbike,Motorbike is suitable for 15km in strong wind and moderate traffic.,Weather is strong wind with a temperature of 12°C cold. Route distance is 15 km and traffic is moderate traffic. Trip starts at 09:00 morning.,Weather is strong wind with a temperature of 12°C cold. Route distance is 15 km and traffic is moderate traffic. Trip starts at 09:00 morning. Transport mode is motorbike.
storm,18°C mild,15 km,no traffic,18:00 evening rush,car,"Car is best for travel during a storm, as motorbikes are excluded.",Weather is storm with a temperature of 18°C mild. Route distance is 15 km and traffic is no traffic. Trip starts at 18:00 evening rush.,Weather is storm with a temperature of 18°C mild. Route distance is 15 km and traffic is no traffic. Trip starts at 18:00 evening rush. Transport mode is car.
light drizzle,30°C hot,20 km,heavy traffic,12:00 midday,motorbike,Motorbike is practical for 20km in light drizzle and can navigate heavy traffic efficiently.,Weather is light drizzle with a temperature of 30°C hot. Route distance is 20 km and traffic is heavy traffic. Trip starts at 12:00 midday.,Weather is light drizzle with a temperature of 30°C hot. Route distance is 20 km and traffic is heavy traffic. Trip starts at 12:00 midday. Transport mode is motorbike.
heavy rain,30°C hot,10 km,no traffic,21:00 night,car,"Car is best for travel during heavy rain, as motorbikes are excluded.",Weather is heavy rain with a temperature of 30°C hot. Route distance is 10 km and traffic is no traffic. Trip starts at 21:00 night.,Weather is heavy rain with a temperature of 30°C hot. Route distance is 10 km and traffic is no traffic. Trip starts at 21:00 night. Transport mode is car.
light rain,35°C very hot,1 km,gridlock,12:00 midday,motorbike,"Motorbike is practical for 1km in gridlock with light rain, as bikes are excluded by rain.",Weather is light rain with a temperature of 35°C very hot. Route distance is 1 km and traffic is gridlock. Trip starts at 12:00 midday.,Weather is light rain with a temperature of 35°C very hot. Route distance is 1 km and traffic is gridlock. Trip starts at 12:00 midday. Transport mode is motorbike.
light drizzle,30°C hot,8 km,light traffic,21:00 night,motorbike,Motorbike is suitable for 8km in light drizzle and light traffic.,Weather is light drizzle with a temperature of 30°C hot. Route distance is 8 km and traffic is light traffic. Trip starts at 21:00 night.,Weather is light drizzle with a temperature of 30°C hot. Route distance is 8 km and traffic is light traffic. Trip starts at 21:00 night. Transport mode is motorbike.
light drizzle,12°C cold,15 km,gridlock,12:00 midday,motorbike,Motorbike is practical for 15km in gridlock with light drizzle.,Weather is light drizzle with a temperature of 12°C cold. Route distance is 15 km and traffic is gridlock. Trip starts at 12:00 midday.,Weather is light drizzle with a temperature of 12°C cold. Route distance is 15 km and traffic is gridlock. Trip starts at 12:00 midday. Transport mode is motorbike.
overcast,24°C warm,15 km,moderate traffic,07:00 rush hour,motorbike,"Motorbike is practical for 15km during rush hour, as cars are deprioritized.",Weather is overcast with a temperature of 24°C warm. Route distance is 15 km and traffic is moderate traffic. Trip starts at 07:00 rush hour.,Weather is overcast with a temperature of 24°C warm. Route distance is 15 km and traffic is moderate traffic. Trip starts at 07:00 rush hour. Transport mode is motorbike.
storm,12°C cold,10 km,moderate traffic,15:00 afternoon,car,"Car is best for travel during a storm, as motorbikes are excluded.",Weather is storm with a temperature of 12°C cold. Route distance is 10 km and traffic is moderate traffic. Trip starts at 15:00 afternoon.,Weather is storm with a temperature of 12°C cold. Route distance is 10 km and traffic is moderate traffic. Trip starts at 15:00 afternoon. Transport mode is car.
light rain,12°C cold,3 km,gridlock,07:00 rush hour,motorbike,"Motorbike is practical for 3km in gridlock with light rain during rush hour, as bikes are excluded by rain.",Weather is light rain with a temperature of 12°C cold. Route distance is 3 km and traffic is gridlock. Trip starts at 07:00 rush hour.,Weather is light rain with a temperature of 12°C cold. Route distance is 3 km and traffic is gridlock. Trip starts at 07:00 rush hour. Transport mode is motorbike.
light rain,18°C mild,30 km,gridlock,15:00 afternoon,motorbike,"Motorbike is suitable for 30km in gridlock with light rain, offering better maneuverability than a car.",Weather is light rain with a temperature of 18°C mild. Route distance is 30 km and traffic is gridlock. Trip starts at 15:00 afternoon.,Weather is light rain with a temperature of 18°C mild. Route distance is 30 km and traffic is gridlock. Trip starts at 15:00 afternoon. Transport mode is motorbike.
light rain,18°C mild,3 km,no traffic,00:00 late night,motorbike,"Motorbike is practical for 3km at late night with light rain and no traffic, as bikes are excluded by rain.",Weather is light rain with a temperature of 18°C mild. Route distance is 3 km and traffic is no traffic. Trip starts at 00:00 late night.,Weather is light rain with a temperature of 18°C mild. Route distance is 3 km and traffic is no traffic. Trip starts at 00:00 late night. Transport mode is motorbike.
heavy rain,24°C warm,2 km,heavy traffic,12:00 midday,car,"Car is best for travel during heavy rain, as motorbikes are excluded.",Weather is heavy rain with a temperature of 24°C warm. Route distance is 2 km and traffic is heavy traffic. Trip starts at 12:00 midday.,Weather is heavy rain with a temperature of 24°C warm. Route distance is 2 km and traffic is heavy traffic. Trip starts at 12:00 midday. Transport mode is car.
storm,38°C extreme heat,15 km,gridlock,15:00 afternoon,car,"Car is best for travel during a storm and extreme heat, as other modes are excluded.",Weather is storm with a temperature of 38°C extreme heat. Route distance is 15 km and traffic is gridlock. Trip starts at 15:00 afternoon.,Weather is storm with a temperature of 38°C extreme heat. Route distance is 15 km and traffic is gridlock. Trip starts at 15:00 afternoon. Transport mode is car.
clear sky,18°C mild,1 km,heavy traffic,21:00 night,bike,"Bike is practical for 1km in heavy traffic with clear sky, fitting the distance and weather criteria.",Weather is clear sky with a temperature of 18°C mild. Route distance is 1 km and traffic is heavy traffic. Trip starts at 21:00 night.,Weather is clear sky with a temperature of 18°C mild. Route distance is 1 km and traffic is heavy traffic. Trip starts at 21:00 night. Transport mode is bike.
light rain,24°C warm,3 km,moderate traffic,09:00 morning,motorbike,"Motorbike is practical for 3km in light rain, as bikes are excluded by rain.",Weather is light rain with a temperature of 24°C warm. Route distance is 3 km and traffic is moderate traffic. Trip starts at 09:00 morning.,Weather is light rain with a temperature of 24°C warm. Route distance is 3 km and traffic is moderate traffic. Trip starts at 09:00 morning. Transport mode is motorbike.
heavy rain,35°C very hot,30 km,gridlock,09:00 morning,car,"Car is best for travel during heavy rain, as motorbikes are excluded.",Weather is heavy rain with a temperature of 35°C very hot. Route distance is 30 km and traffic is gridlock. Trip starts at 09:00 morning.,Weather is heavy rain with a temperature of 35°C very hot. Route distance is 30 km and traffic is gridlock. Trip starts at 09:00 morning. Transport mode is car.
strong wind,24°C warm,3 km,moderate traffic,00:00 late night,bike,"Bike is practical for 3km in strong wind at late night, fitting the distance and weather criteria.",Weather is strong wind with a temperature of 24°C warm. Route distance is 3 km and traffic is moderate traffic. Trip starts at 00:00 late night.,Weather is strong wind with a temperature of 24°C warm. Route distance is 3 km and traffic is moderate traffic. Trip starts at 00:00 late night. Transport mode is bike.
overcast,24°C warm,10 km,heavy traffic,09:00 morning,motorbike,"Motorbike is practical for 10km in heavy traffic during morning rush hour, as cars are deprioritized.",Weather is overcast with a temperature of 24°C warm. Route distance is 10 km and traffic is heavy traffic. Trip starts at 09:00 morning.,Weather is overcast with a temperature of 24°C warm. Route distance is 10 km and traffic is heavy traffic. Trip starts at 09:00 morning. Transport mode is motorbike.
light rain,18°C mild,30 km,no traffic,15:00 afternoon,motorbike,Motorbike is suitable for 30km in light rain with no traffic.,Weather is light rain with a temperature of 18°C mild. Route distance is 30 km and traffic is no traffic. Trip starts at 15:00 afternoon.,Weather is light rain with a temperature of 18°C mild. Route distance is 30 km and traffic is no traffic. Trip starts at 15:00 afternoon. Transport mode is motorbike.
light drizzle,38°C extreme heat,30 km,no traffic,00:00 late night,car,Car provides comfort and shelter from extreme heat and light drizzle for a 30km late-night trip.,Weather is light drizzle with a temperature of 38°C extreme heat. Route distance is 30 km and traffic is no traffic. Trip starts at 00:00 late night.,Weather is light drizzle with a temperature of 38°C extreme heat. Route distance is 30 km and traffic is no traffic. Trip starts at 00:00 late night. Transport mode is car.
fog,24°C warm,20 km,heavy traffic,12:00 midday,motorbike,"Motorbike is efficient for navigating 20km in heavy traffic, and fog is not an exclusion.",Weather is fog with a temperature of 24°C warm. Route distance is 20 km and traffic is heavy traffic. Trip starts at 12:00 midday.,Weather is fog with a temperature of 24°C warm. Route distance is 20 km and traffic is heavy traffic. Trip starts at 12:00 midday. Transport mode is motorbike.
strong wind,38°C extreme heat,2 km,heavy traffic,00:00 late night,car,Car offers comfort and protection from extreme heat and strong wind for a short 2km trip.,Weather is strong wind with a temperature of 38°C extreme heat. Route distance is 2 km and traffic is heavy traffic. Trip starts at 00:00 late night.,Weather is strong wind with a temperature of 38°C extreme heat. Route distance is 2 km and traffic is heavy traffic. Trip starts at 00:00 late night. Transport mode is car.
strong wind,30°C hot,15 km,no traffic,15:00 afternoon,motorbike,"Motorbike is efficient for 15km with no traffic, and strong wind is manageable.",Weather is strong wind with a temperature of 30°C hot. Route distance is 15 km and traffic is no traffic. Trip starts at 15:00 afternoon.,Weather is strong wind with a temperature of 30°C hot. Route distance is 15 km and traffic is no traffic. Trip starts at 15:00 afternoon. Transport mode is motorbike.
heavy rain,38°C extreme heat,15 km,heavy traffic,12:00 midday,car,"Car is the only practical option due to heavy rain and extreme heat, despite heavy traffic.",Weather is heavy rain with a temperature of 38°C extreme heat. Route distance is 15 km and traffic is heavy traffic. Trip starts at 12:00 midday.,Weather is heavy rain with a temperature of 38°C extreme heat. Route distance is 15 km and traffic is heavy traffic. Trip starts at 12:00 midday. Transport mode is car.
overcast,30°C hot,15 km,moderate traffic,12:00 midday,motorbike,Motorbike is the most practical for 15km in moderate traffic with good weather.,Weather is overcast with a temperature of 30°C hot. Route distance is 15 km and traffic is moderate traffic. Trip starts at 12:00 midday.,Weather is overcast with a temperature of 30°C hot. Route distance is 15 km and traffic is moderate traffic. Trip starts at 12:00 midday. Transport mode is motorbike.
fog,24°C warm,1 km,light traffic,15:00 afternoon,bike,Bike is ideal for a short 1km distance in mild weather conditions.,Weather is fog with a temperature of 24°C warm. Route distance is 1 km and traffic is light traffic. Trip starts at 15:00 afternoon.,Weather is fog with a temperature of 24°C warm. Route distance is 1 km and traffic is light traffic. Trip starts at 15:00 afternoon. Transport mode is bike.
light rain,18°C mild,1 km,no traffic,12:00 midday,motorbike,"Motorbike is quick and convenient for 1km, avoiding light rain.",Weather is light rain with a temperature of 18°C mild. Route distance is 1 km and traffic is no traffic. Trip starts at 12:00 midday.,Weather is light rain with a temperature of 18°C mild. Route distance is 1 km and traffic is no traffic. Trip starts at 12:00 midday. Transport mode is motorbike.
strong wind,12°C cold,20 km,heavy traffic,07:00 rush hour,motorbike,"Motorbike is efficient for 20km in heavy rush hour traffic, despite strong wind and cold.",Weather is strong wind with a temperature of 12°C cold. Route distance is 20 km and traffic is heavy traffic. Trip starts at 07:00 rush hour.,Weather is strong wind with a temperature of 12°C cold. Route distance is 20 km and traffic is heavy traffic. Trip starts at 07:00 rush hour. Transport mode is motorbike.
fog,12°C cold,2 km,light traffic,12:00 midday,bike,Bike is ideal for a short 2km distance in mild weather conditions.,Weather is fog with a temperature of 12°C cold. Route distance is 2 km and traffic is light traffic. Trip starts at 12:00 midday.,Weather is fog with a temperature of 12°C cold. Route distance is 2 km and traffic is light traffic. Trip starts at 12:00 midday. Transport mode is bike.
fog,12°C cold,3 km,gridlock,07:00 rush hour,bike,Bike is the most agile and practical for navigating 3km through gridlock during rush hour.,Weather is fog with a temperature of 12°C cold. Route distance is 3 km and traffic is gridlock. Trip starts at 07:00 rush hour.,Weather is fog with a temperature of 12°C cold. Route distance is 3 km and traffic is gridlock. Trip starts at 07:00 rush hour. Transport mode is bike.
light drizzle,18°C mild,15 km,moderate traffic,07:00 rush hour,motorbike,"Motorbike is efficient for 15km in moderate rush hour traffic, even with light drizzle.",Weather is light drizzle with a temperature of 18°C mild. Route distance is 15 km and traffic is moderate traffic. Trip starts at 07:00 rush hour.,Weather is light drizzle with a temperature of 18°C mild. Route distance is 15 km and traffic is moderate traffic. Trip starts at 07:00 rush hour. Transport mode is motorbike.
light rain,24°C warm,1 km,no traffic,15:00 afternoon,motorbike,"Motorbike is the most practical for 1km in light rain, offering quick travel.",Weather is light rain with a temperature of 24°C warm. Route distance is 1 km and traffic is no traffic. Trip starts at 15:00 afternoon.,Weather is light rain with a temperature of 24°C warm. Route distance is 1 km and traffic is no traffic. Trip starts at 15:00 afternoon. Transport mode is motorbike.
fog,12°C cold,0.5 km,no traffic,07:00 rush hour,bike,"Bike is ideal for a very short 0.5km distance, even during rush hour.",Weather is fog with a temperature of 12°C cold. Route distance is 0.5 km and traffic is no traffic. Trip starts at 07:00 rush hour.,Weather is fog with a temperature of 12°C cold. Route distance is 0.5 km and traffic is no traffic. Trip starts at 07:00 rush hour. Transport mode is bike.
fog,12°C cold,8 km,light traffic,15:00 afternoon,motorbike,Motorbike is efficient for 8km with light traffic in mild conditions.,Weather is fog with a temperature of 12°C cold. Route distance is 8 km and traffic is light traffic. Trip starts at 15:00 afternoon.,Weather is fog with a temperature of 12°C cold. Route distance is 8 km and traffic is light traffic. Trip starts at 15:00 afternoon. Transport mode is motorbike.
clear sky,12°C cold,20 km,light traffic,12:00 midday,motorbike,Motorbike is efficient and practical for 20km in clear weather with light traffic.,Weather is clear sky with a temperature of 12°C cold. Route distance is 20 km and traffic is light traffic. Trip starts at 12:00 midday.,Weather is clear sky with a temperature of 12°C cold. Route distance is 20 km and traffic is light traffic. Trip starts at 12:00 midday. Transport mode is motorbike.
heavy rain,24°C warm,3 km,gridlock,09:00 morning,car,"Car is the only practical choice due to heavy rain, despite gridlock.",Weather is heavy rain with a temperature of 24°C warm. Route distance is 3 km and traffic is gridlock. Trip starts at 09:00 morning.,Weather is heavy rain with a temperature of 24°C warm. Route distance is 3 km and traffic is gridlock. Trip starts at 09:00 morning. Transport mode is car.
strong wind,35°C very hot,10 km,light traffic,18:00 evening rush,motorbike,"Motorbike is efficient for 10km in light rush hour traffic, despite strong wind and heat.",Weather is strong wind with a temperature of 35°C very hot. Route distance is 10 km and traffic is light traffic. Trip starts at 18:00 evening rush.,Weather is strong wind with a temperature of 35°C very hot. Route distance is 10 km and traffic is light traffic. Trip starts at 18:00 evening rush. Transport mode is motorbike.
overcast,12°C cold,8 km,moderate traffic,18:00 evening rush,motorbike,Motorbike is the most practical for 8km in moderate rush hour traffic with good weather.,Weather is overcast with a temperature of 12°C cold. Route distance is 8 km and traffic is moderate traffic. Trip starts at 18:00 evening rush.,Weather is overcast with a temperature of 12°C cold. Route distance is 8 km and traffic is moderate traffic. Trip starts at 18:00 evening rush. Transport mode is motorbike.
clear sky,18°C mild,3 km,light traffic,09:00 morning,bike,"Bike is ideal for a short 3km distance in clear, mild weather.",Weather is clear sky with a temperature of 18°C mild. Route distance is 3 km and traffic is light traffic. Trip starts at 09:00 morning.,Weather is clear sky with a temperature of 18°C mild. Route distance is 3 km and traffic is light traffic. Trip starts at 09:00 morning. Transport mode is bike.
storm,24°C warm,10 km,light traffic,07:00 rush hour,car,"Car is the best option for travel during a storm, despite rush hour.",Weather is storm with a temperature of 24°C warm. Route distance is 10 km and traffic is light traffic. Trip starts at 07:00 rush hour.,Weather is storm with a temperature of 24°C warm. Route distance is 10 km and traffic is light traffic. Trip starts at 07:00 rush hour. Transport mode is car.
strong wind,18°C mild,0.5 km,no traffic,21:00 night,bike,Bike is ideal for a very short distance of 0.5 km in mild weather.,Weather is strong wind with a temperature of 18°C mild. Route distance is 0.5 km and traffic is no traffic. Trip starts at 21:00 night.,Weather is strong wind with a temperature of 18°C mild. Route distance is 0.5 km and traffic is no traffic. Trip starts at 21:00 night. Transport mode is bike.
light drizzle,30°C hot,1 km,heavy traffic,15:00 afternoon,motorbike,Motorbike is flexible for 1 km in heavy traffic and suitable for light drizzle.,Weather is light drizzle with a temperature of 30°C hot. Route distance is 1 km and traffic is heavy traffic. Trip starts at 15:00 afternoon.,Weather is light drizzle with a temperature of 30°C hot. Route distance is 1 km and traffic is heavy traffic. Trip starts at 15:00 afternoon. Transport mode is motorbike.
clear sky,18°C mild,30 km,no traffic,12:00 midday,motorbike,"Motorbike is efficient for 30 km in clear, mild weather with no traffic.",Weather is clear sky with a temperature of 18°C mild. Route distance is 30 km and traffic is no traffic. Trip starts at 12:00 midday.,Weather is clear sky with a temperature of 18°C mild. Route distance is 30 km and traffic is no traffic. Trip starts at 12:00 midday. Transport mode is motorbike.
overcast,18°C mild,2 km,moderate traffic,09:00 morning,bike,"Bike is practical for a short 2 km trip in mild, overcast weather.",Weather is overcast with a temperature of 18°C mild. Route distance is 2 km and traffic is moderate traffic. Trip starts at 09:00 morning.,Weather is overcast with a temperature of 18°C mild. Route distance is 2 km and traffic is moderate traffic. Trip starts at 09:00 morning. Transport mode is bike.
strong wind,35°C very hot,1 km,no traffic,07:00 rush hour,bike,"Bike is suitable for a very short 1 km trip, as 35°C is not extreme heat for biking.",Weather is strong wind with a temperature of 35°C very hot. Route distance is 1 km and traffic is no traffic. Trip starts at 07:00 rush hour.,Weather is strong wind with a temperature of 35°C very hot. Route distance is 1 km and traffic is no traffic. Trip starts at 07:00 rush hour. Transport mode is bike.
strong wind,38°C extreme heat,15 km,moderate traffic,09:00 morning,motorbike,"Motorbike is suitable for 15 km in strong wind and extreme heat, as transit is not recommended.",Weather is strong wind with a temperature of 38°C extreme heat. Route distance is 15 km and traffic is moderate traffic. Trip starts at 09:00 morning.,Weather is strong wind with a temperature of 38°C extreme heat. Route distance is 15 km and traffic is moderate traffic. Trip starts at 09:00 morning. Transport mode is motorbike.
clear sky,38°C extreme heat,10 km,gridlock,09:00 morning,motorbike,"Motorbike is best for navigating gridlock over 10 km, and extreme heat does not exclude it.",Weather is clear sky with a temperature of 38°C extreme heat. Route distance is 10 km and traffic is gridlock. Trip starts at 09:00 morning.,Weather is clear sky with a temperature of 38°C extreme heat. Route distance is 10 km and traffic is gridlock. Trip starts at 09:00 morning. Transport mode is motorbike.
fog,12°C cold,15 km,no traffic,12:00 midday,motorbike,"Motorbike is efficient for 15 km with no traffic, and fog is not an exclusion.",Weather is fog with a temperature of 12°C cold. Route distance is 15 km and traffic is no traffic. Trip starts at 12:00 midday.,Weather is fog with a temperature of 12°C cold. Route distance is 15 km and traffic is no traffic. Trip starts at 12:00 midday. Transport mode is motorbike.
fog,30°C hot,1 km,moderate traffic,12:00 midday,bike,"Bike is practical for a very short 1 km trip in moderate traffic, as fog is not an exclusion.",Weather is fog with a temperature of 30°C hot. Route distance is 1 km and traffic is moderate traffic. Trip starts at 12:00 midday.,Weather is fog with a temperature of 30°C hot. Route distance is 1 km and traffic is moderate traffic. Trip starts at 12:00 midday. Transport mode is bike.
clear sky,18°C mild,15 km,light traffic,21:00 night,motorbike,Motorbike is ideal for 15 km at night with clear skies and light traffic.,Weather is clear sky with a temperature of 18°C mild. Route distance is 15 km and traffic is light traffic. Trip starts at 21:00 night.,Weather is clear sky with a temperature of 18°C mild. Route distance is 15 km and traffic is light traffic. Trip starts at 21:00 night. Transport mode is motorbike.
clear sky,30°C hot,8 km,heavy traffic,09:00 morning,motorbike,"Motorbike is best for navigating 8 km in heavy traffic during hot, clear weather.",Weather is clear sky with a temperature of 30°C hot. Route distance is 8 km and traffic is heavy traffic. Trip starts at 09:00 morning.,Weather is clear sky with a temperature of 30°C hot. Route distance is 8 km and traffic is heavy traffic. Trip starts at 09:00 morning. Transport mode is motorbike.
fog,12°C cold,10 km,light traffic,00:00 late night,motorbike,"Motorbike is efficient for 10 km late at night with light traffic, as transit availability is low.",Weather is fog with a temperature of 12°C cold. Route distance is 10 km and traffic is light traffic. Trip starts at 00:00 late night.,Weather is fog with a temperature of 12°C cold. Route distance is 10 km and traffic is light traffic. Trip starts at 00:00 late night. Transport mode is motorbike.
storm,35°C very hot,1 km,no traffic,21:00 night,car,"Car is the safest option for a storm, even for a short distance at night.",Weather is storm with a temperature of 35°C very hot. Route distance is 1 km and traffic is no traffic. Trip starts at 21:00 night.,Weather is storm with a temperature of 35°C very hot. Route distance is 1 km and traffic is no traffic. Trip starts at 21:00 night. Transport mode is car.
light drizzle,38°C extreme heat,2 km,no traffic,21:00 night,motorbike,"Motorbike is suitable for 2 km in light drizzle and extreme heat, as bike and transit are excluded.",Weather is light drizzle with a temperature of 38°C extreme heat. Route distance is 2 km and traffic is no traffic. Trip starts at 21:00 night.,Weather is light drizzle with a temperature of 38°C extreme heat. Route distance is 2 km and traffic is no traffic. Trip starts at 21:00 night. Transport mode is motorbike.
heavy rain,38°C extreme heat,1 km,heavy traffic,15:00 afternoon,car,"Car is the best choice for heavy rain and extreme heat, despite heavy traffic.",Weather is heavy rain with a temperature of 38°C extreme heat. Route distance is 1 km and traffic is heavy traffic. Trip starts at 15:00 afternoon.,Weather is heavy rain with a temperature of 38°C extreme heat. Route distance is 1 km and traffic is heavy traffic. Trip starts at 15:00 afternoon. Transport mode is car.
clear sky,18°C mild,10 km,no traffic,07:00 rush hour,motorbike,"Motorbike is efficient for 10 km with no traffic, even during rush hour.",Weather is clear sky with a temperature of 18°C mild. Route distance is 10 km and traffic is no traffic. Trip starts at 07:00 rush hour.,Weather is clear sky with a temperature of 18°C mild. Route distance is 10 km and traffic is no traffic. Trip starts at 07:00 rush hour. Transport mode is motorbike.
light drizzle,35°C very hot,2 km,no traffic,18:00 evening rush,motorbike,"Motorbike is suitable for a short 2 km trip in light drizzle, avoiding car use during rush hour.",Weather is light drizzle with a temperature of 35°C very hot. Route distance is 2 km and traffic is no traffic. Trip starts at 18:00 evening rush.,Weather is light drizzle with a temperature of 35°C very hot. Route distance is 2 km and traffic is no traffic. Trip starts at 18:00 evening rush. Transport mode is motorbike.
overcast,18°C mild,3 km,no traffic,18:00 evening rush,bike,"Bike is practical for a short 3 km trip in mild, overcast weather, avoiding rush hour traffic.",Weather is overcast with a temperature of 18°C mild. Route distance is 3 km and traffic is no traffic. Trip starts at 18:00 evening rush.,Weather is overcast with a temperature of 18°C mild. Route distance is 3 km and traffic is no traffic. Trip starts at 18:00 evening rush. Transport mode is bike.
fog,12°C cold,8 km,no traffic,15:00 afternoon,motorbike,"Motorbike is efficient for 8 km with no traffic, and fog is not an exclusion.",Weather is fog with a temperature of 12°C cold. Route distance is 8 km and traffic is no traffic. Trip starts at 15:00 afternoon.,Weather is fog with a temperature of 12°C cold. Route distance is 8 km and traffic is no traffic. Trip starts at 15:00 afternoon. Transport mode is motorbike.
