"",Unnamed: 0,power,make_model,fuel,Company Names
8121,10091,12447.0,Headbanger Hollister,Gasoline,Headbanger
3633,4524,11511.0,MV Agusta Brutale 910,Gasoline,MV
228,275,11360.0,Suzuki V-Strom 1000,Gasoline,Suzuki
516,642,1088.0,MV Agusta Turismo Veloce 800,Gasoline,MV
5269,6551,880.0,BMW G 650,Gasoline,BMW
3192,3971,865.0,Triumph Bonneville Newchurch,Gasoline,Triumph
2803,3487,751.0,Norton Commando,Gasoline,Norton
46,60,751.0,Honda X-ADV,Gasoline,Honda
26070,32678,680.0,Benelli Leoncino,Gasoline,Benelli
8975,11174,612.0,Access SP 450,Gasoline,Access
188,232,551.0,Suzuki Burgman 650,Gasoline,Suzuki
19610,24465,544.0,Peugeot Satelis 400,Gasoline,Peugeot
8162,10147,544.0,Piaggio XEvo 400,Gasoline,Piaggio
7197,8943,479.0,Motobi Pesaro,Two Stroke Gasoline,Motobi
2948,3663,476.0,Chinabike,Electric,Chinabike
199,243,476.0,KTM 350 EXC,Gasoline,KTM
3765,4695,408.0,Aprilia SR Max 300,Gasoline,Aprilia
15410,19181,408.0,Elektra Retro,Electric,Elektra
13348,16589,400.0,Kymco MXU 400,Gasoline,Kymco
647,815,367.0,Benelli Pepe,Gasoline,Benelli
8577,10672,360.0,Boss Hoss BHC-3 ZZ4,Gasoline,Boss
21505,26854,349.0,KTM 350 SX,Gasoline,KTM
278,334,349.0,Piaggio MP3 350,Gasoline,Piaggio
2999,3731,345.0,Quadro QV3,Gasoline,Quadro
6522,8101,300.0,Rieju,Two Stroke Gasoline,Rieju
22290,27845,300.0,Kymco Agility 300,Gasoline,Kymco
464,580,299.0,BMW R 50,Others,BMW
392,485,279.0,Honda SH 300,Gasoline,Honda
2251,2791,277.0,Peugeot Geopolis 300,Gasoline,Peugeot
4362,5432,272.0,Kymco Like 200i,Gasoline,Kymco
24347,30473,250.0,Gillet Herstal,Gasoline,Gillet
6459,8018,250.0,Yamaha YZ 250,Gasoline,Yamaha
3358,4189,249.0,Yamaha YBR 250,Gasoline,Yamaha
4808,5983,247.0,Honda SH 350i,Gasoline,Honda
6273,7794,239.0,Kymco Dink 200,Gasoline,Kymco
0,0,218.0,Honda,Gasoline,Honda
1943,2423,218.0,Honda Fireblade,Gasoline,Honda
710,892,218.0,Aprilia RSV4,Gasoline,Aprilia
27519,34484,215.0,Honda RC 213,Gasoline,Honda
1412,1766,215.0,Ducati 1299 Superleggera,Gasoline,Ducati
117,149,215.0,BMW HP4,Gasoline,BMW
11257,14006,213.0,Yamaha Majesty 250,Gasoline,Yamaha
3836,4780,211.0,Simson S 51,Gasoline,Simson
8244,10262,208.0,MV Agusta Brutale Oro,Gasoline,MV
2822,3511,207.0,Ducati Panigale R,Gasoline,Ducati
445,551,205.0,Ducati 1299 Panigale,Gasoline,Ducati
281,340,205.0,Yamaha YZF-R1,Gasoline,Yamaha
12512,15567,204.0,Italjet Torpedo 125,Gasoline,Italjet
19857,24775,204.0,Bimota YB 8,Gasoline,Bimota
4413,5495,204.0,YCF,Gasoline,YCF
146,182,201.0,Suzuki GSX-R 1000,Gasoline,Suzuki
526,656,200.0,Kawasaki Ninja H2,Gasoline,Kawasaki
2443,3018,200.0,Kymco Downtown 200i,Gasoline,Kymco
491,610,200.0,Kawasaki ZZR 1400,Gasoline,Kawasaki
849,1072,200.0,Ducati Desmosedici RR,Gasoline,Ducati
580,722,200.0,Honda CBR 1000,Gasoline,Honda
592,740,200.0,Kawasaki Z H2,Gasoline,Kawasaki
333,409,200.0,Yamaha Vmax,Gasoline,Yamaha
165,206,200.0,Kawasaki Ninja ZX-10R,Gasoline,Kawasaki
4817,5993,197.0,Suzuki GSX 1300,Gasoline,Suzuki
545,678,197.0,Suzuki Hayabusa,Gasoline,Suzuki
18217,22727,193.0,MV Agusta 1000 Ago,Gasoline,MV
86,109,193.0,BMW S 1000 RR,Gasoline,BMW
15042,18729,192.0,Moto Guzzi Galletto,Gasoline,Moto
3521,4387,190.0,Kawasaki ZR 1000,Gasoline,Kawasaki
20474,25548,190.0,Volvo V60,Diesel,Volvo
4013,4997,190.0,MV Agusta F4 1078,Gasoline,MV
16912,21094,190.0,Kawasaki Ninja ZX-12R,Gasoline,Kawasaki
1416,1771,189.0,Kawasaki Ninja ZX-10RR,Gasoline,Kawasaki
2063,2566,186.0,MV Agusta F4 1000 R 312,Gasoline,MV
1104,1390,186.0,BMW R 1250 GS Adventure,Gasoline,BMW
4008,4992,185.0,EBR 1190RX,Gasoline,EBR
1563,1957,185.0,MV Agusta F4 1000,Gasoline,MV
19,22,185.0,Suzuki,Gasoline,Suzuki
870,1094,184.0,Suzuki B King,Gasoline,Suzuki
978,1226,184.0,Ducati 1199 Panigale,Gasoline,Ducati
3038,3777,175.0,Polaris Slingshot,Gasoline,Polaris
657,829,175.0,BMW K 1300 S,Gasoline,BMW
5518,6857,175.0,EBR RS,Gasoline,EBR
2446,3021,174.0,Aprilia,Gasoline,Aprilia
126,159,173.0,KTM 1290 Super Duke R,Gasoline,KTM
69,90,173.0,KTM 1290 Super Duke GT,Gasoline,KTM
1297,1623,173.0,BMW K 1300 R,Gasoline,BMW
6588,8192,173.0,Bimota DB 8,Gasoline,Bimota
19097,23815,170.0,Kymco Movie XL,Gasoline,Kymco
1395,1743,170.0,Keeway,Gasoline,Keeway
344,426,170.0,Yamaha Cygnus,Gasoline,Yamaha
1479,1852,170.0,Daelim S1 125,Gasoline,Daelim
2993,3723,170.0,Mash Café Racer,Gasoline,Mash
21524,26878,170.0,SYM VF 125,Gasoline,SYM
1209,1521,170.0,Peugeot Tweet,Gasoline,Peugeot
34,42,170.0,KTM 1190 RC8,Gasoline,KTM
249,302,170.0,Ducati Multistrada 1100,Gasoline,Ducati
15320,19081,170.0,Hyosung Comet 125,Gasoline,Hyosung
6830,8484,170.0,MBK Cityliner 125,Gasoline,MBK
15553,19352,170.0,Kawasaki KX 125,Two Stroke Gasoline,Kawasaki
1698,2117,170.0,Yamaha Xenter 125,Gasoline,Yamaha
19402,24200,170.0,Jmstar 125,Gasoline,Jmstar
819,1034,170.0,Ducati 1098,Gasoline,Ducati
6931,8605,170.0,Daelim,Others,Daelim
1387,1731,167.0,BMW K 1600 GTL,Gasoline,BMW
2087,2596,167.0,BMW K 1200 S,Gasoline,BMW
569,709,167.0,Aprilia Tuono,Gasoline,Aprilia
6344,7877,166.0,MV Agusta F4,Gasoline,MV
25270,31655,165.0,MV Agusta 1000 S,Gasoline,MV
2197,2732,165.0,Triumph Rocket TFC,Gasoline,Triumph
26,33,165.0,BMW S 1000 XR,Gasoline,BMW
161,201,165.0,BMW S 1000 R,Gasoline,BMW
21344,26643,163.0,GG Quadster,Gasoline,GG
550,684,163.0,Ducati 1198,Gasoline,Ducati
12624,15703,163.0,BMW K 1200 R,Gasoline,BMW
1034,1299,163.0,Benelli Tornado 1130,Gasoline,Benelli
688,868,160.0,Yamaha MT-10,Gasoline,Yamaha
1013,1270,160.0,BMW K 1600 B,Gasoline,BMW
2036,2534,160.0,BMW K 1600,Gasoline,BMW
680,857,160.0,BMW K 1300 GT,Gasoline,BMW
41,54,160.0,Ducati XDiavel,Gasoline,Ducati
6437,7992,160.0,Yamaha FZ-10,Gasoline,Yamaha
6591,8195,160.0,Kawasaki ZZR 1100,Gasoline,Kawasaki
380,468,160.0,Harley-Davidson Dyna Street Bob,Gasoline,Harley-Davidson
9222,11487,160.0,Cagiva,Two Stroke Gasoline,Cagiva
5926,7364,160.0,Bimota DB 7,Gasoline,Bimota
274,328,160.0,KTM 1290 Super Adventure,Gasoline,KTM
1605,2007,160.0,Polaris RZR 900,Gasoline,Polaris
25285,31674,158.0,Ducati 1260 R,Gasoline,Ducati
248,301,158.0,Ducati Multistrada 1260,Gasoline,Ducati
17566,21904,158.0,MV Agusta 850,Others,MV
3746,4672,156.0,Bimota SB 6,Gasoline,Bimota
3781,4714,156.0,Benelli Tornado,Gasoline,Benelli
5651,7014,156.0,Honda CBR 1100,Gasoline,Honda
490,609,155.0,Ducati,Gasoline,Ducati
5945,7388,155.0,Kawasaki Concours,Gasoline,Kawasaki
1956,2436,155.0,Brixton BX 125,Gasoline,Brixton
2704,3351,154.0,Kawasaki GTR 1400,Gasoline,Kawasaki
9821,12218,152.0,BMW K 1200 GT,Gasoline,BMW
24,30,152.0,Ducati Multistrada 1200,Gasoline,Ducati
12996,16164,152.0,Harley-Davidson Pan America,Gasoline,Harley-Davidson
89,113,152.0,Ducati Diavel,Gasoline,Ducati
9596,11944,151.0,Honda Hornet,Diesel,Honda
902,1135,151.0,Vespa,Gasoline,Vespa
237,285,150.0,Suzuki GSX-R 1100,Gasoline,Suzuki
7074,8786,150.0,Benelli Tornado LE 900,Gasoline,Benelli
13662,16971,150.0,Vespa Rosa Chic 4T SE,Gasoline,Vespa
6641,8256,150.0,BMW HP2 Enduro,Gasoline,BMW
70,92,150.0,KTM 1190 Adventure,Gasoline,KTM
1293,1619,150.0,Ducati 999,Gasoline,Ducati
2077,2584,150.0,Ducati 959 Panigale,Gasoline,Ducati
7735,9613,150.0,Yamaha FZR 1000,Gasoline,Yamaha
618,772,150.0,Big Dog Ridgeback,Gasoline,Big
1181,1487,150.0,Suzuki GSX-R 750,Gasoline,Suzuki
323,398,150.0,Suzuki Katana 1000,Gasoline,Suzuki
1675,2089,150.0,Yamaha FZ 1,Gasoline,Yamaha
4981,6201,150.0,Honda CBR 900,Gasoline,Honda
282,341,150.0,Kawasaki Z1000 SX,Gasoline,Kawasaki
1358,1697,150.0,Trike BOOM TRIKE,Gasoline,Trike
2746,3410,148.0,MV Agusta Superveloce 800,Gasoline,MV
2518,3110,148.0,Triumph Rocket X,Gasoline,Triumph
1203,1515,148.0,Buell 1125 CR,Gasoline,Buell
1027,1291,148.0,Ducati Streetfighter,Gasoline,Ducati
3023,3761,148.0,Fiat Ducato,Diesel,Fiat
6707,8335,148.0,Buell 1125 R,Gasoline,Buell
1040,1306,147.0,Yamaha XJR 1300,Gasoline,Yamaha
1010,1267,147.0,BMW K 1300,Gasoline,BMW
5871,7294,147.0,MV Agusta Brutale 1078,Gasoline,MV
7136,8867,147.0,Triumph Daytona 955i,Gasoline,Triumph
5961,7412,145.0,Honda CB 100,Gasoline,Honda
6259,7779,145.0,Yamaha YZF 1000,Gasoline,Yamaha
3027,3765,145.0,Energica Ego,Electric,Energica
33,40,145.0,Kawasaki Z 1000,Gasoline,Kawasaki
397,490,145.0,Suzuki GSX-S 1000,Gasoline,Suzuki
257,311,145.0,Honda CB 1000,Gasoline,Honda
453,562,145.0,Yamaha FJR 1300,Gasoline,Yamaha
1617,2020,144.0,MV Agusta Brutale 1090,Gasoline,MV
5456,6789,144.0,MV Agusta Brutale,Gasoline,MV
15963,19863,144.0,Benelli Tornado RS 900,Gasoline,Benelli
2769,3439,144.0,Polaris RZR 1000,Gasoline,Polaris
5442,6770,143.0,Aprilia RSV 1000 R,Gasoline,Aprilia
1861,2324,141.0,Kawasaki Ninja 1000SX,Gasoline,Kawasaki
551,687,141.0,Triumph Tiger 1200,Gasoline,Triumph
15886,19762,141.0,MV Agusta Brutale 989,Gasoline,MV
18040,22505,140.0,Triumph Rocket III Classic,Gasoline,Triumph
2622,3238,140.0,Moto Morini Corsaro 1200,Gasoline,Moto
66,87,140.0,Ducati 899 Panigale,Gasoline,Ducati
17530,21854,140.0,Boom Trike Fighter,Gasoline,Boom
484,601,140.0,Triumph Tiger Explorer,Gasoline,Triumph
2206,2743,140.0,MV Agusta Brutale 990,Gasoline,MV
262,316,140.0,Triumph Rocket III Roadster,Gasoline,Triumph
123,156,140.0,MV Agusta Dragster,Gasoline,MV
7225,8981,139.0,Aprilia RSV 1000 Tuono R,Gasoline,Aprilia
659,831,139.0,Honda VTR 1000,Gasoline,Honda
109,140,137.0,Ducati Monster 1200,Gasoline,Ducati
790,992,137.0,Benelli TNT 1130 Cafe Racer,Gasoline,Benelli
9927,12355,137.0,Kawasaki ZX 500,Gasoline,Kawasaki
305,371,136.0,BMW R 1250 R,Gasoline,BMW
14823,18453,136.0,Kawasaki ZXR 750,Gasoline,Kawasaki
3389,4226,136.0,BMW K 100 RS,Gasoline,BMW
7473,9287,136.0,Ducati 998,Gasoline,Ducati
68,89,136.0,BMW R 1250 RS,Gasoline,BMW
149,185,136.0,Can Am Maverick,Gasoline,Can
16078,20020,136.0,Suzuki RMZ 450,Gasoline,Suzuki
4159,5178,135.0,Harley-Davidson Knucklehead,Gasoline,Harley-Davidson
3154,3915,135.0,Triumph Trophy,Gasoline,Triumph
8279,10303,133.0,BMW HP2 Sport,Gasoline,BMW
10665,13282,133.0,BMW HP2,Gasoline,BMW
10812,13459,132.0,Moto Guzzi Daytona RS,Gasoline,Moto
15200,18929,132.0,Mondial Piega,Gasoline,Mondial
2362,2921,131.0,Triumph Speed Triple R,Gasoline,Triumph
22,28,131.0,Triumph Speed Triple 1050,Gasoline,Triumph
4071,5069,131.0,MV Agusta Brutale 920,Gasoline,MV
193,237,131.0,Kawasaki 900 Z,Gasoline,Kawasaki
6748,8386,131.0,Yamaha TDM 900,Gasoline,Yamaha
3349,4180,131.0,BMW K 1200,Gasoline,BMW
366,453,131.0,Honda VTX 1800,Gasoline,Honda
4475,5571,131.0,Ducati Monster S4R,Gasoline,Ducati
112,144,131.0,BMW R 1250 RT,Gasoline,BMW
60,79,129.0,Honda Crosstourer,Gasoline,Honda
279,335,129.0,Triumph Daytona 675,Gasoline,Triumph
895,1127,129.0,MV Agusta F3,Gasoline,MV
384,474,129.0,Honda VFR 1200,Gasoline,Honda
19654,24518,129.0,Honda GL 500,Gasoline,Honda
277,332,129.0,MV Agusta F4 750,Gasoline,MV
3932,4900,129.0,KTM 1050 Adventure,Gasoline,KTM
22307,27872,129.0,Benelli TNT R 160,Gasoline,Benelli
3,4,128.0,Kawasaki Ninja ZX-6R,Gasoline,Kawasaki
2451,3027,128.0,Moto Guzzi MGS-01,Gasoline,Moto
6333,7865,126.0,Honda Pan European,Gasoline,Honda
3585,4467,126.0,Triumph Tiger Sport,Gasoline,Triumph
533,664,126.0,Ducati 996,Gasoline,Ducati
10,11,126.0,Indian FTR 1200,Gasoline,Indian
23506,29412,126.0,MV Agusta Brutale 750,Gasoline,MV
3072,3816,126.0,Honda ST 1300,Gasoline,Honda
1879,2343,126.0,Triumph Sprint ST,Gasoline,Triumph
62,82,125.0,BMW R 1200 GS,Gasoline,BMW
97,123,125.0,Kawasaki Z 900,Gasoline,Kawasaki
63,83,125.0,Suzuki Intruder M,Gasoline,Suzuki
27189,34077,125.0,Jianshe,Gasoline,Jianshe
50,65,125.0,BMW R 1200 RT,Gasoline,BMW
324,399,125.0,BMW R 1200 RS,Gasoline,BMW
13,14,125.0,Harley-Davidson Night Rod,Gasoline,Harley-Davidson
211,257,125.0,Aprilia Caponord 1200,Gasoline,Aprilia
200,244,125.0,MV Agusta Brutale 800,Gasoline,MV
1699,2118,125.0,Benelli Trek 1130,Gasoline,Benelli
16823,20977,125.0,Kawasaki J125,Gasoline,Kawasaki
736,924,125.0,KTM 1090 Adventure,Gasoline,KTM
16715,20829,125.0,Yamaha Majesty 125,Gasoline,Yamaha
7305,9077,125.0,Yamaha YFA 125,Gasoline,Yamaha
416,515,125.0,Harley-Davidson VRSC Night Rod,Gasoline,Harley-Davidson
1810,2260,125.0,MV Agusta,Gasoline,MV
290,349,125.0,BMW R 1200 GS LC,Gasoline,BMW
14784,18406,125.0,Kawasaki ZL 900,Gasoline,Kawasaki
3059,3801,125.0,MV Agusta Rivale 800,Gasoline,MV
189,233,125.0,BMW R 1200 R,Gasoline,BMW
10250,12751,125.0,Aprilia Sportcity ONE,Gasoline,Aprilia
19170,23910,125.0,KTM 125 RS,Gasoline,KTM
9988,12433,125.0,Honda Pantheon 125,Gasoline,Honda
134,170,125.0,BMW R 1250 GS,Gasoline,BMW
131,167,125.0,BMW R 1200 GS Adventure,Gasoline,BMW
1229,1546,125.0,SYM Allo,Gasoline,SYM
12887,16030,125.0,Kawasaki GPZ 1100,Gasoline,Kawasaki
20397,25446,125.0,Efun Pusa,Electric,Efun
6096,7572,125.0,Vespa Primavera 125,Gasoline,Vespa
24115,30177,125.0,Kawasaki KLX 125,Gasoline,Kawasaki
621,776,125.0,Ducati 848,Gasoline,Ducati
1469,1839,125.0,KTM 990 Super Duke,Gasoline,KTM
4973,6192,125.0,Fantic Trial 125,Gasoline,Fantic
148,184,125.0,Suzuki VZR 1800,Gasoline,Suzuki
74,96,125.0,Suzuki GSX-R 600,Gasoline,Suzuki
92,118,125.0,Lambretta,Gasoline,Lambretta
23475,29369,125.0,CSR,Gasoline,CSR
593,741,125.0,Suzuki M 1800 R,Gasoline,Suzuki
16471,20532,125.0,SYM X-Pro,Gasoline,SYM
16507,20577,125.0,KTM 950 Duke,Gasoline,KTM
1096,1380,124.0,Suzuki Address,Gasoline,Suzuki
2271,2816,124.0,Piaggio GTS 125,Gasoline,Piaggio
319,389,124.0,Yamaha YZF-R6,Gasoline,Yamaha
2925,3636,122.0,Indian,Gasoline,Indian
986,1235,122.0,Suzuki Burgman 125,Gasoline,Suzuki
275,329,122.0,Peugeot Speedfight,Gasoline,Peugeot
9658,12015,122.0,BMW R 1200 S,Gasoline,BMW
12551,15612,122.0,Kawasaki ZRX 1200,Gasoline,Kawasaki
136,172,121.0,Harley-Davidson VRSC V-Rod,Gasoline,Harley-Davidson
5305,6594,121.0,KTM 890 Duke,Gasoline,KTM
27137,34009,120.0,Big Dog Mastiff,Gasoline,Big
4513,5619,120.0,Big Dog K-9,Gasoline,Big
427,530,120.0,Kawasaki Z 800,Gasoline,Kawasaki
1990,2474,120.0,Hyosung Aquila 125,Two Stroke Gasoline,Hyosung
4120,5127,120.0,Honda NRX 1800,Gasoline,Honda
150,186,120.0,Kawasaki Versys 1000,Gasoline,Kawasaki
2388,2949,120.0,Honda CBR 600,Gasoline,Honda
428,531,118.0,Kawasaki,Gasoline,Kawasaki
17560,21895,118.0,Moto Morini Scrambler 1200,Gasoline,Moto
176,219,118.0,Honda GL 1800,Gasoline,Honda
20491,25568,118.0,Aprilia SL 1000,Gasoline,Aprilia
234,282,118.0,Honda Gold Wing,Gasoline,Honda
853,1076,118.0,Rewaco RF1,Gasoline,Rewaco
2840,3532,118.0,Triumph Street Triple 765,Gasoline,Triumph
18825,23479,118.0,Moto Morini Granpasso 1200,Gasoline,Moto
29,36,117.0,Harley-Davidson V-Rod,Gasoline,Harley-Davidson
1998,2483,116.0,MV Agusta Stradale 800,Gasoline,MV
1241,1559,116.0,KTM 890 Adventure,Gasoline,KTM
4879,6071,116.0,KTM 950 Supermoto,Gasoline,KTM
2913,3620,116.0,Boom Trike Mustang,Gasoline,Boom
1533,1917,116.0,KTM 990 Adventure,Gasoline,KTM
182,225,116.0,Yamaha XSR 900,Gasoline,Yamaha
371,458,116.0,Yamaha Niken,Gasoline,Yamaha
11743,14615,116.0,Saxon Warlord,Gasoline,Saxon
155,193,116.0,Triumph Tiger 1050,Gasoline,Triumph
5212,6483,116.0,Yamaha FJ-09,Gasoline,Yamaha
1558,1951,114.0,Can Am Spyder F3-S,Gasoline,Can
145,181,114.0,Suzuki GSX-S 750,Gasoline,Suzuki
18105,22587,114.0,Yamaha SR 250,Gasoline,Yamaha
2172,2702,114.0,Suzuki VLR 1800,Gasoline,Suzuki
95,121,114.0,Yamaha Tracer 900,Gasoline,Yamaha
213,259,114.0,Ducati Hypermotard 950,Gasoline,Ducati
10496,13072,114.0,Yamaha FZ-09,Gasoline,Yamaha
2933,3646,114.0,Honda CB 1300,Gasoline,Honda
5788,7183,113.0,BMW HP 2 Megamoto,Gasoline,BMW
723,908,113.0,BMW,Gasoline,BMW
11553,14375,113.0,MZ 1000 SF,Gasoline,MZ
423,523,113.0,Ducati Multistrada 950,Gasoline,Ducati
13289,16519,113.0,Can Am Spyder ST Limited,Gasoline,Can
1127,1417,111.0,Ducati SuperSport,Gasoline,Ducati
4177,5199,111.0,Yamaha YXZ 1000,Gasoline,Yamaha
19816,24718,110.0,Yamaha Super Venture 1200,Gasoline,Yamaha
36,46,110.0,Zero,Electric,Zero
12805,15931,110.0,Boom Trike Mustang Family,Gasoline,Boom
5294,6581,110.0,BMW R 1200 ST,Gasoline,BMW
253,307,110.0,Yamaha XTZ 1200,Gasoline,Yamaha
14,15,110.0,Ducati Hypermotard 939,Gasoline,Ducati
1909,2379,110.0,Zero Zero SR,Electric,Zero
4548,5658,110.0,BMW R 1200 R Classic,Gasoline,BMW
1067,1342,110.0,Ducati Hyperstrada,Gasoline,Ducati
105,134,110.0,Ducati Hypermotard 821,Gasoline,Ducati
12518,15574,110.0,Aprilia RSV Mille,Gasoline,Aprilia
2076,2583,110.0,Moto Guzzi Griso 1200,Gasoline,Moto
3864,4819,110.0,Opel,Diesel,Opel
30,37,110.0,MV Agusta Brutale 675,Gasoline,MV
15,16,110.0,BMW R nineT,Gasoline,BMW
37,47,109.0,Bimota 500 V,Gasoline,Bimota
10770,13407,109.0,Triumph TT 600,Gasoline,Triumph
620,774,109.0,Harley-Davidson Custom Bike,Gasoline,Harley-Davidson
501,621,109.0,Ducati Monster 821,Gasoline,Ducati
19994,24948,109.0,Energica Eva,Electric,Energica
1365,1706,107.0,Harley-Davidson CVO Limited,Gasoline,Harley-Davidson
271,325,107.0,BMW K 1600 GT,Gasoline,BMW
3325,4145,107.0,Suzuki V-Strom 1050,Gasoline,Suzuki
503,627,107.0,Honda CBF 1000,Gasoline,Honda
5624,6983,107.0,Big Dog Pitbull,Gasoline,Big
6071,7545,107.0,Victory Hammer S 106,Gasoline,Victory
1043,1310,106.0,Yamaha FZ 8,Gasoline,Yamaha
1840,2299,106.0,Honda Crossrunner,Gasoline,Honda
2707,3354,106.0,Honda VFR,Gasoline,Honda
180,223,106.0,Triumph Rocket III Touring,Gasoline,Triumph
18819,23473,106.0,Kawasaki ZZR 600,Gasoline,Kawasaki
446,553,106.0,Triumph Street Triple R,Gasoline,Triumph
455,564,106.0,Suzuki GSR 750,Gasoline,Suzuki
2474,3060,106.0,Triumph Street Triple 675,Gasoline,Triumph
1551,1941,106.0,Benelli TNT 1130,Gasoline,Benelli
129,164,106.0,Yamaha XT 1200,Gasoline,Yamaha
1838,2297,106.0,Moto Guzzi 1200 Sport,Gasoline,Moto
2945,3660,106.0,Triumph Street Triple RX,Gasoline,Triumph
14080,17512,105.0,Kawasaki ZX 600,Gasoline,Kawasaki
8778,10920,105.0,Honda CBX 1000,Gasoline,Honda
4792,5964,105.0,Husqvarna Nuda 900,Gasoline,Husqvarna
733,920,105.0,Kawasaki VN 2000,Gasoline,Kawasaki
370,457,105.0,BMW R 1200,Gasoline,BMW
6,7,105.0,Yamaha MT-09,Gasoline,Yamaha
27030,33876,105.0,Buell Firebolt XB,Gasoline,Buell
13671,16981,105.0,Moto Guzzi 1000 Daytona,Gasoline,Moto
2242,2781,105.0,Moto Guzzi Stelvio 1200,Gasoline,Moto
13714,17045,105.0,Rewaco CT 1800 S,Gasoline,Rewaco
6924,8596,105.0,Kawasaki ZR 750,Gasoline,Kawasaki
1016,1276,105.0,GG Quad,Gasoline,GG
4675,5815,105.0,Honda VFR 800,Gasoline,Honda
1148,1446,103.0,Ducati 749,Gasoline,Ducati
11394,14172,103.0,Ducati ST 4,Gasoline,Ducati
513,638,102.0,Brough Superior,Gasoline,Brough
8018,9972,102.0,Brough Superior SS 100,Gasoline,Brough
119,152,102.0,Honda CRF 1100,Gasoline,Honda
12189,15164,102.0,Honda CB 600,Gasoline,Honda
10317,12836,102.0,Victory Jackpot Ness,Gasoline,Victory
776,975,102.0,Indian Scout,Gasoline,Indian
32,39,102.0,Honda CRF 100,Gasoline,Honda
2200,2736,102.0,Can Am Spyder RT,Gasoline,Can
3534,4403,101.0,Boom Trike Low Rider,Gasoline,Boom
8253,10273,101.0,BMW K 1100,Gasoline,BMW
4826,6006,101.0,BMW K 100 LT,Gasoline,BMW
8278,10302,101.0,Trike TRIKEtec,Gasoline,Trike
5600,6956,101.0,Bimota YB 10,Gasoline,Bimota
3685,4593,101.0,Suzuki SV 1000,Gasoline,Suzuki
543,676,101.0,Polaris General,Gasoline,Polaris
8939,11126,101.0,Suzuki GSX 1100,Gasoline,Suzuki
21906,27360,101.0,Victory Vegas 8-Ball,Gasoline,Victory
4034,5025,101.0,BMW K 100,Gasoline,BMW
2952,3668,101.0,BMW K 1,Gasoline,BMW
2965,3688,101.0,Opel Motoclub 500,Gasoline,Opel
2233,2772,101.0,Victory 8-Ball,Gasoline,Victory
3065,3808,101.0,Kawasaki Z 1300,Gasoline,Kawasaki
209,253,101.0,Ducati Panigale V4,Gasoline,Ducati
90,116,101.0,BMW F 850 GS,Gasoline,BMW
9925,12349,99.0,MV Agusta 800,Gasoline,MV
2722,3375,98.0,Triumph Thunderbird Storm,Gasoline,Triumph
13741,17081,98.0,Yamaha FJ 1200,Gasoline,Yamaha
6555,8152,98.0,Suzuki Bandit 1250,Gasoline,Suzuki
2223,2761,98.0,Suzuki GSX 1250,Gasoline,Suzuki
13202,16416,98.0,Triumph Thunderbird Nightstorm,Gasoline,Triumph
1414,1769,98.0,Ducati 888,Gasoline,Ducati
7567,9403,98.0,Yamaha FZ 6,Gasoline,Yamaha
9525,11861,98.0,Honda VFR 750,Gasoline,Honda
18429,22991,98.0,Suzuki RF 600,Gasoline,Suzuki
857,1081,98.0,Honda GL 1500,Gasoline,Honda
10837,13490,98.0,Ducati 748,Gasoline,Ducati
268,322,98.0,Honda F 6 C,Gasoline,Honda
730,917,98.0,Yamaha YZF 750,Gasoline,Yamaha
7011,8706,98.0,KTM 950 Super Enduro R,Gasoline,KTM
22905,28630,98.0,BMW K 1100 LT,Gasoline,BMW
949,1192,98.0,Ducati 916,Gasoline,Ducati
2485,3072,98.0,Yamaha YZF-R7,Gasoline,Yamaha
23067,28845,98.0,Triumph Daytona 900,Gasoline,Triumph
3098,3847,98.0,BMW R 1100 S Boxercup Replika,Gasoline,BMW
2340,2894,98.0,Kawasaki Z 750,Gasoline,Kawasaki
20476,25550,98.0,Suzuki TL 1000,Gasoline,Suzuki
671,846,98.0,Harley-Davidson Street Glide,Gasoline,Harley-Davidson
1945,2425,98.0,Triumph Thruxton,Gasoline,Triumph
3776,4707,98.0,Suzuki GSR 600,Gasoline,Suzuki
12173,15142,98.0,Kawasaki ZRX 1100,Gasoline,Kawasaki
5667,7030,98.0,Suzuki RF 900,Gasoline,Suzuki
1594,1992,98.0,BMW R 1100 S,Gasoline,BMW
5217,6488,98.0,BMW K 1200 RS,Gasoline,BMW
7313,9085,97.0,Victory Hammer S,Gasoline,Victory
1095,1378,97.0,Can Am Spyder RS,Gasoline,Can
5665,7028,97.0,Can Am Spyder ST-S,Gasoline,Can
905,1140,97.0,Moto Guzzi Eldorado,Gasoline,Moto
6001,7460,97.0,Moto Guzzi Audace,Gasoline,Moto
4627,5762,97.0,Yamaha XJR 1200,Gasoline,Yamaha
4411,5493,97.0,Victory Cross Roads,Gasoline,Victory
15559,19359,97.0,Moto Guzzi MGX-21,Gasoline,Moto
1821,2273,97.0,Moto Guzzi California 1400,Gasoline,Moto
21261,26545,97.0,Victory Cross Country,Gasoline,Victory
1085,1367,97.0,Aprilia Dorsoduro,Gasoline,Aprilia
2922,3632,97.0,Triumph Speed Twin,Gasoline,Triumph
7262,9027,95.0,Moto Guzzi 1100 Sport,Gasoline,Moto
27061,33915,95.0,Triumph Tiger 855i,Gasoline,Triumph
12232,15224,95.0,Buell M 2,Gasoline,Buell
1190,1496,95.0,Ducati Hypermotard 1100,Gasoline,Ducati
2016,2508,95.0,Aprilia RS 660,Gasoline,Aprilia
2607,3219,95.0,Triumph Tiger 900,Others,Triumph
1295,1621,95.0,Victory Kingpin 8-Ball,Gasoline,Victory
2618,3232,95.0,BMW R 1150 GS Adventure,Gasoline,BMW
114,146,95.0,BMW F 800 GS,Gasoline,BMW
560,698,95.0,Yamaha MT-01,Gasoline,Yamaha
44,58,95.0,Triumph Tiger 800,Gasoline,Triumph
8684,10795,95.0,Ducati Monster 696,Gasoline,Ducati
4895,6093,95.0,Victory Hammer,Gasoline,Victory
667,840,95.0,Ducati 1000 Sport,Gasoline,Ducati
2349,2905,95.0,Victory Hammer 8-Ball,Gasoline,Victory
2431,3002,95.0,Ducati 851,Gasoline,Ducati
387,477,95.0,Honda CBR 650,Gasoline,Honda
6272,7793,95.0,BMW R 1150 RS,Gasoline,BMW
481,597,95.0,Buell XB 12,Gasoline,Buell
229,277,95.0,Victory Vision Tour,Gasoline,Victory
4417,5501,95.0,Aprilia Shiver 750,Gasoline,Aprilia
313,380,95.0,KTM 790 Duke,Gasoline,KTM
1662,2074,95.0,Doohan iTank,Electric,Doohan
1793,2235,95.0,Moto Guzzi V 11,Gasoline,Moto
8380,10429,95.0,Victory Vegas,Gasoline,Victory
67,88,95.0,Ducati Monster 1100,Gasoline,Ducati
82,105,95.0,Victory High-Ball,Gasoline,Victory
13361,16604,95.0,Yamaha FZS 600,Gasoline,Yamaha
87,110,95.0,Honda CRF 1000,Gasoline,Honda
1137,1430,95.0,Aprilia Shiver 900,Gasoline,Aprilia
630,787,95.0,KTM 790 Adventure,Gasoline,KTM
18966,23657,95.0,Indian Custom,Gasoline,Indian
4453,5547,94.0,Triumph Thunderbird LT,Gasoline,Triumph
5967,7420,94.0,Honda GL 1200,Gasoline,Honda
2014,2506,94.0,Honda Varadero,Gasoline,Honda
2535,3128,94.0,Honda XL 1000,Gasoline,Honda
684,861,94.0,Harley-Davidson CVO Breakout,Gasoline,Harley-Davidson
1975,2458,94.0,Triumph Thunderbird Commander,Gasoline,Triumph
3511,4375,92.0,Moto Guzzi Norge 1200,Gasoline,Moto
1328,1661,92.0,Kawasaki Zephyr 1100,Gasoline,Kawasaki
2220,2758,92.0,Ducati Paul Smart 1000,Gasoline,Ducati
1256,1576,92.0,Indian Roadmaster,Gasoline,Indian
976,1224,92.0,Indian Springfield,Gasoline,Indian
7196,8941,92.0,Harley-Davidson CVO Pro Street,Gasoline,Harley-Davidson
642,806,91.0,Harley-Davidson XR 1200,Gasoline,Harley-Davidson
1132,1423,91.0,Can Am Outlander,Gasoline,Can
1099,1385,91.0,Harley-Davidson FXDR 114,Gasoline,Harley-Davidson
2369,2928,91.0,BMW R 1,Gasoline,BMW
298,362,91.0,Honda CB 650,Gasoline,Honda
7045,8747,91.0,BMW R18 Classic,Gasoline,BMW
780,980,91.0,BMW R18,Gasoline,BMW
837,1059,91.0,Harley-Davidson Sportster XR 1200,Gasoline,Harley-Davidson
2675,3305,90.0,Ducati Hypermotard 796,Gasoline,Ducati
1424,1781,90.0,Harley-Davidson Road Glide,Gasoline,Harley-Davidson
1,1,90.0,BMW F 800 GT,Gasoline,BMW
19017,23713,90.0,Harley-Davidson VRSC Street Rod,Gasoline,Harley-Davidson
576,717,90.0,Bimota YB 9,Gasoline,Bimota
10242,12742,90.0,BMW R 1100 RT,Gasoline,BMW
14571,18129,90.0,Confederate,Gasoline,Confederate
2209,2746,90.0,Harley-Davidson Dyna Low Rider,Gasoline,Harley-Davidson
15243,18979,90.0,Buell S 2,Gasoline,Buell
1608,2010,90.0,Yamaha SCR 950,Gasoline,Yamaha
565,705,90.0,Honda CB 1100,Gasoline,Honda
7478,9295,90.0,Victory Kingpin,Gasoline,Victory
16348,20380,90.0,Yamaha Star Venture,Gasoline,Yamaha
508,632,90.0,Yamaha XV 1900,Gasoline,Yamaha
7889,9808,90.0,Yamaha XJ 900,Gasoline,Yamaha
5774,7167,90.0,Bimota Tesi 3/D,Gasoline,Bimota
7452,9258,90.0,BMW K 100 RT,Gasoline,BMW
1505,1884,90.0,BMW R 1100 RS,Gasoline,BMW
8405,10462,88.0,Buell,Gasoline,Buell
24485,30650,88.0,Bimota SB 3,Gasoline,Bimota
294,356,88.0,Harley-Davidson Street Rod,Gasoline,Harley-Davidson
6858,8516,88.0,Buell XB 9,Gasoline,Buell
11089,13796,88.0,Victory Vegas Highball,Gasoline,Victory
10065,12526,88.0,Harley-Davidson Freewheeler,Gasoline,Harley-Davidson
14639,18217,88.0,Can Am Rally,Gasoline,Can
4303,5353,88.0,Buell X1,Gasoline,Buell
7030,8730,88.0,Victory Jackpot,Gasoline,Victory
10472,13038,88.0,Yamaha RD 500,Gasoline,Yamaha
6000,7459,88.0,Victory Magnum,Gasoline,Victory
4782,5948,88.0,Victory Cross Country Tour,Gasoline,Victory
6152,7646,88.0,Victory Judge,Gasoline,Victory
402,497,88.0,Victory Boardwalk,Gasoline,Victory
7418,9216,88.0,Triumph TR 6,Gasoline,Triumph
4059,5054,88.0,KTM 990 Supermoto,Gasoline,KTM
547,680,88.0,Harley-Davidson Dyna Wide Glide,Gasoline,Harley-Davidson
5031,6257,88.0,Victory Gunner,Gasoline,Victory
8355,10396,88.0,Honda VF 1000,Gasoline,Honda
18003,22462,88.0,Benelli 900 Sei,Gasoline,Benelli
5468,6803,88.0,Moto Guzzi Griso 1100,Gasoline,Moto
2002,2489,88.0,Honda VF 750,Gasoline,Honda
20987,26206,88.0,Buell S 1,Gasoline,Buell
2579,3178,87.0,Harley-Davidson Tri Glide,Gasoline,Harley-Davidson
9665,12024,87.0,Honda X 11,Gasoline,Honda
312,379,87.0,Harley-Davidson Electra Glide,Gasoline,Harley-Davidson
207,251,87.0,BMW F 800 R,Gasoline,BMW
2796,3476,87.0,Harley-Davidson Ultra Limited,Gasoline,Harley-Davidson
1037,1302,87.0,Harley-Davidson Softail Slim,Gasoline,Harley-Davidson
17057,21274,87.0,Honda RS 250,Gasoline,Honda
17403,21693,87.0,BMW R 1150,Gasoline,BMW
18432,22995,86.0,BMW R 1100 R,Gasoline,BMW
980,1229,86.0,BMW F 800 GS Adventure,Gasoline,BMW
2873,3572,86.0,TGB Blade 1000,Gasoline,TGB
1478,1851,86.0,BMW F 800 ST,Gasoline,BMW
19683,24557,86.0,Kawasaki GPX 600 R,Gasoline,Kawasaki
1578,1974,86.0,Moto Guzzi Le Mans,Gasoline,Moto
6822,8475,86.0,Moto Guzzi Breva 1100,Gasoline,Moto
1962,2444,86.0,BMW K 1200 LT,Gasoline,BMW
2067,2573,86.0,Suzuki GSX 750,Gasoline,Suzuki
9714,12088,86.0,Rewaco FX6,Gasoline,Rewaco
3140,3896,86.0,Kawasaki GPZ 750,Gasoline,Kawasaki
203,247,86.0,Yamaha XV 1700,Gasoline,Yamaha
139,175,84.0,Indian Chieftain,Gasoline,Indian
9,10,84.0,Harley-Davidson Sport Glide,Gasoline,Harley-Davidson
9642,11997,84.0,Ducati ST 2,Gasoline,Ducati
8626,10728,84.0,BMW R 1150 R Rockster,Gasoline,BMW
2956,3674,84.0,BMW R 90/6,Gasoline,BMW
1224,1540,84.0,BMW R 1150 R,Gasoline,BMW
11725,14595,84.0,BMW R 1150 GS,Gasoline,BMW
9816,12211,84.0,Ducati Monster 1000,Gasoline,Ducati
787,989,84.0,Harley-Davidson Ultra Classic,Gasoline,Harley-Davidson
5994,7452,84.0,Honda CTX 1300,Gasoline,Honda
6287,7811,84.0,Ducati 750 Sport,Gasoline,Ducati
326,401,83.0,Laverda 1000,Gasoline,Laverda
7903,9826,83.0,Laverda,Gasoline,Laverda
587,731,83.0,Can Am Renegade,Gasoline,Can
4600,5723,83.0,Ducati 1000 GT,Gasoline,Ducati
5223,6497,83.0,Polaris Sportsman 1000,Gasoline,Polaris
61,80,82.0,Ducati Monster 796,Gasoline,Ducati
16,17,82.0,Harley-Davidson Road King,Gasoline,Harley-Davidson
23230,29052,82.0,Bombardier Renegade,Gasoline,Bombardier
2762,3431,82.0,Ducati Monster 800,Gasoline,Ducati
1940,2418,82.0,Honda CB 900,Gasoline,Honda
16794,20936,82.0,Yamaha XJ 750,Gasoline,Yamaha
24650,30869,82.0,Aprilia RXV 550,Gasoline,Aprilia
10933,13603,82.0,Can Am Traxter,Gasoline,Can
11458,14255,82.0,Magni,Gasoline,Magni
3333,4159,82.0,NSU 601 OSL,Gasoline,NSU
2112,2630,82.0,Bombardier,Gasoline,Bombardier
21713,27109,82.0,Moto Guzzi 1000 Le Mans,Gasoline,Moto
383,473,82.0,Triumph Thunderbird Sport,Gasoline,Triumph
15919,19804,82.0,Ducati 450 Desmo,Gasoline,Ducati
7725,9603,82.0,Bimota KB 1,Gasoline,Bimota
230,278,82.0,Moto Guzzi 850 Le Mans,Gasoline,Moto
1143,1436,82.0,Can Am Ryker,Gasoline,Can
2871,3570,82.0,Magni Sfida 1000,Gasoline,Magni
19077,23787,80.0,Laverda 1200,Gasoline,Laverda
13680,16992,80.0,Honda GL 1000,Gasoline,Honda
891,1119,80.0,Moto Guzzi V 85,Others,Moto
3609,4496,80.0,BMW R 1100 GS,Gasoline,BMW
19549,24389,80.0,Yamaha TDM 850,Gasoline,Yamaha
4610,5735,80.0,Norton Dominator,Gasoline,Norton
13809,17167,80.0,Hyosung Comet 650,Gasoline,Hyosung
1776,2215,80.0,Triumph Trident 750,Gasoline,Triumph
19339,24123,80.0,Hyosung GT 650,Gasoline,Hyosung
2022,2515,80.0,CF Moto ZForce 1000,Gasoline,CF
4504,5610,79.0,Suzuki VL 1500,Gasoline,Suzuki
747,938,79.0,Harley-Davidson Dyna Fat Bob,Gasoline,Harley-Davidson
75,97,79.0,Arctic Cat 1000,Gasoline,Arctic
77,100,79.0,Harley-Davidson Fat Boy,Gasoline,Harley-Davidson
128,163,79.0,Harley-Davidson Fat Bob,Gasoline,Harley-Davidson
1616,2019,77.0,Triumph Speedmaster,Gasoline,Triumph
13689,17002,77.0,SMC,Gasoline,SMC
2015,2507,77.0,Kawasaki 900 Z1,Gasoline,Kawasaki
7015,8712,77.0,Suzuki Bandit 650,Gasoline,Suzuki
1795,2238,77.0,Ducati Monster 900,Gasoline,Ducati
1796,2239,77.0,Suzuki Bandit 600,Gasoline,Suzuki
8307,10338,77.0,Kawasaki Z 1,Gasoline,Kawasaki
2616,3229,77.0,Indian Chief,Gasoline,Indian
88,112,77.0,Honda CBF 600,Others,Honda
201,245,77.0,Hyosung GT 650i,Gasoline,Hyosung
376,464,77.0,Triumph Bonneville Bobber,Gasoline,Triumph
25319,31720,77.0,Rewaco,Gasoline,Rewaco
11786,14663,77.0,Yamaha XJ 6,Gasoline,Yamaha
179,222,76.0,BMW F 750 GS,Gasoline,BMW
1715,2138,76.0,Aprilia SRV 850,Gasoline,Aprilia
1584,1980,76.0,Harley-Davidson Super Glide,Gasoline,Harley-Davidson
1573,1969,76.0,Suzuki SV 650,Gasoline,Suzuki
482,599,76.0,KTM 300 EXC,Two Stroke Gasoline,KTM
26890,33704,76.0,MV Agusta 750 S,Gasoline,MV
2449,3024,76.0,Benelli 752 S,Gasoline,Benelli
14848,18486,76.0,Ducati 1000 SS,Gasoline,Ducati
3330,4154,76.0,Aprilia Mana 850,Gasoline,Aprilia
27219,34114,76.0,Kawasaki KZ 750,Gasoline,Kawasaki
59,78,76.0,Harley-Davidson Dyna Super Glide,Gasoline,Harley-Davidson
2755,3422,76.0,Harley-Davidson Dyna Switchback,Gasoline,Harley-Davidson
22525,28146,75.0,Piaggio Beverly 200,Gasoline,Piaggio
10686,13306,75.0,BMW K 75,Gasoline,BMW
341,423,75.0,BMW F 700 GS,Gasoline,BMW
6010,7470,75.0,Husqvarna,Gasoline,Husqvarna
3207,3993,75.0,Husqvarna Svartpilen,Gasoline,Husqvarna
1506,1885,75.0,Honda Aeon Cobra,Diesel,Honda
6348,7884,75.0,MBK Skycruiser,Gasoline,MBK
1807,2253,75.0,Moto Guzzi Bellagio,Gasoline,Moto
6939,8616,75.0,Aprilia Atlantic 125,Electric,Aprilia
1790,2231,75.0,KTM,Gasoline,KTM
982,1231,75.0,Husqvarna 701 Enduro,Gasoline,Husqvarna
654,826,75.0,Husqvarna Vitpilen,Gasoline,Husqvarna
4221,5255,75.0,Ducati 750 F1,Gasoline,Ducati
5527,6866,75.0,BMW F 700,Gasoline,BMW
1443,1808,75.0,Husqvarna 701 Supermoto,Gasoline,Husqvarna
15656,19481,75.0,Ducati MH 900 e,Gasoline,Ducati
462,577,75.0,KTM 690 Duke,Gasoline,KTM
48,63,75.0,Harley-Davidson,Gasoline,Harley-Davidson
20879,26066,75.0,Benelli 750 Sei,Gasoline,Benelli
740,931,75.0,KTM 690 SMC,Gasoline,KTM
807,1018,75.0,KTM 690 Supermoto,Gasoline,KTM
11362,14134,75.0,Hyosung Aquila 650,Gasoline,Hyosung
5679,7045,75.0,CF Moto CForce 1000,Gasoline,CF
2389,2950,75.0,Kawasaki GPZ 600,Gasoline,Kawasaki
2865,3563,75.0,BMW K 75 S,Gasoline,BMW
3103,3853,75.0,Moto Guzzi 850 T,Gasoline,Moto
2951,3667,73.0,Moto Guzzi California 1100,Gasoline,Moto
132,168,73.0,Kawasaki VN 1700,Gasoline,Kawasaki
540,673,73.0,Yamaha Tracer 700,Gasoline,Yamaha
99,125,73.0,Harley-Davidson Rocker C,Gasoline,Harley-Davidson
1360,1700,73.0,Cagiva Elefant 900,Gasoline,Cagiva
869,1093,73.0,Yamaha XT 700,Gasoline,Yamaha
6358,7896,73.0,Kawasaki Vulcan 1700,Gasoline,Kawasaki
655,827,73.0,Ducati Monster 797,Gasoline,Ducati
4280,5329,73.0,Victory Cross Country Cory Ness,Gasoline,Victory
715,899,73.0,Yamaha XVS 1300,Gasoline,Yamaha
1921,2393,73.0,Moto Guzzi California,Gasoline,Moto
1082,1364,73.0,Yamaha XVZ 1300,Gasoline,Yamaha
440,545,73.0,Harley-Davidson Deluxe,Gasoline,Harley-Davidson
3293,4098,72.0,Yamaha 550 Supermoto,Gasoline,Yamaha
25185,31545,72.0,Ducati 900 Hailwood,Gasoline,Ducati
544,677,72.0,BMW R 100 RS,Gasoline,BMW
2205,2742,72.0,Suzuki Gladius 650,Gasoline,Suzuki
11767,14639,72.0,Bombardier Outlander 800,Gasoline,Bombardier
8995,11198,72.0,Kawasaki ER - 6 F,Gasoline,Kawasaki
16345,20377,72.0,Arctic Cat 1000i GT 4x4,Gasoline,Arctic
23626,29558,72.0,Others AME,Gasoline,Others
818,1033,72.0,Honda MSX 125,Gasoline,Honda
4102,5105,72.0,Honda NS 400,Gasoline,Honda
766,961,71.0,Kawasaki 750 H2,Gasoline,Kawasaki
3187,3963,71.0,BMW R 850,Gasoline,BMW
31,38,71.0,Harley-Davidson Late Shovel,Gasoline,Harley-Davidson
5351,6661,71.0,Rewaco FX5,Gasoline,Rewaco
1138,1431,71.0,BMW R 850 R,Gasoline,BMW
338,417,71.0,Harley-Davidson Heritage Softail,Gasoline,Harley-Davidson
16099,20047,71.0,Arctic Cat 1000i XT,Gasoline,Arctic
1227,1543,71.0,BMW F 650 GS,Others,BMW
5,6,71.0,Suzuki V-Strom 650,Gasoline,Suzuki
17848,22273,71.0,BMW R 100 CS,Gasoline,BMW
17854,22280,71.0,Big Dog,Gasoline,Big
8043,10001,69.0,Gilera GP 800,Gasoline,Gilera
582,724,69.0,Ducati 900 MHR,Gasoline,Ducati
6469,8032,69.0,Polaris Sportsman 800,Gasoline,Polaris
1163,1468,69.0,Polaris Sportsman 850,Gasoline,Polaris
6024,7487,69.0,Yamaha Ténéré 700,Gasoline,Yamaha
8136,10115,69.0,Boom Trike Chopper,Gasoline,Boom
4680,5822,69.0,Bimota,Gasoline,Bimota
13259,16482,69.0,Triumph Legend TT,Gasoline,Triumph
151,187,69.0,Kawasaki Versys 650,Gasoline,Kawasaki
19422,24230,69.0,KTM 690 LC 4,Gasoline,KTM
27032,33878,69.0,BMW R 850 RT,Gasoline,BMW
39,49,69.0,Online,Gasoline,Online
71,93,68.0,Kawasaki Ninja 650,Gasoline,Kawasaki
5931,7370,68.0,Peugeot SC 50,Gasoline,Peugeot
22102,27612,68.0,KSR Moto Cruzer,Gasoline,KSR
5440,6766,68.0,Harley-Davidson Early Shovel,Gasoline,Harley-Davidson
20,25,68.0,Peugeot Metropolis,Gasoline,Peugeot
12167,15131,68.0,Yamaha YFM 350,Gasoline,Yamaha
2644,3265,68.0,Harley-Davidson Bad Boy,Electric/Gasoline,Harley-Davidson
5680,7046,68.0,Malaguti Phantom,Two Stroke Gasoline,Malaguti
1134,1427,68.0,BMW R 1200 C Independent,Gasoline,BMW
18208,22715,68.0,Piaggio Si,Others,Piaggio
202,246,68.0,Polini,Gasoline,Polini
11811,14692,68.0,BMW R 100 RT,Gasoline,BMW
11785,14662,68.0,BMW R 100 T,Gasoline,BMW
24021,30050,68.0,Stels ATV 850G,Gasoline,Stels
438,543,68.0,Kymco Super 9,Gasoline,Kymco
3625,4516,68.0,KSR Moto TR 50,Two Stroke Gasoline,KSR
26014,32603,68.0,Others A+M Trike,Gasoline,Others
10024,12478,68.0,Harley-Davidson AME ST 800,Gasoline,Harley-Davidson
331,406,68.0,Harley-Davidson 1200 Custom,Gasoline,Harley-Davidson
8186,10185,68.0,Aprilia SR Racing,Gasoline,Aprilia
16571,20656,68.0,Piaggio Ciao,Gasoline,Piaggio
681,858,68.0,SYM Fiddle 50,Gasoline,SYM
729,916,68.0,Znen S Znen-King,Gasoline,Znen
791,994,68.0,Triumph Bonneville SE,Gasoline,Triumph
7021,8720,68.0,Yamaha DT 125,Gasoline,Yamaha
21946,27412,68.0,Kymco People 50,Gasoline,Kymco
1902,2372,68.0,SYM Symply 50,Gasoline,SYM
1804,2249,68.0,Beta RR 480,Gasoline,Beta
4289,5338,68.0,Honda CR 500,Gasoline,Honda
14764,18378,68.0,Peugeot Elystar,Two Stroke Gasoline,Peugeot
11450,14247,68.0,Turbho RS 50,Gasoline,Turbho
10740,13371,68.0,KSR Moto,Gasoline,KSR
12700,15801,68.0,TGB Tapo 50,Gasoline,TGB
11633,14471,68.0,Znen Q Scooter,Others,Znen
9656,12013,68.0,Polaris Scrambler 1000,Gasoline,Polaris
9756,12138,68.0,MBK,Gasoline,MBK
1981,2465,68.0,Kawasaki Z 650,Gasoline,Kawasaki
216,262,67.0,Kawasaki VN 1500,Gasoline,Kawasaki
2390,2951,67.0,Kawasaki VN 1600,Gasoline,Kawasaki
104,133,67.0,Harley-Davidson Sportster Forty Eight,Gasoline,Harley-Davidson
13961,17367,67.0,Egli Honda,Gasoline,Egli
10463,13024,67.0,SYM C 50,Gasoline,SYM
11281,14034,67.0,Explorer Spin 50,Gasoline,Explorer
2361,2919,67.0,Honda VT 1100,Gasoline,Honda
578,720,67.0,Honda CB 750 four,Gasoline,Honda
7843,9747,67.0,Moto Guzzi California 1000,Gasoline,Moto
2651,3274,67.0,BMW R 45,Gasoline,BMW
76,99,67.0,Harley-Davidson Sportster 1200,Gasoline,Harley-Davidson
1817,2269,67.0,KTM 690 Enduro,Gasoline,KTM
16793,20934,67.0,BMW R 90,Gasoline,BMW
788,990,67.0,Zero Zero DSR,Electric,Zero
697,877,67.0,Vespa S 50,Gasoline,Vespa
308,374,67.0,Harley-Davidson Sportster,Gasoline,Harley-Davidson
1074,1353,67.0,Harley-Davidson Iron 1200,Gasoline,Harley-Davidson
9117,11352,67.0,MBK Ovetto,Two Stroke Gasoline,MBK
567,707,67.0,Harley-Davidson XL 1200,Gasoline,Harley-Davidson
3847,4793,67.0,Moto Guzzi Mille GT,Gasoline,Moto
1763,2199,67.0,BMW R 90 S,Gasoline,BMW
865,1089,67.0,Harley-Davidson Roadster,Gasoline,Harley-Davidson
6110,7588,67.0,Others Norelli,Gasoline,Others
395,488,67.0,Suzuki VS 1400,Gasoline,Suzuki
1331,1664,65.0,Ducati 900 SS,Gasoline,Ducati
11832,14721,65.0,Husqvarna FC 450,Gasoline,Husqvarna
14929,18586,65.0,Bombardier DS 650,Gasoline,Bombardier
54,71,65.0,Triumph Bonneville T100,Gasoline,Triumph
159,199,65.0,Peugeot,Gasoline,Peugeot
640,801,65.0,Triumph Street Scrambler,Gasoline,Triumph
1848,2309,65.0,CF Moto UForce 800,Gasoline,CF
690,870,65.0,Moto Guzzi V 9,Gasoline,Moto
5962,7413,65.0,KTM 450 SMR,Gasoline,KTM
2645,3268,65.0,Triumph Bonneville T214,Gasoline,Triumph
7041,8742,65.0,Harley-Davidson Trike,Gasoline,Harley-Davidson
521,650,65.0,CF Moto Tracker,Gasoline,CF
20025,24987,65.0,KTM 450 SX,Gasoline,KTM
5772,7165,65.0,Husqvarna FS 450,Gasoline,Husqvarna
18,20,64.0,Harley-Davidson Softail,Gasoline,Harley-Davidson
13881,17266,64.0,BMW R 80 ST,Gasoline,BMW
84,107,64.0,Moto Guzzi V 7,Gasoline,Moto
4932,6141,64.0,Honda CX 650,Gasoline,Honda
1033,1298,64.0,Harley-Davidson Night Train,Gasoline,Harley-Davidson
2298,2846,64.0,CF Moto CForce 850,Gasoline,CF
25048,31357,64.0,Arctic Cat,Gasoline,Arctic
6218,7723,64.0,BMW R 1150 RT,Gasoline,BMW
8731,10858,64.0,Laverda 668,Gasoline,Laverda
25574,32042,64.0,Harley-Davidson Deuce,Gasoline,Harley-Davidson
2909,3616,64.0,Honda CB 750,Gasoline,Honda
5078,6315,64.0,BMW K 1100 RS,Gasoline,BMW
1114,1403,64.0,Arctic Cat 700,Gasoline,Arctic
1760,2195,63.0,Ossa Explorer,Two Stroke Gasoline,Ossa
6972,8651,63.0,Suzuki GT 750,Two Stroke Gasoline,Suzuki
2120,2641,63.0,Can Am 800 Renegade,Gasoline,Can
343,425,63.0,Yamaha XV 1600,Gasoline,Yamaha
284,343,63.0,Quadix Buggy 1100,Gasoline,Quadix
17,19,61.0,BMW R 1200 C Montauk,Gasoline,BMW
21,27,61.0,Kawasaki Vulcan S,Gasoline,Kawasaki
2742,3404,61.0,KTM 525 XC,Gasoline,KTM
5067,6299,61.0,Ecomobile Standart - ECO,Electric,Ecomobile
20511,25595,61.0,Stels,Gasoline,Stels
23844,29830,61.0,CF Moto 650 NK,Gasoline,CF
1441,1806,61.0,Moto Guzzi V 1000,Gasoline,Moto
1172,1478,61.0,Laverda 750,Gasoline,Laverda
6084,7559,61.0,Husqvarna FC 250,Gasoline,Husqvarna
2569,3165,61.0,BMW R 1200 C,Gasoline,BMW
8603,10701,61.0,Moto Guzzi 1000 Convert,Gasoline,Moto
8555,10644,61.0,Benda Benson 50,Gasoline,Benda
3928,4896,61.0,Yamaha XVS 1100,Gasoline,Yamaha
4217,5249,61.0,Honda DN-01,Gasoline,Honda
27539,34508,61.0,Suzuki RGV 250,Gasoline,Suzuki
504,628,61.0,Explorer Race 50,Gasoline,Explorer
6728,8358,61.0,Yamaha XV 750,Gasoline,Yamaha
2178,2710,61.0,BMW F 800,Gasoline,BMW
24679,30902,61.0,Yamaha XV 1100,Gasoline,Yamaha
4426,5511,61.0,Triumph Bonneville America,Gasoline,Triumph
22019,27501,61.0,Sherco 300 SE,Gasoline,Sherco
2836,3527,61.0,BMW R 1200 CL,Gasoline,BMW
6995,8683,61.0,Moto Guzzi 1000 SP,Gasoline,Moto
16006,19918,61.0,Ride,Gasoline,Ride
474,590,61.0,Aprilia RS 250,Gasoline,Aprilia
8775,10917,61.0,CF Moto 650GT,Gasoline,CF
6144,7636,61.0,Harley-Davidson Sportster XLCH 1000,Gasoline,Harley-Davidson
4587,5707,61.0,CF Moto 650 MT,Gasoline,CF
5407,6728,60.0,BMW F 650,Gasoline,BMW
5343,6649,60.0,BMW C 600,Gasoline,BMW
2379,2940,60.0,BMW R 100 GS Paris-Dakar,Gasoline,BMW
4646,5783,60.0,Triumph Bonneville Spirit,Gasoline,Triumph
15749,19593,60.0,TM SMX 450 Fi KS,Gasoline,TM
2114,2633,60.0,Triumph America LT,Gasoline,Triumph
8625,10727,60.0,Harley-Davidson Electra Glide Sidecar,Gasoline,Harley-Davidson
760,953,60.0,Bombardier Outlander 650,Gasoline,Bombardier
171,214,60.0,BMW R 100,Gasoline,BMW
49,64,60.0,BMW C 650 GT,Gasoline,BMW
16617,20710,60.0,Kawasaki GPZ 500 S,Gasoline,Kawasaki
668,841,60.0,BMW R 100/7,Gasoline,BMW
2798,3478,60.0,BMW R 100 S,Gasoline,BMW
2673,3301,60.0,Kawasaki 500 H1,Gasoline,Kawasaki
3660,4561,60.0,Triumph Bonneville T140V,Gasoline,Triumph
8033,9988,60.0,Kymco Maxxer 250,Gasoline,Kymco
7797,9691,60.0,Honda VFR 400,Gasoline,Honda
16437,20488,60.0,Kawasaki KR-1,Gasoline,Kawasaki
1399,1749,60.0,BMW R 100 R,Gasoline,BMW
1633,2039,60.0,Yamaha YZ 450,Gasoline,Yamaha
358,443,60.0,BMW R 100 GS,Gasoline,BMW
803,1012,60.0,Triumph Bonneville T120,Gasoline,Triumph
6349,7885,60.0,BMW C 600 Sport,Gasoline,BMW
6047,7513,60.0,Zero Zero S,Electric,Zero
14693,18288,60.0,Norton,Gasoline,Norton
11879,14781,60.0,Ducati 750 GT,Gasoline,Ducati
317,385,60.0,BMW C 650,Gasoline,BMW
18934,23619,60.0,Beta RR 430,Gasoline,Beta
17032,21241,58.0,Access Shade Xtreme 850,Gasoline,Access
851,1074,58.0,Triumph Scrambler,Gasoline,Triumph
742,933,58.0,Triumph Trident T 150,Gasoline,Triumph
3095,3842,58.0,Honda VTX 1300,Gasoline,Honda
13122,16318,58.0,Honda Forza 350,Gasoline,Honda
3189,3966,58.0,AJP PR7 600,Gasoline,AJP
836,1058,58.0,Kymco Myroad 700i,Gasoline,Kymco
512,637,58.0,Honda VT 1300,Gasoline,Honda
372,459,58.0,BMW R 80/7,Gasoline,BMW
738,926,58.0,CF Moto CForce 820,Gasoline,CF
728,915,58.0,Access Shade Sport 850,Gasoline,Access
8382,10432,58.0,Harley-Davidson Duo Glide,Gasoline,Harley-Davidson
4246,5286,58.0,Hisun UTV,Gasoline,Hisun
23,29,57.0,Harley-Davidson Low Rider,Gasoline,Harley-Davidson
591,739,57.0,Harley-Davidson Street 750,Gasoline,Harley-Davidson
1923,2396,57.0,Honda XRV 750,Gasoline,Honda
1612,2014,57.0,Honda Integra,Gasoline,Honda
24000,30020,57.0,Yamaha XJ 600,Gasoline,Yamaha
2880,3581,56.0,Harley-Davidson Dyna Glide,Gasoline,Harley-Davidson
24286,30395,56.0,Hisun HS 800,Gasoline,Hisun
1528,1912,56.0,Harley-Davidson Heritage Springer,Gasoline,Harley-Davidson
2033,2531,56.0,Harley-Davidson Heritage,Gasoline,Harley-Davidson
9425,11746,56.0,Gilera Nexus 300,Gasoline,Gilera
7652,9515,56.0,Honda Deauville,Gasoline,Honda
2413,2979,56.0,Harley-Davidson Sportster 1000,Gasoline,Harley-Davidson
154,192,56.0,Harley-Davidson FXD,Gasoline,Harley-Davidson
11399,14179,54.0,Husqvarna TC 250,Gasoline,Husqvarna
197,241,54.0,Triumph Street Twin,Gasoline,Triumph
4498,5601,54.0,Yamaha Raptor 700,Gasoline,Yamaha
845,1068,54.0,HM CRE Baja,Two Stroke Gasoline,HM
18527,23112,54.0,BMW 100 CS,Gasoline,BMW
11460,14258,54.0,KTM 530 EXC,Gasoline,KTM
9265,11542,54.0,Moto Guzzi V 850,Gasoline,Moto
27854,34902,54.0,Big Dog Bulldog,Gasoline,Big
1408,1759,54.0,Honda NM4 Vultus,Gasoline,Honda
8264,10286,54.0,Husaberg FE 350,Gasoline,Husaberg
5146,6399,54.0,Cagiva Elefant 650,Gasoline,Cagiva
58,77,54.0,Honda NC 750,Gasoline,Honda
3953,4926,54.0,Husqvarna FC 350,Gasoline,Husqvarna
22743,28417,54.0,Vincent,Gasoline,Vincent
1627,2033,54.0,Quadix Buggy 800,Gasoline,Quadix
21852,27284,54.0,KTM 620 LC 4,Gasoline,KTM
2262,2805,54.0,Honda NR 750,Gasoline,Honda
11202,13935,54.0,Triumph Street Cup,Gasoline,Triumph
27248,34148,53.0,Hyosung TE 450,Gasoline,Hyosung
5344,6651,53.0,Moto Guzzi 750 S,Gasoline,Moto
2917,3625,53.0,Suzuki Intruder C,Gasoline,Suzuki
2450,3025,53.0,Harley-Davidson XL 883,Gasoline,Harley-Davidson
5106,6353,53.0,Suzuki VZ 800,Gasoline,Suzuki
166,207,53.0,Harley-Davidson Sportster 883,Gasoline,Harley-Davidson
752,943,53.0,Harley-Davidson Iron 883,Gasoline,Harley-Davidson
5312,6604,53.0,BMW G 650 Xcountry,Gasoline,BMW
3289,4093,53.0,TM EN 300 2T,Two Stroke Gasoline,TM
1442,1807,53.0,Yamaha XVS 950,Gasoline,Yamaha
4428,5515,52.0,Yamaha TX 750,Gasoline,Yamaha
3464,4320,52.0,Yamaha XV 950,Gasoline,Yamaha
24323,30441,52.0,Honda SW-T 600,Gasoline,Honda
17053,21269,52.0,Moto Guzzi V 75,Gasoline,Moto
2344,2899,52.0,Suzuki King Quad,Gasoline,Suzuki
163,204,52.0,Kymco AK 550,Gasoline,Kymco
2420,2989,52.0,Suzuki VL 800,Gasoline,Suzuki
8356,10397,52.0,CF Moto ZForce 800,Gasoline,CF
3995,4977,52.0,Harley-Davidson Superlow,Gasoline,Harley-Davidson
8118,10088,52.0,Moto Guzzi California 850,Gasoline,Moto
15706,19542,52.0,Kawasaki Brute Force 750,Gasoline,Kawasaki
862,1086,52.0,Honda CRF 450,Gasoline,Honda
2363,2922,52.0,Honda SW-T 400,Gasoline,Honda
17163,21404,52.0,Yamaha TZR 250,Gasoline,Yamaha
5480,6815,50.0,Suzuki RG 500,Gasoline,Suzuki
2381,2942,50.0,BMW R 80 R,Gasoline,BMW
13346,16587,50.0,Yamaha XS 650,Gasoline,Yamaha
23926,29920,50.0,Kawasaki KVF 750,Gasoline,Kawasaki
12786,15910,50.0,KTM 150 SX,Gasoline,KTM
11483,14287,50.0,Piaggio Zip II 50,Two Stroke Gasoline,Piaggio
11977,14900,50.0,Honda CB 550,Gasoline,Honda
15435,19210,50.0,KTM 600 LC 4,Gasoline,KTM
11236,13976,50.0,Skyteam Dax 50,Gasoline,Skyteam
11815,14696,50.0,Husqvarna TE 250,Gasoline,Husqvarna
13860,17242,50.0,HM CRE Six Competition,Gasoline,HM
7235,8992,50.0,BMW R 80 RT,Gasoline,BMW
19784,24680,50.0,Kawasaki Teryx,Gasoline,Kawasaki
7170,8907,50.0,Derbi Predator,Gasoline,Derbi
524,654,50.0,BMW R 80 GS,Gasoline,BMW
21688,27070,50.0,Explorer Argon 700,Gasoline,Explorer
25601,32078,50.0,Peugeot XR7 50,Two Stroke Gasoline,Peugeot
2139,2665,50.0,Moto Guzzi V 65,Gasoline,Moto
252,306,50.0,Can Am,Gasoline,Can
23900,29890,50.0,Yamaha FZ 750,Gasoline,Yamaha
4952,6165,50.0,Alfa Scooters Avanti,Gasoline,Alfa
4576,5694,50.0,Rewaco HS4,Gasoline,Rewaco
1527,1911,50.0,SYM Orbit II,Others,SYM
4153,5169,50.0,Husqvarna FE 450,Gasoline,Husqvarna
9081,11305,50.0,BMW F 650 GS Dakar,Gasoline,BMW
4345,5407,50.0,BMW R 75/6,Gasoline,BMW
4198,5227,50.0,Kawasaki KLE 500,Gasoline,Kawasaki
20745,25886,50.0,Suzuki GSX 550,Gasoline,Suzuki
21117,26363,50.0,SYM Mask 50,Gasoline,SYM
14031,17454,50.0,Gilera GFR125,Gasoline,Gilera
523,653,50.0,BMW R 75/5,Gasoline,BMW
3943,4914,50.0,Suzuki DR 800,Gasoline,Suzuki
5708,7083,49.0,Yamaha Wolverine 450,Gasoline,Yamaha
18484,23058,49.0,Aprilia Pegaso 650,Gasoline,Aprilia
826,1042,49.0,Kawasaki KFX 700,Gasoline,Kawasaki
24445,30597,49.0,Moto Guzzi Nevada,Gasoline,Moto
22900,28623,49.0,Benelli 124,Gasoline,Benelli
22792,28482,49.0,Motom Daina,Two Stroke Gasoline,Motom
15931,19819,49.0,AMC Est 1902 Ol School Bobber,Gasoline,AMC
22057,27556,49.0,Kawasaki ER - 5,Gasoline,Kawasaki
5237,6512,49.0,Triumph T140W TSS,Gasoline,Triumph
4964,6180,49.0,Yamaha Grizzly 700,Gasoline,Yamaha
93,119,48.0,Honda CB 500,Gasoline,Honda
2720,3371,48.0,Kawasaki Vulcan 900,Gasoline,Kawasaki
2576,3175,48.0,Yamaha TMAX DX,Gasoline,Yamaha
14110,17545,48.0,Yamaha SR 500,Gasoline,Yamaha
19547,24385,48.0,Zontes 310 V,Gasoline,Zontes
5121,6371,48.0,Honda CBR 500 R,Gasoline,Honda
5304,6593,48.0,Kawasaki VN 800,Gasoline,Kawasaki
515,640,48.0,Kawasaki W 800,Gasoline,Kawasaki
322,397,48.0,Fantic Caballero 500,Gasoline,Fantic
361,446,48.0,BMW F 900 R,Gasoline,BMW
3891,4849,48.0,Suzuki GT 550,Gasoline,Suzuki
457,569,48.0,Honda NC 700,Gasoline,Honda
1916,2388,48.0,Royal Enfield Continental GT,Gasoline,Royal
7223,8978,48.0,Yamaha XT 660,Gasoline,Yamaha
4325,5381,48.0,Benelli TRK 502,Gasoline,Benelli
8824,10978,48.0,Suzuki GS 500,Gasoline,Suzuki
8119,10089,48.0,Brixton Crossfire 500,Gasoline,Brixton
16324,20345,48.0,Suzuki RMZ 250,Gasoline,Suzuki
4208,5238,48.0,BMW F 650 ST,Gasoline,BMW
8495,10574,48.0,Kawasaki KVF 650,Gasoline,Kawasaki
311,378,48.0,Yamaha Majesty 400,Gasoline,Yamaha
51,67,48.0,BMW F 900 XR,Gasoline,BMW
2615,3227,48.0,Honda CBX 500,Gasoline,Honda
27306,34220,48.0,Bultaco Pursang,Two Stroke Gasoline,Bultaco
17904,22341,48.0,Suzuki GS 550,Gasoline,Suzuki
12612,15687,48.0,Yamaha XTZ 660,Gasoline,Yamaha
1183,1489,48.0,Kawasaki ER - 6 N,Gasoline,Kawasaki
11567,14393,48.0,Arctic Cat Prowler 700,Gasoline,Arctic
3221,4011,48.0,Honda CMX 500,Gasoline,Honda
288,347,48.0,Yamaha TMAX 530,Gasoline,Yamaha
15226,18959,48.0,SMC Canyon,Gasoline,SMC
254,308,48.0,Yamaha MT-07,Gasoline,Yamaha
352,435,48.0,Kymco MXU 700,Gasoline,Kymco
347,430,48.0,Kawasaki VN 900,Gasoline,Kawasaki
765,960,48.0,Yamaha XSR 700,Gasoline,Yamaha
9071,11292,48.0,Moto Guzzi V 50,Gasoline,Moto
328,403,48.0,Honda CTX 700,Gasoline,Honda
4569,5686,48.0,BMW G 650 GS,Gasoline,BMW
6005,7465,48.0,Suzuki LT-R 450,Gasoline,Suzuki
6149,7641,48.0,BMW C1,Gasoline,BMW
232,280,48.0,Yamaha TMAX 560,Gasoline,Yamaha
11773,14647,48.0,Qooder eQV3,Gasoline,Qooder
14659,18246,48.0,Honda CBF 500,Gasoline,Honda
20230,25233,48.0,Quadix,Electric,Quadix
24417,30565,48.0,Ducati 600 Pantah,Gasoline,Ducati
4684,5828,48.0,Harley-Davidson Panhead,Gasoline,Harley-Davidson
20144,25129,48.0,Benelli 502C,Gasoline,Benelli
4451,5544,48.0,Husqvarna FE 350,Gasoline,Husqvarna
293,355,46.0,Yamaha TMAX SX,Gasoline,Yamaha
9935,12363,46.0,Yamaha Kodiak 700,Gasoline,Yamaha
16468,20529,46.0,KTM RC 390,Gasoline,KTM
5222,6496,46.0,Access Shade Sport 650,Gasoline,Access
8969,11165,46.0,Sherco,Gasoline,Sherco
15614,19425,46.0,Adly ATV 700,Gasoline,Adly
5464,6798,46.0,Adly,Gasoline,Adly
588,733,46.0,Adly Hurricane 500,Gasoline,Adly
663,835,46.0,Yamaha YFM 700,Gasoline,Yamaha
27369,34301,46.0,Kawasaki EN 500,Gasoline,Kawasaki
162,203,46.0,Yamaha,Gasoline,Yamaha
1292,1618,45.0,Piaggio Typhoon,Gasoline,Piaggio
16583,20674,45.0,Polaris RZR 570,Gasoline,Polaris
18227,22738,45.0,Kawasaki Ninja 400,Gasoline,Kawasaki
2595,3200,45.0,Royal Enfield Interceptor,Gasoline,Royal
2193,2728,45.0,Ariel Motorcycles SQ4,Gasoline,Ariel
309,375,45.0,KTM 390 Duke,Gasoline,KTM
2479,3065,45.0,Harley-Davidson Café Racer,Gasoline,Harley-Davidson
2498,3086,45.0,Honda VT 750,Gasoline,Honda
6666,8289,45.0,Suzuki LS 650,Gasoline,Suzuki
52,68,45.0,Piaggio MP3 500,Gasoline,Piaggio
81,104,45.0,BMW R 80,Gasoline,BMW
24020,30048,45.0,Honda Shadow Black Spirit,Gasoline,Honda
6922,8594,45.0,Honda XL 600,Gasoline,Honda
758,951,45.0,Harley-Davidson Sportster XL 883,Gasoline,Harley-Davidson
3553,4429,45.0,Gas Gas EC 300,Gasoline,Gas
8374,10422,45.0,Zero Zero FX,Gasoline,Zero
852,1075,45.0,Ducati 500 Pantah,Gasoline,Ducati
702,882,45.0,Honda Shadow 750,Gasoline,Honda
9294,11580,45.0,Kawasaki Z 400,Gasoline,Kawasaki
53,69,44.0,Vespa Primavera 50,Gasoline,Vespa
5534,6875,44.0,Yamaha XV 535,Gasoline,Yamaha
5656,7019,44.0,Kawasaki KX 250,Gasoline,Kawasaki
18095,22577,44.0,Boom Trike,Gasoline,Boom
204,248,44.0,Keeway Superlight,Gasoline,Keeway
611,764,44.0,Yamaha TMAX 500,Gasoline,Yamaha
15332,19095,44.0,Kawasaki KFX 450R,Gasoline,Kawasaki
4877,6069,44.0,Suzuki GT 380,Gasoline,Suzuki
10288,12797,44.0,KTM 390 Adventure,Gasoline,KTM
8097,10063,44.0,Moto Guzzi 1000 G,Gasoline,Moto
20546,25642,44.0,Access Shade Xtreme 650,Gasoline,Access
14232,17694,42.0,Yamaha YZF-R3,Gasoline,Yamaha
13871,17254,42.0,Husqvarna SM 511,Gasoline,Husqvarna
27617,34603,42.0,Hercules 500 Hurricane,Gasoline,Hercules
21730,27129,42.0,Yamaha XT 600,Gasoline,Yamaha
8517,10598,42.0,Yamaha Grizzly 660,Gasoline,Yamaha
382,471,42.0,Triumph Thunderbird 6T,Gasoline,Triumph
433,537,42.0,BMW R 69 S,Gasoline,BMW
192,236,42.0,Kawasaki KLR 600,Gasoline,Kawasaki
3480,4339,42.0,Zontes 310 X,Gasoline,Zontes
10678,13298,42.0,Adly Hurricane 450,Gasoline,Adly
1545,1930,42.0,Yamaha MT-03,Gasoline,Yamaha
103,131,41.0,Ducati Scrambler,Gasoline,Ducati
19540,24372,41.0,Arctic Cat 550,Gasoline,Arctic
11,12,41.0,Ural Ranger,Gasoline,Ural
22348,27928,41.0,Honda NX 650,Gasoline,Honda
627,783,41.0,Gilera,Gasoline,Gilera
534,665,41.0,CF Moto CForce 600,Gasoline,CF
21878,27317,41.0,BMW G 450 X,Gasoline,BMW
10181,12675,41.0,Cectek Gladiator 500,Gasoline,Cectek
3487,4347,41.0,Garelli Flexi,Gasoline,Garelli
1989,2473,41.0,KTM 450 EXC,Gasoline,KTM
7574,9410,41.0,Generic Cracker,Gasoline,Generic
16260,20253,41.0,Kymco MXU 500,Gasoline,Kymco
616,770,41.0,SYM Maxsym TL,Gasoline,SYM
302,367,41.0,Piaggio X 10,Gasoline,Piaggio
944,1187,41.0,BMW R 60/6,Gasoline,BMW
9692,12060,41.0,Lambretta LD,Gasoline,Lambretta
2938,3651,41.0,Gilera Saturno,Gasoline,Gilera
5966,7419,41.0,Triton 450 R,Gasoline,Triton
12514,15570,41.0,Zündapp KS 600,Gasoline,Zündapp
5985,7440,41.0,Yamaha WR 450,Gasoline,Yamaha
355,439,41.0,Cectek Quadrift 500,Gasoline,Cectek
12970,16132,41.0,Aeon Crossland 600,Gasoline,Aeon
13972,17380,39.0,TGB Target 550,Gasoline,TGB
7769,9655,39.0,Honda FJS 400,Gasoline,Honda
4249,5289,39.0,Piaggio MP3 LT,Gasoline,Piaggio
1829,2284,39.0,CF Moto,Gasoline,CF
571,712,39.0,Gilera Fuoco 500,Gasoline,Gilera
3966,4939,39.0,TGB Blade 550,Gasoline,TGB
8342,10382,39.0,Malaguti Spidermax 500,Gasoline,Malaguti
7835,9738,39.0,Kawasaki Ninja 300,Gasoline,Kawasaki
399,492,39.0,Yamaha XVS 650,Gasoline,Yamaha
6633,8248,39.0,TGB Blade 600,Gasoline,TGB
3073,3817,39.0,Honda CX 500,Gasoline,Honda
2321,2870,39.0,Kymco People GT300i,Gasoline,Kymco
1152,1452,39.0,BMW R 60,Gasoline,BMW
12442,15483,39.0,Ducati 350 Mark 3,Gasoline,Ducati
673,848,39.0,Piaggio Beverly 350,Gasoline,Piaggio
8850,11009,39.0,Honda Shadow 600,Gasoline,Honda
6766,8409,39.0,Yamaha YFZ 450,Gasoline,Yamaha
2731,3388,39.0,Beta RR 400,Gasoline,Beta
1448,1816,39.0,TGB,Gasoline,TGB
6632,8247,38.0,Yamaha Grizzly 550,Gasoline,Yamaha
436,540,38.0,Kymco Xciting 500i,Gasoline,Kymco
4332,5392,38.0,Benelli BN 302,Gasoline,Benelli
348,431,38.0,Peugeot Django 50,Gasoline,Peugeot
23918,29911,38.0,Access AMS,Gasoline,Access
6548,8144,38.0,Kymco MXU 550,Gasoline,Kymco
24082,30136,38.0,Kawasaki LTD 450,Gasoline,Kawasaki
8585,10681,37.0,CF Moto CForce 520,Gasoline,CF
21798,27220,37.0,Goes,Gasoline,Goes
11978,14901,37.0,Husqvarna FE 250,Gasoline,Husqvarna
622,777,37.0,Trike,Gasoline,Trike
6123,7607,37.0,Alpha,Gasoline,Alpha
6073,7547,37.0,Moto Guzzi V 35,Gasoline,Moto
5399,6719,37.0,Husaberg FE 250,Gasoline,Husaberg
1404,1755,35.0,Honda NSC 50 R,Gasoline,Honda
27855,34903,35.0,Matchless G 12,Gasoline,Matchless
11432,14222,35.0,Peugeot Satelis 500,Gasoline,Peugeot
220,267,35.0,Piaggio,Two Stroke Gasoline,Piaggio
17265,21521,35.0,Aprilia Atlantic 400,Gasoline,Aprilia
9950,12382,35.0,Polaris Sportsman 570,Gasoline,Polaris
13517,16802,35.0,Triumph 5 TA,Gasoline,Triumph
4846,6033,35.0,Sherco 300 SEF,Gasoline,Sherco
2290,2838,35.0,Yamaha YZ 125,Gasoline,Yamaha
432,536,34.0,KTM 125 EXC,Two Stroke Gasoline,KTM
689,869,34.0,BMW C 400 X,Gasoline,BMW
1900,2370,34.0,Kymco Xciting 400i,Gasoline,Kymco
16791,20932,34.0,Moto Morini 3 1/2,Gasoline,Moto
1783,2222,34.0,Suzuki GSX 650,Gasoline,Suzuki
11545,14366,34.0,BMW G 310 R,Gasoline,BMW
18122,22606,34.0,Aeon Elite 400,Gasoline,Aeon
15789,19651,34.0,TM SMM 530 Fi ES,Gasoline,TM
9732,12109,34.0,TM MX 125 2T,Gasoline,TM
5479,6814,34.0,BMW G 310 GS,Gasoline,BMW
3416,4265,34.0,SYM Maxsym 400i,Gasoline,SYM
3382,4219,34.0,SWM SM 500 R,Gasoline,SWM
2177,2709,34.0,Honda CB 350,Gasoline,Honda
6210,7715,34.0,Royal Enfield Superbullet,Gasoline,Royal
27763,34786,34.0,Triumph Tiger T110,Gasoline,Triumph
6443,7999,34.0,Honda CJ 360,Gasoline,Honda
24217,30305,34.0,Hyosung GD 250i,Gasoline,Hyosung
13163,16366,34.0,Generic Ideo 50,Gasoline,Generic
17716,22096,34.0,Velocette Venom,Gasoline,Velocette
6760,8401,34.0,Moto Guzzi Nuovo Falcone,Gasoline,Moto
2386,2947,34.0,Honda CRF 250,Gasoline,Honda
11734,14604,34.0,Honda VT 600,Gasoline,Honda
2452,3028,34.0,Boom Trike Highway,Gasoline,Boom
4702,5850,34.0,Saroléa Vedette,Gasoline,Saroléa
876,1101,34.0,Yamaha X-Max 400,Gasoline,Yamaha
18549,23137,34.0,KTM 85 Motocross,Two Stroke Gasoline,KTM
3230,4023,34.0,BMW R 65,Gasoline,BMW
208,252,34.0,BMW C 400 GT,Gasoline,BMW
13797,17152,34.0,RollerFoxx,Gasoline,RollerFoxx
11804,14684,33.0,Ural,Gasoline,Ural
1822,2274,33.0,Qooder Qooder,Gasoline,Qooder
5597,6952,33.0,Qooder New Qooder,Gasoline,Qooder
2690,3331,33.0,Kawasaki Ninja 250 R,Gasoline,Kawasaki
1481,1855,33.0,Qooder,Gasoline,Qooder
330,405,33.0,Kymco Downtown 300i,Gasoline,Kymco
8954,11147,33.0,TM SMR 125,Gasoline,TM
1920,2392,33.0,Piaggio Beverly 400,Gasoline,Piaggio
9323,11621,33.0,Ride Jump 50,Gasoline,Ride
18890,23557,33.0,Honda XL 500,Gasoline,Honda
20467,25541,33.0,Horex Imperator,Gasoline,Horex
890,1118,33.0,BSA A 65,Gasoline,BSA
6814,8464,33.0,Kymco Super Dink 300,Gasoline,Kymco
26781,33562,33.0,Peugeot Geopolis 400,Gasoline,Peugeot
227,274,33.0,Suzuki Burgman 400,Gasoline,Suzuki
1566,1960,33.0,Piaggio MP3 400,Gasoline,Piaggio
412,511,31.0,Quadro,Gasoline,Quadro
4309,5361,31.0,Kymco UXV 450,Gasoline,Kymco
1281,1606,31.0,CF Moto CForce 450,Gasoline,CF
9741,12123,31.0,Hanway Scrambler,Gasoline,Hanway
7600,9441,30.0,Kymco Venox 250,Gasoline,Kymco
4696,5844,30.0,BMW F 650 CS,Gasoline,BMW
22614,28255,30.0,Hyosung GV 300,Gasoline,Hyosung
1366,1708,30.0,BMW R 67,Gasoline,BMW
5296,6583,30.0,BMW R 71,Gasoline,BMW
19503,24329,30.0,Husqvarna TE 510,Gasoline,Husqvarna
5914,7350,30.0,Kymco Downtown 350i,Gasoline,Kymco
5404,6725,30.0,NSU 501 OSL,Gasoline,NSU
498,618,30.0,Kymco People One,Gasoline,Kymco
19722,24606,30.0,KTM 85 SX,Gasoline,KTM
19581,24427,30.0,Yamaha YFZ 350,Gasoline,Yamaha
5157,6413,29.0,Kymco People 250,Gasoline,Kymco
5514,6853,29.0,Royal Enfield Bullet 500,Gasoline,Royal
5124,6374,29.0,Qooder QV3,Gasoline,Qooder
9958,12392,29.0,Matchless G 80,Gasoline,Matchless
3300,4109,29.0,Ducati 350 Desmo,Gasoline,Ducati
559,697,29.0,Zero Zero DS,Electric,Zero
3308,4123,29.0,Kymco K-XCT 300i,Gasoline,Kymco
120,153,29.0,Yamaha X-Max 300,Gasoline,Yamaha
12686,15784,29.0,MZ,Gasoline,MZ
798,1004,29.0,Hyosung GT 250i,Gasoline,Hyosung
7338,9116,29.0,Quadro Quadro3,Gasoline,Quadro
7292,9063,29.0,Aeon Cobra 420,Gasoline,Aeon
14812,18441,29.0,E-Rider,Electric,E-Rider
1519,1901,29.0,KTM 125 Enduro,Two Stroke Gasoline,KTM
12407,15437,29.0,Kawasaki KVF 400,Gasoline,Kawasaki
1118,1408,29.0,MV Agusta 350 S,Gasoline,MV
6367,7907,29.0,Montesa Impala,Two Stroke Gasoline,Montesa
21297,26585,29.0,Others Universal,Gasoline,Others
27800,34835,29.0,Zündapp KS 601,Gasoline,Zündapp
6008,7468,29.0,Malaguti Password 250,Gasoline,Malaguti
13716,17050,29.0,Bultaco Metralla Mk2,Gasoline,Bultaco
2073,2579,27.0,Kawasaki J300,Gasoline,Kawasaki
2009,2499,27.0,Honda CBR 250,Gasoline,Honda
6471,8034,27.0,Askoll eSpro 45,Electric,Askoll
987,1236,27.0,Malaguti F 12,Gasoline,Malaguti
10419,12969,27.0,SYM Cruisym 300,Gasoline,SYM
3258,4059,27.0,Quadro 350S,Gasoline,Quadro
3274,4077,27.0,Honda CB 400,Gasoline,Honda
14346,17844,27.0,Askoll eSpro K2,Electric,Askoll
212,258,27.0,Hercules,Gasoline,Hercules
21260,26544,27.0,Royal Enfield Classic,Gasoline,Royal
4389,5466,27.0,Honda XR 500,Gasoline,Honda
24695,30925,27.0,Hercules W 2000,Gasoline,Hercules
5886,7313,27.0,Mash Five Hundred 400,Gasoline,Mash
7780,9669,27.0,SYM Wolf CR 300i,Gasoline,SYM
5576,6925,27.0,Yamaha XT 500,Gasoline,Yamaha
21891,27336,27.0,SYM HD 300,Gasoline,SYM
19504,24330,27.0,Hyosung Comet 250,Gasoline,Hyosung
2084,2592,26.0,Harley-Davidson WL 750 Flathead,Gasoline,Harley-Davidson
12733,15840,26.0,BMW R 75,Gasoline,BMW
9861,12267,26.0,Adiva,Gasoline,Adiva
15903,19783,26.0,Yamaha Grizzly 450,Gasoline,Yamaha
5207,6473,26.0,Suzuki GSX 250,Gasoline,Suzuki
17834,22256,26.0,Jawa 500,Gasoline,Jawa
19426,24234,26.0,Hyosung Aquila 250,Gasoline,Hyosung
4223,5257,26.0,Voge 300R,Gasoline,Voge
1859,2321,26.0,KTM 200 Duke,Gasoline,KTM
7114,8839,26.0,Voge 300AC,Gasoline,Voge
10571,13167,24.0,Daelim Roadwin,Gasoline,Daelim
318,387,24.0,Ariel Motorcycles HT,Gasoline,Ariel
5561,6908,24.0,Polaris Ranger,Diesel,Polaris
12465,15508,24.0,Sherco 250 SE,Gasoline,Sherco
26377,33058,24.0,Over Bikes,Gasoline,Over
26235,32875,24.0,Suzuki Burgman 250,Gasoline,Suzuki
25587,32060,24.0,Vespa GTV 300,Gasoline,Vespa
12881,16023,24.0,BMW R 51,Gasoline,BMW
10280,12783,24.0,Ducati 250 Mark 3,Gasoline,Ducati
3687,4596,24.0,Hyosung MS3i 250,Gasoline,Hyosung
20262,25272,24.0,Benelli 250 2 C,Gasoline,Benelli
896,1129,24.0,Daelim S300 Fi,Gasoline,Daelim
7177,8914,24.0,Royal Enfield Himalayan,Gasoline,Royal
2020,2513,24.0,Mondial HPS 300i,Gasoline,Mondial
4946,6156,24.0,Linhai,Diesel,Linhai
1944,2424,24.0,SYM Wolf SB 250 Ni,Gasoline,SYM
1123,1413,24.0,Honda Forza 300,Gasoline,Honda
4833,6017,24.0,Ural IMZ 650,Gasoline,Ural
4547,5657,24.0,Suzuki Inazuma 250,Gasoline,Suzuki
11269,14019,24.0,Benelli BN 251,Gasoline,Benelli
1687,2102,24.0,Aermacchi 350 Sprint,Gasoline,Aermacchi
3237,4032,24.0,Benelli TRK 251,Gasoline,Benelli
185,228,24.0,BMW R 26,Gasoline,BMW
6085,7560,24.0,BMW K 1600 GTL Exclusive,Gasoline,BMW
24243,30346,24.0,KTM Freeride 350,Gasoline,KTM
1363,1704,24.0,Yamaha YFM 660,Gasoline,Yamaha
5478,6813,23.0,Aprilia Atlantic 250,Gasoline,Aprilia
2809,3495,23.0,Luxxon Emily,Gasoline,Luxxon
5877,7301,23.0,Yamaha SR 400,Gasoline,Yamaha
9251,11524,23.0,SYM Citycom 300,Gasoline,SYM
7576,9413,23.0,Peugeot Geopolis 250,Gasoline,Peugeot
1277,1601,23.0,Kymco Xciting 300i,Gasoline,Kymco
3238,4033,23.0,Vincent Rapide,Gasoline,Vincent
5193,6459,23.0,SYM GTS 250,Gasoline,SYM
3899,4860,23.0,Mash Two Fifty,Gasoline,Mash
22231,27770,23.0,Derbi Rambla 300,Gasoline,Derbi
8265,10287,23.0,Mondial SPORT CLASSIC 300i,Gasoline,Mondial
6498,8065,23.0,Vespa GTS Super Sport,Gasoline,Vespa
5199,6465,23.0,TGB X Large 300,Gasoline,TGB
22847,28556,22.0,Nimbus Sport,Gasoline,Nimbus
2410,2976,22.0,Benelli 350 RS,Gasoline,Benelli
369,456,22.0,Vespa GTS 300,Gasoline,Vespa
56,74,22.0,Piaggio MP3 300,Gasoline,Piaggio
921,1163,22.0,Aprilia Sportcity 250,Gasoline,Aprilia
6979,8662,22.0,Kawasaki KLX 250,Gasoline,Kawasaki
5882,7308,22.0,Malaguti Madison 250,Gasoline,Malaguti
7768,9654,22.0,Piaggio Beverly 250,Gasoline,Piaggio
1089,1372,22.0,Piaggio MP3 YOURBAN,Gasoline,Piaggio
16580,20669,22.0,Harley-Davidson Flathead,Gasoline,Harley-Davidson
3695,4605,22.0,Piaggio XEvo 250,Gasoline,Piaggio
15996,19904,22.0,Over Bikes Brera 300,Gasoline,Over
12759,15871,22.0,Yamaha XV 250,Gasoline,Yamaha
9124,11363,22.0,BSA M 20,Gasoline,BSA
19967,24918,22.0,Vespa GTS 250ie,Gasoline,Vespa
6411,7957,22.0,Piaggio Carnaby 250,Gasoline,Piaggio
316,384,22.0,Kymco MXU 300,Gasoline,Kymco
14559,18115,22.0,Vespa GTV 250,Gasoline,Vespa
4158,5177,22.0,Harley-Davidson WLA,Gasoline,Harley-Davidson
23432,29316,22.0,Peugeot Satelis 250,Gasoline,Peugeot
3468,4325,22.0,Piaggio X 7,Gasoline,Piaggio
6216,7721,22.0,Aprilia Sportcity 300,Gasoline,Aprilia
950,1193,22.0,KTM Freeride E,Electric,KTM
3304,4119,22.0,Others Moto tm,Gasoline,Others
1967,2449,22.0,Peugeot Satelis 300,Gasoline,Peugeot
3730,4652,22.0,Aprilia Atlantic 300,Gasoline,Aprilia
6420,7971,22.0,Vespa GTV Via Montenapoleone SE,Gasoline,Vespa
3019,3756,22.0,Kymco Grand Dink 300,Gasoline,Kymco
1430,1789,22.0,Piaggio Carnaby 300,Gasoline,Piaggio
4237,5273,22.0,Benelli Imperiale,Gasoline,Benelli
16569,20653,20.0,Others Kosmos,Gasoline,Others
1554,1944,20.0,Polaris,Gasoline,Polaris
24735,30970,20.0,DKW,Gasoline,DKW
6448,8005,20.0,Adly Hurricane 400,Gasoline,Adly
5403,6723,20.0,Kymco UXV 700,Gasoline,Kymco
2366,2925,20.0,NSU 351 OSL,Gasoline,NSU
19181,23924,20.0,Arctic Cat DVX 300,Gasoline,Arctic
1491,1870,20.0,Yamaha X-Max 250,Gasoline,Yamaha
24818,31069,20.0,Mondial SPORT CLASSIC 125i,Gasoline,Mondial
7882,9799,20.0,Rieju MRT Cross,Gasoline,Rieju
7890,9809,20.0,Kymco Xciting 250i,Gasoline,Kymco
19453,24269,20.0,Aeon Cobra 400,Gasoline,Aeon
6378,7921,20.0,Jinling JLA,Gasoline,Jinling
4121,5128,20.0,KTM 250 Enduro,Gasoline,KTM
2111,2629,20.0,SYM Joymax 250,Gasoline,SYM
3329,4153,20.0,LEM,Gasoline,LEM
502,625,20.0,Shineray XY 250,Gasoline,Shineray
351,434,20.0,KTM 500 EXC,Gasoline,KTM
3542,4414,20.0,E-Ton Vector ST 300,Gasoline,E-Ton
20251,25258,20.0,Jinlun JL125,Gasoline,Jinlun
8449,10514,20.0,Polaris RZR 800,Gasoline,Polaris
1778,2217,20.0,Husqvarna FE 501,Gasoline,Husqvarna
7240,8998,20.0,Adly Canyon 320,Gasoline,Adly
1915,2386,20.0,CF Moto CForce 625,Gasoline,CF
17306,21576,20.0,Goes 520 Max,Gasoline,Goes
12440,15481,20.0,MZ ETZ Gespann,Gasoline,MZ
13634,16940,20.0,Ducati 450 Mark 3,Gasoline,Ducati
494,613,20.0,Others MGM Quad`s,Gasoline,Others
1345,1678,20.0,CF Moto Terralander,Gasoline,CF
27423,34370,20.0,MZ ETZ 250,Gasoline,MZ
27813,34849,20.0,Royal Enfield Thunderbird,Gasoline,Royal
78,101,20.0,Yamaha X-City 250,Gasoline,Yamaha
13636,16942,20.0,Quadro 350D,Gasoline,Quadro
26807,33595,20.0,Daelim ET 300,Gasoline,Daelim
3786,4720,20.0,Quadix Trooper 800,Diesel,Quadix
3868,4824,20.0,Yamaha Black X-Max,Gasoline,Yamaha
8547,10636,20.0,Kymco Maxxer 300,Gasoline,Kymco
8698,10813,20.0,KTM Freeride 250,Gasoline,KTM
100,126,20.0,LML Star 150,Gasoline,LML
1298,1624,20.0,Piaggio Beverly 300,Gasoline,Piaggio
15897,19776,20.0,Yamaha Versity 300,Gasoline,Yamaha
13960,17366,20.0,CF Moto Terracross,Gasoline,CF
96,122,19.0,Moto Guzzi,Gasoline,Moto
1941,2419,19.0,Moto Guzzi Ercole,Gasoline,Moto
1771,2208,19.0,Horex Resident 250,Gasoline,Horex
11783,14659,19.0,Kymco People S 300i,Gasoline,Kymco
19188,23933,19.0,Beeline Bestia,Gasoline,Beeline
664,836,19.0,Honda Forza 250,Gasoline,Honda
15256,19000,19.0,Aprilia Sportcity 200,Gasoline,Aprilia
25174,31532,19.0,Piaggio X 8,Gasoline,Piaggio
10281,12784,19.0,Bullit V-BOB 250,Gasoline,Bullit
25822,32358,19.0,Verve Moto,Gasoline,Verve
27719,34734,19.0,Skyteam Skymax,Gasoline,Skyteam
5720,7098,19.0,CF Moto Jetmax 250,Gasoline,CF
15341,19104,19.0,Gilera Runner 200,Gasoline,Gilera
10840,13493,19.0,Moto Guzzi Astore,Gasoline,Moto
7927,9860,19.0,Polaris Sportsman 500,Gasoline,Polaris
9586,11933,19.0,Junak M11,Gasoline,Junak
5498,6835,19.0,Vespa 946,Gasoline,Vespa
2217,2755,19.0,Sachs/SFM,Gasoline,Sachs/SFM
734,921,19.0,CF Moto CForce 800,Gasoline,CF
10742,13373,19.0,Honda Jazz 250,Gasoline,Honda
9166,11417,18.0,DKW SS 500,Gasoline,DKW
22630,28272,18.0,Kymco MXU 250,Gasoline,Kymco
2135,2658,18.0,Bashan BS 300,Gasoline,Bashan
1275,1599,18.0,SYM Joymax 300,Gasoline,SYM
23336,29192,18.0,Leonart Spyder,Gasoline,Leonart
651,821,18.0,Suzuki Burgman 200,Gasoline,Suzuki
3041,3780,18.0,Nimbus,Gasoline,Nimbus
24551,30734,18.0,NSU,Gasoline,NSU
6587,8191,18.0,Peugeot XR6 50,Gasoline,Peugeot
439,544,18.0,Gnome et Rhône AX II,Gasoline,Gnome
404,499,18.0,Zündapp DS 350,Gasoline,Zündapp
27383,34323,18.0,NSU Konsul I,Gasoline,NSU
19876,24802,18.0,Derbi DXR 250,Gasoline,Derbi
3720,4641,18.0,Beta RR 390,Gasoline,Beta
500,620,18.0,Zündapp KS 125,Two Stroke Gasoline,Zündapp
8573,10668,18.0,IFA BK 350,Gasoline,IFA
25188,31549,18.0,Suzuki GN 250,Gasoline,Suzuki
10564,13159,18.0,Horex Regina,Gasoline,Horex
4062,5057,18.0,Honda TLR 200,Gasoline,Honda
17528,21851,18.0,Brixton Cromwell 250,Gasoline,Brixton
10680,13300,18.0,Kymco Zing 125,Gasoline,Kymco
20118,25101,18.0,Moto Guzzi Superalce,Gasoline,Moto
27698,34706,18.0,BSA B 31,Gasoline,BSA
15954,19850,16.0,Yamaha Wolverine 350,Gasoline,Yamaha
22183,27704,16.0,Scarabeo Scarabeo 200,Gasoline,Scarabeo
23542,29454,16.0,Yiben YB150T-15,Gasoline,Yiben
19833,24740,16.0,NSU Max,Gasoline,NSU
287,346,16.0,Fantic 250E,Gasoline,Fantic
14280,17761,16.0,MBK Thunder 150,Gasoline,MBK
17213,21460,16.0,Yamaha Majesty 150,Gasoline,Yamaha
17333,21607,16.0,Kawasaki 125 F,Gasoline,Kawasaki
1068,1343,16.0,Jinling,Gasoline,Jinling
24702,30933,16.0,Suzuki Sixteen 125,Gasoline,Suzuki
5147,6400,16.0,Keeway RKV 125,Gasoline,Keeway
5948,7392,16.0,Harley-Davidson F/J,Gasoline,Harley-Davidson
5711,7088,16.0,Generic Trigger SM,Two Stroke Gasoline,Generic
14277,17756,16.0,Vespa PK 125,Gasoline,Vespa
2079,2586,16.0,Piaggio Medley 150,Gasoline,Piaggio
8834,10990,16.0,TM EN 250 Fi,Gasoline,TM
3590,4474,16.0,Triumph BD 250,Gasoline,Triumph
10167,12658,16.0,Romet,Gasoline,Romet
8137,10116,16.0,Qingqi QM 200,Gasoline,Qingqi
7667,9532,16.0,SYM Fiddle 200,Gasoline,SYM
7441,9245,16.0,Puch,Gasoline,Puch
5336,6638,15.0,Piaggio X 9,Gasoline,Piaggio
17900,22336,15.0,Malaguti Drakon,Two Stroke Gasoline,Malaguti
24644,30861,15.0,Zündapp Bella Roller,Gasoline,Zündapp
430,533,15.0,Bullit Spirit,Gasoline,Bullit
9211,11471,15.0,KTM 200 EXC,Gasoline,KTM
7,8,15.0,Kymco Super Dink 125,Gasoline,Kymco
2837,3528,15.0,Yamaha MT-125,Gasoline,Yamaha
2630,3249,15.0,Honda Forza 125,Gasoline,Honda
14059,17484,15.0,Aprilia Sportcity CUBE,Gasoline,Aprilia
13917,17314,15.0,Husqvarna SMR 125,Gasoline,Husqvarna
2886,3587,15.0,Aprilia RX 125,Gasoline,Aprilia
1487,1864,15.0,Derbi Senda,Gasoline,Derbi
5023,6248,15.0,HM CRM Basic,Gasoline,HM
2052,2552,15.0,KTM RC 125,Gasoline,KTM
2715,3364,15.0,Kawasaki Z 125,Gasoline,Kawasaki
451,560,15.0,KTM 125 Duke,Gasoline,KTM
809,1020,15.0,Piaggio XEvo 125,Gasoline,Piaggio
6909,8579,15.0,Mondial SMX 125i SUPERMOTO,Gasoline,Mondial
7101,8820,15.0,Goes G 125,Gasoline,Goes
3213,4002,15.0,CPI SM Supermoto,Gasoline,CPI
17489,21805,15.0,TM 125,Two Stroke Gasoline,TM
3026,3764,15.0,Rieju RS 3,Gasoline,Rieju
2123,2644,15.0,Suzuki GSX-R 125,Gasoline,Suzuki
19354,24142,15.0,Honda VT 125,Gasoline,Honda
1598,1996,15.0,Daelim Otello F.I.,Gasoline,Daelim
18951,23639,15.0,Scarabeo,Gasoline,Scarabeo
1866,2330,15.0,Honda Lead,Gasoline,Honda
12639,15721,15.0,Derbi Terra 125,Gasoline,Derbi
12717,15820,15.0,Cagiva Mito SP 525,Two Stroke Gasoline,Cagiva
12151,15111,15.0,BMW R 27,Gasoline,BMW
20577,25676,15.0,Aprilia SR Max 125,Gasoline,Aprilia
5045,6274,15.0,Kymco K-XCT 125,Gasoline,Kymco
1476,1847,15.0,Suzuki Sixteen 150,Gasoline,Suzuki
23133,28929,15.0,Mondial SMX 125i ENDURO,Gasoline,Mondial
7826,9728,15.0,Fantic 125M,Gasoline,Fantic
4412,5494,15.0,Zero Zero FXS,Electric,Zero
10736,13367,15.0,BMW C1 125 Executive,Gasoline,BMW
4459,5554,15.0,Peugeot LXR 200,Gasoline,Peugeot
700,880,15.0,SYM HD 200,Gasoline,SYM
17304,21573,15.0,Honda CH 125,Gasoline,Honda
4642,5779,15.0,Piaggio Beverly 125,Gasoline,Piaggio
17400,21689,15.0,TGB Bellavita 125,Gasoline,TGB
4404,5482,15.0,Piaggio MP3 250,Gasoline,Piaggio
19329,24108,15.0,Brixton,Gasoline,Brixton
794,998,15.0,KTM 125 XC,Two Stroke Gasoline,KTM
16591,20683,15.0,Malaguti XSM,Gasoline,Malaguti
11891,14794,15.0,Suzuki UC 125,Gasoline,Suzuki
1803,2248,15.0,SYM VS 125,Gasoline,SYM
538,670,15.0,Honda PS 125i,Gasoline,Honda
1835,2291,15.0,Kymco Agility 150,Gasoline,Kymco
7751,9631,15.0,Suzuki GSX-S 125,Gasoline,Suzuki
10800,13444,15.0,Zipp ZV 50,Gasoline,Zipp
2003,2490,15.0,Yamaha YZF-R125,Gasoline,Yamaha
2012,2502,15.0,Suzuki LT-Z 400,Gasoline,Suzuki
25095,31426,15.0,Junak 122 RS,Gasoline,Junak
3125,3879,15.0,Aprilia SX 125,Gasoline,Aprilia
10822,13471,15.0,Beta RR 350,Two Stroke Gasoline,Beta
8055,10015,15.0,Husqvarna SM 125,Gasoline,Husqvarna
3321,4141,15.0,Yamaha WR 125,Gasoline,Yamaha
16514,20585,15.0,SWM SM 125 R,Gasoline,SWM
7875,9789,15.0,Yamaha YZF-R15,Gasoline,Yamaha
4891,6089,15.0,Mash Scrambler,Gasoline,Mash
4924,6132,15.0,Qingqi,Gasoline,Qingqi
8498,10577,15.0,Longjia Versus 50,Gasoline,Longjia
10178,12672,15.0,Peugeot Satelis 125,Gasoline,Peugeot
977,1225,15.0,Honda CBR 125,Gasoline,Honda
6117,7600,15.0,Piaggio Carnaby 125,Gasoline,Piaggio
2357,2914,15.0,Kymco People GTi,Gasoline,Kymco
12906,16050,15.0,Zontes 125 G1,Gasoline,Zontes
147,183,15.0,Honda SH 125,Gasoline,Honda
5522,6861,15.0,Jinling JL-MA,Gasoline,Jinling
8764,10905,15.0,Malaguti Monte Pro 125,Gasoline,Malaguti
10182,12676,15.0,Malaguti Dune 125,Gasoline,Malaguti
434,538,15.0,BMW C Evolution,Electric,BMW
16130,20089,15.0,SYM Cruisym 125,Gasoline,SYM
2931,3644,15.0,SYM HD 125,Gasoline,SYM
124,157,15.0,Piaggio Zip SP,Two Stroke Gasoline,Piaggio
9084,11308,15.0,Malaguti Madison 125,Gasoline,Malaguti
9157,11407,15.0,Brixton Rayburn 125,Gasoline,Brixton
101,129,15.0,Aprilia Scarabeo,Gasoline,Aprilia
19787,24684,15.0,Kawasaki Ninja 125,Gasoline,Kawasaki
9899,12317,15.0,Aprilia RS4 125,Gasoline,Aprilia
492,611,15.0,KSR Moto TR 125,Gasoline,KSR
6052,7520,15.0,Aprilia Sportcity 125,Gasoline,Aprilia
2331,2884,15.0,SYM Joyride 200,Gasoline,SYM
948,1191,15.0,Gilera Runner 125,Gasoline,Gilera
1059,1331,15.0,Rieju Marathon,Gasoline,Rieju
1045,1314,15.0,Derbi GPR,Gasoline,Derbi
9984,12424,15.0,Simson AWO 425,Gasoline,Simson
374,461,15.0,Yamaha Xenter 150,Gasoline,Yamaha
1368,1710,15.0,Kymco Grand Dink 125,Gasoline,Kymco
18388,22940,15.0,SWM,Gasoline,SWM
2679,3316,15.0,Gilera Nexus 125,Gasoline,Gilera
27381,34321,15.0,Honda XL 125,Gasoline,Honda
45,59,15.0,TM SMR 300 2T,Two Stroke Gasoline,TM
9317,11613,14.0,Daelim VL 125,Gasoline,Daelim
2148,2674,14.0,Yamaha X-Max 125,Gasoline,Yamaha
335,413,14.0,Vespa Primavera 150 3V,Gasoline,Vespa
9306,11598,14.0,Mc Motors,Gasoline,Mc
2074,2580,14.0,KSR Moto Code 125,Gasoline,KSR
9016,11225,14.0,Honda S-Wing,Gasoline,Honda
9098,11329,14.0,Moto Guzzi GTS,Gasoline,Moto
8972,11170,14.0,Yamaha YP 125,Gasoline,Yamaha
373,460,14.0,Malaguti XTM,Two Stroke Gasoline,Malaguti
19805,24706,14.0,Piaggio SKR 125,Gasoline,Piaggio
499,619,14.0,Rolektro Eco-City,Electric,Rolektro
25853,32399,14.0,Peugeot e-VIVACITY,Electric,Peugeot
3858,4811,14.0,Sherco 50 SE-R,Two Stroke Gasoline,Sherco
3787,4721,14.0,Others Bianchi,Gasoline,Others
10632,13245,14.0,FN,Gasoline,FN
325,400,14.0,Malaguti Blog 160,Gasoline,Malaguti
14567,18125,14.0,Hyosung Karion 125,Gasoline,Hyosung
677,853,14.0,Daelim S3,Gasoline,Daelim
7309,9081,14.0,AJP,Gasoline,AJP
256,310,14.0,KTM 250 EXC,Two Stroke Gasoline,KTM
7844,9748,14.0,Ultra Motor,Electric,Ultra
10710,13333,14.0,Vespa GTS 125,Gasoline,Vespa
4372,5445,14.0,Moto Guzzi Sport 15,Gasoline,Moto
1972,2454,14.0,Kymco Downtown 125i,Gasoline,Kymco
14068,17498,14.0,BMW R 35/2,Gasoline,BMW
2593,3198,14.0,Piaggio Primavera,Gasoline,Piaggio
27067,33922,14.0,Mondial FLAT TRACK 125i,Gasoline,Mondial
23354,29218,14.0,Honda PES 125,Gasoline,Honda
6239,7753,14.0,Honda Silver Wing,Gasoline,Honda
12457,15500,14.0,Mondial HPS 125i,Gasoline,Mondial
26432,33119,14.0,Benelli Caffe Nero,Gasoline,Benelli
18714,23342,14.0,Kymco Bet & Win 125,Gasoline,Kymco
1436,1798,14.0,SYM Citycom 125,Gasoline,SYM
17485,21800,14.0,BMW R 35,Gasoline,BMW
1160,1462,14.0,Daelim VT 125,Gasoline,Daelim
1561,1954,14.0,KTM 300 XC,Gasoline,KTM
2547,3140,14.0,Kymco Quannon 125,Gasoline,Kymco
1112,1399,14.0,Mondial,Gasoline,Mondial
12052,15003,14.0,Dnepr MT 10,Gasoline,Dnepr
2545,3138,14.0,Honda PCX 150,Gasoline,Honda
18375,22925,14.0,Kawasaki KX 65,Two Stroke Gasoline,Kawasaki
6322,7851,14.0,Matchless G3,Gasoline,Matchless
17348,21624,14.0,Kymco MXU 450i,Gasoline,Kymco
4593,5716,14.0,Aprilia RS 125,Gasoline,Aprilia
2239,2778,14.0,Kymco Like 150,Gasoline,Kymco
6884,8548,14.0,Peugeot LXR 125,Gasoline,Peugeot
187,230,14.0,Kymco Agility 50,Gasoline,Kymco
11675,14530,14.0,Aprilia Leonardo 250,Gasoline,Aprilia
549,683,14.0,Aprilia Leonardo 150,Gasoline,Aprilia
7406,9201,14.0,Suzuki Burgman 150,Gasoline,Suzuki
3324,4144,14.0,SYM GTS 125,Gasoline,SYM
1997,2482,14.0,Moto Guzzi Airone,Gasoline,Moto
20048,25011,12.0,Honda ATC 125,Gasoline,Honda
10227,12723,12.0,BMW R 42,Gasoline,BMW
2173,2704,12.0,Verve Moto Classic S 125i,Gasoline,Verve
15743,19584,12.0,Kymco Bet & Win 150,Gasoline,Kymco
9865,12273,12.0,Keeway Logik,Gasoline,Keeway
15679,19508,12.0,Peugeot Django 150,Gasoline,Peugeot
10629,13242,12.0,Mash Seventy 125,Gasoline,Mash
10144,12630,12.0,Generic Soho 125,Gasoline,Generic
23792,29762,12.0,Sachs/SFM XTC 125,Gasoline,Sachs/SFM
2901,3605,12.0,Yamaha TriCity,Gasoline,Yamaha
13113,16307,12.0,Vespa Cosa 200,Gasoline,Vespa
13973,17381,12.0,Romet RCR 125,Gasoline,Romet
1323,1653,12.0,Vespa LX 150,Gasoline,Vespa
26431,33118,12.0,Sachs/SFM ZX 50,Two Stroke Gasoline,Sachs/SFM
14259,17730,12.0,AJP PR3 125,Gasoline,AJP
1120,1410,12.0,Piaggio Medley 125,Gasoline,Piaggio
23947,29948,12.0,Xingyue,Electric/Gasoline,Xingyue
5954,7403,12.0,Lambretta V200,Gasoline,Lambretta
5039,6266,12.0,Mash Black Seven,Gasoline,Mash
26061,32668,12.0,Kawasaki 400 S3,Gasoline,Kawasaki
12405,15435,12.0,LML,Gasoline,LML
24232,30331,12.0,Terrot HSSO,Gasoline,Terrot
5737,7122,12.0,Daelim Otello 125,Gasoline,Daelim
12606,15677,12.0,Kymco Yager 125,Gasoline,Kymco
4954,6168,12.0,Cagiva Raptor 125,Two Stroke Gasoline,Cagiva
6136,7623,12.0,Kymco Yager GT,Gasoline,Kymco
4346,5409,12.0,Daelim Daystar F.I.,Gasoline,Daelim
7756,9638,12.0,TGB X Motion 125,Gasoline,TGB
4794,5967,12.0,Mash,Gasoline,Mash
6501,8069,12.0,Honda FES 125,Gasoline,Honda
749,940,12.0,Kymco Dink 125,Gasoline,Kymco
4620,5751,12.0,Bajaj Pulsar 135,Gasoline,Bajaj
286,345,12.0,Kymco X-Town,Gasoline,Kymco
215,261,12.0,Kymco Like 125,Gasoline,Kymco
7153,8888,12.0,Keeway Outlook 125,Gasoline,Keeway
15423,19194,12.0,Vespa PX 200 GS,Gasoline,Vespa
7715,9590,12.0,SYM Joyride 125,Gasoline,SYM
3362,4194,12.0,Vespa 150,Gasoline,Vespa
25052,31361,12.0,AWO,Gasoline,AWO
25606,32086,12.0,Vespa PX 200 E,Two Stroke Gasoline,Vespa
26949,33777,12.0,Suzuki VL 125,Gasoline,Suzuki
27045,33894,12.0,Victoria KR 26 N,Gasoline,Victoria
10543,13135,12.0,Aprilia Leonardo 125,Gasoline,Aprilia
2572,3168,12.0,BMW R 25,Gasoline,BMW
7102,8821,12.0,LML Star 200,Others,LML
22866,28579,12.0,Masai,Gasoline,Masai
144,180,12.0,Yamaha NMAX,Gasoline,Yamaha
1681,2095,12.0,Kreidler Insignio 250,Gasoline,Kreidler
2611,3223,12.0,Piaggio Liberty 150,Gasoline,Piaggio
2895,3597,12.0,Arctic Cat Alterra,Gasoline,Arctic
57,75,12.0,Honda SH 150,Gasoline,Honda
24891,31163,12.0,Honda CRE 125,Two Stroke Gasoline,Honda
16450,20506,12.0,Bullit Hunt S,Gasoline,Bullit
8213,10223,12.0,MZ ES 250,Gasoline,MZ
3980,4958,11.0,Piaggio Sprint,Gasoline,Piaggio
3758,4687,11.0,SYM Fiddle 125,Gasoline,SYM
9335,11637,11.0,KSR Moto Worx 125,Gasoline,KSR
3369,4202,11.0,Vespa LX 125,Gasoline,Vespa
410,509,11.0,Honda PCX 125,Gasoline,Honda
327,402,11.0,Mash Seventyfive 125,Gasoline,Mash
15825,19694,11.0,Honda City Fly,Gasoline,Honda
38,48,11.0,KSR Moto Sirion 125,Gasoline,KSR
2826,3515,11.0,Vespa Sprint 125 i.e.,Gasoline,Vespa
2819,3508,11.0,Beta RR 125,Gasoline,Beta
13501,16782,11.0,Benelli 125 2 C,Gasoline,Benelli
13251,16472,11.0,Brixton Sunray 125,Gasoline,Brixton
3495,4359,11.0,Suzuki GZ 125,Gasoline,Suzuki
3422,4271,11.0,A.T.U,Gasoline,A.T.U
15610,19420,11.0,Zontes,Gasoline,Zontes
3969,4942,11.0,KSR Moto GRS 125,Gasoline,KSR
16236,20226,11.0,Derbi Boulevard 125,Gasoline,Derbi
2082,2590,11.0,Vespa Primavera,Gasoline,Vespa
25183,31543,11.0,Honda NSC 110,Gasoline,Honda
471,587,11.0,Suzuki DR 125,Gasoline,Suzuki
3182,3958,11.0,PIT Racing,Gasoline,PIT
25403,31830,11.0,Derbi Cross City 125,Gasoline,Derbi
8574,10669,11.0,Kymco CK 125,Gasoline,Kymco
8683,10794,11.0,Sachs/SFM ZZ 125,Gasoline,Sachs/SFM
8417,10475,11.0,SYM XS 125,Gasoline,SYM
9556,11902,11.0,Explorer W125,Gasoline,Explorer
25991,32572,11.0,MBK Doodo 125,Gasoline,MBK
19987,24941,11.0,Yamaha TY 125,Gasoline,Yamaha
3984,4963,11.0,Generic,Gasoline,Generic
1792,2234,11.0,Nitro Motors,Gasoline,Nitro
6846,8502,11.0,KSR Moto TW 125,Gasoline,KSR
4301,5351,11.0,Daelim Freewing F.I.,Gasoline,Daelim
1746,2176,11.0,Benelli BN 125,Gasoline,Benelli
911,1148,11.0,MZ TS 150,Gasoline,MZ
610,763,11.0,Beta RR 300,Two Stroke Gasoline,Beta
522,651,11.0,SYM Wolf SB 125 Ni,Gasoline,SYM
272,326,11.0,Kymco Agility 200,Gasoline,Kymco
589,734,11.0,Honda CB 125,Gasoline,Honda
8232,10247,11.0,Daelim S2 125,Gasoline,Daelim
3924,4891,11.0,Piaggio GTS 300,Gasoline,Piaggio
21758,27164,11.0,Bullit Hero 125,Gasoline,Bullit
8518,10599,11.0,Junak M16,Gasoline,Junak
3244,4042,11.0,Rieju SMX 125,Gasoline,Rieju
3071,3815,11.0,Brixton Haycroft 125,Gasoline,Brixton
19249,24003,11.0,Daelim VS 125,Gasoline,Daelim
14765,18379,11.0,Moto Guzzi Lodola,Gasoline,Moto
11504,14315,11.0,Masai DB125,Gasoline,Masai
4608,5732,11.0,Yamaha YS 125,Gasoline,Yamaha
261,315,11.0,Kymco People S 125,Gasoline,Kymco
4377,5451,11.0,Rieju MRT SM,Gasoline,Rieju
6578,8179,11.0,Kymco Visar 125i,Gasoline,Kymco
20359,25395,11.0,Honda Dax ST 50,Gasoline,Honda
11869,14771,11.0,Vespa LXV 125 ie Vie della Moda,Gasoline,Vespa
1725,2151,11.0,Vespa S 125,Gasoline,Vespa
6457,8014,11.0,Vespa LXV 125,Gasoline,Vespa
5114,6363,11.0,Zipp,Gasoline,Zipp
1264,1586,11.0,Kymco People 125,Gasoline,Kymco
1239,1557,11.0,Malaguti Blog 125,Gasoline,Malaguti
2291,2839,11.0,Kreidler Dice,Gasoline,Kreidler
5898,7330,11.0,Peugeot Django 125,Gasoline,Peugeot
2429,3000,11.0,Benelli TNT 125,Gasoline,Benelli
5848,7265,11.0,Brixton Felsberg 125,Gasoline,Brixton
12615,15690,11.0,Kwang Yang,Two Stroke Gasoline,Kwang
17491,21807,11.0,Derbi Variant,Gasoline,Derbi
1006,1262,11.0,Kreidler,Gasoline,Kreidler
18880,23546,11.0,Kymco Movie 125S,Gasoline,Kymco
1290,1616,11.0,Peugeot Belville,Gasoline,Peugeot
12525,15584,11.0,Daelim Freewing 125,Gasoline,Daelim
116,148,11.0,Piaggio Liberty 125,Gasoline,Piaggio
12728,15834,11.0,Honda Innova 125,Gasoline,Honda
1347,1680,11.0,Honda CBF 125,Gasoline,Honda
5539,6882,11.0,Peugeot Vivacity 125,Gasoline,Peugeot
5390,6710,11.0,Piaggio ET 4,Gasoline,Piaggio
143,179,11.0,Lifan King 125,Gasoline,Lifan
2584,3186,11.0,Zündapp KS 125 Sport,Gasoline,Zündapp
27449,34402,11.0,Verve Moto Tracker 125i,Gasoline,Verve
1376,1719,11.0,Kreidler Supermoto 125,Gasoline,Kreidler
5008,6232,11.0,MBK Flame X,Gasoline,MBK
13932,17332,11.0,Kymco Grand Dink 50,Gasoline,Kymco
14199,17655,11.0,Turbho RL 125,Gasoline,Turbho
13505,16787,11.0,FK Motors Street Scrambler,Gasoline,FK
27319,34234,11.0,Luxxon Enduro 125,Gasoline,Luxxon
27847,34895,10.0,Daelim Delfino 125,Gasoline,Daelim
12667,15759,10.0,Silence S01,Electric,Silence
214,260,10.0,Jonway,Gasoline,Jonway
26234,32873,10.0,Kymco Pulsar 125,Gasoline,Kymco
12727,15832,10.0,Arctic Cat 650,Gasoline,Arctic
11128,13843,10.0,Skyteam Cobra,Gasoline,Skyteam
11026,13725,10.0,Honda Shadow 90,Gasoline,Honda
15171,18894,10.0,Jawa 250,Gasoline,Jawa
15121,18824,10.0,Sherco 2.9,Two Stroke Gasoline,Sherco
441,546,10.0,Triumph Speed Triple S,Gasoline,Triumph
431,534,10.0,SYM SYMNH X,Gasoline,SYM
13124,16320,10.0,Schüttoff,Gasoline,Schüttoff
25073,31397,10.0,Moto Guzzi Stornello,Gasoline,Moto
25051,31360,10.0,YCF Pilot F125,Gasoline,YCF
463,579,10.0,SYM Symphony 125,Gasoline,SYM
25026,31331,10.0,VR,Gasoline,VR
14833,18465,10.0,Kymco MXU 150,Gasoline,Kymco
11277,14029,10.0,Piaggio Fly 125,Gasoline,Piaggio
4051,5046,10.0,Moto Morini Corsaro 125,Gasoline,Moto
19618,24473,10.0,REX RS 125,Gasoline,REX
133,169,10.0,Kymco Super 8,Gasoline,Kymco
13916,17313,10.0,TM EN 250 2T,Two Stroke Gasoline,TM
12,13,10.0,Kymco Agility 125,Gasoline,Kymco
5316,6610,10.0,Zündapp,Gasoline,Zündapp
5328,6629,10.0,Explorer,Gasoline,Explorer
5174,6436,10.0,SYM Super Duke,Gasoline,SYM
4912,6111,10.0,Yamaha XT 125,Gasoline,Yamaha
18762,23402,10.0,Ossa TR 280i,Two Stroke Gasoline,Ossa
22223,27758,10.0,Zündapp KS 100,Two Stroke Gasoline,Zündapp
2170,2700,10.0,IWL TR Troll 1,Two Stroke Gasoline,IWL
2039,2537,10.0,Piaggio Sfera,Gasoline,Piaggio
2056,2557,10.0,KTM 50 SX,Two Stroke Gasoline,KTM
8286,10310,10.0,Kymco DJ 125 S,Gasoline,Kymco
21227,26501,10.0,Lambretta V125,Gasoline,Lambretta
21398,26715,10.0,Others WK,Gasoline,Others
2456,3032,10.0,Keeway Cityblade,Gasoline,Keeway
2716,3366,10.0,Yamaha TZR 50,Two Stroke Gasoline,Yamaha
7760,9643,10.0,Vespa 180 SS,Gasoline,Vespa
23515,29421,10.0,Honda Derapage 50,Two Stroke Gasoline,Honda
1553,1943,10.0,SYM,Gasoline,SYM
8685,10796,10.0,Honda Super Cub,Gasoline,Honda
23469,29360,10.0,Explorer Race 125,Gasoline,Explorer
8948,11139,10.0,REX Chopper 125,Gasoline,REX
854,1078,10.0,SYM Symphony 200,Gasoline,SYM
13633,16939,10.0,Znen Classic,Gasoline,Znen
13028,16203,10.0,Sumco Luna,Gasoline,Sumco
14171,17619,10.0,Montesa,Gasoline,Montesa
19352,24140,10.0,REX Milano,Gasoline,REX
16964,21156,10.0,Malaguti Ciak 100,Two Stroke Gasoline,Malaguti
3490,4352,10.0,SYM Symphony 150,Gasoline,SYM
3395,4234,10.0,Yamaha YBR 125,Gasoline,Yamaha
3147,3905,10.0,LML Star 125,Gasoline,LML
4471,5567,10.0,Yamaha XV 125,Gasoline,Yamaha
18100,22582,8.0,Yamaha XC 125,Gasoline,Yamaha
5315,6608,8.0,PIT Racing 125,Gasoline,PIT
5327,6628,8.0,Minimoto,Gasoline,Minimoto
5753,7140,8.0,Zhejiang Jiaji / Huatian,Gasoline,Zhejiang
20201,25200,8.0,Jonway Adventure,Gasoline,Jonway
20334,25363,8.0,Sachs/SFM Eagle,Gasoline,Sachs/SFM
3432,4285,8.0,Husaberg FE 550,Gasoline,Husaberg
8076,10040,8.0,Aermacchi Ala Verde,Gasoline,Aermacchi
14883,18528,8.0,Daelim Aroma,Gasoline,Daelim
15146,18855,8.0,Calthorpe Ivory 500,Gasoline,Calthorpe
486,603,8.0,Znen,Gasoline,Znen
594,742,8.0,Horwin CR6,Electric,Horwin
10688,13308,8.0,Lambretta Li,Two Stroke Gasoline,Lambretta
15241,18977,8.0,KTM 250 XC,Two Stroke Gasoline,KTM
10915,13581,8.0,Chang - Jiang,Gasoline,Chang
11390,14167,8.0,AGM,Gasoline,AGM
26875,33683,8.0,Peugeot Elyseo 100,Two Stroke Gasoline,Peugeot
18595,23197,8.0,Electric Motion,Electric,Electric
5490,6825,8.0,Lambretta LN 125,Gasoline,Lambretta
4700,5848,8.0,Skyteam PBR 125,Gasoline,Skyteam
17744,22131,8.0,Horwin EK3,Electric,Horwin
4415,5498,8.0,Vespa GS 160,Gasoline,Vespa
4455,5550,8.0,Vespa 150 GS,Gasoline,Vespa
22719,28387,8.0,Kreidler Street 125,Gasoline,Kreidler
8660,10768,8.0,Zhongneng ZN 125 T-E,Gasoline,Zhongneng
2136,2660,8.0,Piaggio PX 150,Gasoline,Piaggio
2596,3202,8.0,HM Derapage,Two Stroke Gasoline,HM
21136,26386,8.0,Lambretta D,Gasoline,Lambretta
7495,9316,8.0,Zündapp DB 234 Nor. Luxus,Gasoline,Zündapp
1061,1333,8.0,Honda Vision 110,Gasoline,Honda
10784,13423,8.0,LML Star 151,Gasoline,LML
16810,20959,8.0,Skyteam ST 125,Gasoline,Skyteam
16076,20018,8.0,Honda Wave,Gasoline,Honda
1369,1711,8.0,Erider,Electric,Erider
1124,1414,8.0,Kymco K-Pipe 125,Gasoline,Kymco
107,136,8.0,Yamaha D'elight,Gasoline,Yamaha
27775,34802,8.0,Skyteam,Gasoline,Skyteam
1193,1500,7.0,Gilera Runner 50,Two Stroke Gasoline,Gilera
599,748,7.0,Simson,Gasoline,Simson
11848,14743,7.0,Honda HM 50,Gasoline,Honda
9963,12399,7.0,Royal Enfield Taurus,Diesel,Royal
3087,3834,7.0,Laverda 750 SFC,Gasoline,Laverda
18861,23523,7.0,Skyteam Ace,Gasoline,Skyteam
5272,6554,7.0,Benzhou YIYING,Gasoline,Benzhou
27063,33918,7.0,Ariel Motorcycles NH,Gasoline,Ariel
3252,4050,7.0,Malaguti Centro,Gasoline,Malaguti
4148,5161,7.0,DKW NZ 500,Gasoline,DKW
3976,4951,7.0,Sherco 0.5,Gasoline,Sherco
3582,4464,7.0,Ecomobile,Electric,Ecomobile
3657,4557,7.0,Tauris Capri 125,Gasoline,Tauris
26040,32639,7.0,Zongshen,Gasoline,Zongshen
11316,14078,7.0,DKW SB 200,Gasoline,DKW
15513,19303,7.0,Yamaha TT R110E,Gasoline,Yamaha
11685,14541,7.0,Yamaha Jog R,Gasoline,Yamaha
962,1208,7.0,Beta RR 50,Two Stroke Gasoline,Beta
8964,11160,7.0,Motosacoche,Gasoline,Motosacoche
23008,28775,7.0,Derbi Atlantis,Two Stroke Gasoline,Derbi
1988,2472,7.0,Royal Enfield,Diesel,Royal
2279,2826,7.0,Zündapp DB 200,Two Stroke Gasoline,Zündapp
1978,2461,7.0,Tauris Mambo 125,Gasoline,Tauris
10428,12980,7.0,Nova Motors City Star,Gasoline,Nova
1464,1834,7.0,Rieju Tango 250,Gasoline,Rieju
9003,11209,7.0,Qingqi QM 125,Gasoline,Qingqi
7281,9050,7.0,Mash Sixty Five,Gasoline,Mash
8108,10075,7.0,Skyteam T-Rex,Gasoline,Skyteam
1952,2432,7.0,Znen Revival Scooter,Gasoline,Znen
3198,3980,7.0,TM SMR 125 2T,Two Stroke Gasoline,TM
19707,24587,7.0,Peugeot Sum-up 125,Gasoline,Peugeot
15884,19760,7.0,Razory R07,Gasoline,Razory
26824,33615,5.0,Kreidler Supermoto 50,Gasoline,Kreidler
247,300,5.0,Piaggio Zip 50,Gasoline,Piaggio
10826,13476,5.0,Italjet Jet - Set 125,Gasoline,Italjet
726,911,5.0,Piaggio TPH 50,Two Stroke Gasoline,Piaggio
24873,31142,5.0,Peugeot XPS 50,Gasoline,Peugeot
444,550,5.0,TGB Bullet 50,Gasoline,TGB
25761,32279,5.0,Longjia,Gasoline,Longjia
425,526,5.0,Piaggio 50 N,Gasoline,Piaggio
12334,15356,5.0,Keeway RY8,Two Stroke Gasoline,Keeway
12709,15810,5.0,HM,Two Stroke Gasoline,HM
26320,32983,5.0,Moto Guzzi 500 Alce,Gasoline,Moto
9953,12386,5.0,Aprilia Amico 50,Diesel,Aprilia
1111,1398,5.0,Rieju MRT 50,Gasoline,Rieju
1213,1526,5.0,Govecs,Electric,Govecs
1337,1670,5.0,Polini XP 4T,Gasoline,Polini
23340,29196,5.0,Matchless,Gasoline,Matchless
8893,11069,5.0,Voge 500R,Gasoline,Voge
1728,2155,5.0,Kawasaki D-Tracker 125,Gasoline,Kawasaki
2768,3438,5.0,Moto Guzzi GTV,Gasoline,Moto
2494,3082,5.0,Peugeot Streetzone,Two Stroke Gasoline,Peugeot
21272,26557,5.0,KTM 150 XC,Two Stroke Gasoline,KTM
20751,25893,5.0,Kumpan Electric 54iconic,Electric,Kumpan
16376,20416,5.0,Kumpan Electric 1954,Electric,Kumpan
16528,20601,5.0,Motowell Crogen,Gasoline,Motowell
2116,2636,5.0,AGM GMX 450,Gasoline,AGM
2219,2757,5.0,Fantic Caballero 50,Two Stroke Gasoline,Fantic
22511,28129,5.0,Access SP 50,Gasoline,Access
22298,27856,5.0,Motowell Yoyo,Gasoline,Motowell
15586,19391,5.0,Peugeot Jet C-Tech,Gasoline,Peugeot
10036,12493,5.0,Vespa 90,Gasoline,Vespa
9765,12148,5.0,E-Max 120S,Electric,E-Max
3334,4161,5.0,Suzuki RM 50,Gasoline,Suzuki
4491,5591,5.0,Peugeot Jet Force,Diesel,Peugeot
2855,3550,5.0,Peugeot Zenith NA,Gasoline,Peugeot
17857,22285,5.0,Pegasus S 50 gp,Gasoline,Pegasus
5670,7033,5.0,Garelli GSP 50,Two Stroke Gasoline,Garelli
4508,5614,5.0,Vespa Elettrica,Electric,Vespa
4785,5951,5.0,Piaggio NRG MC3,Gasoline,Piaggio
4385,5461,5.0,Others V Moto,Electric/Gasoline,Others
4109,5114,5.0,Vectrix VX-2,Electric,Vectrix
6401,7946,5.0,Luxxon Starfighter,Two Stroke Gasoline,Luxxon
5011,6235,5.0,Vespa SS,Two Stroke Gasoline,Vespa
13114,16308,5.0,Generic Onyx,Gasoline,Generic
106,135,5.0,Kymco Dink 50,Two Stroke Gasoline,Kymco
47,61,5.0,Mash City,Gasoline,Mash
65,86,5.0,SYM GTS 300,Gasoline,SYM
27177,34061,5.0,MTR Mallorca,Gasoline,MTR
13040,16217,5.0,Trinity,Electric,Trinity
13817,17178,5.0,TGB Bullet RS,Two Stroke Gasoline,TGB
27685,34690,5.0,MBK Nitro 50,Two Stroke Gasoline,MBK
167,208,4.0,Vespa 50,Two Stroke Gasoline,Vespa
13156,16355,4.0,Herkules,Two Stroke Gasoline,Herkules
12061,15014,4.0,Aprilia Sportcity 50,Gasoline,Aprilia
10920,13586,4.0,Torrot Muvi,Electric,Torrot
493,612,4.0,REX 50,Gasoline,REX
10961,13637,4.0,Motowell Magnet,Two Stroke Gasoline,Motowell
386,476,4.0,SYM Jet 14,Gasoline,SYM
420,520,4.0,Kymco People S 50,Gasoline,Kymco
5910,7345,4.0,REX Scooter 50,Two Stroke Gasoline,REX
4806,5981,4.0,Piaggio Diesis 50,Gasoline,Piaggio
4803,5978,4.0,Beta RR Enduro,Gasoline,Beta
4532,5641,4.0,CPI Aragon 50,Two Stroke Gasoline,CPI
4320,5375,4.0,Derbi Boulevard 25/50,Gasoline,Derbi
15052,18740,4.0,Emco Novum,Electric,Emco
18709,23335,4.0,Ride Paradise 50,Gasoline,Ride
6088,7563,4.0,Vespa Hoffmann,Gasoline,Vespa
5093,6338,4.0,SYM Mio,Gasoline,SYM
18518,23100,4.0,Razory R11,Gasoline,Razory
4757,5917,4.0,Lambretta V50,Gasoline,Lambretta
5235,6510,4.0,SYM Orbit III,Gasoline,SYM
19295,24062,4.0,Daelim S4,Gasoline,Daelim
19435,24246,4.0,Futura,Electric,Futura
2598,3205,4.0,Garelli City Bike/Mosquito,Gasoline,Garelli
1092,1375,4.0,Pegasus Corona 50,Two Stroke Gasoline,Pegasus
7755,9637,4.0,CPI Aragon Club,Gasoline,CPI
3037,3776,4.0,Aprilia Sonic,Two Stroke Gasoline,Aprilia
3054,3796,4.0,SYM Red Devil,Gasoline,SYM
24870,31136,4.0,Beta Evo 125,Gasoline,Beta
916,1154,4.0,Vespa LX Touring 50,Gasoline,Vespa
6901,8570,4.0,Aprilia Rally 50,Gasoline,Aprilia
20049,25012,4.0,Kymco MXU 50,Gasoline,Kymco
19855,24772,4.0,Suzuki RM 80,Two Stroke Gasoline,Suzuki
17029,21238,4.0,Tauris Capri 50,Two Stroke Gasoline,Tauris
15510,19299,4.0,Suzuki Katana 50,Gasoline,Suzuki
14962,18631,4.0,Kreidler Flory 25,Gasoline,Kreidler
4104,5109,4.0,Futura Futura One,Electric,Futura
3919,4886,4.0,MBK Flipper,Gasoline,MBK
3942,4913,4.0,Kumpan Electric,Electric,Kumpan
3610,4498,4.0,Peugeot New Vivacity,Two Stroke Gasoline,Peugeot
3652,4552,4.0,Peugeot Citystar,Gasoline,Peugeot
14255,17724,4.0,Others Segway,Electric,Others
8904,11083,4.0,Kymco Vitality,Two Stroke Gasoline,Kymco
16198,20181,4.0,Futura Classico,Electric,Futura
1569,1965,4.0,Explorer Kallio 50,Gasoline,Explorer
8796,10944,4.0,Derbi,Gasoline,Derbi
1751,2184,4.0,Keeway RY6,Two Stroke Gasoline,Keeway
1581,1977,4.0,Piaggio Fly 50,Gasoline,Piaggio
13392,16644,4.0,KSR Moto Classic,Gasoline,KSR
5628,6987,4.0,Ride Vendetta 50,Gasoline,Ride
5606,6963,4.0,Beeline Veloce GT,Gasoline,Beeline
25,32,4.0,Piaggio NRG 50,Gasoline,Piaggio
83,106,4.0,Aprilia SR 50,Two Stroke Gasoline,Aprilia
5640,7003,4.0,Askoll eS2,Electric,Askoll
269,323,4.0,Piaggio Liberty 50,Gasoline,Piaggio
26076,32685,4.0,Razory R05,Gasoline,Razory
26925,33744,4.0,Motowell,Gasoline,Motowell
16548,20626,4.0,Efun Lipo,Electric,Efun
1517,1899,4.0,Peugeot Ludix,Gasoline,Peugeot
7130,8859,4.0,Super Soco TC,Electric,Super
2649,3272,4.0,Vespa LX 50,Two Stroke Gasoline,Vespa
7051,8753,4.0,Futura Hawk LI,Electric,Futura
24150,30219,4.0,Kymco Newsento,Gasoline,Kymco
970,1217,4.0,Yamaha NEOs 50,Gasoline,Yamaha
7247,9008,4.0,IO 1500 GT,Electric,IO
2550,3144,4.0,TGB Tapo RS,Two Stroke Gasoline,TGB
21061,26298,4.0,Zündapp ZXM 125,Gasoline,Zündapp
1979,2463,4.0,SYM Jet 50,Gasoline,SYM
2440,3014,4.0,Zhejiang,Gasoline,Zhejiang
21703,27092,4.0,Benda,Gasoline,Benda
2276,2823,4.0,Aprilia RS 50,Gasoline,Aprilia
8612,10713,4.0,Honda SJ 50 Bali,Gasoline,Honda
1350,1685,4.0,Tauris Fiera 50 Xtreme,Two Stroke Gasoline,Tauris
22859,28569,4.0,Adly GTA,Gasoline,Adly
1475,1846,4.0,Askoll eS3,Electric,Askoll
1499,1878,4.0,Piaggio NRG Power,Gasoline,Piaggio
10082,12550,4.0,Askoll EVOlution,Electric,Askoll
3665,4569,3.0,Vespa Sprint,Gasoline,Vespa
6007,7467,3.0,Yamaha DT 50,Two Stroke Gasoline,Yamaha
5291,6578,3.0,Niu M1,Electric,Niu
5017,6241,3.0,Futura Classico LI,Electric,Futura
4754,5914,3.0,Malaguti,Gasoline,Malaguti
6331,7863,3.0,AGM City,Gasoline,AGM
25608,32089,3.0,Tauris Samba 50,Two Stroke Gasoline,Tauris
25932,32494,3.0,YCF Start F125,Gasoline,YCF
5090,6335,3.0,Kreidler Jigger 50,Gasoline,Kreidler
12355,15382,3.0,Luxxon YX9,Gasoline,Luxxon
12668,15760,3.0,Kymco K-Pipe 50,Gasoline,Kymco
25977,32555,3.0,Mash Fifty,Gasoline,Mash
13737,17077,3.0,Askoll eSpro 70,Electric,Askoll
2,2,3.0,Nova Motors Retro Star,Gasoline,Nova
6034,7498,3.0,Sachs/SFM Speedjet 50,Gasoline,Sachs/SFM
5721,7099,3.0,Gilera RCR 50,Two Stroke Gasoline,Gilera
5206,6472,3.0,Rolektro Eco-Fun,Others,Rolektro
18012,22473,3.0,Super Soco,Electric,Super
7135,8865,3.0,KSR Moto Sirion 50,Gasoline,KSR
3442,4297,3.0,Derbi DRD,Gasoline,Derbi
7325,9099,3.0,Unu Motors Unu,Electric,Unu
7201,8948,3.0,Gilera SMT 50,Two Stroke Gasoline,Gilera
10473,13039,3.0,Kymco Sento 50,Gasoline,Kymco
25024,31329,3.0,Generic XOR 50,Gasoline,Generic
4197,5225,3.0,Bimota KB 3,Gasoline,Bimota
14699,18296,3.0,Peugeot NK7,Two Stroke Gasoline,Peugeot
517,644,3.0,Nova Motors Retro Cruiser,Gasoline,Nova
19709,24589,3.0,Yamaha NEOs 4Takt,Gasoline,Yamaha
992,1241,3.0,SXT Gekko V2,Electric,SXT
24174,30249,3.0,Yamaha WHY 50,Gasoline,Yamaha
16884,21057,3.0,Motorhispania Furia Max,Gasoline,Motorhispania
1066,1339,3.0,Aprilia RX 50,Two Stroke Gasoline,Aprilia
2717,3368,3.0,REX,Gasoline,REX
21085,26329,3.0,MBK Nitro,Two Stroke Gasoline,MBK
16960,21152,3.0,Aprilia RS4 50,Gasoline,Aprilia
3035,3774,3.0,Super Soco TS,Electric,Super
17103,21328,3.0,Piaggio Zip II 25,Gasoline,Piaggio
6490,8056,3.0,Alfa Scooters,Gasoline,Alfa
3306,4121,3.0,Lifan,Electric,Lifan
24844,31103,3.0,Peugeot Buxy,Gasoline,Peugeot
942,1185,3.0,Keeway Agora,Gasoline,Keeway
24568,30756,3.0,Kymco Maxxer 50,Two Stroke Gasoline,Kymco
985,1234,3.0,SYM Crox 50,Gasoline,SYM
984,1233,3.0,Derbi X-Treme,Two Stroke Gasoline,Derbi
2968,3692,3.0,Longjia Digita 50,Two Stroke Gasoline,Longjia
10513,13093,3.0,Kreidler Florett 50,Gasoline,Kreidler
666,838,3.0,Aprilia SX 50,Gasoline,Aprilia
701,881,3.0,Yamaha BWs,Two Stroke Gasoline,Yamaha
15263,19007,3.0,Benelli Quattronove X,Gasoline,Benelli
6720,8350,3.0,Rieju Tango 50,Gasoline,Rieju
15290,19043,3.0,Keeway Goccia 50,Gasoline,Keeway
15406,19175,3.0,Keeway Hurricane,Gasoline,Keeway
6945,8622,3.0,Aprilia RC 50,Two Stroke Gasoline,Aprilia
6700,8328,3.0,Znen B Eyas,Gasoline,Znen
6895,8564,3.0,Adly ATV 50,Gasoline,Adly
7146,8881,3.0,Vespa 125,Gasoline,Vespa
21919,27381,3.0,Kumpan Electric 1953,Electric,Kumpan
2130,2651,3.0,Yamaha Aerox,Gasoline,Yamaha
8445,10510,3.0,Beta Minitrial 50,Gasoline,Beta
8575,10670,3.0,Kymco DJ 50,Gasoline,Kymco
1557,1950,3.0,Kymco Like 50,Gasoline,Kymco
15695,19529,3.0,Kreidler Flory 50,Others,Kreidler
10141,12626,3.0,Peugeot V-Clic 50,Gasoline,Peugeot
23702,29650,3.0,Pegasus Sky 50,Gasoline,Pegasus
2149,2675,3.0,Askoll eS1,Electric,Askoll
7977,9924,3.0,Sherco 50 SM-R,Two Stroke Gasoline,Sherco
7913,9839,3.0,Scarabeo Scarabeo 50,Gasoline,Scarabeo
15741,19582,3.0,Keeway SWAN,Gasoline,Keeway
22368,27951,3.0,Tomos,Gasoline,Tomos
22350,27930,3.0,Garelli Tiesse,Gasoline,Garelli
22446,28051,3.0,Baotian BT50QT,Gasoline,Baotian
8336,10376,3.0,REX RS 425/450,Gasoline,REX
21641,27013,3.0,KSR Moto Vionis,Electric,KSR
21751,27157,3.0,Alisze Tooby,Gasoline,Alisze
1744,2174,3.0,Emco Novette,Electric,Emco
1718,2142,3.0,Piaggio Ape,Gasoline,Piaggio
9805,12196,3.0,Motobi BC1 One,Gasoline,Motobi
22801,28500,3.0,Explorer Bullet 50,Gasoline,Explorer
1603,2003,3.0,Vespa PK 50,Gasoline,Vespa
9290,11575,3.0,Yamaha NEOs Easy,Two Stroke Gasoline,Yamaha
8525,10607,3.0,Garelli,Gasoline,Garelli
8747,10882,3.0,Others Rizzato,Two Stroke Gasoline,Others
9100,11331,3.0,AJS,Gasoline,AJS
9441,11762,3.0,Vespa Sprint 50,Gasoline,Vespa
8944,11133,3.0,Scott,Two Stroke Gasoline,Scott
22882,28598,3.0,Tauris Brio 50 4T,Gasoline,Tauris
14496,18036,3.0,Benelli 49X,Gasoline,Benelli
11484,14289,3.0,Rolektro Retro-Light,Electric,Rolektro
5412,6733,3.0,Baotian BT49QT-7,Gasoline,Baotian
14462,17994,3.0,Emco Novantic,Electric/Gasoline,Emco
5805,7202,3.0,SYM Jet 4,Gasoline,SYM
13508,16790,3.0,Motowell Elenor,Gasoline,Motowell
85,108,1.0,Kymco People S 200i,Gasoline,Kymco
55,73,1.0,Access,Electric,Access
35,43,1.0,Yamaha RD 350,Two Stroke Gasoline,Yamaha
27328,34246,1.0,Aeon Mini Kolt,Two Stroke Gasoline,Aeon
27350,34274,1.0,TM SMX 450 Fi,Gasoline,TM
27842,34890,1.0,Moto Morini 500 S,Gasoline,Moto
14268,17742,1.0,Gas Gas,Gasoline,Gas
14485,18022,1.0,Triumph T 500,Gasoline,Triumph
14604,18175,1.0,Motowell Gamini,Gasoline,Motowell
14696,18291,1.0,Beta Evo 80,Two Stroke Gasoline,Beta
283,342,1.0,Nova Motors,Electric,Nova
241,289,1.0,Peugeot Kisbee,Gasoline,Peugeot
186,229,1.0,Others,Gasoline,Others
190,234,1.0,Luxxon,Electric,Luxxon
26660,33400,1.0,Qingqi QM 50,Two Stroke Gasoline,Qingqi
160,200,1.0,Yamaha Slider 50,Two Stroke Gasoline,Yamaha
22770,28452,1.0,SWM Gran Milano 440,Gasoline,SWM
16239,20229,1.0,BMW R 75/7,Gasoline,BMW
1524,1908,1.0,Honda Vision 50,Gasoline,Honda
1477,1848,1.0,Beta RR Motard,Two Stroke Gasoline,Beta
23209,29026,1.0,KTM 250 SX,Gasoline,KTM
1326,1657,1.0,Piaggio Zip 25,Gasoline,Piaggio
10266,12768,1.0,Moto Guzzi Zigolo,Gasoline,Moto
16281,20285,1.0,Emco Novax,Electric,Emco
16451,20507,1.0,Vespa GT,Two Stroke Gasoline,Vespa
2000,2487,1.0,Beta,Gasoline,Beta
22440,28043,1.0,Yamaha EC 03,Electric,Yamaha
1716,2139,1.0,Fantic 50M,Gasoline,Fantic
1733,2160,1.0,Quadro Quadro4,Gasoline,Quadro
2438,3012,1.0,Moto Guzzi Falcone,Gasoline,Moto
21818,27241,1.0,KTM 125 SX,Two Stroke Gasoline,KTM
8567,10659,1.0,Generic Trigger X,Gasoline,Generic
8364,10408,1.0,Skyteam Dax 125,Gasoline,Skyteam
16243,20234,1.0,KTM 65 SX,Two Stroke Gasoline,KTM
15768,19622,1.0,Suzuki TR 50,Two Stroke Gasoline,Suzuki
9584,11931,1.0,Vespa GTS 250,Gasoline,Vespa
9163,11413,1.0,Yamaha WR 250,Gasoline,Yamaha
1226,1542,1.0,Beeline Memory,Two Stroke Gasoline,Beeline
1169,1475,1.0,Super Soco CUX,Electric,Super
1180,1486,1.0,Malaguti Ciak 50,Two Stroke Gasoline,Malaguti
1069,1345,1.0,Derbi GP 1,Gasoline,Derbi
23991,30009,1.0,TGB Express 125,Gasoline,TGB
16675,20778,1.0,Velosolex Velosolex 3800,Two Stroke Gasoline,Velosolex
2697,3340,1.0,Econelo J1000,Electric,Econelo
2728,3385,1.0,Mash Dirt Track,Gasoline,Mash
21133,26383,1.0,Vespa 150 Sprint,Two Stroke Gasoline,Vespa
2463,3040,1.0,BMW R 69,Gasoline,BMW
983,1232,1.0,Motom,Two Stroke Gasoline,Motom
918,1157,1.0,Triumph,Two Stroke Gasoline,Triumph
936,1179,1.0,SYM Joymax 125i,Gasoline,SYM
846,1069,1.0,REX RS 450,Gasoline,REX
850,1073,1.0,Benelli,Gasoline,Benelli
703,883,1.0,Niu N1S,Electric,Niu
10847,13501,1.0,TM,Gasoline,TM
10859,13519,1.0,Velosolex,Two Stroke Gasoline,Velosolex
10865,13526,1.0,Keeway F-Act,Gasoline,Keeway
6586,8187,1.0,Yamaha TZ 350,Two Stroke Gasoline,Yamaha
6318,7846,1.0,Nova Motors Energy,Gasoline,Nova
3273,4076,1.0,Niu,Electric,Niu
20545,25641,1.0,Norton Manx,Gasoline,Norton
20552,25648,1.0,Rieju RS 2,Gasoline,Rieju
7341,9119,1.0,Husqvarna TE 300,Gasoline,Husqvarna
20105,25083,1.0,Beeline Veloce 50,Gasoline,Beeline
3384,4221,1.0,BSA,Gasoline,BSA
6861,8520,1.0,Aeon Elite 350,Gasoline,Aeon
6968,8647,1.0,Peugeot 135,Gasoline,Peugeot
17071,21289,1.0,SXT,Electric,SXT
10554,13147,1.0,Honda 50 Sky DX,Gasoline,Honda
696,876,1.0,Beta Ark 50,Two Stroke Gasoline,Beta
606,757,1.0,MBK Booster,Gasoline,MBK
25037,31344,1.0,Aprilia RST 1000,Gasoline,Aprilia
4333,5393,1.0,SYM Symphony 50,Gasoline,SYM
4272,5317,1.0,Piaggio MP3 125,Gasoline,Piaggio
3985,4964,1.0,Honda Monkey ZB 50,Gasoline,Honda
4115,5122,1.0,Alfa Scooters City,Electric,Alfa
4123,5130,1.0,Baotian,Gasoline,Baotian
19488,24313,1.0,Ossa,Gasoline,Ossa
3723,4644,1.0,Oset 16 Racing,Electric,Oset
3540,4412,1.0,Yamaha X-City 125,Gasoline,Yamaha
6209,7713,1.0,Rolektro E-Trike,Electric,Rolektro
6217,7722,1.0,Luxxon Jackfire,Gasoline,Luxxon
17535,21863,1.0,Zündapp ZA 25,Gasoline,Zündapp
17585,21928,1.0,Beta RR 450,Gasoline,Beta
4489,5589,1.0,AGM Retro,Gasoline,AGM
18058,22526,1.0,Atala,Two Stroke Gasoline,Atala
4832,6015,1.0,Malaguti F 10,Gasoline,Malaguti
4686,5832,1.0,Explorer Cracker 50,Gasoline,Explorer
6180,7678,1.0,Fantic 50E,Two Stroke Gasoline,Fantic
350,433,1.0,Peugeot Vivacity 50,Gasoline,Peugeot
25706,32207,1.0,Motobi,Two Stroke Gasoline,Motobi
307,373,1.0,Znen Legend Scooter,Gasoline,Znen
276,330,1.0,Kymco,Gasoline,Kymco
13245,16464,1.0,Emco,Electric,Emco
4,5,1.0,Aprilia Mojito 50,Gasoline,Aprilia
27606,34591,1.0,Vespa 150 Super,Gasoline,Vespa
