vehicle_id,shop_id,daily_rental_usd,available_units,condition
CAR_0000,SHOP_012,876.0,3,Good
CAR_0000,SHOP_005,877.0,1,Excellent
CAR_0001,SHOP_005,367.0,1,Excellent
CAR_0001,SHOP_012,365.0,1,Good
CAR_0002,SHOP_012,369.0,4,Good
CAR_0002,SHOP_005,367.0,3,Excellent
CAR_0003,SHOP_012,370.0,3,Good
CAR_0004,SHOP_006,24.0,3,Excellent
CAR_0005,SHOP_012,128.0,3,Good
CAR_0006,SHOP_005,200.0,1,Fair
CAR_0006,SHOP_012,203.0,4,Excellent
CAR_0007,SHOP_012,397.0,3,Good
CAR_0007,SHOP_005,401.0,1,Good
CAR_0008,SHOP_012,160.0,2,Excellent
CAR_0008,SHOP_005,154.0,4,Good
CAR_0009,SHOP_012,248.0,2,Good
CAR_0010,SHOP_012,3604.0,1,Good
CAR_0010,SHOP_005,3600.0,2,Good
CAR_0011,SHOP_005,3599.0,2,Good
CAR_0011,SHOP_012,3603.0,1,Good
CAR_0012,SHOP_012,3603.0,4,Good
CAR_0013,SHOP_005,221.0,3,Good
CAR_0014,SHOP_005,224.0,4,Good
CAR_0014,SHOP_012,222.0,2,Good
CAR_0015,SHOP_005,225.0,4,Good
CAR_0015,SHOP_012,221.0,2,Fair
CAR_0016,SHOP_012,283.0,1,Good
CAR_0017,SHOP_005,165.0,4,Excellent
CAR_0017,SHOP_012,167.0,4,Good
CAR_0018,SHOP_012,172.0,1,Excellent
CAR_0018,SHOP_005,170.0,3,Good
CAR_0019,SHOP_005,166.0,2,Fair
CAR_0020,SHOP_005,189.0,3,Good
CAR_0021,SHOP_005,1364.0,3,Good
CAR_0021,SHOP_012,1357.0,2,Excellent
CAR_0022,SHOP_005,222.0,1,Excellent
CAR_0022,SHOP_012,228.0,3,Good
CAR_0023,SHOP_005,173.0,1,Excellent
CAR_0024,SHOP_005,176.0,1,Good
CAR_0024,SHOP_012,172.0,4,Good
CAR_0025,SHOP_005,176.0,4,Good
CAR_0025,SHOP_012,180.0,2,Good
CAR_0026,SHOP_005,197.0,3,Fair
CAR_0026,SHOP_012,196.0,4,Excellent
CAR_0027,SHOP_004,78.0,3,Excellent
CAR_0028,SHOP_010,81.0,2,Excellent
CAR_0028,SHOP_006,77.0,1,Good
CAR_0028,SHOP_002,77.0,1,Good
CAR_0029,SHOP_001,81.0,3,Fair
CAR_0030,SHOP_006,54.0,4,Good
CAR_0031,SHOP_008,48.0,2,Excellent
CAR_0031,SHOP_006,41.0,4,Good
CAR_0032,SHOP_005,84.0,1,Excellent
CAR_0032,SHOP_011,81.0,3,Excellent
CAR_0033,SHOP_001,72.0,4,Good
CAR_0034,SHOP_011,72.0,4,Good
CAR_0034,SHOP_008,79.0,1,Fair
CAR_0035,SHOP_004,71.0,1,Excellent
CAR_0035,SHOP_001,79.0,2,Good
CAR_0035,SHOP_007,74.0,4,Good
CAR_0036,SHOP_002,117.0,2,Fair
CAR_0036,SHOP_005,108.0,4,Good
CAR_0037,SHOP_007,43.0,4,Good
CAR_0037,SHOP_004,42.0,2,Excellent
CAR_0038,SHOP_004,62.0,1,Good
CAR_0038,SHOP_001,56.0,4,Good
CAR_0038,SHOP_008,56.0,1,Good
CAR_0039,SHOP_006,51.0,2,Fair
CAR_0040,SHOP_006,54.0,2,Excellent
CAR_0041,SHOP_006,46.0,3,Good
CAR_0041,SHOP_007,47.0,3,Good
CAR_0041,SHOP_011,48.0,2,Good
CAR_0042,SHOP_008,51.0,1,Excellent
CAR_0042,SHOP_002,52.0,1,Excellent
CAR_0043,SHOP_006,37.0,3,Good
CAR_0043,SHOP_001,44.0,1,Good
CAR_0043,SHOP_011,39.0,2,Fair
CAR_0044,SHOP_011,58.0,1,Good
CAR_0044,SHOP_006,60.0,1,Good
CAR_0044,SHOP_001,54.0,1,Good
CAR_0045,SHOP_011,54.0,2,Good
CAR_0045,SHOP_001,53.0,3,Fair
CAR_0046,SHOP_006,60.0,1,Excellent
CAR_0046,SHOP_001,57.0,3,Excellent
CAR_0047,SHOP_008,51.0,2,Good
CAR_0048,SHOP_011,47.0,4,Excellent
CAR_0049,SHOP_006,56.0,2,Excellent
CAR_0050,SHOP_012,2561.0,2,Fair
CAR_0050,SHOP_005,2556.0,3,Good
CAR_0051,SHOP_012,884.0,2,Good
CAR_0052,SHOP_005,249.0,4,Good
CAR_0052,SHOP_012,257.0,2,Good
CAR_0053,SHOP_012,170.0,1,Good
CAR_0054,SHOP_004,146.0,4,Good
CAR_0054,SHOP_008,140.0,1,Fair
CAR_0054,SHOP_010,146.0,4,Good
CAR_0055,SHOP_011,145.0,4,Good
CAR_0056,SHOP_005,145.0,2,Good
CAR_0056,SHOP_010,137.0,2,Fair
CAR_0057,SHOP_012,149.0,1,Good
CAR_0057,SHOP_005,150.0,4,Good
CAR_0058,SHOP_012,147.0,3,Good
CAR_0059,SHOP_012,156.0,3,Excellent
CAR_0059,SHOP_005,147.0,4,Good
CAR_0060,SHOP_012,195.0,4,Excellent
CAR_0060,SHOP_005,191.0,2,Good
CAR_0061,SHOP_012,194.0,1,Good
CAR_0062,SHOP_012,191.0,3,Good
CAR_0062,SHOP_005,194.0,1,Good
CAR_0063,SHOP_005,233.0,4,Good
CAR_0063,SHOP_012,234.0,3,Good
CAR_0064,SHOP_012,879.0,4,Good
CAR_0065,SHOP_005,881.0,4,Excellent
CAR_0065,SHOP_012,878.0,2,Fair
CAR_0066,SHOP_012,881.0,3,Fair
CAR_0066,SHOP_005,879.0,2,Fair
CAR_0067,SHOP_012,1037.0,1,Good
CAR_0067,SHOP_005,1040.0,3,Excellent
CAR_0068,SHOP_012,2242.0,2,Good
CAR_0069,SHOP_005,410.0,2,Fair
CAR_0070,SHOP_005,418.0,1,Fair
CAR_0070,SHOP_012,414.0,2,Fair
CAR_0071,SHOP_005,413.0,2,Excellent
CAR_0071,SHOP_012,418.0,1,Fair
CAR_0072,SHOP_005,216.0,4,Excellent
CAR_0073,SHOP_012,206.0,1,Fair
CAR_0073,SHOP_005,205.0,4,Good
CAR_0074,SHOP_005,210.0,4,Fair
CAR_0074,SHOP_012,213.0,4,Fair
CAR_0075,SHOP_012,211.0,3,Fair
CAR_0075,SHOP_005,210.0,3,Fair
CAR_0076,SHOP_012,397.0,2,Good
CAR_0077,SHOP_005,167.0,1,Good
CAR_0077,SHOP_012,165.0,4,Good
CAR_0078,SHOP_005,227.0,4,Fair
CAR_0078,SHOP_012,228.0,4,Fair
CAR_0079,SHOP_005,353.0,4,Fair
CAR_0080,SHOP_005,251.0,1,Fair
CAR_0080,SHOP_012,246.0,3,Good
CAR_0081,SHOP_005,340.0,4,Good
CAR_0081,SHOP_012,337.0,3,Fair
CAR_0082,SHOP_005,225.0,3,Fair
CAR_0082,SHOP_012,232.0,4,Good
CAR_0083,SHOP_005,230.0,4,Excellent
CAR_0083,SHOP_012,225.0,4,Good
CAR_0084,SHOP_005,226.0,3,Fair
CAR_0084,SHOP_012,228.0,4,Good
CAR_0085,SHOP_012,196.0,4,Good
CAR_0085,SHOP_005,196.0,4,Good
CAR_0086,SHOP_005,193.0,1,Good
CAR_0087,SHOP_005,195.0,1,Excellent
CAR_0088,SHOP_012,433.0,1,Good
CAR_0089,SHOP_005,203.0,1,Good
CAR_0090,SHOP_012,460.0,3,Good
CAR_0090,SHOP_005,459.0,1,Good
CAR_0091,SHOP_012,206.0,1,Good
CAR_0091,SHOP_005,211.0,4,Fair
CAR_0092,SHOP_005,259.0,2,Excellent
CAR_0092,SHOP_012,264.0,3,Excellent
CAR_0093,SHOP_012,439.0,3,Fair
CAR_0093,SHOP_005,438.0,1,Good
CAR_0094,SHOP_012,439.0,4,Excellent
CAR_0095,SHOP_012,441.0,4,Good
CAR_0095,SHOP_005,435.0,3,Fair
CAR_0096,SHOP_012,218.0,3,Good
CAR_0096,SHOP_005,222.0,1,Good
CAR_0097,SHOP_005,480.0,4,Fair
CAR_0097,SHOP_012,481.0,4,Good
CAR_0098,SHOP_012,202.0,3,Good
CAR_0099,SHOP_005,200.0,3,Excellent
CAR_0099,SHOP_012,203.0,2,Excellent
CAR_0100,SHOP_012,205.0,4,Good
CAR_0101,SHOP_012,273.0,4,Fair
CAR_0101,SHOP_005,277.0,1,Good
CAR_0102,SHOP_012,457.0,2,Good
CAR_0103,SHOP_012,266.0,4,Good
CAR_0103,SHOP_005,265.0,3,Good
CAR_0104,SHOP_005,264.0,3,Good
CAR_0104,SHOP_012,261.0,2,Good
CAR_0105,SHOP_005,290.0,2,Good
CAR_0106,SHOP_012,262.0,3,Good
CAR_0107,SHOP_012,403.0,3,Good
CAR_0108,SHOP_005,293.0,1,Good
CAR_0108,SHOP_012,294.0,1,Good
CAR_0109,SHOP_012,292.0,4,Excellent
CAR_0109,SHOP_005,292.0,3,Fair
CAR_0110,SHOP_012,311.0,2,Excellent
CAR_0110,SHOP_005,310.0,4,Excellent
CAR_0111,SHOP_012,279.0,1,Excellent
CAR_0112,SHOP_005,356.0,3,Excellent
CAR_0113,SHOP_005,268.0,4,Good
CAR_0114,SHOP_005,263.0,4,Good
CAR_0114,SHOP_012,268.0,4,Good
CAR_0115,SHOP_012,265.0,1,Good
CAR_0115,SHOP_005,265.0,3,Excellent
CAR_0116,SHOP_012,261.0,1,Good
CAR_0117,SHOP_005,303.0,4,Good
CAR_0118,SHOP_005,253.0,3,Fair
CAR_0119,SHOP_005,258.0,3,Good
CAR_0120,SHOP_005,252.0,2,Good
CAR_0120,SHOP_012,260.0,2,Excellent
CAR_0121,SHOP_005,113.0,3,Good
CAR_0122,SHOP_010,100.0,3,Fair
CAR_0122,SHOP_011,108.0,4,Fair
CAR_0123,SHOP_007,80.0,4,Good
CAR_0124,SHOP_006,77.0,1,Good
CAR_0124,SHOP_002,84.0,1,Good
CAR_0124,SHOP_004,80.0,2,Fair
CAR_0125,SHOP_001,81.0,3,Good
CAR_0125,SHOP_004,84.0,4,Fair
CAR_0125,SHOP_010,84.0,4,Good
CAR_0126,SHOP_004,111.0,1,Good
CAR_0126,SHOP_002,111.0,4,Good
CAR_0127,SHOP_002,113.0,1,Fair
CAR_0127,SHOP_005,105.0,3,Good
CAR_0127,SHOP_004,105.0,4,Excellent
CAR_0128,SHOP_008,113.0,4,Fair
CAR_0128,SHOP_004,105.0,3,Fair
CAR_0128,SHOP_012,110.0,1,Good
CAR_0129,SHOP_002,109.0,3,Fair
CAR_0129,SHOP_004,113.0,4,Excellent
CAR_0130,SHOP_001,98.0,2,Good
CAR_0131,SHOP_010,71.0,4,Excellent
CAR_0131,SHOP_005,67.0,1,Fair
CAR_0132,SHOP_012,100.0,2,Fair
CAR_0133,SHOP_002,97.0,3,Fair
CAR_0133,SHOP_008,102.0,4,Good
CAR_0133,SHOP_012,99.0,2,Fair
CAR_0134,SHOP_005,103.0,2,Excellent
CAR_0135,SHOP_002,97.0,4,Good
CAR_0135,SHOP_010,99.0,3,Excellent
CAR_0136,SHOP_010,97.0,4,Good
CAR_0136,SHOP_002,94.0,4,Good
CAR_0137,SHOP_007,95.0,4,Fair
CAR_0137,SHOP_002,99.0,2,Good
CAR_0138,SHOP_007,78.0,4,Excellent
CAR_0138,SHOP_001,78.0,4,Fair
CAR_0138,SHOP_002,78.0,2,Fair
CAR_0139,SHOP_010,76.0,3,Excellent
CAR_0140,SHOP_010,75.0,4,Excellent
CAR_0140,SHOP_011,82.0,4,Good
CAR_0141,SHOP_002,78.0,3,Good
CAR_0142,SHOP_008,75.0,1,Good
CAR_0142,SHOP_010,77.0,4,Good
CAR_0142,SHOP_002,75.0,4,Excellent
CAR_0143,SHOP_001,75.0,3,Good
CAR_0143,SHOP_006,82.0,4,Excellent
CAR_0143,SHOP_002,82.0,1,Fair
CAR_0144,SHOP_010,83.0,1,Excellent
CAR_0145,SHOP_008,75.0,3,Good
CAR_0145,SHOP_002,71.0,2,Good
CAR_0146,SHOP_011,68.0,2,Good
CAR_0146,SHOP_008,66.0,4,Good
CAR_0146,SHOP_002,69.0,2,Good
CAR_0147,SHOP_002,70.0,4,Good
CAR_0147,SHOP_010,71.0,4,Good
CAR_0148,SHOP_008,69.0,1,Fair
CAR_0148,SHOP_002,73.0,3,Fair
CAR_0148,SHOP_006,71.0,4,Good
CAR_0149,SHOP_004,76.0,4,Excellent
CAR_0150,SHOP_010,89.0,3,Good
CAR_0151,SHOP_002,100.0,4,Good
CAR_0151,SHOP_010,97.0,1,Fair
CAR_0151,SHOP_011,105.0,3,Good
CAR_0152,SHOP_012,163.0,2,Good
CAR_0152,SHOP_005,161.0,2,Excellent
CAR_0153,SHOP_011,143.0,3,Fair
CAR_0153,SHOP_002,137.0,3,Good
CAR_0153,SHOP_008,138.0,3,Good
CAR_0154,SHOP_008,132.0,2,Good
CAR_0154,SHOP_011,136.0,3,Good
CAR_0154,SHOP_010,136.0,3,Fair
CAR_0155,SHOP_010,78.0,3,Excellent
CAR_0155,SHOP_008,76.0,1,Good
CAR_0156,SHOP_011,87.0,4,Good
CAR_0157,SHOP_012,117.0,1,Good
CAR_0158,SHOP_002,110.0,3,Good
CAR_0158,SHOP_004,115.0,3,Excellent
CAR_0158,SHOP_012,116.0,4,Excellent
CAR_0159,SHOP_010,118.0,3,Good
CAR_0159,SHOP_008,115.0,4,Good
CAR_0159,SHOP_011,115.0,1,Good
CAR_0160,SHOP_004,108.0,3,Fair
CAR_0161,SHOP_011,142.0,2,Fair
CAR_0162,SHOP_004,107.0,4,Good
CAR_0162,SHOP_005,112.0,1,Fair
CAR_0163,SHOP_005,107.0,3,Excellent
CAR_0163,SHOP_002,110.0,2,Fair
CAR_0163,SHOP_004,107.0,2,Good
CAR_0164,SHOP_002,113.0,3,Good
CAR_0165,SHOP_012,317.0,2,Excellent
CAR_0166,SHOP_012,301.0,2,Excellent
CAR_0166,SHOP_005,300.0,3,Good
CAR_0167,SHOP_005,383.0,2,Excellent
CAR_0168,SHOP_012,377.0,2,Good
CAR_0168,SHOP_005,378.0,2,Excellent
CAR_0169,SHOP_012,384.0,2,Good
CAR_0169,SHOP_005,380.0,2,Excellent
CAR_0170,SHOP_005,272.0,2,Excellent
CAR_0170,SHOP_012,267.0,2,Good
CAR_0171,SHOP_005,276.0,1,Good
CAR_0172,SHOP_012,395.0,1,Excellent
CAR_0172,SHOP_005,396.0,3,Excellent
CAR_0173,SHOP_005,284.0,1,Good
CAR_0173,SHOP_012,284.0,1,Excellent
CAR_0174,SHOP_012,299.0,4,Excellent
CAR_0174,SHOP_005,295.0,4,Excellent
CAR_0175,SHOP_005,333.0,2,Excellent
CAR_0176,SHOP_012,332.0,3,Fair
CAR_0177,SHOP_005,335.0,4,Fair
CAR_0177,SHOP_012,330.0,1,Good
CAR_0178,SHOP_012,320.0,2,Fair
CAR_0178,SHOP_005,319.0,4,Fair
CAR_0179,SHOP_012,414.0,3,Fair
CAR_0179,SHOP_005,410.0,3,Good
CAR_0180,SHOP_012,302.0,4,Excellent
CAR_0181,SHOP_005,315.0,1,Fair
CAR_0182,SHOP_012,354.0,3,Good
CAR_0183,SHOP_012,332.0,3,Excellent
CAR_0183,SHOP_005,336.0,4,Excellent
CAR_0184,SHOP_005,156.0,3,Excellent
CAR_0184,SHOP_012,156.0,2,Good
CAR_0185,SHOP_005,155.0,1,Good
CAR_0185,SHOP_012,159.0,3,Excellent
CAR_0186,SHOP_012,156.0,4,Excellent
CAR_0186,SHOP_005,156.0,3,Excellent
CAR_0187,SHOP_011,112.0,3,Good
CAR_0188,SHOP_008,96.0,2,Fair
CAR_0188,SHOP_005,97.0,1,Excellent
CAR_0189,SHOP_010,109.0,4,Fair
CAR_0189,SHOP_002,109.0,2,Good
CAR_0189,SHOP_012,107.0,3,Excellent
CAR_0190,SHOP_008,93.0,1,Excellent
CAR_0191,SHOP_010,85.0,4,Fair
CAR_0191,SHOP_005,87.0,4,Good
CAR_0192,SHOP_004,99.0,1,Good
CAR_0193,SHOP_001,89.0,4,Good
CAR_0193,SHOP_004,88.0,4,Excellent
CAR_0194,SHOP_007,86.0,2,Good
CAR_0195,SHOP_008,76.0,1,Excellent
CAR_0195,SHOP_010,78.0,4,Good
CAR_0196,SHOP_008,89.0,2,Good
CAR_0197,SHOP_002,63.0,1,Fair
CAR_0198,SHOP_008,102.0,1,Good
CAR_0199,SHOP_006,86.0,4,Fair
CAR_0199,SHOP_001,85.0,4,Excellent
CAR_0199,SHOP_011,92.0,2,Fair
CAR_0200,SHOP_011,91.0,1,Fair
CAR_0200,SHOP_004,90.0,2,Fair
CAR_0200,SHOP_006,88.0,1,Fair
CAR_0201,SHOP_006,89.0,2,Good
CAR_0201,SHOP_007,90.0,1,Excellent
CAR_0202,SHOP_011,68.0,3,Good
CAR_0202,SHOP_008,70.0,2,Good
CAR_0202,SHOP_001,64.0,3,Good
CAR_0203,SHOP_004,69.0,1,Good
CAR_0204,SHOP_007,67.0,4,Good
CAR_0204,SHOP_008,71.0,3,Good
CAR_0204,SHOP_002,67.0,4,Fair
CAR_0205,SHOP_002,57.0,3,Excellent
CAR_0205,SHOP_004,57.0,1,Good
CAR_0205,SHOP_001,58.0,1,Excellent
CAR_0206,SHOP_011,56.0,1,Excellent
CAR_0206,SHOP_006,54.0,4,Fair
CAR_0207,SHOP_010,53.0,1,Fair
CAR_0207,SHOP_004,57.0,2,Good
CAR_0207,SHOP_007,54.0,2,Excellent
CAR_0208,SHOP_002,49.0,3,Excellent
CAR_0208,SHOP_011,53.0,2,Excellent
CAR_0209,SHOP_011,77.0,4,Good
CAR_0210,SHOP_010,77.0,3,Fair
CAR_0210,SHOP_012,77.0,3,Excellent
CAR_0211,SHOP_007,75.0,1,Good
CAR_0211,SHOP_002,69.0,4,Good
CAR_0211,SHOP_008,71.0,2,Good
CAR_0212,SHOP_012,133.0,2,Good
CAR_0213,SHOP_004,72.0,4,Good
CAR_0213,SHOP_011,68.0,1,Good
CAR_0214,SHOP_011,84.0,3,Good
CAR_0214,SHOP_001,87.0,1,Fair
CAR_0214,SHOP_006,86.0,1,Good
CAR_0215,SHOP_007,69.0,2,Good
CAR_0215,SHOP_010,76.0,4,Good
CAR_0216,SHOP_004,77.0,2,Excellent
CAR_0217,SHOP_007,75.0,1,Excellent
CAR_0217,SHOP_010,74.0,2,Fair
CAR_0218,SHOP_008,78.0,2,Fair
CAR_0219,SHOP_008,85.0,2,Fair
CAR_0220,SHOP_011,76.0,4,Good
CAR_0220,SHOP_002,78.0,3,Fair
CAR_0220,SHOP_004,82.0,2,Good
CAR_0221,SHOP_002,82.0,4,Fair
CAR_0221,SHOP_010,81.0,4,Fair
CAR_0221,SHOP_008,83.0,2,Good
CAR_0222,SHOP_002,74.0,4,Good
CAR_0222,SHOP_012,79.0,1,Excellent
CAR_0223,SHOP_002,44.0,2,Good
CAR_0223,SHOP_010,47.0,2,Fair
CAR_0224,SHOP_002,67.0,2,Fair
CAR_0225,SHOP_010,49.0,4,Excellent
CAR_0225,SHOP_004,44.0,3,Good
CAR_0226,SHOP_004,50.0,3,Good
CAR_0226,SHOP_001,40.0,1,Good
CAR_0227,SHOP_001,53.0,3,Fair
CAR_0228,SHOP_007,59.0,4,Fair
CAR_0228,SHOP_011,57.0,1,Excellent
CAR_0228,SHOP_006,54.0,2,Fair
CAR_0229,SHOP_006,54.0,2,Good
CAR_0230,SHOP_008,46.0,4,Fair
CAR_0231,SHOP_007,47.0,4,Excellent
CAR_0232,SHOP_007,56.0,2,Good
CAR_0232,SHOP_004,53.0,1,Good
CAR_0232,SHOP_001,53.0,4,Good
CAR_0233,SHOP_002,57.0,3,Excellent
CAR_0233,SHOP_010,60.0,1,Fair
CAR_0233,SHOP_011,59.0,1,Fair
CAR_0234,SHOP_004,53.0,1,Good
CAR_0234,SHOP_008,58.0,3,Good
CAR_0235,SHOP_010,65.0,1,Good
CAR_0235,SHOP_011,59.0,3,Good
CAR_0235,SHOP_001,66.0,2,Fair
CAR_0236,SHOP_011,54.0,2,Good
CAR_0236,SHOP_007,50.0,4,Excellent
CAR_0236,SHOP_006,52.0,1,Good
CAR_0237,SHOP_001,50.0,3,Fair
CAR_0238,SHOP_011,66.0,1,Good
CAR_0238,SHOP_006,64.0,1,Good
CAR_0238,SHOP_008,64.0,3,Fair
CAR_0239,SHOP_007,53.0,4,Good
CAR_0239,SHOP_006,56.0,4,Fair
CAR_0240,SHOP_002,49.0,3,Excellent
CAR_0240,SHOP_007,47.0,1,Fair
CAR_0241,SHOP_006,57.0,2,Good
CAR_0241,SHOP_011,51.0,1,Good
CAR_0241,SHOP_008,54.0,3,Fair
CAR_0242,SHOP_011,55.0,2,Fair
CAR_0242,SHOP_010,51.0,1,Good
CAR_0242,SHOP_004,54.0,4,Good
CAR_0243,SHOP_004,57.0,1,Excellent
CAR_0243,SHOP_001,54.0,4,Good
CAR_0243,SHOP_006,53.0,2,Excellent
CAR_0244,SHOP_006,59.0,4,Excellent
CAR_0245,SHOP_008,51.0,3,Good
CAR_0246,SHOP_001,60.0,1,Good
CAR_0246,SHOP_004,57.0,3,Good
CAR_0247,SHOP_007,61.0,2,Good
CAR_0247,SHOP_010,57.0,3,Good
CAR_0248,SHOP_011,53.0,2,Fair
CAR_0249,SHOP_006,45.0,1,Good
CAR_0249,SHOP_011,49.0,4,Good
CAR_0249,SHOP_002,51.0,3,Fair
CAR_0250,SHOP_001,55.0,1,Fair
CAR_0251,SHOP_001,62.0,4,Excellent
CAR_0252,SHOP_007,63.0,3,Good
CAR_0252,SHOP_002,61.0,3,Good
CAR_0252,SHOP_004,62.0,2,Good
CAR_0253,SHOP_011,51.0,2,Good
CAR_0253,SHOP_007,51.0,4,Excellent
CAR_0253,SHOP_006,53.0,3,Fair
CAR_0254,SHOP_004,50.0,1,Excellent
CAR_0254,SHOP_007,52.0,4,Fair
CAR_0254,SHOP_011,57.0,1,Good
CAR_0255,SHOP_006,61.0,4,Fair
CAR_0255,SHOP_001,62.0,3,Good
CAR_0256,SHOP_006,57.0,2,Good
CAR_0256,SHOP_001,55.0,1,Excellent
CAR_0256,SHOP_007,56.0,3,Good
CAR_0257,SHOP_002,51.0,2,Good
CAR_0258,SHOP_008,94.0,1,Good
CAR_0258,SHOP_001,87.0,3,Good
CAR_0258,SHOP_002,91.0,1,Good
CAR_0259,SHOP_006,94.0,2,Good
CAR_0259,SHOP_008,92.0,3,Excellent
CAR_0259,SHOP_011,93.0,1,Excellent
CAR_0260,SHOP_006,94.0,3,Good
CAR_0261,SHOP_010,82.0,1,Fair
CAR_0261,SHOP_004,86.0,3,Good
CAR_0261,SHOP_007,82.0,4,Good
CAR_0262,SHOP_011,86.0,1,Good
CAR_0262,SHOP_006,89.0,4,Fair
CAR_0263,SHOP_002,88.0,2,Good
CAR_0264,SHOP_010,88.0,3,Fair
CAR_0264,SHOP_011,86.0,3,Excellent
CAR_0264,SHOP_007,88.0,4,Excellent
CAR_0265,SHOP_006,53.0,2,Excellent
CAR_0265,SHOP_001,50.0,4,Fair
CAR_0266,SHOP_001,59.0,2,Good
CAR_0267,SHOP_001,56.0,2,Good
CAR_0267,SHOP_011,54.0,4,Fair
CAR_0267,SHOP_007,58.0,4,Excellent
CAR_0268,SHOP_001,49.0,4,Good
CAR_0269,SHOP_006,49.0,1,Excellent
CAR_0270,SHOP_011,54.0,4,Good
CAR_0270,SHOP_006,54.0,1,Fair
CAR_0271,SHOP_010,53.0,3,Fair
CAR_0272,SHOP_004,61.0,1,Good
CAR_0272,SHOP_011,65.0,3,Excellent
CAR_0273,SHOP_007,66.0,3,Excellent
CAR_0273,SHOP_008,62.0,1,Fair
CAR_0274,SHOP_011,69.0,3,Good
CAR_0274,SHOP_007,69.0,2,Fair
CAR_0275,SHOP_008,57.0,1,Good
CAR_0275,SHOP_011,64.0,4,Fair
CAR_0275,SHOP_006,58.0,2,Good
CAR_0276,SHOP_006,60.0,4,Good
CAR_0276,SHOP_008,62.0,4,Good
CAR_0276,SHOP_001,61.0,1,Good
CAR_0277,SHOP_004,63.0,4,Good
CAR_0277,SHOP_011,64.0,1,Fair
CAR_0278,SHOP_007,57.0,2,Excellent
CAR_0278,SHOP_001,53.0,2,Fair
CAR_0279,SHOP_002,60.0,2,Excellent
CAR_0280,SHOP_001,61.0,1,Good
CAR_0280,SHOP_011,52.0,3,Fair
CAR_0280,SHOP_004,54.0,2,Fair
CAR_0281,SHOP_004,60.0,4,Excellent
CAR_0281,SHOP_007,59.0,2,Good
CAR_0281,SHOP_006,62.0,4,Fair
CAR_0282,SHOP_007,63.0,4,Good
CAR_0282,SHOP_011,58.0,3,Fair
CAR_0283,SHOP_001,63.0,3,Good
CAR_0284,SHOP_011,62.0,3,Good
CAR_0285,SHOP_001,46.0,4,Good
CAR_0285,SHOP_011,49.0,3,Good
CAR_0285,SHOP_004,45.0,4,Fair
CAR_0286,SHOP_007,61.0,2,Good
CAR_0286,SHOP_006,51.0,1,Good
CAR_0287,SHOP_011,60.0,4,Good
CAR_0287,SHOP_006,56.0,3,Good
CAR_0288,SHOP_007,55.0,2,Good
CAR_0289,SHOP_011,60.0,2,Good
CAR_0290,SHOP_011,52.0,3,Fair
CAR_0291,SHOP_004,65.0,2,Excellent
CAR_0292,SHOP_010,68.0,2,Fair
CAR_0292,SHOP_008,65.0,4,Fair
CAR_0292,SHOP_007,65.0,3,Good
CAR_0293,SHOP_006,64.0,1,Good
CAR_0293,SHOP_010,63.0,1,Good
CAR_0294,SHOP_004,58.0,2,Excellent
CAR_0294,SHOP_001,59.0,4,Fair
CAR_0295,SHOP_007,58.0,3,Excellent
CAR_0296,SHOP_002,52.0,1,Good
CAR_0297,SHOP_002,57.0,4,Good
CAR_0297,SHOP_011,61.0,4,Good
CAR_0298,SHOP_006,60.0,3,Good
CAR_0299,SHOP_007,57.0,3,Good
CAR_0299,SHOP_006,52.0,3,Good
CAR_0299,SHOP_008,58.0,2,Good
CAR_0300,SHOP_002,64.0,4,Fair
CAR_0300,SHOP_004,60.0,1,Fair
CAR_0300,SHOP_006,62.0,2,Good
CAR_0301,SHOP_001,51.0,2,Excellent
CAR_0301,SHOP_011,51.0,2,Fair
CAR_0302,SHOP_001,50.0,3,Excellent
CAR_0302,SHOP_002,43.0,3,Good
CAR_0303,SHOP_004,47.0,4,Good
CAR_0304,SHOP_002,44.0,3,Excellent
CAR_0305,SHOP_008,64.0,3,Good
CAR_0305,SHOP_011,61.0,2,Good
CAR_0305,SHOP_007,60.0,4,Good
CAR_0306,SHOP_010,62.0,4,Good
CAR_0306,SHOP_011,63.0,1,Fair
CAR_0307,SHOP_002,62.0,1,Excellent
CAR_0307,SHOP_001,56.0,2,Good
CAR_0307,SHOP_004,57.0,4,Excellent
CAR_0308,SHOP_006,50.0,4,Excellent
CAR_0308,SHOP_007,57.0,4,Excellent
CAR_0308,SHOP_001,52.0,4,Fair
CAR_0309,SHOP_011,50.0,4,Good
CAR_0309,SHOP_006,56.0,4,Good
CAR_0309,SHOP_001,57.0,2,Excellent
CAR_0310,SHOP_006,44.0,1,Excellent
CAR_0311,SHOP_011,58.0,4,Excellent
CAR_0312,SHOP_011,53.0,2,Fair
CAR_0312,SHOP_006,53.0,4,Fair
CAR_0313,SHOP_001,56.0,2,Good
CAR_0313,SHOP_006,54.0,4,Good
CAR_0314,SHOP_010,61.0,1,Excellent
CAR_0314,SHOP_004,61.0,4,Fair
CAR_0314,SHOP_006,56.0,2,Good
CAR_0315,SHOP_001,51.0,3,Good
CAR_0315,SHOP_006,57.0,1,Excellent
CAR_0316,SHOP_004,59.0,1,Good
CAR_0316,SHOP_002,57.0,1,Excellent
CAR_0316,SHOP_001,59.0,1,Good
CAR_0317,SHOP_007,58.0,4,Good
CAR_0317,SHOP_008,62.0,1,Good
CAR_0317,SHOP_011,62.0,3,Good
CAR_0318,SHOP_006,63.0,3,Good
CAR_0318,SHOP_011,60.0,2,Good
CAR_0318,SHOP_010,61.0,3,Excellent
CAR_0319,SHOP_011,67.0,2,Fair
CAR_0319,SHOP_004,63.0,1,Good
CAR_0319,SHOP_006,67.0,4,Good
CAR_0320,SHOP_006,78.0,2,Good
CAR_0320,SHOP_007,77.0,4,Good
CAR_0320,SHOP_002,82.0,3,Good
CAR_0321,SHOP_011,70.0,4,Fair
CAR_0321,SHOP_002,67.0,2,Fair
CAR_0322,SHOP_008,48.0,3,Excellent
CAR_0323,SHOP_007,64.0,1,Good
CAR_0323,SHOP_010,56.0,4,Excellent
CAR_0324,SHOP_008,71.0,2,Fair
CAR_0325,SHOP_011,69.0,3,Good
CAR_0326,SHOP_006,34.0,2,Excellent
CAR_0327,SHOP_006,54.0,4,Good
CAR_0327,SHOP_011,51.0,2,Fair
CAR_0327,SHOP_007,53.0,3,Good
CAR_0328,SHOP_007,65.0,3,Good
CAR_0328,SHOP_004,63.0,4,Fair
CAR_0329,SHOP_007,61.0,4,Good
CAR_0330,SHOP_006,57.0,4,Excellent
CAR_0331,SHOP_006,54.0,2,Excellent
CAR_0331,SHOP_007,48.0,4,Good
CAR_0331,SHOP_001,47.0,3,Good
CAR_0332,SHOP_007,31.0,2,Fair
CAR_0332,SHOP_006,31.0,3,Good
CAR_0333,SHOP_006,45.0,4,Fair
CAR_0333,SHOP_001,37.0,3,Good
CAR_0334,SHOP_001,43.0,4,Good
CAR_0335,SHOP_007,46.0,1,Excellent
CAR_0335,SHOP_001,44.0,1,Excellent
CAR_0335,SHOP_006,43.0,4,Good
CAR_0336,SHOP_006,22.0,2,Excellent
CAR_0336,SHOP_007,22.0,4,Good
CAR_0336,SHOP_011,20.0,4,Fair
CAR_0337,SHOP_001,26.0,4,Excellent
CAR_0338,SHOP_007,37.0,3,Good
CAR_0339,SHOP_001,37.0,4,Good
CAR_0340,SHOP_007,37.0,2,Good
CAR_0341,SHOP_007,42.0,3,Good
CAR_0342,SHOP_011,44.0,1,Good
CAR_0342,SHOP_006,45.0,4,Good
CAR_0343,SHOP_006,38.0,1,Excellent
CAR_0343,SHOP_011,37.0,4,Fair
CAR_0343,SHOP_007,41.0,1,Excellent
CAR_0344,SHOP_001,18.0,4,Fair
CAR_0344,SHOP_011,22.0,3,Excellent
CAR_0344,SHOP_006,25.0,1,Good
CAR_0345,SHOP_001,25.0,4,Good
CAR_0346,SHOP_006,25.0,3,Excellent
CAR_0347,SHOP_011,27.0,3,Excellent
CAR_0348,SHOP_006,30.0,4,Excellent
CAR_0349,SHOP_001,25.0,2,Fair
CAR_0349,SHOP_006,31.0,3,Fair
CAR_0350,SHOP_006,25.0,1,Good
CAR_0350,SHOP_001,24.0,4,Good
CAR_0350,SHOP_011,32.0,3,Fair
CAR_0351,SHOP_002,42.0,3,Fair
CAR_0351,SHOP_010,47.0,3,Fair
CAR_0352,SHOP_001,52.0,4,Excellent
CAR_0352,SHOP_007,58.0,3,Good
CAR_0353,SHOP_010,83.0,3,Good
CAR_0353,SHOP_002,87.0,2,Fair
CAR_0353,SHOP_001,86.0,1,Excellent
CAR_0354,SHOP_011,88.0,4,Good
CAR_0355,SHOP_011,47.0,1,Good
CAR_0355,SHOP_006,50.0,4,Excellent
CAR_0356,SHOP_001,70.0,1,Good
CAR_0357,SHOP_008,70.0,4,Fair
CAR_0357,SHOP_011,78.0,2,Good
CAR_0358,SHOP_010,89.0,2,Good
CAR_0358,SHOP_011,88.0,4,Good
CAR_0358,SHOP_007,86.0,4,Good
CAR_0359,SHOP_006,80.0,1,Good
CAR_0359,SHOP_007,80.0,2,Fair
CAR_0360,SHOP_007,61.0,4,Excellent
CAR_0360,SHOP_004,56.0,1,Fair
CAR_0360,SHOP_010,58.0,4,Good
CAR_0361,SHOP_008,68.0,2,Good
CAR_0361,SHOP_010,68.0,2,Fair
CAR_0362,SHOP_007,47.0,4,Good
CAR_0362,SHOP_011,48.0,4,Good
CAR_0363,SHOP_011,35.0,4,Good
CAR_0363,SHOP_007,32.0,2,Good
CAR_0364,SHOP_011,78.0,1,Fair
CAR_0364,SHOP_007,79.0,2,Fair
CAR_0364,SHOP_006,78.0,1,Fair
CAR_0365,SHOP_001,82.0,3,Good
CAR_0365,SHOP_006,80.0,2,Fair
CAR_0365,SHOP_008,85.0,1,Fair
CAR_0366,SHOP_005,136.0,4,Fair
CAR_0366,SHOP_012,136.0,3,Excellent
CAR_0367,SHOP_012,139.0,3,Good
CAR_0368,SHOP_005,137.0,4,Good
CAR_0368,SHOP_012,141.0,4,Excellent
CAR_0369,SHOP_007,44.0,2,Good
CAR_0370,SHOP_011,47.0,4,Good
CAR_0370,SHOP_007,46.0,1,Fair
CAR_0371,SHOP_011,46.0,1,Excellent
CAR_0372,SHOP_011,49.0,3,Good
CAR_0372,SHOP_004,52.0,2,Fair
CAR_0372,SHOP_001,51.0,1,Fair
CAR_0373,SHOP_011,69.0,3,Excellent
CAR_0373,SHOP_007,66.0,1,Excellent
CAR_0373,SHOP_002,71.0,1,Good
CAR_0374,SHOP_004,72.0,2,Good
CAR_0374,SHOP_008,73.0,4,Fair
CAR_0374,SHOP_006,72.0,4,Good
CAR_0375,SHOP_001,63.0,4,Fair
CAR_0376,SHOP_006,64.0,2,Fair
CAR_0377,SHOP_002,60.0,1,Good
CAR_0377,SHOP_010,58.0,1,Excellent
CAR_0377,SHOP_001,64.0,2,Good
CAR_0378,SHOP_001,58.0,1,Good
CAR_0378,SHOP_007,63.0,4,Good
CAR_0379,SHOP_007,40.0,4,Excellent
CAR_0379,SHOP_001,39.0,4,Good
CAR_0379,SHOP_011,44.0,3,Excellent
CAR_0380,SHOP_007,36.0,1,Good
CAR_0380,SHOP_006,38.0,2,Good
CAR_0380,SHOP_001,42.0,4,Fair
CAR_0381,SHOP_001,52.0,4,Fair
CAR_0381,SHOP_006,53.0,2,Good
CAR_0381,SHOP_007,56.0,2,Good
CAR_0382,SHOP_007,66.0,1,Good
CAR_0382,SHOP_008,67.0,4,Good
CAR_0383,SHOP_010,49.0,4,Fair
CAR_0384,SHOP_002,78.0,4,Fair
CAR_0384,SHOP_004,75.0,1,Good
CAR_0384,SHOP_006,76.0,3,Good
CAR_0385,SHOP_007,48.0,4,Fair
CAR_0385,SHOP_001,50.0,1,Excellent
CAR_0385,SHOP_006,48.0,3,Excellent
CAR_0386,SHOP_006,49.0,2,Fair
CAR_0386,SHOP_001,46.0,2,Good
CAR_0386,SHOP_011,54.0,1,Fair
CAR_0387,SHOP_007,48.0,1,Fair
CAR_0387,SHOP_011,54.0,1,Good
CAR_0388,SHOP_001,33.0,3,Fair
CAR_0389,SHOP_001,31.0,2,Good
CAR_0390,SHOP_011,31.0,3,Good
CAR_0391,SHOP_006,41.0,3,Good
CAR_0391,SHOP_001,37.0,1,Good
CAR_0392,SHOP_008,64.0,3,Good
CAR_0392,SHOP_006,62.0,2,Good
CAR_0393,SHOP_002,62.0,2,Fair
CAR_0394,SHOP_007,56.0,3,Fair
CAR_0394,SHOP_006,59.0,1,Excellent
CAR_0395,SHOP_011,50.0,3,Good
CAR_0395,SHOP_007,50.0,4,Good
CAR_0396,SHOP_006,52.0,1,Fair
CAR_0396,SHOP_007,58.0,3,Excellent
CAR_0396,SHOP_008,60.0,4,Good
CAR_0397,SHOP_007,39.0,4,Good
CAR_0397,SHOP_001,34.0,3,Good
CAR_0398,SHOP_011,37.0,4,Good
CAR_0398,SHOP_001,40.0,1,Excellent
CAR_0398,SHOP_007,32.0,4,Excellent
CAR_0399,SHOP_006,40.0,2,Fair
CAR_0400,SHOP_001,73.0,4,Good
CAR_0400,SHOP_006,83.0,2,Good
CAR_0401,SHOP_011,82.0,3,Excellent
CAR_0402,SHOP_010,77.0,1,Good
CAR_0402,SHOP_002,80.0,2,Excellent
CAR_0402,SHOP_011,77.0,3,Good
CAR_0403,SHOP_001,84.0,1,Excellent
CAR_0403,SHOP_010,80.0,1,Good
CAR_0404,SHOP_004,80.0,4,Excellent
CAR_0404,SHOP_007,78.0,3,Excellent
CAR_0404,SHOP_002,87.0,4,Good
CAR_0405,SHOP_007,34.0,4,Excellent
CAR_0405,SHOP_011,40.0,1,Excellent
CAR_0406,SHOP_007,43.0,3,Good
CAR_0406,SHOP_006,43.0,2,Good
CAR_0407,SHOP_001,46.0,1,Good
CAR_0408,SHOP_001,49.0,2,Good
CAR_0408,SHOP_006,54.0,4,Good
CAR_0409,SHOP_007,54.0,2,Excellent
CAR_0410,SHOP_006,52.0,3,Fair
CAR_0410,SHOP_011,48.0,2,Good
CAR_0410,SHOP_001,48.0,1,Good
CAR_0411,SHOP_011,58.0,3,Excellent
CAR_0411,SHOP_001,60.0,3,Good
CAR_0411,SHOP_007,57.0,2,Fair
CAR_0412,SHOP_001,58.0,2,Fair
CAR_0412,SHOP_011,56.0,2,Fair
CAR_0413,SHOP_007,58.0,1,Good
CAR_0413,SHOP_011,61.0,2,Fair
CAR_0413,SHOP_006,61.0,4,Good
CAR_0414,SHOP_007,46.0,4,Excellent
CAR_0414,SHOP_011,39.0,1,Excellent
CAR_0414,SHOP_006,42.0,1,Excellent
CAR_0415,SHOP_007,36.0,4,Fair
CAR_0415,SHOP_006,38.0,1,Good
CAR_0416,SHOP_010,65.0,1,Good
CAR_0416,SHOP_004,74.0,2,Good
CAR_0417,SHOP_011,70.0,1,Good
CAR_0417,SHOP_004,71.0,2,Excellent
CAR_0418,SHOP_001,65.0,4,Excellent
CAR_0419,SHOP_006,61.0,1,Good
CAR_0419,SHOP_008,61.0,2,Excellent
CAR_0420,SHOP_006,32.0,1,Good
CAR_0421,SHOP_008,87.0,3,Good
CAR_0421,SHOP_007,81.0,3,Excellent
CAR_0422,SHOP_011,51.0,4,Good
CAR_0423,SHOP_011,36.0,1,Fair
CAR_0423,SHOP_006,40.0,3,Excellent
CAR_0423,SHOP_007,40.0,2,Good
CAR_0424,SHOP_008,58.0,1,Excellent
CAR_0425,SHOP_006,62.0,1,Excellent
CAR_0426,SHOP_006,57.0,4,Good
CAR_0427,SHOP_006,49.0,2,Excellent
CAR_0427,SHOP_011,46.0,4,Good
CAR_0428,SHOP_001,47.0,3,Good
CAR_0428,SHOP_011,53.0,3,Excellent
CAR_0429,SHOP_002,51.0,1,Good
CAR_0429,SHOP_008,47.0,1,Fair
CAR_0429,SHOP_011,45.0,4,Good
CAR_0430,SHOP_008,48.0,4,Excellent
CAR_0430,SHOP_010,48.0,3,Good
CAR_0431,SHOP_006,57.0,4,Good
CAR_0431,SHOP_001,57.0,4,Good
CAR_0431,SHOP_007,58.0,2,Good
CAR_0432,SHOP_011,54.0,1,Good
CAR_0433,SHOP_011,46.0,1,Good
CAR_0433,SHOP_007,43.0,4,Good
CAR_0433,SHOP_001,44.0,2,Fair
CAR_0434,SHOP_006,53.0,2,Good
CAR_0434,SHOP_007,44.0,2,Fair
CAR_0435,SHOP_001,52.0,4,Excellent
CAR_0435,SHOP_006,49.0,2,Fair
CAR_0435,SHOP_011,44.0,1,Fair
CAR_0436,SHOP_012,75.0,2,Good
CAR_0436,SHOP_010,68.0,3,Fair
CAR_0436,SHOP_004,72.0,3,Good
CAR_0437,SHOP_002,50.0,1,Good
CAR_0437,SHOP_004,49.0,1,Good
CAR_0438,SHOP_006,87.0,4,Good
CAR_0439,SHOP_008,86.0,3,Good
CAR_0439,SHOP_010,90.0,4,Good
CAR_0440,SHOP_007,86.0,3,Excellent
CAR_0441,SHOP_008,51.0,3,Good
CAR_0442,SHOP_002,50.0,3,Fair
CAR_0443,SHOP_008,43.0,3,Good
CAR_0443,SHOP_010,51.0,2,Excellent
CAR_0443,SHOP_006,52.0,4,Good
CAR_0444,SHOP_001,67.0,2,Excellent
CAR_0445,SHOP_004,63.0,2,Good
CAR_0446,SHOP_007,70.0,3,Excellent
CAR_0447,SHOP_001,55.0,1,Excellent
CAR_0447,SHOP_011,59.0,2,Fair
CAR_0447,SHOP_010,57.0,1,Good
CAR_0448,SHOP_007,51.0,4,Excellent
CAR_0449,SHOP_001,44.0,4,Fair
CAR_0450,SHOP_007,45.0,4,Good
CAR_0450,SHOP_006,49.0,2,Good
CAR_0451,SHOP_001,49.0,2,Excellent
CAR_0451,SHOP_007,51.0,2,Good
CAR_0452,SHOP_011,49.0,4,Excellent
CAR_0452,SHOP_006,46.0,4,Good
CAR_0453,SHOP_007,64.0,2,Excellent
CAR_0453,SHOP_004,72.0,3,Fair
CAR_0454,SHOP_008,85.0,3,Good
CAR_0454,SHOP_001,81.0,2,Excellent
CAR_0454,SHOP_011,81.0,2,Excellent
CAR_0455,SHOP_008,78.0,4,Good
CAR_0455,SHOP_002,85.0,2,Good
CAR_0456,SHOP_001,80.0,2,Good
CAR_0457,SHOP_010,73.0,1,Good
CAR_0457,SHOP_005,71.0,4,Good
CAR_0457,SHOP_008,74.0,2,Good
CAR_0458,SHOP_006,76.0,3,Excellent
CAR_0459,SHOP_007,46.0,2,Good
CAR_0459,SHOP_001,47.0,4,Good
CAR_0459,SHOP_011,41.0,1,Excellent
CAR_0460,SHOP_002,42.0,2,Excellent
CAR_0461,SHOP_011,52.0,3,Good
CAR_0461,SHOP_001,56.0,3,Good
CAR_0461,SHOP_008,57.0,3,Excellent
CAR_0462,SHOP_008,49.0,2,Excellent
CAR_0463,SHOP_008,56.0,1,Good
CAR_0463,SHOP_006,55.0,4,Excellent
CAR_0463,SHOP_011,51.0,3,Good
CAR_0464,SHOP_002,62.0,4,Fair
CAR_0465,SHOP_007,51.0,3,Good
CAR_0465,SHOP_001,54.0,2,Fair
CAR_0465,SHOP_008,51.0,3,Good
CAR_0466,SHOP_001,55.0,4,Excellent
CAR_0467,SHOP_004,54.0,2,Excellent
CAR_0468,SHOP_008,68.0,1,Good
CAR_0468,SHOP_004,70.0,3,Good
CAR_0469,SHOP_010,79.0,1,Good
CAR_0469,SHOP_002,74.0,3,Good
CAR_0469,SHOP_008,72.0,1,Good
CAR_0470,SHOP_010,55.0,1,Excellent
CAR_0470,SHOP_007,51.0,4,Good
CAR_0471,SHOP_010,52.0,4,Good
CAR_0471,SHOP_011,53.0,1,Fair
CAR_0472,SHOP_007,54.0,2,Good
CAR_0472,SHOP_008,52.0,1,Good
CAR_0472,SHOP_004,48.0,3,Excellent
CAR_0473,SHOP_007,46.0,4,Good
CAR_0474,SHOP_008,56.0,1,Good
CAR_0474,SHOP_004,61.0,4,Excellent
CAR_0474,SHOP_007,59.0,2,Fair
CAR_0475,SHOP_007,26.0,3,Good
CAR_0476,SHOP_007,49.0,3,Good
CAR_0477,SHOP_002,82.0,1,Fair
CAR_0477,SHOP_008,86.0,4,Good
CAR_0478,SHOP_002,84.0,4,Excellent
CAR_0479,SHOP_004,88.0,4,Good
CAR_0479,SHOP_010,81.0,2,Good
CAR_0480,SHOP_006,43.0,1,Fair
CAR_0480,SHOP_010,48.0,3,Fair
CAR_0480,SHOP_007,45.0,3,Excellent
CAR_0481,SHOP_011,30.0,2,Good
CAR_0481,SHOP_006,34.0,3,Good
CAR_0481,SHOP_001,29.0,3,Fair
CAR_0482,SHOP_001,26.0,3,Excellent
CAR_0482,SHOP_007,25.0,1,Excellent
CAR_0483,SHOP_007,48.0,4,Good
CAR_0483,SHOP_001,51.0,4,Fair
CAR_0483,SHOP_011,55.0,4,Good
CAR_0484,SHOP_006,48.0,4,Excellent
CAR_0484,SHOP_001,50.0,2,Excellent
CAR_0485,SHOP_001,47.0,2,Good
CAR_0485,SHOP_011,53.0,2,Excellent
CAR_0486,SHOP_007,20.0,4,Good
CAR_0486,SHOP_001,29.0,2,Good
CAR_0487,SHOP_006,40.0,1,Excellent
CAR_0487,SHOP_001,35.0,4,Good
CAR_0488,SHOP_001,50.0,1,Fair
CAR_0488,SHOP_007,46.0,2,Good
CAR_0489,SHOP_006,41.0,1,Excellent
CAR_0489,SHOP_011,41.0,1,Good
CAR_0489,SHOP_001,44.0,3,Fair
CAR_0490,SHOP_001,47.0,4,Fair
CAR_0490,SHOP_006,43.0,3,Fair
CAR_0491,SHOP_006,49.0,4,Excellent
CAR_0492,SHOP_011,40.0,3,Good
CAR_0492,SHOP_006,31.0,4,Good
CAR_0493,SHOP_010,48.0,3,Good
CAR_0493,SHOP_001,50.0,4,Excellent
CAR_0494,SHOP_007,49.0,4,Good
CAR_0495,SHOP_006,55.0,1,Good
CAR_0495,SHOP_002,52.0,4,Fair
CAR_0496,SHOP_004,64.0,1,Good
CAR_0496,SHOP_008,56.0,4,Good
CAR_0496,SHOP_001,63.0,1,Good
CAR_0497,SHOP_004,56.0,2,Excellent
CAR_0498,SHOP_008,63.0,1,Good
CAR_0499,SHOP_007,47.0,3,Fair
CAR_0499,SHOP_001,50.0,1,Excellent
CAR_0499,SHOP_006,47.0,4,Fair
CAR_0500,SHOP_007,45.0,4,Good
CAR_0501,SHOP_008,57.0,3,Excellent
CAR_0501,SHOP_006,58.0,4,Excellent
CAR_0502,SHOP_011,74.0,2,Good
CAR_0503,SHOP_010,42.0,2,Good
CAR_0503,SHOP_011,47.0,1,Excellent
CAR_0503,SHOP_008,45.0,2,Good
CAR_0504,SHOP_001,59.0,2,Good
CAR_0504,SHOP_007,57.0,3,Good
CAR_0504,SHOP_011,55.0,4,Good
CAR_0505,SHOP_006,65.0,4,Good
CAR_0505,SHOP_004,69.0,4,Excellent
CAR_0506,SHOP_001,50.0,3,Good
CAR_0507,SHOP_004,48.0,4,Excellent
CAR_0507,SHOP_011,45.0,3,Good
CAR_0508,SHOP_011,73.0,3,Good
CAR_0508,SHOP_006,71.0,2,Excellent
CAR_0509,SHOP_006,53.0,3,Good
CAR_0509,SHOP_007,56.0,4,Good
CAR_0509,SHOP_011,52.0,4,Fair
CAR_0510,SHOP_002,62.0,2,Good
CAR_0510,SHOP_011,62.0,2,Fair
CAR_0511,SHOP_006,59.0,3,Good
CAR_0511,SHOP_008,63.0,2,Good
CAR_0511,SHOP_007,56.0,2,Good
CAR_0512,SHOP_011,63.0,2,Good
CAR_0512,SHOP_002,62.0,2,Good
CAR_0512,SHOP_004,57.0,3,Fair
CAR_0513,SHOP_007,51.0,3,Fair
CAR_0513,SHOP_006,56.0,4,Excellent
CAR_0514,SHOP_011,53.0,1,Fair
CAR_0514,SHOP_007,56.0,1,Fair
CAR_0514,SHOP_001,52.0,4,Excellent
CAR_0515,SHOP_006,48.0,2,Good
CAR_0516,SHOP_002,57.0,4,Good
CAR_0516,SHOP_010,51.0,2,Excellent
CAR_0517,SHOP_011,38.0,2,Good
CAR_0517,SHOP_001,41.0,1,Fair
CAR_0518,SHOP_007,54.0,2,Good
CAR_0518,SHOP_011,57.0,1,Good
CAR_0519,SHOP_008,56.0,4,Fair
CAR_0519,SHOP_010,56.0,4,Fair
CAR_0519,SHOP_011,52.0,2,Good
CAR_0520,SHOP_002,61.0,2,Excellent
CAR_0521,SHOP_007,63.0,2,Good
CAR_0521,SHOP_004,69.0,3,Good
CAR_0521,SHOP_011,64.0,4,Good
CAR_0522,SHOP_010,63.0,1,Good
CAR_0523,SHOP_011,67.0,3,Fair
CAR_0523,SHOP_006,71.0,2,Good
CAR_0524,SHOP_001,89.0,2,Good
CAR_0524,SHOP_004,94.0,4,Excellent
CAR_0525,SHOP_001,53.0,2,Good
CAR_0526,SHOP_004,48.0,2,Excellent
CAR_0526,SHOP_008,51.0,1,Fair
CAR_0526,SHOP_011,56.0,3,Excellent
CAR_0527,SHOP_012,125.0,1,Excellent
CAR_0527,SHOP_005,115.0,1,Fair
CAR_0528,SHOP_001,55.0,3,Fair
CAR_0528,SHOP_011,58.0,2,Excellent
CAR_0529,SHOP_011,44.0,1,Good
CAR_0529,SHOP_007,46.0,2,Fair
CAR_0530,SHOP_007,45.0,1,Good
CAR_0531,SHOP_002,48.0,4,Good
CAR_0532,SHOP_006,42.0,3,Good
CAR_0532,SHOP_004,44.0,4,Good
CAR_0532,SHOP_002,42.0,4,Good
CAR_0533,SHOP_008,72.0,3,Good
CAR_0533,SHOP_004,63.0,1,Excellent
CAR_0533,SHOP_011,71.0,4,Good
CAR_0534,SHOP_002,78.0,1,Excellent
CAR_0535,SHOP_001,46.0,4,Good
CAR_0535,SHOP_011,43.0,1,Excellent
CAR_0536,SHOP_006,49.0,3,Good
CAR_0537,SHOP_006,43.0,1,Excellent
CAR_0537,SHOP_008,49.0,1,Excellent
CAR_0537,SHOP_002,49.0,2,Good
CAR_0538,SHOP_004,56.0,3,Excellent
CAR_0538,SHOP_008,51.0,3,Good
CAR_0539,SHOP_002,52.0,4,Good
CAR_0540,SHOP_008,54.0,4,Fair
CAR_0540,SHOP_010,54.0,2,Excellent
CAR_0541,SHOP_001,52.0,1,Good
CAR_0542,SHOP_001,39.0,4,Fair
CAR_0543,SHOP_006,45.0,3,Excellent
CAR_0544,SHOP_001,48.0,2,Fair
CAR_0544,SHOP_007,48.0,1,Fair
CAR_0544,SHOP_011,43.0,1,Good
CAR_0545,SHOP_006,42.0,2,Good
CAR_0545,SHOP_007,44.0,1,Fair
CAR_0545,SHOP_001,46.0,2,Fair
CAR_0546,SHOP_008,50.0,4,Good
CAR_0546,SHOP_004,51.0,1,Excellent
CAR_0547,SHOP_007,52.0,4,Fair
CAR_0547,SHOP_001,52.0,1,Fair
CAR_0547,SHOP_008,46.0,3,Good
CAR_0548,SHOP_002,48.0,4,Fair
CAR_0549,SHOP_008,56.0,4,Fair
CAR_0550,SHOP_011,71.0,4,Good
CAR_0551,SHOP_001,57.0,1,Excellent
CAR_0552,SHOP_004,82.0,1,Excellent
CAR_0552,SHOP_006,85.0,3,Good
CAR_0553,SHOP_007,77.0,3,Good
CAR_0553,SHOP_011,78.0,2,Fair
CAR_0553,SHOP_001,73.0,4,Good
CAR_0554,SHOP_006,46.0,1,Good
CAR_0554,SHOP_004,42.0,3,Good
CAR_0554,SHOP_007,47.0,3,Excellent
CAR_0555,SHOP_007,54.0,4,Good
CAR_0556,SHOP_011,47.0,4,Excellent
CAR_0556,SHOP_010,43.0,2,Good
CAR_0556,SHOP_004,41.0,4,Good
CAR_0557,SHOP_004,63.0,2,Good
CAR_0557,SHOP_006,56.0,4,Excellent
CAR_0558,SHOP_011,57.0,1,Fair
CAR_0558,SHOP_006,54.0,2,Fair
CAR_0558,SHOP_007,49.0,1,Fair
CAR_0559,SHOP_004,45.0,2,Good
CAR_0559,SHOP_006,47.0,2,Excellent
CAR_0559,SHOP_008,44.0,3,Fair
CAR_0560,SHOP_001,95.0,2,Good
CAR_0560,SHOP_010,89.0,3,Good
CAR_0561,SHOP_007,66.0,2,Fair
CAR_0561,SHOP_011,64.0,3,Good
CAR_0562,SHOP_011,48.0,2,Good
CAR_0562,SHOP_007,43.0,3,Good
CAR_0562,SHOP_001,50.0,2,Good
CAR_0563,SHOP_008,70.0,3,Excellent
CAR_0563,SHOP_011,73.0,4,Fair
CAR_0563,SHOP_012,72.0,3,Fair
CAR_0564,SHOP_008,68.0,1,Fair
CAR_0565,SHOP_006,56.0,1,Good
CAR_0566,SHOP_007,85.0,2,Good
CAR_0566,SHOP_010,84.0,2,Excellent
CAR_0567,SHOP_007,36.0,2,Excellent
CAR_0567,SHOP_011,32.0,4,Excellent
CAR_0567,SHOP_006,35.0,2,Fair
CAR_0568,SHOP_007,31.0,3,Excellent
CAR_0569,SHOP_006,30.0,3,Excellent
CAR_0569,SHOP_011,26.0,3,Good
CAR_0570,SHOP_001,35.0,4,Good
CAR_0570,SHOP_006,35.0,3,Good
CAR_0570,SHOP_011,34.0,2,Good
CAR_0571,SHOP_002,74.0,1,Good
CAR_0571,SHOP_010,82.0,1,Fair
CAR_0572,SHOP_011,51.0,3,Good
CAR_0573,SHOP_002,59.0,3,Excellent
CAR_0574,SHOP_002,67.0,2,Excellent
CAR_0574,SHOP_006,64.0,3,Excellent
CAR_0575,SHOP_001,78.0,3,Fair
CAR_0575,SHOP_010,79.0,3,Excellent
CAR_0575,SHOP_004,79.0,3,Good
CAR_0576,SHOP_011,77.0,2,Fair
CAR_0577,SHOP_001,77.0,1,Good
CAR_0577,SHOP_006,74.0,2,Good
CAR_0577,SHOP_007,75.0,3,Good
CAR_0578,SHOP_011,40.0,1,Excellent
CAR_0578,SHOP_006,42.0,4,Good
CAR_0578,SHOP_007,44.0,2,Excellent
CAR_0579,SHOP_001,62.0,4,Excellent
CAR_0579,SHOP_011,57.0,3,Excellent
CAR_0579,SHOP_006,62.0,3,Fair
CAR_0580,SHOP_007,55.0,2,Good
CAR_0580,SHOP_004,60.0,1,Good
CAR_0581,SHOP_006,29.0,1,Good
CAR_0581,SHOP_011,31.0,2,Fair
CAR_0581,SHOP_007,32.0,2,Fair
CAR_0582,SHOP_011,39.0,1,Good
CAR_0582,SHOP_006,31.0,3,Excellent
CAR_0582,SHOP_007,32.0,1,Good
CAR_0583,SHOP_001,33.0,2,Good
CAR_0583,SHOP_007,31.0,4,Fair
CAR_0584,SHOP_011,28.0,4,Excellent
CAR_0584,SHOP_006,30.0,1,Excellent
CAR_0585,SHOP_007,32.0,3,Excellent
CAR_0585,SHOP_006,27.0,3,Excellent
CAR_0585,SHOP_001,27.0,4,Fair
CAR_0586,SHOP_001,32.0,1,Fair
CAR_0586,SHOP_006,26.0,2,Good
CAR_0587,SHOP_011,28.0,3,Good
CAR_0587,SHOP_007,27.0,3,Excellent
CAR_0587,SHOP_001,30.0,2,Excellent
CAR_0588,SHOP_001,45.0,4,Excellent
CAR_0589,SHOP_007,47.0,3,Good
CAR_0589,SHOP_011,49.0,2,Good
CAR_0590,SHOP_006,47.0,3,Good
CAR_0591,SHOP_007,28.0,1,Fair
CAR_0592,SHOP_001,24.0,3,Excellent
CAR_0592,SHOP_007,22.0,2,Fair
CAR_0592,SHOP_011,29.0,3,Good
CAR_0593,SHOP_008,54.0,1,Good
CAR_0593,SHOP_004,54.0,2,Good
CAR_0593,SHOP_002,52.0,3,Good
CAR_0594,SHOP_011,78.0,3,Good
CAR_0594,SHOP_012,82.0,2,Excellent
CAR_0594,SHOP_005,75.0,2,Fair
CAR_0595,SHOP_012,179.0,2,Good
CAR_0595,SHOP_005,180.0,4,Fair
CAR_0596,SHOP_008,65.0,4,Excellent
CAR_0596,SHOP_006,59.0,1,Good
CAR_0597,SHOP_011,92.0,2,Good
CAR_0598,SHOP_012,89.0,1,Excellent
CAR_0598,SHOP_002,89.0,1,Fair
CAR_0598,SHOP_010,88.0,2,Excellent
CAR_0599,SHOP_002,68.0,4,Good
CAR_0599,SHOP_005,69.0,2,Good
CAR_0599,SHOP_004,67.0,1,Fair
CAR_0600,SHOP_005,71.0,2,Good
CAR_0600,SHOP_011,73.0,2,Fair
CAR_0601,SHOP_002,67.0,2,Fair
CAR_0602,SHOP_001,24.0,4,Good
CAR_0602,SHOP_006,25.0,3,Good
CAR_0603,SHOP_011,40.0,3,Fair
CAR_0604,SHOP_011,30.0,1,Excellent
CAR_0604,SHOP_006,31.0,3,Excellent
CAR_0605,SHOP_011,42.0,3,Good
CAR_0605,SHOP_001,38.0,2,Fair
CAR_0605,SHOP_006,39.0,3,Excellent
CAR_0606,SHOP_001,22.0,2,Fair
CAR_0606,SHOP_007,23.0,3,Fair
CAR_0606,SHOP_011,27.0,1,Good
CAR_0607,SHOP_007,47.0,1,Good
CAR_0607,SHOP_001,47.0,2,Good
CAR_0608,SHOP_011,58.0,1,Good
CAR_0608,SHOP_007,56.0,3,Excellent
CAR_0609,SHOP_007,66.0,4,Good
CAR_0609,SHOP_004,65.0,4,Excellent
CAR_0610,SHOP_011,93.0,2,Good
CAR_0611,SHOP_007,28.0,2,Excellent
CAR_0611,SHOP_006,25.0,2,Fair
CAR_0611,SHOP_011,29.0,1,Good
CAR_0612,SHOP_005,877.0,4,Fair
CAR_0613,SHOP_012,877.0,4,Good
CAR_0614,SHOP_005,883.0,2,Good
CAR_0614,SHOP_012,877.0,3,Fair
CAR_0615,SHOP_002,70.0,2,Fair
CAR_0615,SHOP_004,68.0,1,Excellent
CAR_0615,SHOP_010,66.0,4,Good
CAR_0616,SHOP_001,86.0,4,Excellent
CAR_0616,SHOP_011,94.0,1,Excellent
CAR_0616,SHOP_004,90.0,2,Excellent
CAR_0617,SHOP_010,91.0,4,Good
CAR_0617,SHOP_001,94.0,4,Good
CAR_0617,SHOP_008,94.0,4,Fair
CAR_0618,SHOP_008,91.0,1,Fair
CAR_0618,SHOP_001,86.0,4,Good
CAR_0619,SHOP_008,103.0,4,Good
CAR_0620,SHOP_002,58.0,1,Excellent
CAR_0621,SHOP_011,35.0,2,Good
CAR_0621,SHOP_007,39.0,1,Good
CAR_0621,SHOP_006,39.0,3,Good
CAR_0622,SHOP_007,74.0,3,Good
CAR_0622,SHOP_002,80.0,4,Good
CAR_0622,SHOP_011,74.0,4,Good
CAR_0623,SHOP_004,76.0,4,Good
CAR_0623,SHOP_010,80.0,3,Fair
CAR_0624,SHOP_001,71.0,1,Good
CAR_0624,SHOP_008,74.0,2,Excellent
CAR_0624,SHOP_011,72.0,4,Good
CAR_0625,SHOP_006,45.0,1,Good
CAR_0625,SHOP_011,43.0,1,Excellent
CAR_0625,SHOP_007,47.0,4,Fair
CAR_0626,SHOP_011,41.0,2,Good
CAR_0627,SHOP_001,38.0,4,Fair
CAR_0628,SHOP_001,84.0,3,Excellent
CAR_0628,SHOP_006,87.0,2,Fair
CAR_0628,SHOP_010,82.0,2,Good
CAR_0629,SHOP_004,59.0,2,Good
CAR_0630,SHOP_006,55.0,2,Excellent
CAR_0630,SHOP_004,65.0,1,Good
CAR_0630,SHOP_001,63.0,3,Fair
CAR_0631,SHOP_002,61.0,1,Excellent
CAR_0631,SHOP_010,64.0,3,Good
CAR_0632,SHOP_001,65.0,3,Good
CAR_0632,SHOP_004,61.0,2,Fair
CAR_0633,SHOP_007,58.0,3,Good
CAR_0633,SHOP_008,56.0,1,Excellent
CAR_0634,SHOP_006,52.0,1,Good
CAR_0634,SHOP_004,58.0,3,Fair
CAR_0634,SHOP_001,59.0,4,Good
CAR_0635,SHOP_006,59.0,4,Fair
CAR_0635,SHOP_004,58.0,1,Fair
CAR_0636,SHOP_008,52.0,4,Good
CAR_0637,SHOP_005,142.0,3,Fair
CAR_0637,SHOP_012,145.0,1,Good
CAR_0638,SHOP_001,80.0,4,Good
CAR_0639,SHOP_007,95.0,2,Fair
CAR_0640,SHOP_004,97.0,3,Good
CAR_0640,SHOP_011,102.0,2,Fair
CAR_0641,SHOP_002,90.0,2,Good
CAR_0641,SHOP_010,90.0,2,Good
CAR_0641,SHOP_006,96.0,3,Good
CAR_0642,SHOP_001,36.0,1,Fair
CAR_0643,SHOP_007,31.0,1,Fair
CAR_0643,SHOP_006,35.0,3,Fair
CAR_0643,SHOP_011,40.0,3,Fair
CAR_0644,SHOP_007,40.0,3,Fair
CAR_0645,SHOP_001,38.0,2,Excellent
CAR_0646,SHOP_006,38.0,4,Excellent
CAR_0646,SHOP_001,35.0,4,Good
CAR_0646,SHOP_011,35.0,1,Fair
CAR_0647,SHOP_010,50.0,1,Good
CAR_0647,SHOP_007,47.0,1,Good
CAR_0648,SHOP_001,49.0,3,Good
CAR_0648,SHOP_007,48.0,2,Good
CAR_0649,SHOP_001,53.0,3,Good
CAR_0649,SHOP_007,45.0,4,Good
CAR_0650,SHOP_006,50.0,3,Good
CAR_0650,SHOP_011,52.0,3,Fair
CAR_0651,SHOP_006,41.0,2,Excellent
CAR_0652,SHOP_001,35.0,2,Fair
CAR_0652,SHOP_011,41.0,2,Good
CAR_0652,SHOP_007,40.0,2,Fair
CAR_0653,SHOP_011,34.0,4,Good
CAR_0654,SHOP_007,37.0,3,Fair
CAR_0654,SHOP_001,35.0,1,Fair
CAR_0654,SHOP_011,33.0,2,Excellent
CAR_0655,SHOP_008,98.0,4,Excellent
CAR_0656,SHOP_002,97.0,3,Good
CAR_0656,SHOP_011,94.0,3,Good
CAR_0657,SHOP_008,94.0,3,Good
CAR_0658,SHOP_010,91.0,2,Good
CAR_0658,SHOP_001,89.0,4,Fair
CAR_0658,SHOP_007,94.0,4,Good
CAR_0659,SHOP_007,60.0,2,Good
CAR_0659,SHOP_010,60.0,3,Fair
CAR_0660,SHOP_005,149.0,4,Excellent
CAR_0660,SHOP_012,144.0,3,Good
CAR_0661,SHOP_004,70.0,3,Good
CAR_0661,SHOP_007,73.0,4,Good
CAR_0662,SHOP_004,73.0,3,Fair
CAR_0662,SHOP_012,69.0,2,Excellent
CAR_0663,SHOP_007,103.0,3,Excellent
CAR_0664,SHOP_001,97.0,1,Excellent
CAR_0665,SHOP_001,105.0,4,Excellent
CAR_0666,SHOP_011,78.0,1,Excellent
CAR_0667,SHOP_008,76.0,1,Fair
CAR_0667,SHOP_001,73.0,2,Good
CAR_0668,SHOP_008,76.0,2,Good
CAR_0668,SHOP_001,70.0,3,Good
CAR_0669,SHOP_007,56.0,3,Fair
CAR_0669,SHOP_006,52.0,2,Fair
CAR_0670,SHOP_001,58.0,4,Good
CAR_0670,SHOP_006,60.0,4,Good
CAR_0670,SHOP_011,59.0,4,Good
CAR_0671,SHOP_006,55.0,2,Good
CAR_0671,SHOP_001,51.0,2,Good
CAR_0672,SHOP_002,48.0,1,Fair
CAR_0672,SHOP_004,52.0,4,Good
CAR_0673,SHOP_008,85.0,3,Good
CAR_0674,SHOP_011,50.0,2,Fair
CAR_0675,SHOP_001,53.0,2,Good
CAR_0675,SHOP_007,56.0,4,Fair
CAR_0675,SHOP_006,51.0,1,Fair
CAR_0676,SHOP_011,51.0,3,Good
CAR_0676,SHOP_006,55.0,3,Fair
CAR_0676,SHOP_001,51.0,1,Good
CAR_0677,SHOP_007,52.0,4,Fair
CAR_0678,SHOP_001,30.0,4,Good
CAR_0678,SHOP_006,26.0,2,Excellent
CAR_0679,SHOP_006,39.0,1,Good
CAR_0679,SHOP_007,42.0,4,Excellent
CAR_0679,SHOP_011,41.0,2,Excellent
CAR_0680,SHOP_001,41.0,4,Good
CAR_0680,SHOP_007,47.0,4,Good
CAR_0681,SHOP_001,46.0,1,Good
CAR_0681,SHOP_007,40.0,2,Excellent
CAR_0682,SHOP_011,70.0,1,Fair
CAR_0682,SHOP_004,64.0,3,Fair
CAR_0683,SHOP_011,64.0,2,Fair
CAR_0684,SHOP_004,65.0,1,Good
CAR_0684,SHOP_001,67.0,1,Good
CAR_0685,SHOP_007,43.0,3,Good
CAR_0685,SHOP_011,41.0,1,Excellent
CAR_0686,SHOP_011,32.0,3,Good
CAR_0686,SHOP_007,31.0,1,Good
CAR_0687,SHOP_008,84.0,4,Good
CAR_0688,SHOP_010,63.0,3,Excellent
CAR_0689,SHOP_007,59.0,1,Excellent
CAR_0689,SHOP_011,57.0,4,Good
CAR_0690,SHOP_004,73.0,2,Good
CAR_0690,SHOP_001,70.0,3,Excellent
CAR_0691,SHOP_008,63.0,2,Excellent
CAR_0692,SHOP_012,480.0,3,Good
CAR_0693,SHOP_005,482.0,1,Fair
CAR_0693,SHOP_012,479.0,2,Good
CAR_0694,SHOP_005,480.0,4,Good
CAR_0695,SHOP_011,72.0,2,Good
CAR_0695,SHOP_005,70.0,3,Fair
CAR_0695,SHOP_002,68.0,2,Excellent
CAR_0696,SHOP_008,60.0,3,Good
CAR_0696,SHOP_001,63.0,4,Excellent
CAR_0696,SHOP_010,66.0,4,Good
CAR_0697,SHOP_010,86.0,3,Good
CAR_0698,SHOP_008,104.0,4,Good
CAR_0698,SHOP_007,102.0,4,Good
CAR_0699,SHOP_007,48.0,4,Good
CAR_0699,SHOP_006,46.0,1,Excellent
CAR_0699,SHOP_011,53.0,2,Good
CAR_0700,SHOP_002,42.0,4,Good
CAR_0701,SHOP_010,70.0,4,Fair
CAR_0702,SHOP_010,76.0,3,Excellent
CAR_0702,SHOP_008,74.0,1,Excellent
CAR_0702,SHOP_006,79.0,2,Fair
CAR_0703,SHOP_002,75.0,1,Good
CAR_0704,SHOP_012,802.0,4,Good
CAR_0704,SHOP_005,803.0,1,Good
CAR_0705,SHOP_001,35.0,1,Good
CAR_0705,SHOP_011,36.0,2,Excellent
CAR_0705,SHOP_007,36.0,2,Fair
CAR_0706,SHOP_011,47.0,2,Good
CAR_0707,SHOP_008,55.0,4,Excellent
CAR_0707,SHOP_004,55.0,3,Fair
CAR_0707,SHOP_002,55.0,4,Excellent
CAR_0708,SHOP_004,55.0,4,Good
CAR_0709,SHOP_008,49.0,4,Good
CAR_0709,SHOP_011,57.0,3,Good
CAR_0709,SHOP_007,52.0,4,Good
CAR_0710,SHOP_007,17.0,2,Fair
CAR_0710,SHOP_011,23.0,3,Good
CAR_0710,SHOP_001,25.0,4,Fair
CAR_0711,SHOP_011,22.0,3,Excellent
CAR_0712,SHOP_007,16.0,3,Excellent
CAR_0712,SHOP_006,18.0,2,Good
CAR_0712,SHOP_001,24.0,1,Good
CAR_0713,SHOP_011,56.0,2,Excellent
CAR_0713,SHOP_007,51.0,3,Good
CAR_0713,SHOP_006,52.0,3,Good
CAR_0714,SHOP_001,34.0,3,Excellent
CAR_0715,SHOP_011,45.0,2,Excellent
CAR_0715,SHOP_001,48.0,4,Good
CAR_0715,SHOP_007,46.0,1,Good
CAR_0716,SHOP_001,48.0,4,Excellent
CAR_0717,SHOP_007,50.0,3,Good
CAR_0718,SHOP_011,43.0,1,Good
CAR_0718,SHOP_007,46.0,1,Fair
CAR_0719,SHOP_011,51.0,1,Good
CAR_0720,SHOP_007,37.0,3,Good
CAR_0720,SHOP_001,33.0,4,Fair
CAR_0720,SHOP_011,39.0,1,Good
CAR_0721,SHOP_011,93.0,4,Good
CAR_0721,SHOP_005,91.0,1,Fair
CAR_0722,SHOP_002,72.0,4,Good
CAR_0722,SHOP_010,66.0,4,Good
CAR_0722,SHOP_005,73.0,4,Good
CAR_0723,SHOP_004,47.0,2,Good
CAR_0723,SHOP_001,45.0,3,Fair
CAR_0724,SHOP_008,71.0,1,Excellent
CAR_0724,SHOP_006,71.0,4,Good
CAR_0725,SHOP_011,57.0,3,Excellent
CAR_0725,SHOP_006,63.0,2,Good
CAR_0726,SHOP_005,179.0,4,Good
CAR_0726,SHOP_012,175.0,2,Good
CAR_0727,SHOP_005,175.0,1,Excellent
CAR_0727,SHOP_012,178.0,2,Good
CAR_0728,SHOP_012,171.0,1,Good
CAR_0728,SHOP_005,176.0,1,Good
CAR_0729,SHOP_006,77.0,2,Good
CAR_0730,SHOP_004,75.0,3,Fair
CAR_0730,SHOP_005,76.0,2,Excellent
CAR_0730,SHOP_008,74.0,1,Good
CAR_0731,SHOP_010,66.0,2,Good
CAR_0732,SHOP_010,95.0,1,Excellent
CAR_0733,SHOP_004,69.0,3,Excellent
CAR_0733,SHOP_007,63.0,4,Good
CAR_0734,SHOP_007,36.0,1,Good
CAR_0734,SHOP_011,36.0,1,Good
CAR_0735,SHOP_001,90.0,4,Excellent
CAR_0736,SHOP_007,80.0,3,Good
CAR_0737,SHOP_010,51.0,2,Excellent
CAR_0737,SHOP_008,51.0,3,Good
CAR_0738,SHOP_001,58.0,3,Excellent
CAR_0738,SHOP_010,61.0,4,Excellent
CAR_0738,SHOP_002,64.0,3,Good
CAR_0739,SHOP_011,81.0,4,Good
CAR_0740,SHOP_004,47.0,2,Fair
CAR_0741,SHOP_008,46.0,4,Good
CAR_0742,SHOP_011,43.0,2,Good
CAR_0742,SHOP_008,47.0,2,Good
CAR_0742,SHOP_007,43.0,2,Fair
CAR_0743,SHOP_008,54.0,2,Good
CAR_0744,SHOP_008,53.0,1,Good
CAR_0745,SHOP_001,56.0,2,Excellent
CAR_0745,SHOP_011,55.0,4,Fair
CAR_0746,SHOP_007,74.0,3,Good
CAR_0746,SHOP_002,78.0,1,Good
CAR_0747,SHOP_008,70.0,3,Good
CAR_0748,SHOP_007,72.0,1,Good
CAR_0748,SHOP_002,71.0,4,Good
CAR_0748,SHOP_010,75.0,4,Good
CAR_0749,SHOP_006,54.0,4,Fair
CAR_0750,SHOP_006,47.0,2,Excellent
CAR_0751,SHOP_007,53.0,1,Good
CAR_0751,SHOP_011,55.0,2,Good
CAR_0752,SHOP_001,32.0,4,Fair
CAR_0753,SHOP_006,34.0,4,Good
CAR_0753,SHOP_001,35.0,1,Fair
CAR_0753,SHOP_011,38.0,4,Excellent
CAR_0754,SHOP_006,32.0,4,Excellent
CAR_0754,SHOP_001,40.0,2,Fair
CAR_0754,SHOP_007,41.0,1,Fair
CAR_0755,SHOP_007,48.0,1,Good
CAR_0755,SHOP_010,43.0,4,Good
CAR_0755,SHOP_002,48.0,3,Fair
CAR_0756,SHOP_007,29.0,1,Good
CAR_0757,SHOP_011,33.0,4,Excellent
CAR_0757,SHOP_006,32.0,1,Good
CAR_0758,SHOP_007,34.0,2,Fair
CAR_0758,SHOP_006,29.0,4,Excellent
CAR_0758,SHOP_011,27.0,2,Fair
CAR_0759,SHOP_001,22.0,2,Excellent
CAR_0760,SHOP_006,16.0,4,Good
CAR_0761,SHOP_001,50.0,4,Good
CAR_0762,SHOP_010,68.0,1,Good
CAR_0762,SHOP_011,72.0,2,Good
CAR_0763,SHOP_001,54.0,1,Fair
CAR_0764,SHOP_006,54.0,4,Good
CAR_0764,SHOP_007,57.0,1,Good
CAR_0765,SHOP_010,65.0,3,Excellent
CAR_0766,SHOP_008,70.0,4,Excellent
CAR_0766,SHOP_010,71.0,4,Good
CAR_0767,SHOP_011,71.0,4,Fair
CAR_0768,SHOP_010,89.0,1,Good
CAR_0768,SHOP_011,94.0,3,Good
CAR_0769,SHOP_011,64.0,1,Good
CAR_0770,SHOP_007,64.0,1,Good
CAR_0771,SHOP_002,72.0,1,Excellent
CAR_0771,SHOP_011,67.0,2,Good
CAR_0772,SHOP_002,73.0,2,Fair
CAR_0772,SHOP_004,77.0,3,Excellent
CAR_0772,SHOP_001,71.0,3,Good
CAR_0773,SHOP_008,79.0,1,Fair
CAR_0773,SHOP_011,78.0,1,Good
CAR_0774,SHOP_002,64.0,3,Good
CAR_0774,SHOP_011,68.0,2,Good
CAR_0775,SHOP_004,48.0,1,Fair
CAR_0775,SHOP_007,55.0,3,Fair
CAR_0775,SHOP_011,54.0,3,Good
CAR_0776,SHOP_002,53.0,3,Good
CAR_0776,SHOP_007,54.0,4,Fair
CAR_0776,SHOP_001,52.0,2,Good
CAR_0777,SHOP_006,50.0,2,Excellent
CAR_0777,SHOP_007,49.0,4,Excellent
CAR_0777,SHOP_010,55.0,2,Fair
CAR_0778,SHOP_011,35.0,3,Good
CAR_0778,SHOP_001,35.0,2,Good
CAR_0779,SHOP_006,53.0,3,Good
CAR_0779,SHOP_007,50.0,3,Excellent
CAR_0780,SHOP_011,38.0,3,Fair
CAR_0781,SHOP_008,55.0,1,Good
CAR_0781,SHOP_002,51.0,3,Fair
CAR_0781,SHOP_007,58.0,1,Good
CAR_0782,SHOP_004,60.0,4,Good
CAR_0782,SHOP_002,63.0,4,Excellent
CAR_0783,SHOP_008,50.0,3,Excellent
CAR_0783,SHOP_007,50.0,3,Good
CAR_0783,SHOP_004,48.0,2,Good
CAR_0784,SHOP_010,86.0,4,Good
CAR_0785,SHOP_011,89.0,2,Excellent
CAR_0785,SHOP_002,92.0,3,Good
CAR_0785,SHOP_004,90.0,3,Fair
CAR_0786,SHOP_004,88.0,2,Good
CAR_0787,SHOP_011,95.0,3,Good
CAR_0787,SHOP_005,92.0,2,Excellent
CAR_0788,SHOP_010,108.0,2,Excellent
CAR_0788,SHOP_008,104.0,1,Fair
CAR_0789,SHOP_004,102.0,3,Fair
CAR_0789,SHOP_011,107.0,3,Good
CAR_0789,SHOP_002,101.0,1,Good
CAR_0790,SHOP_004,107.0,4,Fair
CAR_0791,SHOP_005,148.0,1,Excellent
CAR_0791,SHOP_012,142.0,1,Excellent
CAR_0792,SHOP_005,144.0,1,Excellent
CAR_0792,SHOP_012,144.0,3,Excellent
CAR_0793,SHOP_005,147.0,2,Good
CAR_0793,SHOP_012,141.0,3,Good
CAR_0794,SHOP_005,128.0,4,Excellent
CAR_0794,SHOP_012,128.0,2,Good
CAR_0794,SHOP_011,126.0,1,Good
CAR_0795,SHOP_010,101.0,3,Good
CAR_0795,SHOP_008,98.0,3,Good
CAR_0795,SHOP_011,99.0,3,Good
CAR_0796,SHOP_004,114.0,2,Excellent
CAR_0796,SHOP_011,115.0,1,Excellent
CAR_0796,SHOP_012,114.0,1,Fair
CAR_0797,SHOP_002,117.0,4,Good
CAR_0797,SHOP_005,118.0,2,Excellent
CAR_0798,SHOP_012,153.0,1,Fair
CAR_0798,SHOP_005,148.0,3,Fair
CAR_0799,SHOP_012,92.0,2,Good
CAR_0799,SHOP_002,99.0,3,Good
CAR_0800,SHOP_010,92.0,3,Good
CAR_0800,SHOP_004,95.0,1,Excellent
CAR_0801,SHOP_008,91.0,4,Fair
CAR_0801,SHOP_005,98.0,3,Good
CAR_0802,SHOP_002,81.0,1,Fair
CAR_0802,SHOP_010,83.0,1,Good
CAR_0802,SHOP_012,81.0,1,Good
CAR_0803,SHOP_012,85.0,4,Good
CAR_0803,SHOP_005,86.0,2,Fair
CAR_0803,SHOP_008,84.0,3,Good
CAR_0804,SHOP_010,96.0,4,Good
CAR_0804,SHOP_004,95.0,2,Good
CAR_0804,SHOP_002,97.0,1,Fair
CAR_0805,SHOP_005,131.0,4,Good
CAR_0806,SHOP_010,106.0,4,Good
CAR_0806,SHOP_004,108.0,4,Excellent
CAR_0806,SHOP_012,111.0,4,Good
CAR_0807,SHOP_008,111.0,1,Excellent
CAR_0807,SHOP_005,107.0,2,Excellent
CAR_0808,SHOP_004,112.0,4,Good
CAR_0809,SHOP_012,137.0,4,Good
CAR_0809,SHOP_005,133.0,3,Good
CAR_0810,SHOP_002,93.0,3,Fair
CAR_0810,SHOP_011,92.0,3,Excellent
CAR_0810,SHOP_006,91.0,4,Good
CAR_0811,SHOP_002,86.0,1,Excellent
CAR_0811,SHOP_006,92.0,3,Excellent
CAR_0812,SHOP_002,94.0,2,Fair
CAR_0812,SHOP_010,92.0,4,Good
CAR_0813,SHOP_004,74.0,4,Fair
CAR_0813,SHOP_005,75.0,2,Fair
CAR_0813,SHOP_002,71.0,4,Good
CAR_0814,SHOP_010,82.0,2,Good
CAR_0814,SHOP_005,80.0,1,Good
CAR_0815,SHOP_002,101.0,4,Good
CAR_0815,SHOP_001,93.0,4,Fair
CAR_0815,SHOP_006,101.0,4,Good
CAR_0816,SHOP_002,110.0,4,Fair
CAR_0816,SHOP_005,109.0,2,Fair
CAR_0817,SHOP_010,126.0,4,Good
CAR_0817,SHOP_005,133.0,3,Fair
CAR_0817,SHOP_012,136.0,3,Excellent
CAR_0818,SHOP_005,132.0,3,Excellent
CAR_0819,SHOP_008,131.0,1,Good
CAR_0819,SHOP_010,134.0,3,Fair
CAR_0819,SHOP_012,131.0,1,Good
CAR_0820,SHOP_008,108.0,1,Good
CAR_0820,SHOP_011,108.0,3,Excellent
CAR_0821,SHOP_008,106.0,4,Good
CAR_0821,SHOP_002,106.0,3,Good
CAR_0822,SHOP_010,102.0,3,Good
CAR_0823,SHOP_002,115.0,2,Excellent
CAR_0824,SHOP_008,126.0,1,Good
CAR_0824,SHOP_005,121.0,2,Excellent
CAR_0824,SHOP_012,125.0,3,Good
CAR_0825,SHOP_004,122.0,3,Good
CAR_0826,SHOP_008,124.0,2,Good
CAR_0827,SHOP_012,157.0,2,Good
CAR_0827,SHOP_005,161.0,2,Fair
CAR_0828,SHOP_012,187.0,1,Good
CAR_0829,SHOP_012,134.0,2,Fair
CAR_0830,SHOP_005,196.0,2,Fair
CAR_0830,SHOP_012,195.0,2,Good
CAR_0831,SHOP_012,180.0,3,Excellent
CAR_0831,SHOP_005,179.0,1,Excellent
CAR_0832,SHOP_005,177.0,4,Good
CAR_0833,SHOP_005,180.0,2,Fair
CAR_0833,SHOP_012,179.0,4,Fair
CAR_0834,SHOP_008,83.0,4,Excellent
CAR_0834,SHOP_002,85.0,4,Fair
CAR_0835,SHOP_011,102.0,1,Excellent
CAR_0835,SHOP_005,108.0,3,Fair
CAR_0835,SHOP_008,105.0,3,Good
CAR_0836,SHOP_005,118.0,1,Good
CAR_0836,SHOP_012,122.0,4,Fair
CAR_0837,SHOP_005,150.0,2,Good
CAR_0837,SHOP_012,150.0,2,Good
CAR_0838,SHOP_012,128.0,1,Excellent
CAR_0838,SHOP_002,128.0,1,Excellent
CAR_0838,SHOP_010,135.0,3,Good
CAR_0839,SHOP_008,96.0,2,Excellent
CAR_0839,SHOP_010,93.0,1,Excellent
CAR_0839,SHOP_002,102.0,2,Excellent
CAR_0840,SHOP_010,109.0,1,Good
CAR_0840,SHOP_004,103.0,2,Excellent
CAR_0840,SHOP_005,106.0,3,Good
CAR_0841,SHOP_002,97.0,1,Fair
CAR_0841,SHOP_004,99.0,3,Fair
CAR_0842,SHOP_001,99.0,3,Good
CAR_0842,SHOP_008,92.0,1,Good
CAR_0842,SHOP_011,98.0,4,Fair
CAR_0843,SHOP_007,100.0,3,Good
CAR_0843,SHOP_002,92.0,1,Fair
CAR_0844,SHOP_005,77.0,2,Fair
CAR_0845,SHOP_005,72.0,4,Good
CAR_0846,SHOP_008,77.0,4,Good
CAR_0846,SHOP_004,71.0,1,Excellent
CAR_0846,SHOP_002,76.0,3,Fair
CAR_0847,SHOP_002,104.0,2,Excellent
CAR_0848,SHOP_011,143.0,3,Good
CAR_0849,SHOP_008,140.0,4,Excellent
CAR_0849,SHOP_005,142.0,4,Fair
CAR_0849,SHOP_002,141.0,1,Good
CAR_0850,SHOP_002,141.0,4,Excellent
CAR_0851,SHOP_010,99.0,3,Good
CAR_0851,SHOP_004,100.0,4,Excellent
CAR_0851,SHOP_008,100.0,1,Good
CAR_0852,SHOP_011,108.0,3,Excellent
CAR_0852,SHOP_002,108.0,3,Good
CAR_0852,SHOP_007,101.0,1,Fair
CAR_0853,SHOP_004,87.0,4,Excellent
CAR_0853,SHOP_005,92.0,3,Fair
CAR_0853,SHOP_012,86.0,4,Good
CAR_0854,SHOP_008,86.0,1,Good
CAR_0855,SHOP_002,89.0,3,Fair
CAR_0855,SHOP_010,91.0,4,Excellent
CAR_0856,SHOP_011,97.0,3,Excellent
CAR_0857,SHOP_004,88.0,4,Good
CAR_0857,SHOP_002,95.0,2,Excellent
CAR_0858,SHOP_010,116.0,4,Excellent
CAR_0859,SHOP_008,105.0,1,Good
CAR_0859,SHOP_002,103.0,2,Excellent
CAR_0860,SHOP_005,161.0,3,Excellent
CAR_0861,SHOP_011,130.0,1,Excellent
CAR_0861,SHOP_008,125.0,2,Excellent
CAR_0862,SHOP_010,128.0,4,Good
CAR_0863,SHOP_005,134.0,2,Good
CAR_0864,SHOP_010,101.0,2,Good
CAR_0865,SHOP_005,133.0,2,Fair
CAR_0866,SHOP_012,139.0,2,Fair
CAR_0867,SHOP_010,141.0,1,Good
CAR_0868,SHOP_005,143.0,4,Good
CAR_0869,SHOP_005,236.0,1,Excellent
CAR_0870,SHOP_005,102.0,1,Good
CAR_0871,SHOP_002,89.0,4,Good
CAR_0871,SHOP_007,84.0,3,Fair
CAR_0872,SHOP_010,92.0,2,Excellent
CAR_0872,SHOP_006,95.0,4,Excellent
CAR_0873,SHOP_004,74.0,3,Good
CAR_0873,SHOP_010,70.0,2,Good
CAR_0873,SHOP_002,67.0,1,Good
CAR_0874,SHOP_004,83.0,4,Good
CAR_0874,SHOP_005,81.0,2,Excellent
CAR_0874,SHOP_010,86.0,4,Fair
CAR_0875,SHOP_008,82.0,1,Excellent
CAR_0876,SHOP_008,71.0,2,Fair
CAR_0876,SHOP_002,70.0,4,Excellent
CAR_0876,SHOP_004,68.0,1,Good
CAR_0877,SHOP_008,94.0,4,Excellent
CAR_0878,SHOP_005,95.0,4,Good
CAR_0879,SHOP_010,88.0,3,Good
CAR_0879,SHOP_011,94.0,3,Good
CAR_0880,SHOP_012,92.0,4,Good
CAR_0881,SHOP_005,150.0,1,Fair
CAR_0881,SHOP_012,147.0,1,Fair
CAR_0882,SHOP_004,76.0,4,Good
CAR_0883,SHOP_012,133.0,4,Good
CAR_0883,SHOP_005,136.0,3,Good
CAR_0884,SHOP_005,107.0,1,Good
CAR_0884,SHOP_004,108.0,4,Fair
CAR_0885,SHOP_007,100.0,3,Good
CAR_0885,SHOP_008,107.0,2,Good
CAR_0886,SHOP_011,90.0,2,Excellent
CAR_0886,SHOP_005,85.0,4,Good
CAR_0886,SHOP_008,86.0,4,Good
CAR_0887,SHOP_002,88.0,2,Good
CAR_0888,SHOP_005,85.0,2,Good
CAR_0888,SHOP_002,90.0,1,Fair
CAR_0889,SHOP_012,142.0,4,Excellent
CAR_0890,SHOP_010,87.0,4,Excellent
CAR_0890,SHOP_011,86.0,2,Excellent
CAR_0891,SHOP_001,54.0,4,Good
CAR_0891,SHOP_004,48.0,3,Good
CAR_0891,SHOP_007,53.0,1,Excellent
CAR_0892,SHOP_001,72.0,2,Fair
CAR_0892,SHOP_011,73.0,1,Fair
CAR_0893,SHOP_006,60.0,4,Good
CAR_0893,SHOP_007,60.0,3,Fair
CAR_0894,SHOP_004,78.0,1,Fair
CAR_0894,SHOP_006,80.0,3,Excellent
CAR_0894,SHOP_002,74.0,3,Good
CAR_0895,SHOP_004,91.0,3,Excellent
CAR_0895,SHOP_008,95.0,3,Excellent
CAR_0895,SHOP_011,91.0,3,Fair
CAR_0896,SHOP_010,135.0,3,Good
CAR_0896,SHOP_004,141.0,1,Good
CAR_0896,SHOP_008,136.0,3,Good
CAR_0897,SHOP_002,87.0,4,Good
CAR_0897,SHOP_005,93.0,2,Good
CAR_0897,SHOP_010,89.0,3,Fair
CAR_0898,SHOP_002,132.0,3,Good
CAR_0898,SHOP_005,136.0,1,Fair
CAR_0899,SHOP_012,152.0,3,Fair
CAR_0899,SHOP_005,153.0,1,Good
CAR_0900,SHOP_005,148.0,4,Good
CAR_0900,SHOP_012,150.0,1,Excellent
CAR_0901,SHOP_012,150.0,2,Fair
CAR_0902,SHOP_004,110.0,1,Good
CAR_0903,SHOP_005,135.0,2,Fair
CAR_0903,SHOP_002,128.0,4,Excellent
CAR_0904,SHOP_004,110.0,1,Good
CAR_0904,SHOP_010,117.0,3,Fair
CAR_0905,SHOP_008,112.0,3,Fair
CAR_0905,SHOP_005,114.0,4,Fair
CAR_0905,SHOP_010,111.0,2,Good
CAR_0906,SHOP_010,116.0,2,Fair
CAR_0907,SHOP_005,142.0,1,Good
CAR_0907,SHOP_004,136.0,4,Good
CAR_0908,SHOP_012,130.0,3,Good
CAR_0908,SHOP_005,131.0,2,Good
CAR_0909,SHOP_005,143.0,3,Good
CAR_0910,SHOP_012,163.0,2,Good
CAR_0910,SHOP_005,166.0,1,Good
CAR_0911,SHOP_012,132.0,4,Good
CAR_0911,SHOP_005,136.0,1,Excellent
CAR_0912,SHOP_012,183.0,2,Fair
CAR_0912,SHOP_005,183.0,2,Excellent
CAR_0913,SHOP_012,178.0,3,Good
CAR_0913,SHOP_005,177.0,3,Good
CAR_0914,SHOP_010,148.0,4,Good
CAR_0914,SHOP_011,147.0,4,Excellent
CAR_0914,SHOP_008,142.0,1,Good
CAR_0915,SHOP_008,135.0,2,Fair
CAR_0916,SHOP_011,131.0,1,Good
CAR_0916,SHOP_012,136.0,2,Good
CAR_0917,SHOP_012,131.0,4,Excellent
CAR_0918,SHOP_005,205.0,4,Good
CAR_0918,SHOP_012,207.0,1,Good
CAR_0919,SHOP_012,231.0,4,Good
CAR_0919,SHOP_005,233.0,1,Good
CAR_0920,SHOP_005,195.0,4,Excellent
CAR_0920,SHOP_012,193.0,4,Fair
CAR_0921,SHOP_012,175.0,4,Fair
CAR_0921,SHOP_005,174.0,1,Good
CAR_0922,SHOP_012,598.0,3,Excellent
CAR_0923,SHOP_004,119.0,1,Excellent
CAR_0923,SHOP_011,115.0,3,Fair
CAR_0923,SHOP_008,113.0,4,Good
CAR_0924,SHOP_005,150.0,4,Good
CAR_0925,SHOP_005,186.0,3,Good
CAR_0925,SHOP_012,186.0,4,Good
CAR_0926,SHOP_011,19.0,2,Good
CAR_0927,SHOP_011,27.0,4,Excellent
CAR_0927,SHOP_006,24.0,3,Fair
CAR_0928,SHOP_007,22.0,2,Excellent
CAR_0929,SHOP_001,25.0,4,Excellent
CAR_0930,SHOP_007,23.0,4,Fair
CAR_0930,SHOP_011,24.0,4,Excellent
CAR_0930,SHOP_006,20.0,1,Good
CAR_0931,SHOP_011,23.0,2,Good
CAR_0932,SHOP_006,26.0,2,Good
CAR_0932,SHOP_011,19.0,3,Good
CAR_0933,SHOP_001,24.0,3,Excellent
CAR_0933,SHOP_011,20.0,1,Good
CAR_0934,SHOP_001,21.0,1,Good
CAR_0934,SHOP_011,24.0,3,Good
CAR_0934,SHOP_007,22.0,3,Excellent
CAR_0935,SHOP_006,24.0,2,Excellent
CAR_0935,SHOP_011,20.0,3,Good
CAR_0935,SHOP_007,26.0,4,Good
CAR_0936,SHOP_007,14.0,2,Good
CAR_0937,SHOP_011,21.0,1,Fair
CAR_0938,SHOP_006,23.0,1,Good
CAR_0938,SHOP_007,23.0,4,Good
CAR_0939,SHOP_001,17.0,2,Fair
CAR_0939,SHOP_011,19.0,3,Good
CAR_0940,SHOP_007,13.0,1,Good
CAR_0940,SHOP_001,11.0,2,Good
CAR_0940,SHOP_006,13.0,2,Good
CAR_0941,SHOP_006,14.0,1,Excellent
CAR_0942,SHOP_007,22.0,4,Excellent
CAR_0943,SHOP_011,15.0,1,Fair
CAR_0944,SHOP_001,23.0,1,Excellent
CAR_0945,SHOP_007,31.0,1,Excellent
CAR_0945,SHOP_011,33.0,2,Good
CAR_0946,SHOP_001,31.0,1,Excellent
CAR_0947,SHOP_007,32.0,3,Good
CAR_0948,SHOP_006,14.0,2,Excellent
CAR_0948,SHOP_001,13.0,1,Good
CAR_0949,SHOP_007,12.0,3,Good
CAR_0949,SHOP_006,19.0,1,Excellent
CAR_0949,SHOP_011,19.0,4,Good
CAR_0950,SHOP_007,16.0,4,Excellent
CAR_0950,SHOP_001,12.0,3,Fair
CAR_0950,SHOP_011,14.0,2,Fair
CAR_0951,SHOP_006,18.0,3,Excellent
CAR_0952,SHOP_008,75.0,2,Fair
CAR_0952,SHOP_005,82.0,3,Excellent
CAR_0953,SHOP_007,15.0,1,Fair
CAR_0954,SHOP_001,18.0,3,Fair
CAR_0954,SHOP_007,15.0,4,Good
CAR_0955,SHOP_006,15.0,1,Fair
CAR_0955,SHOP_011,22.0,3,Good
CAR_0956,SHOP_011,23.0,4,Excellent
CAR_0957,SHOP_001,14.0,1,Excellent
CAR_0957,SHOP_007,11.0,4,Excellent
CAR_0958,SHOP_006,19.0,2,Excellent
CAR_0958,SHOP_007,14.0,2,Good
CAR_0958,SHOP_001,12.0,4,Excellent
CAR_0959,SHOP_012,86.0,4,Good
CAR_0960,SHOP_004,85.0,3,Fair
CAR_0960,SHOP_012,81.0,4,Fair
CAR_0960,SHOP_005,82.0,2,Fair
CAR_0961,SHOP_010,79.0,4,Fair
CAR_0962,SHOP_011,29.0,2,Excellent
CAR_0963,SHOP_007,52.0,1,Fair
CAR_0964,SHOP_007,41.0,2,Fair
CAR_0964,SHOP_011,47.0,3,Good
CAR_0964,SHOP_006,44.0,1,Excellent
CAR_0965,SHOP_006,54.0,4,Fair
CAR_0965,SHOP_007,48.0,4,Fair
CAR_0965,SHOP_001,51.0,3,Excellent
CAR_0966,SHOP_011,26.0,1,Fair
CAR_0967,SHOP_011,38.0,4,Fair
CAR_0967,SHOP_006,40.0,1,Good
CAR_0968,SHOP_006,40.0,3,Good
CAR_0968,SHOP_001,38.0,2,Good
CAR_0968,SHOP_007,40.0,4,Excellent
CAR_0969,SHOP_006,32.0,4,Fair
CAR_0969,SHOP_007,31.0,2,Excellent
CAR_0969,SHOP_001,29.0,4,Fair
CAR_0970,SHOP_006,32.0,3,Good
CAR_0970,SHOP_001,26.0,1,Good
CAR_0970,SHOP_007,33.0,3,Excellent
CAR_0971,SHOP_011,28.0,1,Fair
CAR_0971,SHOP_006,28.0,3,Fair
CAR_0971,SHOP_007,29.0,2,Good
CAR_0972,SHOP_006,34.0,1,Excellent
CAR_0973,SHOP_007,40.0,2,Excellent
CAR_0973,SHOP_006,44.0,1,Fair
CAR_0974,SHOP_004,92.0,4,Good
CAR_0974,SHOP_010,84.0,4,Excellent
CAR_0974,SHOP_011,93.0,4,Fair
CAR_0975,SHOP_010,109.0,4,Excellent
CAR_0975,SHOP_011,110.0,2,Good
CAR_0976,SHOP_007,60.0,3,Good
CAR_0976,SHOP_004,62.0,3,Fair
CAR_0977,SHOP_010,80.0,1,Good
CAR_0978,SHOP_012,96.0,3,Fair
CAR_0978,SHOP_010,102.0,1,Excellent
CAR_0979,SHOP_008,112.0,1,Fair
CAR_0979,SHOP_010,113.0,3,Excellent
CAR_0979,SHOP_005,115.0,3,Good
CAR_0980,SHOP_002,73.0,3,Good
CAR_0980,SHOP_001,70.0,3,Fair
CAR_0981,SHOP_011,78.0,2,Excellent
CAR_0981,SHOP_002,77.0,2,Fair
CAR_0981,SHOP_008,73.0,4,Good
CAR_0982,SHOP_002,105.0,4,Excellent
CAR_0982,SHOP_007,105.0,3,Fair
CAR_0982,SHOP_010,101.0,2,Good
CAR_0983,SHOP_005,159.0,1,Good
CAR_0983,SHOP_012,163.0,3,Good
CAR_0984,SHOP_007,49.0,2,Fair
CAR_0984,SHOP_004,50.0,2,Good
CAR_0984,SHOP_006,48.0,3,Fair
CAR_0985,SHOP_010,53.0,4,Fair
CAR_0985,SHOP_006,54.0,1,Good
CAR_0986,SHOP_004,51.0,1,Good
CAR_0987,SHOP_001,65.0,2,Excellent
CAR_0987,SHOP_004,68.0,4,Excellent
CAR_0988,SHOP_011,66.0,1,Good
CAR_0989,SHOP_002,63.0,1,Fair
CAR_0989,SHOP_008,69.0,1,Fair
CAR_0989,SHOP_001,70.0,2,Good
CAR_0990,SHOP_001,57.0,1,Good
CAR_0991,SHOP_010,51.0,2,Excellent
CAR_0991,SHOP_002,50.0,3,Good
CAR_0992,SHOP_007,59.0,2,Fair
CAR_0992,SHOP_011,54.0,1,Good
CAR_0992,SHOP_001,54.0,3,Fair
CAR_0993,SHOP_006,54.0,1,Fair
CAR_0993,SHOP_011,57.0,1,Good
CAR_0994,SHOP_011,56.0,2,Good
CAR_0994,SHOP_001,60.0,2,Good
CAR_0994,SHOP_007,56.0,3,Good
CAR_0995,SHOP_001,60.0,1,Excellent
CAR_0996,SHOP_008,100.0,2,Good
CAR_0996,SHOP_011,96.0,3,Good
CAR_0996,SHOP_002,99.0,1,Good
CAR_0997,SHOP_002,90.0,4,Good
CAR_0997,SHOP_011,90.0,2,Good
CAR_0998,SHOP_002,95.0,2,Fair
CAR_0999,SHOP_004,90.0,4,Excellent
CAR_0999,SHOP_010,89.0,1,Fair
CAR_0999,SHOP_012,91.0,4,Good
CAR_1000,SHOP_010,89.0,1,Good
CAR_1000,SHOP_011,92.0,1,Good
CAR_1000,SHOP_001,89.0,3,Fair
CAR_1001,SHOP_004,85.0,1,Good
CAR_1001,SHOP_001,91.0,2,Excellent
CAR_1001,SHOP_011,89.0,3,Good
CAR_1002,SHOP_011,86.0,2,Good
CAR_1002,SHOP_001,90.0,2,Fair
CAR_1002,SHOP_008,93.0,3,Fair
CAR_1003,SHOP_002,80.0,2,Good
CAR_1003,SHOP_006,73.0,3,Good
CAR_1004,SHOP_011,66.0,3,Good
CAR_1005,SHOP_006,71.0,2,Excellent
CAR_1005,SHOP_007,71.0,2,Excellent
CAR_1006,SHOP_010,64.0,2,Excellent
CAR_1006,SHOP_002,66.0,4,Good
CAR_1007,SHOP_007,63.0,3,Good
CAR_1008,SHOP_007,33.0,4,Fair
CAR_1008,SHOP_011,40.0,4,Excellent
CAR_1008,SHOP_001,34.0,2,Good
CAR_1009,SHOP_006,35.0,4,Fair
CAR_1009,SHOP_007,33.0,2,Good
CAR_1010,SHOP_007,39.0,2,Fair
CAR_1010,SHOP_011,34.0,2,Excellent
CAR_1011,SHOP_008,85.0,2,Fair
CAR_1011,SHOP_010,84.0,3,Fair
CAR_1012,SHOP_010,72.0,2,Good
CAR_1013,SHOP_004,99.0,2,Fair
CAR_1013,SHOP_010,102.0,3,Excellent
CAR_1013,SHOP_006,96.0,1,Excellent
CAR_1014,SHOP_006,66.0,4,Good
CAR_1014,SHOP_001,67.0,1,Excellent
CAR_1015,SHOP_004,83.0,4,Good
CAR_1015,SHOP_002,87.0,3,Good
CAR_1016,SHOP_001,52.0,2,Good
CAR_1016,SHOP_006,53.0,4,Good
CAR_1016,SHOP_004,60.0,2,Excellent
CAR_1017,SHOP_004,68.0,4,Good
CAR_1017,SHOP_008,64.0,3,Excellent
CAR_1018,SHOP_007,66.0,3,Good
CAR_1019,SHOP_010,64.0,3,Good
CAR_1019,SHOP_011,66.0,4,Good
CAR_1020,SHOP_010,75.0,4,Good
CAR_1020,SHOP_008,73.0,4,Excellent
CAR_1021,SHOP_008,84.0,2,Good
CAR_1022,SHOP_004,150.0,2,Fair
CAR_1023,SHOP_008,101.0,4,Excellent
CAR_1023,SHOP_005,104.0,4,Fair
CAR_1024,SHOP_005,88.0,2,Excellent
CAR_1024,SHOP_011,90.0,2,Good
CAR_1025,SHOP_006,94.0,3,Good
CAR_1026,SHOP_011,96.0,1,Good
CAR_1026,SHOP_001,90.0,1,Good
CAR_1026,SHOP_002,93.0,1,Good
CAR_1027,SHOP_011,89.0,1,Fair
CAR_1028,SHOP_011,63.0,1,Good
CAR_1028,SHOP_006,59.0,1,Fair
CAR_1029,SHOP_010,78.0,4,Good
CAR_1029,SHOP_006,78.0,1,Good
CAR_1029,SHOP_002,81.0,4,Good
CAR_1030,SHOP_004,91.0,2,Good
CAR_1030,SHOP_002,89.0,3,Good
CAR_1030,SHOP_001,89.0,1,Fair
CAR_1031,SHOP_001,85.0,2,Good
CAR_1032,SHOP_007,82.0,2,Good
CAR_1032,SHOP_006,85.0,4,Good
CAR_1033,SHOP_002,93.0,2,Excellent
CAR_1033,SHOP_007,88.0,4,Good
CAR_1033,SHOP_010,94.0,2,Good
CAR_1034,SHOP_002,93.0,3,Good
CAR_1034,SHOP_006,97.0,4,Fair
CAR_1034,SHOP_004,95.0,4,Excellent
CAR_1035,SHOP_007,65.0,2,Fair
CAR_1035,SHOP_010,63.0,1,Excellent
CAR_1036,SHOP_007,60.0,4,Good
CAR_1036,SHOP_002,63.0,2,Fair
CAR_1036,SHOP_006,62.0,1,Good
CAR_1037,SHOP_004,61.0,4,Good
CAR_1037,SHOP_006,58.0,2,Good
CAR_1038,SHOP_006,29.0,3,Excellent
CAR_1039,SHOP_011,25.0,1,Excellent
CAR_1039,SHOP_007,29.0,4,Excellent
CAR_1039,SHOP_006,29.0,3,Good
CAR_1040,SHOP_006,30.0,1,Excellent
CAR_1040,SHOP_007,32.0,4,Good
CAR_1041,SHOP_006,37.0,1,Excellent
CAR_1042,SHOP_006,37.0,3,Good
CAR_1042,SHOP_001,34.0,4,Fair
CAR_1043,SHOP_006,37.0,3,Good
CAR_1043,SHOP_011,31.0,1,Good
CAR_1043,SHOP_001,37.0,1,Fair
CAR_1044,SHOP_011,45.0,4,Excellent
CAR_1044,SHOP_001,45.0,4,Fair
CAR_1044,SHOP_006,52.0,4,Good
CAR_1045,SHOP_007,53.0,3,Fair
CAR_1045,SHOP_001,53.0,1,Good
CAR_1045,SHOP_006,46.0,2,Excellent
CAR_1046,SHOP_001,52.0,2,Excellent
CAR_1047,SHOP_001,53.0,2,Good
CAR_1048,SHOP_010,102.0,2,Excellent
CAR_1048,SHOP_011,97.0,4,Good
CAR_1049,SHOP_002,53.0,1,Good
CAR_1049,SHOP_006,58.0,4,Fair
CAR_1050,SHOP_006,48.0,4,Good
CAR_1050,SHOP_007,50.0,4,Excellent
CAR_1051,SHOP_002,61.0,4,Fair
CAR_1051,SHOP_001,69.0,3,Excellent
CAR_1052,SHOP_010,84.0,4,Good
CAR_1052,SHOP_011,88.0,1,Fair
CAR_1053,SHOP_006,88.0,1,Good
CAR_1053,SHOP_002,94.0,4,Fair
CAR_1053,SHOP_010,86.0,3,Fair
CAR_1054,SHOP_007,45.0,2,Good
CAR_1054,SHOP_001,48.0,4,Good
CAR_1054,SHOP_008,45.0,2,Good
CAR_1055,SHOP_011,68.0,4,Good
CAR_1055,SHOP_010,68.0,4,Fair
CAR_1055,SHOP_007,68.0,3,Fair
CAR_1056,SHOP_006,63.0,3,Excellent
CAR_1057,SHOP_004,62.0,2,Good
CAR_1057,SHOP_010,59.0,4,Excellent
CAR_1057,SHOP_008,65.0,4,Good
CAR_1058,SHOP_007,59.0,1,Excellent
CAR_1059,SHOP_006,72.0,3,Good
CAR_1059,SHOP_001,65.0,1,Excellent
CAR_1060,SHOP_006,54.0,2,Excellent
CAR_1060,SHOP_007,56.0,4,Good
CAR_1061,SHOP_007,60.0,1,Good
CAR_1061,SHOP_001,62.0,1,Excellent
CAR_1062,SHOP_001,49.0,1,Excellent
CAR_1062,SHOP_006,49.0,1,Excellent
CAR_1063,SHOP_011,46.0,1,Good
CAR_1063,SHOP_002,54.0,2,Good
CAR_1063,SHOP_001,52.0,4,Excellent
CAR_1064,SHOP_006,102.0,3,Good
CAR_1065,SHOP_004,102.0,4,Fair
CAR_1066,SHOP_010,90.0,4,Good
CAR_1067,SHOP_002,84.0,1,Good
CAR_1067,SHOP_007,83.0,4,Good
CAR_1068,SHOP_007,78.0,2,Fair
CAR_1068,SHOP_006,79.0,2,Fair
CAR_1068,SHOP_008,75.0,4,Fair
CAR_1069,SHOP_007,75.0,3,Excellent
CAR_1069,SHOP_001,72.0,1,Excellent
CAR_1069,SHOP_006,68.0,3,Fair
CAR_1070,SHOP_010,72.0,4,Excellent
CAR_1071,SHOP_001,77.0,2,Excellent
CAR_1071,SHOP_002,77.0,3,Fair
CAR_1071,SHOP_007,71.0,3,Good
CAR_1072,SHOP_006,65.0,3,Good
CAR_1072,SHOP_001,72.0,4,Good
CAR_1073,SHOP_007,51.0,4,Good
CAR_1073,SHOP_011,54.0,4,Good
CAR_1073,SHOP_006,54.0,1,Excellent
CAR_1074,SHOP_008,72.0,2,Good
CAR_1074,SHOP_010,70.0,3,Good
CAR_1074,SHOP_011,76.0,2,Excellent
CAR_1075,SHOP_011,61.0,3,Good
CAR_1076,SHOP_011,60.0,1,Excellent
CAR_1076,SHOP_001,61.0,3,Good
CAR_1077,SHOP_006,53.0,1,Fair
CAR_1078,SHOP_010,66.0,1,Fair
CAR_1078,SHOP_004,64.0,2,Good
CAR_1079,SHOP_002,97.0,2,Fair
CAR_1079,SHOP_008,99.0,2,Excellent
CAR_1080,SHOP_010,66.0,2,Good
CAR_1080,SHOP_008,65.0,2,Fair
CAR_1081,SHOP_004,63.0,1,Fair
CAR_1081,SHOP_007,71.0,4,Good
CAR_1082,SHOP_007,47.0,4,Fair
CAR_1082,SHOP_001,55.0,4,Fair
CAR_1083,SHOP_006,37.0,4,Fair
CAR_1083,SHOP_001,38.0,2,Good
CAR_1084,SHOP_011,37.0,2,Excellent
CAR_1084,SHOP_006,37.0,4,Fair
CAR_1085,SHOP_001,38.0,3,Excellent
CAR_1086,SHOP_006,52.0,1,Excellent
CAR_1086,SHOP_011,47.0,3,Excellent
CAR_1086,SHOP_007,48.0,1,Good
CAR_1087,SHOP_011,53.0,3,Good
CAR_1087,SHOP_001,48.0,2,Good
CAR_1088,SHOP_006,47.0,3,Good
CAR_1088,SHOP_007,45.0,4,Excellent
CAR_1088,SHOP_001,44.0,3,Excellent
CAR_1089,SHOP_007,56.0,3,Fair
CAR_1090,SHOP_012,79.0,4,Good
CAR_1090,SHOP_002,78.0,4,Fair
CAR_1091,SHOP_006,58.0,3,Excellent
CAR_1091,SHOP_011,61.0,4,Fair
CAR_1091,SHOP_007,56.0,4,Good
CAR_1092,SHOP_012,78.0,4,Good
CAR_1092,SHOP_005,84.0,2,Excellent
CAR_1092,SHOP_010,83.0,3,Excellent
CAR_1093,SHOP_001,51.0,2,Excellent
CAR_1093,SHOP_006,55.0,2,Fair
CAR_1093,SHOP_008,51.0,1,Excellent
CAR_1094,SHOP_011,33.0,2,Excellent
CAR_1094,SHOP_007,27.0,2,Good
CAR_1094,SHOP_001,32.0,4,Excellent
CAR_1095,SHOP_001,30.0,4,Excellent
CAR_1095,SHOP_007,29.0,1,Good
CAR_1095,SHOP_006,28.0,4,Excellent
CAR_1096,SHOP_001,27.0,3,Excellent
CAR_1096,SHOP_006,25.0,1,Good
CAR_1096,SHOP_007,27.0,2,Good
CAR_1097,SHOP_011,52.0,4,Good
CAR_1098,SHOP_006,55.0,3,Good
CAR_1099,SHOP_007,54.0,3,Fair
CAR_1100,SHOP_002,46.0,4,Good
CAR_1101,SHOP_010,51.0,1,Excellent
CAR_1101,SHOP_004,49.0,2,Fair
CAR_1102,SHOP_006,87.0,4,Excellent
CAR_1102,SHOP_001,82.0,3,Fair
CAR_1102,SHOP_011,85.0,1,Fair
CAR_1103,SHOP_007,95.0,2,Excellent
CAR_1104,SHOP_001,97.0,1,Good
CAR_1104,SHOP_011,99.0,2,Good
CAR_1105,SHOP_008,47.0,1,Good
CAR_1105,SHOP_011,50.0,2,Good
CAR_1105,SHOP_010,48.0,2,Good
CAR_1106,SHOP_002,90.0,4,Excellent
CAR_1106,SHOP_001,81.0,4,Good
CAR_1106,SHOP_008,87.0,2,Excellent
CAR_1107,SHOP_011,98.0,4,Good
CAR_1108,SHOP_006,98.0,4,Good
CAR_1108,SHOP_004,103.0,2,Good
CAR_1108,SHOP_002,96.0,1,Good
CAR_1109,SHOP_010,99.0,1,Good
CAR_1110,SHOP_008,101.0,3,Fair
CAR_1110,SHOP_002,97.0,3,Good
CAR_1110,SHOP_004,101.0,4,Good
CAR_1111,SHOP_008,73.0,3,Good
CAR_1112,SHOP_011,76.0,3,Excellent
CAR_1113,SHOP_008,95.0,1,Fair
CAR_1113,SHOP_004,93.0,1,Good
CAR_1113,SHOP_011,97.0,4,Fair
CAR_1114,SHOP_004,66.0,1,Excellent
CAR_1114,SHOP_005,74.0,4,Excellent
CAR_1114,SHOP_008,69.0,4,Good
CAR_1115,SHOP_011,57.0,1,Excellent
CAR_1115,SHOP_001,59.0,2,Fair
CAR_1116,SHOP_011,52.0,1,Good
CAR_1117,SHOP_008,90.0,3,Good
CAR_1117,SHOP_007,82.0,3,Good
CAR_1117,SHOP_011,83.0,4,Good
CAR_1118,SHOP_006,89.0,2,Excellent
CAR_1119,SHOP_010,60.0,4,Excellent
CAR_1120,SHOP_001,56.0,4,Good
CAR_1120,SHOP_004,56.0,2,Excellent
CAR_1121,SHOP_007,62.0,1,Good
CAR_1121,SHOP_010,63.0,2,Good
CAR_1121,SHOP_002,63.0,1,Good
CAR_1122,SHOP_007,74.0,4,Excellent
CAR_1122,SHOP_001,78.0,1,Good
CAR_1122,SHOP_011,73.0,4,Good
CAR_1123,SHOP_011,111.0,4,Fair
CAR_1124,SHOP_002,109.0,1,Good
CAR_1124,SHOP_008,104.0,4,Fair
CAR_1125,SHOP_004,104.0,2,Good
CAR_1125,SHOP_012,105.0,1,Good
CAR_1126,SHOP_012,105.0,1,Good
CAR_1126,SHOP_008,103.0,3,Good
CAR_1126,SHOP_004,101.0,1,Excellent
CAR_1127,SHOP_008,72.0,1,Good
CAR_1127,SHOP_005,76.0,2,Excellent
CAR_1128,SHOP_012,70.0,3,Excellent
CAR_1128,SHOP_008,76.0,2,Excellent
CAR_1129,SHOP_004,74.0,1,Fair
CAR_1129,SHOP_005,74.0,1,Excellent
CAR_1129,SHOP_008,77.0,4,Good
CAR_1130,SHOP_004,96.0,2,Excellent
CAR_1130,SHOP_006,104.0,4,Excellent
CAR_1130,SHOP_011,98.0,4,Excellent
CAR_1131,SHOP_008,57.0,1,Good
CAR_1132,SHOP_002,61.0,4,Good
CAR_1132,SHOP_006,66.0,1,Fair
CAR_1133,SHOP_001,80.0,4,Excellent
CAR_1133,SHOP_006,79.0,1,Fair
CAR_1134,SHOP_004,70.0,2,Excellent
CAR_1134,SHOP_005,68.0,1,Good
CAR_1134,SHOP_010,76.0,2,Good
CAR_1135,SHOP_010,67.0,4,Good
CAR_1135,SHOP_002,65.0,1,Excellent
CAR_1136,SHOP_011,64.0,4,Good
CAR_1137,SHOP_006,67.0,2,Good
CAR_1137,SHOP_010,66.0,3,Good
CAR_1138,SHOP_011,71.0,2,Excellent
CAR_1138,SHOP_008,63.0,1,Fair
CAR_1139,SHOP_002,69.0,2,Good
CAR_1139,SHOP_007,75.0,3,Good
CAR_1140,SHOP_005,94.0,4,Good
CAR_1140,SHOP_012,97.0,3,Good
CAR_1140,SHOP_008,93.0,2,Excellent
CAR_1141,SHOP_011,62.0,1,Fair
CAR_1141,SHOP_008,55.0,1,Good
CAR_1142,SHOP_001,79.0,2,Good
CAR_1142,SHOP_006,81.0,3,Fair
CAR_1142,SHOP_002,79.0,2,Excellent
CAR_1143,SHOP_010,67.0,3,Excellent
CAR_1143,SHOP_002,72.0,2,Good
CAR_1144,SHOP_002,70.0,3,Excellent
CAR_1144,SHOP_010,78.0,2,Good
CAR_1145,SHOP_004,75.0,3,Good
CAR_1145,SHOP_007,76.0,2,Good
CAR_1146,SHOP_004,79.0,3,Excellent
CAR_1147,SHOP_012,73.0,2,Fair
CAR_1148,SHOP_004,75.0,1,Good
CAR_1148,SHOP_012,76.0,3,Fair
CAR_1148,SHOP_011,69.0,3,Good
CAR_1149,SHOP_004,59.0,4,Excellent
CAR_1149,SHOP_008,51.0,2,Good
CAR_1149,SHOP_010,51.0,4,Good
CAR_1150,SHOP_001,55.0,2,Excellent
CAR_1150,SHOP_008,57.0,2,Good
CAR_1151,SHOP_004,53.0,1,Good
CAR_1152,SHOP_002,70.0,4,Good
CAR_1153,SHOP_010,76.0,4,Excellent
CAR_1153,SHOP_002,77.0,4,Good
CAR_1153,SHOP_005,80.0,4,Good
CAR_1154,SHOP_012,82.0,4,Fair
CAR_1154,SHOP_008,80.0,4,Excellent
CAR_1155,SHOP_010,77.0,2,Fair
CAR_1156,SHOP_008,81.0,3,Fair
CAR_1157,SHOP_007,58.0,3,Good
CAR_1157,SHOP_011,58.0,2,Excellent
CAR_1158,SHOP_001,67.0,3,Good
CAR_1158,SHOP_008,68.0,4,Good
CAR_1159,SHOP_012,96.0,4,Fair
CAR_1159,SHOP_002,95.0,4,Good
CAR_1160,SHOP_005,95.0,2,Fair
CAR_1160,SHOP_010,94.0,1,Good
CAR_1161,SHOP_002,95.0,1,Good
CAR_1162,SHOP_005,73.0,1,Good
CAR_1163,SHOP_008,75.0,3,Good
CAR_1164,SHOP_008,73.0,3,Good
CAR_1164,SHOP_006,72.0,2,Good
CAR_1164,SHOP_007,70.0,3,Good
CAR_1165,SHOP_002,78.0,4,Fair
CAR_1165,SHOP_007,78.0,1,Fair
CAR_1166,SHOP_008,75.0,2,Fair
CAR_1166,SHOP_006,72.0,2,Fair
CAR_1166,SHOP_010,72.0,4,Fair
CAR_1167,SHOP_006,100.0,3,Good
CAR_1167,SHOP_002,97.0,4,Good
CAR_1168,SHOP_001,56.0,1,Good
CAR_1168,SHOP_006,53.0,2,Good
CAR_1169,SHOP_008,85.0,3,Good
CAR_1169,SHOP_001,87.0,4,Fair
CAR_1169,SHOP_011,93.0,3,Good
CAR_1170,SHOP_010,88.0,1,Good
CAR_1170,SHOP_011,90.0,3,Fair
CAR_1170,SHOP_004,98.0,2,Fair
CAR_1171,SHOP_008,47.0,2,Fair
CAR_1172,SHOP_010,58.0,4,Good
CAR_1173,SHOP_006,54.0,2,Excellent
CAR_1174,SHOP_012,76.0,1,Good
CAR_1174,SHOP_004,72.0,4,Good
CAR_1174,SHOP_011,72.0,3,Excellent
CAR_1175,SHOP_012,78.0,1,Good
CAR_1175,SHOP_002,80.0,4,Fair
CAR_1176,SHOP_012,115.0,2,Fair
CAR_1177,SHOP_010,112.0,4,Good
CAR_1177,SHOP_011,106.0,2,Good
CAR_1178,SHOP_002,113.0,4,Good
CAR_1178,SHOP_011,111.0,3,Good
CAR_1179,SHOP_012,111.0,4,Good
CAR_1179,SHOP_011,106.0,2,Fair
CAR_1179,SHOP_002,104.0,4,Good
CAR_1180,SHOP_008,111.0,4,Fair
CAR_1180,SHOP_011,112.0,1,Excellent
CAR_1180,SHOP_004,111.0,4,Good
CAR_1181,SHOP_007,86.0,3,Fair
CAR_1181,SHOP_002,84.0,2,Fair
CAR_1181,SHOP_010,80.0,4,Fair
CAR_1182,SHOP_010,94.0,2,Excellent
CAR_1182,SHOP_012,89.0,1,Good
CAR_1183,SHOP_002,83.0,3,Excellent
CAR_1184,SHOP_012,87.0,2,Fair
CAR_1184,SHOP_008,84.0,1,Good
CAR_1184,SHOP_004,81.0,1,Good
CAR_1185,SHOP_002,85.0,3,Good
CAR_1185,SHOP_010,85.0,4,Excellent
CAR_1186,SHOP_006,91.0,4,Fair
CAR_1187,SHOP_001,55.0,2,Fair
CAR_1187,SHOP_010,48.0,3,Excellent
CAR_1188,SHOP_005,82.0,3,Fair
CAR_1188,SHOP_012,78.0,1,Excellent
CAR_1188,SHOP_002,78.0,2,Fair
CAR_1189,SHOP_004,105.0,3,Good
CAR_1190,SHOP_006,37.0,1,Good
CAR_1191,SHOP_006,32.0,4,Good
CAR_1191,SHOP_001,32.0,1,Good
CAR_1192,SHOP_001,55.0,2,Good
CAR_1193,SHOP_010,78.0,2,Fair
CAR_1193,SHOP_011,84.0,1,Fair
CAR_1193,SHOP_004,84.0,4,Excellent
CAR_1194,SHOP_002,58.0,4,Good
CAR_1194,SHOP_001,67.0,3,Good
CAR_1194,SHOP_004,60.0,1,Fair
CAR_1195,SHOP_007,68.0,3,Good
CAR_1196,SHOP_011,65.0,2,Excellent
CAR_1196,SHOP_001,66.0,2,Good
CAR_1196,SHOP_006,58.0,1,Good
CAR_1197,SHOP_001,76.0,2,Good
CAR_1197,SHOP_007,79.0,4,Fair
CAR_1198,SHOP_001,35.0,1,Good
CAR_1199,SHOP_006,54.0,4,Good
CAR_1199,SHOP_001,52.0,2,Fair
CAR_1200,SHOP_008,45.0,3,Good
CAR_1201,SHOP_001,71.0,2,Fair
CAR_1202,SHOP_006,59.0,4,Excellent
CAR_1202,SHOP_007,58.0,2,Good
CAR_1203,SHOP_007,57.0,4,Good
CAR_1204,SHOP_001,53.0,3,Fair
CAR_1204,SHOP_011,52.0,1,Fair
CAR_1205,SHOP_007,57.0,2,Excellent
CAR_1205,SHOP_001,54.0,1,Good
CAR_1206,SHOP_007,85.0,2,Excellent
CAR_1207,SHOP_001,67.0,4,Good
CAR_1208,SHOP_010,60.0,2,Excellent
CAR_1209,SHOP_006,81.0,4,Good
CAR_1210,SHOP_004,64.0,1,Fair
CAR_1211,SHOP_004,90.0,1,Good
CAR_1211,SHOP_008,90.0,3,Good
CAR_1211,SHOP_011,84.0,1,Good
CAR_1212,SHOP_008,51.0,2,Fair
CAR_1212,SHOP_011,50.0,2,Fair
CAR_1212,SHOP_001,51.0,1,Fair
CAR_1213,SHOP_011,54.0,1,Good
CAR_1214,SHOP_007,46.0,2,Good
CAR_1215,SHOP_006,50.0,4,Fair
CAR_1216,SHOP_001,44.0,2,Good
CAR_1216,SHOP_007,46.0,2,Good
CAR_1217,SHOP_004,64.0,2,Good
CAR_1217,SHOP_006,67.0,4,Excellent
CAR_1218,SHOP_010,62.0,2,Fair
CAR_1218,SHOP_008,62.0,4,Good
CAR_1219,SHOP_008,58.0,4,Fair
CAR_1219,SHOP_002,67.0,3,Good
CAR_1220,SHOP_001,56.0,3,Fair
CAR_1220,SHOP_011,53.0,4,Good
CAR_1220,SHOP_004,52.0,4,Excellent
CAR_1221,SHOP_001,62.0,4,Good
CAR_1221,SHOP_011,63.0,2,Excellent
CAR_1222,SHOP_011,48.0,3,Fair
CAR_1223,SHOP_011,41.0,4,Good
CAR_1223,SHOP_001,36.0,3,Excellent
CAR_1224,SHOP_001,62.0,1,Fair
CAR_1224,SHOP_007,62.0,2,Good
CAR_1225,SHOP_011,63.0,3,Fair
CAR_1225,SHOP_001,59.0,3,Excellent
CAR_1226,SHOP_001,57.0,4,Good
CAR_1226,SHOP_006,55.0,1,Good
CAR_1226,SHOP_007,59.0,1,Good
CAR_1227,SHOP_006,60.0,2,Good
CAR_1227,SHOP_010,57.0,2,Excellent
CAR_1228,SHOP_006,72.0,4,Fair
CAR_1229,SHOP_001,46.0,1,Good
CAR_1229,SHOP_010,49.0,2,Fair
CAR_1229,SHOP_002,43.0,3,Fair
CAR_1230,SHOP_008,75.0,4,Excellent
CAR_1230,SHOP_004,73.0,3,Good
CAR_1230,SHOP_002,75.0,2,Fair
CAR_1231,SHOP_008,70.0,2,Fair
CAR_1231,SHOP_004,67.0,1,Fair
CAR_1231,SHOP_002,72.0,3,Fair
CAR_1232,SHOP_006,75.0,2,Good
CAR_1233,SHOP_002,70.0,1,Fair
CAR_1234,SHOP_006,101.0,2,Good
CAR_1234,SHOP_007,93.0,2,Good
CAR_1234,SHOP_001,95.0,4,Fair
CAR_1235,SHOP_001,56.0,1,Good
CAR_1235,SHOP_004,48.0,1,Fair
CAR_1235,SHOP_006,48.0,1,Good
CAR_1236,SHOP_002,71.0,4,Fair
CAR_1237,SHOP_007,51.0,1,Excellent
CAR_1237,SHOP_010,46.0,1,Excellent
CAR_1237,SHOP_002,44.0,1,Fair
CAR_1238,SHOP_004,48.0,3,Fair
CAR_1238,SHOP_002,48.0,3,Fair
CAR_1238,SHOP_008,46.0,3,Good
CAR_1239,SHOP_011,52.0,4,Fair
CAR_1240,SHOP_011,41.0,3,Good
CAR_1240,SHOP_006,48.0,1,Fair
CAR_1240,SHOP_007,49.0,4,Good
CAR_1241,SHOP_007,48.0,3,Good
CAR_1242,SHOP_007,35.0,4,Fair
CAR_1242,SHOP_006,37.0,1,Good
CAR_1243,SHOP_001,37.0,1,Good
CAR_1244,SHOP_006,40.0,4,Fair
CAR_1244,SHOP_007,43.0,1,Good
CAR_1244,SHOP_001,40.0,4,Excellent
CAR_1245,SHOP_001,40.0,2,Good
CAR_1245,SHOP_007,45.0,1,Good
CAR_1245,SHOP_006,41.0,1,Good
CAR_1246,SHOP_006,46.0,4,Good
CAR_1246,SHOP_001,45.0,1,Fair
CAR_1246,SHOP_011,43.0,2,Good
CAR_1247,SHOP_006,43.0,1,Excellent
CAR_1248,SHOP_007,51.0,1,Good
CAR_1248,SHOP_011,50.0,3,Fair
CAR_1249,SHOP_007,43.0,3,Fair
CAR_1249,SHOP_006,51.0,1,Good
CAR_1250,SHOP_006,69.0,4,Excellent
CAR_1250,SHOP_004,70.0,3,Good
CAR_1250,SHOP_001,72.0,1,Good
CAR_1251,SHOP_002,75.0,4,Fair
CAR_1251,SHOP_006,74.0,2,Good
CAR_1252,SHOP_010,60.0,1,Excellent
CAR_1253,SHOP_007,68.0,2,Excellent
CAR_1253,SHOP_008,66.0,2,Good
CAR_1254,SHOP_010,91.0,1,Good
CAR_1254,SHOP_001,86.0,2,Fair
CAR_1255,SHOP_001,49.0,3,Good
CAR_1255,SHOP_011,51.0,2,Excellent
CAR_1256,SHOP_011,46.0,4,Good
CAR_1256,SHOP_006,47.0,3,Good
CAR_1257,SHOP_007,53.0,2,Good
CAR_1257,SHOP_011,47.0,1,Good
CAR_1258,SHOP_011,46.0,1,Good
CAR_1258,SHOP_007,51.0,4,Good
CAR_1259,SHOP_001,44.0,4,Excellent
CAR_1259,SHOP_006,51.0,3,Good
CAR_1260,SHOP_001,43.0,2,Excellent
CAR_1260,SHOP_011,50.0,2,Fair
CAR_1260,SHOP_007,48.0,3,Good
CAR_1261,SHOP_007,45.0,3,Fair
CAR_1262,SHOP_010,45.0,3,Fair
CAR_1262,SHOP_004,44.0,3,Good
CAR_1262,SHOP_007,47.0,2,Fair
CAR_1263,SHOP_008,41.0,1,Good
CAR_1264,SHOP_006,62.0,2,Fair
CAR_1264,SHOP_011,62.0,3,Good
CAR_1265,SHOP_010,57.0,2,Excellent
CAR_1266,SHOP_011,62.0,1,Good
CAR_1266,SHOP_007,59.0,4,Good
CAR_1267,SHOP_001,75.0,4,Good
CAR_1268,SHOP_004,76.0,3,Fair
CAR_1269,SHOP_004,81.0,4,Good
CAR_1270,SHOP_010,71.0,4,Fair
CAR_1271,SHOP_007,70.0,2,Fair
CAR_1271,SHOP_001,71.0,1,Fair
CAR_1272,SHOP_006,53.0,4,Good
CAR_1272,SHOP_004,49.0,1,Excellent
CAR_1272,SHOP_010,50.0,2,Excellent
CAR_1273,SHOP_007,94.0,4,Good
CAR_1273,SHOP_008,95.0,1,Good
CAR_1273,SHOP_001,92.0,4,Good
CAR_1274,SHOP_010,70.0,3,Excellent
CAR_1274,SHOP_006,76.0,2,Fair
CAR_1274,SHOP_001,77.0,1,Fair
CAR_1275,SHOP_008,77.0,4,Excellent
CAR_1275,SHOP_002,74.0,1,Good
CAR_1275,SHOP_011,78.0,1,Good
CAR_1276,SHOP_008,75.0,1,Fair
CAR_1276,SHOP_006,77.0,1,Excellent
CAR_1276,SHOP_002,70.0,2,Good
CAR_1277,SHOP_006,46.0,1,Excellent
CAR_1278,SHOP_005,2400.0,3,Good
CAR_1279,SHOP_005,2645.0,1,Good
CAR_1279,SHOP_012,2638.0,3,Fair
CAR_1280,SHOP_012,2801.0,3,Good
CAR_1281,SHOP_005,2640.0,2,Excellent
CAR_1281,SHOP_012,2642.0,1,Good
CAR_1282,SHOP_005,2637.0,3,Good
CAR_1283,SHOP_012,4641.0,2,Good
CAR_1284,SHOP_005,7196.0,4,Excellent
CAR_1284,SHOP_012,7200.0,3,Fair
CAR_1285,SHOP_012,7204.0,4,Fair
CAR_1285,SHOP_005,7196.0,3,Fair
CAR_1286,SHOP_005,7196.0,2,Excellent
CAR_1286,SHOP_012,7201.0,3,Good
CAR_1287,SHOP_005,14399.0,2,Fair
CAR_1287,SHOP_012,14403.0,3,Fair
CAR_1288,SHOP_005,3595.0,2,Excellent
CAR_1288,SHOP_012,3598.0,1,Fair
CAR_1289,SHOP_012,3998.0,1,Good
CAR_1290,SHOP_002,123.0,2,Good
CAR_1290,SHOP_012,118.0,1,Fair
CAR_1291,SHOP_012,127.0,1,Excellent
CAR_1292,SHOP_005,100.0,3,Fair
CAR_1293,SHOP_002,110.0,3,Good
CAR_1294,SHOP_004,106.0,1,Good
CAR_1294,SHOP_005,108.0,4,Good
CAR_1294,SHOP_010,108.0,4,Fair
CAR_1295,SHOP_004,106.0,1,Good
CAR_1295,SHOP_005,112.0,2,Fair
CAR_1295,SHOP_008,111.0,3,Excellent
CAR_1296,SHOP_010,126.0,3,Good
CAR_1296,SHOP_008,127.0,4,Fair
CAR_1296,SHOP_005,122.0,3,Fair
CAR_1297,SHOP_010,123.0,4,Good
CAR_1297,SHOP_008,123.0,1,Good
CAR_1297,SHOP_004,124.0,3,Excellent
CAR_1298,SHOP_005,121.0,2,Excellent
CAR_1298,SHOP_010,122.0,1,Excellent
CAR_1298,SHOP_008,127.0,4,Excellent
CAR_1299,SHOP_012,97.0,2,Fair
CAR_1299,SHOP_008,95.0,1,Fair
CAR_1300,SHOP_004,121.0,1,Fair
CAR_1301,SHOP_011,85.0,3,Good
CAR_1301,SHOP_002,90.0,1,Fair
CAR_1301,SHOP_004,90.0,2,Good
CAR_1302,SHOP_008,74.0,2,Good
CAR_1303,SHOP_002,69.0,4,Good
CAR_1304,SHOP_011,72.0,3,Good
CAR_1304,SHOP_008,71.0,1,Good
CAR_1305,SHOP_002,75.0,3,Good
CAR_1305,SHOP_001,70.0,4,Good
CAR_1306,SHOP_010,89.0,1,Fair
CAR_1306,SHOP_004,89.0,4,Excellent
CAR_1307,SHOP_010,80.0,4,Good
CAR_1307,SHOP_011,83.0,1,Excellent
CAR_1308,SHOP_008,89.0,2,Fair
CAR_1308,SHOP_010,84.0,1,Fair
CAR_1309,SHOP_004,72.0,2,Fair
CAR_1309,SHOP_001,71.0,4,Excellent
CAR_1310,SHOP_002,73.0,3,Good
CAR_1311,SHOP_004,81.0,3,Good
CAR_1311,SHOP_010,82.0,2,Good
CAR_1312,SHOP_002,65.0,4,Good
CAR_1313,SHOP_008,96.0,4,Excellent
CAR_1314,SHOP_011,94.0,2,Excellent
CAR_1314,SHOP_010,87.0,1,Good
CAR_1315,SHOP_001,89.0,3,Excellent
CAR_1315,SHOP_008,87.0,2,Fair
CAR_1316,SHOP_006,95.0,1,Fair
CAR_1316,SHOP_004,90.0,4,Good
CAR_1316,SHOP_008,88.0,4,Fair
CAR_1317,SHOP_002,116.0,1,Excellent
CAR_1318,SHOP_011,82.0,1,Good
CAR_1319,SHOP_010,87.0,3,Fair
CAR_1320,SHOP_004,87.0,4,Fair
CAR_1320,SHOP_011,83.0,4,Excellent
CAR_1320,SHOP_005,88.0,2,Good
CAR_1321,SHOP_010,85.0,2,Good
CAR_1321,SHOP_008,88.0,3,Good
CAR_1321,SHOP_002,87.0,4,Good
CAR_1322,SHOP_006,85.0,1,Good
CAR_1322,SHOP_001,79.0,2,Good
CAR_1323,SHOP_008,94.0,1,Good
CAR_1324,SHOP_010,94.0,4,Excellent
CAR_1325,SHOP_005,87.0,1,Fair
CAR_1325,SHOP_012,89.0,3,Good
CAR_1325,SHOP_004,87.0,4,Fair
CAR_1326,SHOP_005,90.0,1,Good
CAR_1327,SHOP_005,108.0,3,Good
CAR_1328,SHOP_008,74.0,3,Excellent
CAR_1328,SHOP_001,72.0,1,Excellent
CAR_1328,SHOP_011,77.0,3,Good
CAR_1329,SHOP_004,90.0,1,Fair
CAR_1329,SHOP_002,87.0,4,Good
CAR_1330,SHOP_010,98.0,1,Excellent
CAR_1330,SHOP_005,102.0,2,Good
CAR_1331,SHOP_004,102.0,3,Good
CAR_1331,SHOP_010,97.0,3,Good
CAR_1332,SHOP_002,99.0,1,Good
CAR_1332,SHOP_008,101.0,1,Excellent
CAR_1332,SHOP_012,101.0,2,Good
CAR_1333,SHOP_004,69.0,1,Excellent
CAR_1333,SHOP_012,74.0,3,Good
CAR_1333,SHOP_010,72.0,2,Good
CAR_1334,SHOP_010,66.0,4,Good
CAR_1335,SHOP_011,75.0,3,Fair
CAR_1335,SHOP_002,71.0,1,Fair
CAR_1335,SHOP_008,66.0,4,Excellent
CAR_1336,SHOP_004,83.0,2,Good
CAR_1337,SHOP_011,95.0,1,Good
CAR_1338,SHOP_011,93.0,4,Excellent
CAR_1338,SHOP_004,87.0,4,Fair
CAR_1338,SHOP_001,89.0,3,Good
CAR_1339,SHOP_011,85.0,2,Excellent
CAR_1340,SHOP_004,85.0,3,Good
CAR_1340,SHOP_012,89.0,3,Good
CAR_1340,SHOP_005,86.0,2,Good
CAR_1341,SHOP_007,90.0,3,Excellent
CAR_1342,SHOP_008,79.0,3,Good
CAR_1342,SHOP_002,80.0,1,Good
CAR_1342,SHOP_010,87.0,2,Excellent
CAR_1343,SHOP_005,81.0,3,Good
CAR_1344,SHOP_002,104.0,3,Good
CAR_1345,SHOP_001,101.0,3,Good
CAR_1345,SHOP_010,102.0,1,Good
CAR_1346,SHOP_002,100.0,3,Good
CAR_1347,SHOP_004,102.0,1,Fair
CAR_1347,SHOP_002,102.0,3,Good
CAR_1348,SHOP_001,72.0,3,Good
CAR_1348,SHOP_008,76.0,4,Good
CAR_1349,SHOP_012,77.0,4,Good
CAR_1349,SHOP_011,76.0,4,Excellent
CAR_1350,SHOP_005,77.0,2,Good
CAR_1350,SHOP_008,77.0,4,Good
CAR_1351,SHOP_010,78.0,3,Good
CAR_1351,SHOP_002,84.0,4,Good
CAR_1351,SHOP_011,76.0,1,Fair
CAR_1352,SHOP_002,82.0,4,Excellent
CAR_1353,SHOP_001,90.0,1,Excellent
CAR_1353,SHOP_011,89.0,1,Excellent
CAR_1353,SHOP_008,93.0,1,Good
CAR_1354,SHOP_005,103.0,3,Good
CAR_1355,SHOP_004,86.0,1,Excellent
CAR_1355,SHOP_012,85.0,3,Excellent
CAR_1355,SHOP_008,82.0,4,Fair
CAR_1356,SHOP_007,96.0,4,Good
CAR_1357,SHOP_004,86.0,3,Excellent
CAR_1358,SHOP_002,93.0,1,Good
CAR_1359,SHOP_002,90.0,4,Good
CAR_1360,SHOP_008,94.0,1,Good
CAR_1361,SHOP_008,74.0,3,Good
CAR_1361,SHOP_010,72.0,4,Excellent
CAR_1362,SHOP_004,87.0,1,Good
CAR_1362,SHOP_007,86.0,3,Good
CAR_1363,SHOP_012,127.0,1,Good
CAR_1364,SHOP_004,97.0,2,Good
CAR_1365,SHOP_004,90.0,2,Fair
CAR_1365,SHOP_006,87.0,3,Good
CAR_1366,SHOP_007,71.0,3,Fair
CAR_1366,SHOP_008,69.0,3,Excellent
CAR_1367,SHOP_004,49.0,2,Good
CAR_1368,SHOP_007,71.0,4,Fair
CAR_1368,SHOP_006,78.0,1,Fair
CAR_1369,SHOP_008,73.0,1,Good
CAR_1369,SHOP_010,80.0,2,Fair
CAR_1369,SHOP_011,74.0,4,Fair
CAR_1370,SHOP_006,84.0,4,Good
CAR_1370,SHOP_007,79.0,2,Fair
CAR_1371,SHOP_008,83.0,4,Good
CAR_1371,SHOP_002,81.0,4,Good
CAR_1372,SHOP_001,78.0,3,Excellent
CAR_1372,SHOP_004,80.0,1,Good
CAR_1372,SHOP_010,83.0,2,Excellent
CAR_1373,SHOP_007,87.0,3,Good
CAR_1374,SHOP_002,75.0,4,Good
CAR_1374,SHOP_004,72.0,2,Excellent
CAR_1375,SHOP_008,71.0,2,Fair
CAR_1375,SHOP_010,77.0,4,Good
CAR_1375,SHOP_001,71.0,1,Excellent
CAR_1376,SHOP_008,78.0,2,Excellent
CAR_1376,SHOP_002,71.0,2,Excellent
CAR_1377,SHOP_002,48.0,4,Good
CAR_1378,SHOP_004,82.0,2,Good
CAR_1379,SHOP_011,82.0,3,Fair
CAR_1379,SHOP_008,85.0,1,Good
CAR_1380,SHOP_002,79.0,1,Good
CAR_1381,SHOP_010,72.0,4,Fair
CAR_1381,SHOP_007,77.0,4,Good
CAR_1381,SHOP_008,79.0,3,Good
CAR_1382,SHOP_002,49.0,3,Excellent
CAR_1382,SHOP_011,45.0,2,Good
CAR_1383,SHOP_012,121.0,2,Fair
CAR_1383,SHOP_005,117.0,1,Fair
CAR_1384,SHOP_004,66.0,4,Fair
CAR_1384,SHOP_007,64.0,3,Fair
CAR_1385,SHOP_008,73.0,1,Excellent
CAR_1386,SHOP_006,46.0,3,Excellent
CAR_1386,SHOP_007,42.0,2,Excellent
CAR_1387,SHOP_008,80.0,1,Good
CAR_1388,SHOP_012,126.0,1,Good
CAR_1389,SHOP_006,83.0,1,Fair
CAR_1389,SHOP_004,82.0,3,Excellent
CAR_1390,SHOP_002,64.0,3,Good
CAR_1390,SHOP_008,74.0,2,Good
CAR_1391,SHOP_002,71.0,2,Excellent
CAR_1391,SHOP_011,67.0,1,Good
CAR_1392,SHOP_011,70.0,4,Fair
CAR_1393,SHOP_012,129.0,1,Good
CAR_1393,SHOP_005,122.0,4,Excellent
CAR_1394,SHOP_008,59.0,2,Good
CAR_1394,SHOP_010,66.0,2,Good
CAR_1394,SHOP_004,68.0,3,Fair
CAR_1395,SHOP_007,54.0,3,Fair
CAR_1396,SHOP_001,85.0,4,Good
CAR_1397,SHOP_008,83.0,1,Good
CAR_1398,SHOP_001,45.0,4,Excellent
CAR_1398,SHOP_006,47.0,2,Good
CAR_1398,SHOP_011,44.0,1,Fair
CAR_1399,SHOP_006,50.0,2,Good
CAR_1400,SHOP_001,43.0,3,Good
CAR_1401,SHOP_011,43.0,4,Good
CAR_1402,SHOP_007,52.0,4,Good
CAR_1402,SHOP_001,51.0,4,Excellent
CAR_1403,SHOP_001,60.0,4,Fair
CAR_1403,SHOP_011,60.0,2,Fair
CAR_1404,SHOP_007,48.0,3,Good
CAR_1404,SHOP_004,44.0,4,Fair
CAR_1405,SHOP_008,52.0,1,Excellent
CAR_1405,SHOP_002,50.0,2,Excellent
CAR_1406,SHOP_008,52.0,3,Fair
CAR_1407,SHOP_002,53.0,1,Good
CAR_1408,SHOP_010,56.0,1,Good
CAR_1408,SHOP_007,52.0,4,Excellent
CAR_1409,SHOP_006,49.0,1,Fair
CAR_1410,SHOP_008,50.0,3,Excellent
CAR_1410,SHOP_001,51.0,4,Good
CAR_1411,SHOP_006,56.0,1,Good
CAR_1411,SHOP_011,53.0,2,Fair
CAR_1411,SHOP_010,50.0,2,Good
CAR_1412,SHOP_007,49.0,4,Excellent
CAR_1412,SHOP_002,58.0,3,Fair
CAR_1412,SHOP_010,58.0,2,Excellent
CAR_1413,SHOP_001,49.0,4,Good
CAR_1414,SHOP_010,46.0,1,Good
CAR_1414,SHOP_006,41.0,4,Excellent
CAR_1415,SHOP_001,52.0,4,Fair
CAR_1415,SHOP_011,48.0,3,Good
CAR_1416,SHOP_006,44.0,4,Good
CAR_1417,SHOP_004,45.0,3,Fair
CAR_1417,SHOP_008,48.0,2,Fair
CAR_1418,SHOP_007,57.0,4,Excellent
CAR_1418,SHOP_004,53.0,2,Excellent
CAR_1419,SHOP_007,59.0,2,Good
CAR_1419,SHOP_008,59.0,3,Excellent
CAR_1419,SHOP_011,54.0,4,Good
CAR_1420,SHOP_007,60.0,1,Fair
CAR_1420,SHOP_001,54.0,1,Fair
CAR_1421,SHOP_001,54.0,1,Excellent
CAR_1422,SHOP_008,85.0,2,Fair
CAR_1423,SHOP_006,50.0,2,Fair
CAR_1423,SHOP_001,47.0,2,Good
CAR_1423,SHOP_011,55.0,1,Good
CAR_1424,SHOP_001,49.0,3,Excellent
CAR_1424,SHOP_006,56.0,4,Fair
CAR_1425,SHOP_011,44.0,4,Good
CAR_1425,SHOP_010,41.0,2,Fair
CAR_1426,SHOP_001,48.0,2,Fair
CAR_1426,SHOP_007,48.0,4,Good
CAR_1427,SHOP_006,54.0,1,Excellent
CAR_1427,SHOP_010,56.0,1,Excellent
CAR_1427,SHOP_004,54.0,4,Excellent
CAR_1428,SHOP_001,55.0,1,Fair
CAR_1428,SHOP_004,53.0,1,Good
CAR_1429,SHOP_001,57.0,4,Fair
CAR_1429,SHOP_006,56.0,4,Excellent
CAR_1430,SHOP_004,72.0,4,Fair
CAR_1430,SHOP_006,72.0,4,Excellent
CAR_1431,SHOP_011,70.0,3,Good
CAR_1431,SHOP_002,71.0,3,Good
CAR_1432,SHOP_010,69.0,1,Fair
CAR_1432,SHOP_008,63.0,1,Good
CAR_1433,SHOP_001,75.0,3,Good
CAR_1433,SHOP_004,69.0,4,Good
CAR_1434,SHOP_006,61.0,2,Fair
CAR_1434,SHOP_001,59.0,4,Good
CAR_1434,SHOP_011,60.0,4,Good
CAR_1435,SHOP_007,54.0,2,Fair
CAR_1435,SHOP_001,47.0,2,Excellent
CAR_1436,SHOP_007,51.0,4,Good
CAR_1436,SHOP_011,53.0,2,Good
CAR_1436,SHOP_001,47.0,1,Excellent
CAR_1437,SHOP_001,45.0,2,Excellent
CAR_1437,SHOP_006,51.0,1,Fair
CAR_1438,SHOP_008,47.0,2,Fair
CAR_1439,SHOP_001,54.0,3,Good
CAR_1439,SHOP_011,50.0,2,Good
CAR_1439,SHOP_010,49.0,2,Fair
CAR_1440,SHOP_008,62.0,3,Excellent
CAR_1440,SHOP_002,64.0,1,Excellent
CAR_1441,SHOP_002,60.0,1,Excellent
CAR_1442,SHOP_006,58.0,2,Excellent
CAR_1443,SHOP_006,67.0,3,Good
CAR_1444,SHOP_001,64.0,1,Fair
CAR_1444,SHOP_006,63.0,1,Good
CAR_1445,SHOP_011,82.0,3,Fair
CAR_1445,SHOP_001,86.0,2,Good
CAR_1445,SHOP_002,78.0,2,Excellent
CAR_1446,SHOP_001,95.0,3,Fair
CAR_1447,SHOP_001,91.0,1,Good
CAR_1447,SHOP_002,90.0,3,Excellent
CAR_1447,SHOP_008,87.0,1,Excellent
CAR_1448,SHOP_011,90.0,2,Good
CAR_1448,SHOP_010,94.0,1,Good
CAR_1448,SHOP_008,85.0,2,Good
CAR_1449,SHOP_006,77.0,2,Good
CAR_1450,SHOP_007,44.0,1,Good
CAR_1450,SHOP_006,46.0,3,Fair
CAR_1451,SHOP_006,48.0,4,Fair
CAR_1451,SHOP_008,49.0,3,Good
CAR_1451,SHOP_010,42.0,3,Fair
CAR_1452,SHOP_004,46.0,3,Good
CAR_1453,SHOP_011,50.0,4,Fair
CAR_1454,SHOP_001,49.0,3,Good
CAR_1454,SHOP_010,51.0,4,Fair
CAR_1455,SHOP_011,49.0,3,Excellent
CAR_1456,SHOP_004,49.0,1,Good
CAR_1456,SHOP_007,53.0,3,Good
CAR_1457,SHOP_008,48.0,2,Good
CAR_1457,SHOP_010,52.0,2,Good
CAR_1458,SHOP_004,48.0,3,Good
CAR_1459,SHOP_008,55.0,1,Excellent
CAR_1460,SHOP_006,54.0,3,Good
CAR_1460,SHOP_002,52.0,3,Good
CAR_1461,SHOP_002,48.0,3,Good
CAR_1461,SHOP_004,53.0,1,Good
CAR_1461,SHOP_001,55.0,1,Fair
CAR_1462,SHOP_001,60.0,3,Good
CAR_1462,SHOP_006,54.0,1,Fair
CAR_1462,SHOP_007,57.0,3,Fair
CAR_1463,SHOP_006,46.0,2,Good
CAR_1464,SHOP_008,59.0,1,Good
CAR_1464,SHOP_007,55.0,1,Fair
CAR_1464,SHOP_002,58.0,4,Excellent
CAR_1465,SHOP_001,57.0,1,Good
CAR_1465,SHOP_011,54.0,1,Fair
CAR_1465,SHOP_006,48.0,4,Good
CAR_1466,SHOP_001,54.0,3,Fair
CAR_1466,SHOP_004,51.0,3,Fair
CAR_1467,SHOP_001,51.0,3,Fair
CAR_1467,SHOP_006,56.0,1,Good
CAR_1467,SHOP_007,60.0,1,Excellent
CAR_1468,SHOP_011,51.0,1,Good
CAR_1469,SHOP_006,61.0,4,Good
CAR_1470,SHOP_007,36.0,3,Excellent
CAR_1471,SHOP_006,48.0,3,Excellent
CAR_1471,SHOP_007,40.0,3,Excellent
CAR_1471,SHOP_001,42.0,4,Good
CAR_1472,SHOP_007,41.0,2,Fair
CAR_1472,SHOP_006,40.0,3,Good
CAR_1472,SHOP_011,47.0,4,Fair
CAR_1473,SHOP_001,40.0,2,Fair
CAR_1473,SHOP_006,46.0,3,Good
CAR_1473,SHOP_011,47.0,4,Good
CAR_1474,SHOP_006,46.0,3,Excellent
CAR_1475,SHOP_002,57.0,2,Good
CAR_1475,SHOP_008,58.0,1,Fair
CAR_1476,SHOP_001,53.0,2,Fair
CAR_1477,SHOP_008,53.0,1,Good
CAR_1477,SHOP_001,53.0,3,Good
CAR_1478,SHOP_006,40.0,2,Excellent
CAR_1478,SHOP_007,44.0,2,Good
CAR_1478,SHOP_011,39.0,4,Good
CAR_1479,SHOP_011,37.0,3,Fair
CAR_1479,SHOP_006,37.0,3,Excellent
CAR_1480,SHOP_006,40.0,1,Excellent
CAR_1481,SHOP_011,45.0,4,Good
CAR_1482,SHOP_007,22.0,4,Good
CAR_1482,SHOP_011,25.0,1,Good
CAR_1483,SHOP_007,42.0,4,Fair
CAR_1483,SHOP_006,45.0,1,Fair
CAR_1484,SHOP_004,46.0,1,Fair
CAR_1484,SHOP_006,50.0,4,Good
CAR_1485,SHOP_010,57.0,2,Good
CAR_1485,SHOP_006,60.0,4,Fair
CAR_1486,SHOP_006,69.0,2,Excellent
CAR_1487,SHOP_002,90.0,1,Good
CAR_1488,SHOP_004,59.0,1,Good
CAR_1489,SHOP_010,52.0,4,Fair
CAR_1490,SHOP_008,44.0,3,Fair
CAR_1490,SHOP_007,45.0,2,Good
CAR_1491,SHOP_006,46.0,3,Excellent
CAR_1491,SHOP_007,44.0,4,Good
CAR_1491,SHOP_008,52.0,2,Good
CAR_1492,SHOP_007,84.0,2,Good
CAR_1492,SHOP_004,81.0,4,Good
CAR_1493,SHOP_011,84.0,4,Good
CAR_1494,SHOP_007,79.0,3,Excellent
CAR_1495,SHOP_008,84.0,1,Good
CAR_1496,SHOP_004,91.0,4,Good
CAR_1496,SHOP_006,90.0,1,Excellent
CAR_1497,SHOP_006,54.0,3,Good
CAR_1497,SHOP_001,52.0,2,Good
CAR_1497,SHOP_011,55.0,1,Good
CAR_1498,SHOP_008,51.0,4,Good
CAR_1498,SHOP_001,57.0,3,Fair
CAR_1498,SHOP_002,50.0,4,Excellent
CAR_1499,SHOP_004,76.0,3,Fair
CAR_1499,SHOP_008,74.0,1,Good
CAR_1500,SHOP_008,101.0,2,Good
CAR_1500,SHOP_002,97.0,2,Fair
CAR_1501,SHOP_002,47.0,1,Good
CAR_1501,SHOP_010,54.0,4,Excellent
CAR_1502,SHOP_004,83.0,4,Good
CAR_1502,SHOP_010,76.0,3,Good
CAR_1503,SHOP_011,80.0,3,Good
CAR_1503,SHOP_010,76.0,3,Excellent
CAR_1504,SHOP_004,82.0,3,Good
CAR_1504,SHOP_001,75.0,1,Fair
CAR_1505,SHOP_011,79.0,2,Good
CAR_1505,SHOP_008,84.0,2,Good
CAR_1505,SHOP_004,82.0,1,Good
CAR_1506,SHOP_012,400.0,2,Good
CAR_1507,SHOP_005,396.0,4,Good
CAR_1507,SHOP_012,395.0,3,Excellent
CAR_1508,SHOP_012,398.0,3,Good
CAR_1509,SHOP_008,47.0,2,Excellent
CAR_1509,SHOP_001,47.0,2,Good
CAR_1509,SHOP_011,44.0,1,Good
CAR_1510,SHOP_001,41.0,3,Good
CAR_1511,SHOP_004,71.0,4,Fair
CAR_1511,SHOP_012,75.0,1,Good
CAR_1511,SHOP_002,74.0,3,Good
CAR_1512,SHOP_001,67.0,3,Good
CAR_1512,SHOP_011,69.0,2,Good
CAR_1512,SHOP_007,64.0,2,Good
CAR_1513,SHOP_004,66.0,4,Good
CAR_1513,SHOP_010,69.0,4,Excellent
CAR_1514,SHOP_011,56.0,3,Good
CAR_1515,SHOP_007,47.0,4,Fair
CAR_1515,SHOP_002,53.0,4,Excellent
CAR_1516,SHOP_001,73.0,4,Excellent
CAR_1516,SHOP_007,81.0,3,Good
CAR_1516,SHOP_011,79.0,3,Good
CAR_1517,SHOP_011,78.0,3,Excellent
CAR_1517,SHOP_002,81.0,4,Good
CAR_1517,SHOP_006,77.0,1,Fair
CAR_1518,SHOP_010,78.0,1,Excellent
CAR_1518,SHOP_008,74.0,1,Good
CAR_1518,SHOP_007,79.0,3,Fair
CAR_1519,SHOP_006,45.0,1,Excellent
CAR_1519,SHOP_011,49.0,1,Good
CAR_1519,SHOP_007,47.0,4,Good
CAR_1520,SHOP_011,69.0,2,Good
CAR_1521,SHOP_001,57.0,1,Fair
CAR_1521,SHOP_011,60.0,2,Excellent
CAR_1521,SHOP_007,54.0,2,Excellent
CAR_1522,SHOP_001,88.0,2,Excellent
CAR_1522,SHOP_002,92.0,4,Fair
CAR_1522,SHOP_010,88.0,1,Good
CAR_1523,SHOP_002,92.0,2,Good
CAR_1523,SHOP_010,96.0,3,Fair
CAR_1524,SHOP_001,94.0,4,Good
CAR_1524,SHOP_002,94.0,2,Good
CAR_1524,SHOP_011,96.0,2,Good
CAR_1525,SHOP_006,99.0,2,Fair
CAR_1525,SHOP_011,97.0,3,Excellent
CAR_1525,SHOP_002,101.0,4,Good
CAR_1526,SHOP_012,77.0,4,Excellent
CAR_1526,SHOP_011,79.0,4,Good
CAR_1526,SHOP_004,75.0,4,Excellent
CAR_1527,SHOP_010,88.0,3,Excellent
CAR_1527,SHOP_008,90.0,4,Excellent
CAR_1527,SHOP_004,93.0,3,Good
CAR_1528,SHOP_011,101.0,4,Good
CAR_1528,SHOP_002,92.0,2,Good
CAR_1529,SHOP_004,88.0,2,Good
CAR_1529,SHOP_011,89.0,4,Excellent
CAR_1529,SHOP_012,82.0,2,Good
CAR_1530,SHOP_011,87.0,3,Fair
CAR_1530,SHOP_004,87.0,2,Good
CAR_1530,SHOP_008,88.0,3,Fair
CAR_1531,SHOP_002,84.0,4,Fair
CAR_1532,SHOP_006,54.0,2,Good
CAR_1532,SHOP_008,49.0,3,Good
CAR_1533,SHOP_002,55.0,4,Excellent
CAR_1533,SHOP_004,49.0,2,Good
CAR_1533,SHOP_010,50.0,1,Fair
CAR_1534,SHOP_010,55.0,2,Good
CAR_1534,SHOP_004,52.0,2,Fair
CAR_1534,SHOP_011,58.0,4,Excellent
CAR_1535,SHOP_006,79.0,1,Excellent
CAR_1536,SHOP_010,75.0,3,Excellent
CAR_1536,SHOP_007,84.0,3,Excellent
CAR_1536,SHOP_006,81.0,4,Good
CAR_1537,SHOP_007,51.0,2,Good
CAR_1537,SHOP_011,48.0,4,Good
CAR_1537,SHOP_006,47.0,2,Fair
CAR_1538,SHOP_006,53.0,2,Excellent
CAR_1538,SHOP_007,51.0,1,Good
CAR_1538,SHOP_001,45.0,2,Excellent
CAR_1539,SHOP_007,53.0,1,Good
CAR_1539,SHOP_011,47.0,4,Good
CAR_1540,SHOP_006,91.0,4,Good
CAR_1541,SHOP_007,91.0,2,Excellent
CAR_1541,SHOP_008,89.0,4,Excellent
CAR_1542,SHOP_004,86.0,3,Excellent
CAR_1542,SHOP_002,86.0,2,Excellent
CAR_1542,SHOP_006,91.0,3,Excellent
CAR_1543,SHOP_002,63.0,3,Good
CAR_1544,SHOP_007,59.0,1,Good
CAR_1544,SHOP_006,62.0,1,Good
CAR_1545,SHOP_001,61.0,3,Fair
CAR_1545,SHOP_006,58.0,1,Fair
CAR_1545,SHOP_004,61.0,3,Excellent
CAR_1546,SHOP_004,55.0,3,Good
CAR_1547,SHOP_008,71.0,1,Good
CAR_1547,SHOP_007,65.0,3,Excellent
CAR_1548,SHOP_001,82.0,1,Good
CAR_1549,SHOP_006,38.0,1,Fair
CAR_1550,SHOP_001,34.0,1,Excellent
CAR_1551,SHOP_006,47.0,2,Good
CAR_1552,SHOP_011,47.0,2,Excellent
CAR_1552,SHOP_007,52.0,1,Good
CAR_1553,SHOP_001,48.0,4,Excellent
CAR_1553,SHOP_010,48.0,1,Fair
CAR_1553,SHOP_008,50.0,2,Fair
CAR_1554,SHOP_004,61.0,2,Excellent
CAR_1554,SHOP_007,61.0,3,Good
CAR_1554,SHOP_010,58.0,4,Excellent
CAR_1555,SHOP_007,50.0,1,Good
CAR_1556,SHOP_007,51.0,1,Excellent
CAR_1556,SHOP_006,53.0,2,Excellent
CAR_1557,SHOP_010,59.0,4,Good
CAR_1558,SHOP_007,52.0,3,Good
CAR_1558,SHOP_010,61.0,2,Fair
CAR_1559,SHOP_007,47.0,1,Excellent
CAR_1559,SHOP_002,43.0,2,Fair
CAR_1560,SHOP_010,47.0,3,Good
CAR_1560,SHOP_001,44.0,3,Good
CAR_1560,SHOP_002,48.0,3,Good
CAR_1561,SHOP_006,49.0,3,Excellent
CAR_1561,SHOP_007,41.0,4,Fair
CAR_1561,SHOP_011,43.0,2,Good
CAR_1562,SHOP_004,65.0,2,Excellent
CAR_1562,SHOP_007,66.0,2,Excellent
CAR_1562,SHOP_006,72.0,4,Fair
CAR_1563,SHOP_011,44.0,1,Good
CAR_1564,SHOP_007,46.0,3,Excellent
CAR_1564,SHOP_001,41.0,4,Fair
CAR_1565,SHOP_006,49.0,4,Fair
CAR_1566,SHOP_007,42.0,4,Good
CAR_1567,SHOP_004,56.0,1,Good
CAR_1567,SHOP_011,52.0,3,Excellent
CAR_1567,SHOP_010,60.0,3,Good
CAR_1568,SHOP_002,53.0,1,Good
CAR_1568,SHOP_006,59.0,4,Fair
CAR_1568,SHOP_011,59.0,1,Excellent
CAR_1569,SHOP_001,55.0,3,Fair
CAR_1569,SHOP_008,55.0,3,Good
CAR_1569,SHOP_010,61.0,4,Good
CAR_1570,SHOP_007,39.0,3,Good
CAR_1571,SHOP_011,60.0,3,Good
CAR_1572,SHOP_011,49.0,3,Good
CAR_1572,SHOP_002,48.0,3,Excellent
CAR_1572,SHOP_008,46.0,3,Good
CAR_1573,SHOP_001,48.0,1,Fair
CAR_1574,SHOP_010,45.0,3,Fair
CAR_1575,SHOP_007,61.0,2,Fair
CAR_1575,SHOP_006,54.0,1,Good
CAR_1575,SHOP_011,62.0,3,Excellent
CAR_1576,SHOP_011,51.0,3,Good
CAR_1576,SHOP_006,58.0,2,Good
CAR_1577,SHOP_011,43.0,1,Good
CAR_1577,SHOP_006,43.0,1,Good
CAR_1577,SHOP_010,48.0,4,Good
CAR_1578,SHOP_008,72.0,2,Excellent
CAR_1579,SHOP_008,54.0,3,Excellent
CAR_1579,SHOP_002,51.0,3,Excellent
CAR_1579,SHOP_011,50.0,3,Excellent
CAR_1580,SHOP_011,32.0,1,Excellent
CAR_1581,SHOP_001,42.0,3,Fair
CAR_1582,SHOP_011,58.0,3,Good
CAR_1583,SHOP_011,30.0,3,Good
CAR_1584,SHOP_006,52.0,3,Fair
CAR_1584,SHOP_007,52.0,3,Excellent
CAR_1585,SHOP_001,47.0,3,Good
CAR_1586,SHOP_006,55.0,2,Good
CAR_1586,SHOP_011,60.0,3,Good
CAR_1586,SHOP_002,59.0,1,Good
CAR_1587,SHOP_007,40.0,1,Excellent
CAR_1587,SHOP_001,42.0,2,Fair
CAR_1588,SHOP_004,74.0,1,Fair
CAR_1588,SHOP_006,73.0,4,Good
CAR_1588,SHOP_001,69.0,3,Good
CAR_1589,SHOP_006,42.0,3,Good
CAR_1589,SHOP_007,45.0,1,Good
CAR_1590,SHOP_011,47.0,4,Good
CAR_1590,SHOP_001,41.0,1,Good
CAR_1591,SHOP_011,45.0,2,Fair
CAR_1591,SHOP_001,48.0,2,Good
CAR_1591,SHOP_006,49.0,2,Fair
CAR_1592,SHOP_007,57.0,2,Good
CAR_1592,SHOP_002,59.0,3,Good
CAR_1592,SHOP_008,52.0,4,Fair
CAR_1593,SHOP_001,63.0,4,Good
CAR_1593,SHOP_011,62.0,4,Excellent
CAR_1593,SHOP_007,55.0,4,Good
CAR_1594,SHOP_007,58.0,4,Excellent
CAR_1594,SHOP_008,53.0,1,Fair
CAR_1594,SHOP_001,51.0,2,Excellent
CAR_1595,SHOP_008,47.0,4,Fair
CAR_1596,SHOP_007,49.0,2,Good
CAR_1596,SHOP_006,49.0,3,Excellent
CAR_1597,SHOP_011,27.0,3,Fair
CAR_1597,SHOP_006,36.0,4,Fair
CAR_1597,SHOP_001,30.0,4,Good
CAR_1598,SHOP_007,29.0,1,Good
CAR_1598,SHOP_006,36.0,3,Fair
CAR_1598,SHOP_011,31.0,4,Good
CAR_1599,SHOP_001,34.0,3,Excellent
CAR_1599,SHOP_007,29.0,4,Good
CAR_1599,SHOP_006,27.0,4,Good
CAR_1600,SHOP_004,48.0,2,Good
CAR_1600,SHOP_006,44.0,2,Fair
CAR_1601,SHOP_004,78.0,3,Excellent
CAR_1601,SHOP_005,78.0,2,Excellent
CAR_1601,SHOP_010,78.0,4,Fair
CAR_1602,SHOP_007,86.0,3,Good
CAR_1603,SHOP_011,46.0,2,Good
CAR_1603,SHOP_006,39.0,2,Good
CAR_1603,SHOP_001,38.0,1,Good
CAR_1604,SHOP_011,22.0,1,Good
CAR_1605,SHOP_001,41.0,4,Fair
CAR_1606,SHOP_006,41.0,4,Good
CAR_1606,SHOP_007,49.0,1,Fair
CAR_1606,SHOP_001,49.0,4,Good
CAR_1607,SHOP_006,75.0,3,Excellent
CAR_1608,SHOP_011,74.0,2,Excellent
CAR_1608,SHOP_007,70.0,3,Good
CAR_1609,SHOP_001,73.0,1,Good
CAR_1609,SHOP_002,75.0,1,Fair
CAR_1610,SHOP_008,53.0,3,Good
CAR_1611,SHOP_011,29.0,1,Excellent
CAR_1611,SHOP_007,24.0,4,Good
CAR_1611,SHOP_006,29.0,3,Fair
CAR_1612,SHOP_011,27.0,2,Fair
CAR_1613,SHOP_007,23.0,1,Good
CAR_1613,SHOP_011,22.0,1,Fair
CAR_1614,SHOP_007,34.0,2,Excellent
CAR_1614,SHOP_006,32.0,3,Fair
CAR_1614,SHOP_011,34.0,2,Good
CAR_1615,SHOP_006,45.0,2,Good
CAR_1615,SHOP_011,48.0,3,Fair
CAR_1616,SHOP_006,48.0,4,Good
CAR_1616,SHOP_011,45.0,3,Excellent
CAR_1617,SHOP_001,41.0,3,Fair
CAR_1618,SHOP_007,20.0,4,Excellent
CAR_1618,SHOP_006,19.0,3,Excellent
CAR_1619,SHOP_001,29.0,2,Fair
CAR_1619,SHOP_011,30.0,4,Fair
CAR_1620,SHOP_007,52.0,3,Good
CAR_1620,SHOP_006,55.0,4,Excellent
CAR_1620,SHOP_001,56.0,3,Good
CAR_1621,SHOP_011,38.0,4,Fair
CAR_1621,SHOP_007,39.0,3,Excellent
CAR_1621,SHOP_001,38.0,2,Good
CAR_1622,SHOP_007,50.0,3,Fair
CAR_1622,SHOP_004,46.0,2,Good
CAR_1622,SHOP_011,50.0,1,Good
CAR_1623,SHOP_001,46.0,1,Excellent
CAR_1624,SHOP_006,41.0,3,Good
CAR_1624,SHOP_001,48.0,1,Excellent
CAR_1625,SHOP_001,42.0,2,Good
CAR_1625,SHOP_011,48.0,4,Good
CAR_1625,SHOP_007,43.0,2,Good
CAR_1626,SHOP_004,55.0,2,Excellent
CAR_1626,SHOP_007,52.0,1,Excellent
CAR_1627,SHOP_001,21.0,4,Excellent
CAR_1627,SHOP_006,19.0,3,Excellent
CAR_1627,SHOP_011,19.0,2,Excellent
CAR_1628,SHOP_007,40.0,4,Fair
CAR_1628,SHOP_006,34.0,3,Excellent
CAR_1629,SHOP_001,34.0,4,Excellent
CAR_1630,SHOP_007,40.0,2,Excellent
CAR_1631,SHOP_001,49.0,4,Good
CAR_1631,SHOP_007,51.0,3,Good
CAR_1631,SHOP_006,47.0,1,Good
CAR_1632,SHOP_007,52.0,1,Good
CAR_1632,SHOP_006,57.0,4,Fair
CAR_1633,SHOP_004,46.0,2,Fair
CAR_1633,SHOP_007,47.0,4,Good
CAR_1634,SHOP_001,46.0,2,Fair
CAR_1634,SHOP_007,41.0,4,Fair
CAR_1634,SHOP_006,51.0,1,Fair
CAR_1635,SHOP_006,47.0,1,Fair
CAR_1636,SHOP_006,45.0,4,Excellent
CAR_1637,SHOP_001,49.0,2,Excellent
CAR_1637,SHOP_007,47.0,2,Good
CAR_1637,SHOP_011,55.0,4,Good
CAR_1638,SHOP_001,47.0,4,Good
CAR_1639,SHOP_001,54.0,3,Fair
CAR_1640,SHOP_001,60.0,2,Excellent
CAR_1640,SHOP_007,56.0,4,Excellent
CAR_1641,SHOP_010,51.0,4,Fair
CAR_1641,SHOP_007,47.0,2,Good
CAR_1642,SHOP_001,61.0,1,Excellent
CAR_1642,SHOP_010,58.0,1,Fair
CAR_1643,SHOP_006,65.0,2,Excellent
CAR_1644,SHOP_001,79.0,1,Excellent
CAR_1645,SHOP_010,82.0,4,Good
CAR_1645,SHOP_011,85.0,4,Fair
CAR_1646,SHOP_011,80.0,4,Good
CAR_1647,SHOP_011,49.0,3,Good
CAR_1647,SHOP_008,46.0,3,Good
CAR_1647,SHOP_010,41.0,2,Good
CAR_1648,SHOP_001,56.0,4,Fair
CAR_1648,SHOP_004,52.0,3,Good
CAR_1648,SHOP_007,51.0,4,Excellent
CAR_1649,SHOP_004,52.0,2,Fair
CAR_1649,SHOP_007,48.0,1,Good
CAR_1650,SHOP_011,47.0,1,Fair
CAR_1650,SHOP_006,48.0,1,Fair
CAR_1650,SHOP_007,51.0,1,Good
CAR_1651,SHOP_007,46.0,2,Good
CAR_1651,SHOP_008,47.0,2,Good
CAR_1651,SHOP_002,44.0,4,Good
CAR_1652,SHOP_007,55.0,4,Good
CAR_1652,SHOP_001,55.0,2,Excellent
CAR_1653,SHOP_007,42.0,2,Good
CAR_1653,SHOP_011,42.0,1,Good
CAR_1653,SHOP_001,48.0,4,Good
CAR_1654,SHOP_008,49.0,3,Fair
CAR_1654,SHOP_010,44.0,1,Good
CAR_1654,SHOP_001,51.0,1,Good
CAR_1655,SHOP_011,43.0,1,Good
CAR_1656,SHOP_004,50.0,1,Good
CAR_1657,SHOP_004,63.0,4,Fair
CAR_1657,SHOP_010,58.0,1,Good
CAR_1657,SHOP_008,61.0,4,Fair
CAR_1658,SHOP_007,35.0,3,Good
CAR_1658,SHOP_006,35.0,2,Good
CAR_1658,SHOP_001,39.0,3,Good
CAR_1659,SHOP_001,36.0,4,Good
CAR_1659,SHOP_007,37.0,4,Good
CAR_1660,SHOP_007,30.0,3,Fair
CAR_1661,SHOP_006,48.0,4,Good
CAR_1661,SHOP_004,51.0,2,Fair
CAR_1661,SHOP_010,49.0,1,Good
CAR_1662,SHOP_007,31.0,2,Excellent
CAR_1662,SHOP_011,33.0,3,Excellent
CAR_1663,SHOP_007,32.0,1,Good
CAR_1663,SHOP_001,23.0,3,Fair
CAR_1664,SHOP_001,23.0,3,Good
CAR_1664,SHOP_007,29.0,1,Fair
CAR_1665,SHOP_011,29.0,4,Good
CAR_1665,SHOP_006,28.0,1,Excellent
CAR_1665,SHOP_007,27.0,2,Good
CAR_1666,SHOP_001,38.0,1,Excellent
CAR_1667,SHOP_007,32.0,1,Good
CAR_1667,SHOP_006,27.0,3,Good
CAR_1668,SHOP_011,56.0,1,Good
CAR_1668,SHOP_007,58.0,3,Good
CAR_1668,SHOP_001,59.0,3,Excellent
CAR_1669,SHOP_007,67.0,1,Excellent
CAR_1669,SHOP_006,64.0,2,Good
CAR_1669,SHOP_011,63.0,4,Excellent
CAR_1670,SHOP_007,51.0,4,Good
CAR_1670,SHOP_001,51.0,1,Good
CAR_1671,SHOP_007,46.0,1,Good
CAR_1671,SHOP_001,45.0,1,Fair
CAR_1672,SHOP_001,36.0,1,Good
CAR_1673,SHOP_007,51.0,3,Excellent
CAR_1673,SHOP_001,58.0,1,Good
CAR_1673,SHOP_011,56.0,4,Excellent
CAR_1674,SHOP_001,39.0,3,Good
CAR_1674,SHOP_006,37.0,2,Good
CAR_1674,SHOP_011,31.0,3,Good
CAR_1675,SHOP_007,31.0,3,Fair
CAR_1675,SHOP_011,32.0,2,Good
CAR_1676,SHOP_011,32.0,3,Good
CAR_1677,SHOP_006,31.0,1,Fair
CAR_1677,SHOP_011,31.0,3,Good
CAR_1677,SHOP_001,35.0,4,Good
CAR_1678,SHOP_007,25.0,4,Good
CAR_1679,SHOP_007,22.0,4,Good
CAR_1679,SHOP_006,22.0,3,Good
CAR_1679,SHOP_011,19.0,3,Excellent
CAR_1680,SHOP_006,24.0,3,Good
CAR_1680,SHOP_001,21.0,1,Excellent
CAR_1680,SHOP_007,21.0,2,Fair
CAR_1681,SHOP_007,30.0,3,Good
CAR_1682,SHOP_001,29.0,1,Good
CAR_1682,SHOP_007,32.0,3,Excellent
CAR_1682,SHOP_011,27.0,4,Good
CAR_1683,SHOP_007,31.0,1,Good
CAR_1683,SHOP_006,34.0,3,Good
CAR_1684,SHOP_007,18.0,1,Fair
CAR_1684,SHOP_006,21.0,4,Fair
CAR_1685,SHOP_006,31.0,2,Good
CAR_1685,SHOP_011,34.0,3,Fair
CAR_1685,SHOP_001,34.0,3,Excellent
CAR_1686,SHOP_001,45.0,1,Fair
CAR_1687,SHOP_006,58.0,4,Excellent
CAR_1687,SHOP_007,52.0,2,Good
CAR_1688,SHOP_007,50.0,2,Good
CAR_1688,SHOP_006,41.0,3,Excellent
CAR_1688,SHOP_011,50.0,3,Good
CAR_1689,SHOP_001,50.0,2,Fair
CAR_1689,SHOP_011,45.0,2,Good
CAR_1690,SHOP_007,48.0,1,Good
CAR_1691,SHOP_011,54.0,4,Excellent
CAR_1692,SHOP_007,37.0,3,Excellent
CAR_1692,SHOP_011,40.0,3,Excellent
CAR_1692,SHOP_001,40.0,4,Good
CAR_1693,SHOP_007,42.0,4,Good
CAR_1693,SHOP_001,43.0,1,Fair
CAR_1694,SHOP_007,38.0,2,Fair
CAR_1695,SHOP_007,24.0,4,Fair
CAR_1695,SHOP_006,20.0,3,Fair
CAR_1696,SHOP_007,47.0,1,Good
CAR_1696,SHOP_001,49.0,2,Good
CAR_1696,SHOP_011,44.0,3,Excellent
CAR_1697,SHOP_006,56.0,4,Excellent
CAR_1697,SHOP_011,56.0,2,Fair
CAR_1697,SHOP_001,52.0,2,Good
CAR_1698,SHOP_006,60.0,4,Good
CAR_1698,SHOP_001,63.0,3,Good
CAR_1699,SHOP_010,66.0,4,Excellent
CAR_1699,SHOP_004,61.0,4,Good
CAR_1700,SHOP_001,63.0,1,Fair
CAR_1701,SHOP_002,70.0,1,Fair
CAR_1702,SHOP_011,30.0,2,Fair
CAR_1703,SHOP_011,40.0,4,Fair
CAR_1703,SHOP_007,39.0,1,Good
CAR_1703,SHOP_006,39.0,1,Fair
CAR_1704,SHOP_001,43.0,4,Good
CAR_1704,SHOP_011,47.0,3,Excellent
CAR_1704,SHOP_006,47.0,4,Fair
CAR_1705,SHOP_001,40.0,1,Good
CAR_1705,SHOP_006,48.0,3,Good
CAR_1705,SHOP_011,44.0,4,Fair
CAR_1706,SHOP_006,44.0,1,Excellent
CAR_1707,SHOP_011,22.0,1,Good
CAR_1707,SHOP_006,20.0,3,Good
CAR_1708,SHOP_011,33.0,2,Good
CAR_1709,SHOP_011,54.0,4,Good
CAR_1709,SHOP_007,53.0,1,Excellent
CAR_1710,SHOP_002,51.0,4,Good
CAR_1710,SHOP_004,46.0,1,Good
CAR_1711,SHOP_006,23.0,4,Fair
CAR_1711,SHOP_011,31.0,3,Fair
CAR_1711,SHOP_001,29.0,2,Fair
CAR_1712,SHOP_011,18.0,3,Excellent
CAR_1713,SHOP_006,28.0,1,Fair
CAR_1714,SHOP_007,50.0,1,Good
CAR_1714,SHOP_011,49.0,3,Fair
CAR_1714,SHOP_001,44.0,2,Good
CAR_1715,SHOP_007,57.0,1,Fair
CAR_1715,SHOP_001,60.0,2,Good
CAR_1715,SHOP_006,60.0,2,Excellent
CAR_1716,SHOP_004,57.0,2,Fair
CAR_1716,SHOP_002,54.0,2,Good
CAR_1717,SHOP_010,58.0,4,Good
CAR_1717,SHOP_007,58.0,3,Excellent
CAR_1717,SHOP_002,55.0,1,Fair
CAR_1718,SHOP_001,53.0,3,Fair
CAR_1718,SHOP_004,57.0,3,Excellent
CAR_1718,SHOP_008,53.0,1,Good
CAR_1719,SHOP_010,44.0,3,Fair
CAR_1720,SHOP_007,52.0,3,Fair
CAR_1720,SHOP_006,53.0,1,Good
CAR_1720,SHOP_001,51.0,3,Fair
CAR_1721,SHOP_011,33.0,4,Good
CAR_1722,SHOP_006,44.0,4,Good
CAR_1722,SHOP_011,41.0,1,Fair
CAR_1722,SHOP_001,43.0,3,Excellent
CAR_1723,SHOP_011,44.0,3,Good
CAR_1724,SHOP_011,45.0,4,Fair
CAR_1724,SHOP_006,37.0,2,Good
CAR_1725,SHOP_001,44.0,1,Good
CAR_1725,SHOP_007,46.0,4,Good
CAR_1725,SHOP_010,44.0,2,Fair
CAR_1726,SHOP_006,44.0,1,Excellent
CAR_1726,SHOP_007,39.0,2,Excellent
CAR_1726,SHOP_001,41.0,2,Good
CAR_1727,SHOP_001,45.0,4,Good
CAR_1727,SHOP_007,43.0,4,Good
CAR_1727,SHOP_006,38.0,3,Excellent
CAR_1728,SHOP_006,44.0,3,Fair
CAR_1728,SHOP_011,37.0,4,Fair
CAR_1728,SHOP_007,43.0,3,Fair
CAR_1729,SHOP_007,36.0,2,Fair
CAR_1730,SHOP_006,44.0,3,Fair
CAR_1730,SHOP_007,50.0,1,Fair
CAR_1731,SHOP_010,50.0,4,Fair
CAR_1731,SHOP_002,46.0,1,Good
CAR_1731,SHOP_011,45.0,1,Fair
CAR_1732,SHOP_004,47.0,2,Good
CAR_1733,SHOP_011,49.0,1,Good
CAR_1733,SHOP_007,43.0,4,Good
CAR_1733,SHOP_001,52.0,2,Fair
CAR_1734,SHOP_007,50.0,2,Good
CAR_1734,SHOP_001,48.0,2,Good
CAR_1735,SHOP_006,46.0,1,Good
CAR_1736,SHOP_001,63.0,2,Fair
CAR_1736,SHOP_006,69.0,2,Fair
CAR_1736,SHOP_010,64.0,1,Good
CAR_1737,SHOP_011,15.0,1,Excellent
CAR_1738,SHOP_001,13.0,4,Fair
CAR_1738,SHOP_011,22.0,1,Fair
CAR_1738,SHOP_006,23.0,1,Excellent
CAR_1739,SHOP_006,18.0,1,Good
CAR_1739,SHOP_011,21.0,1,Good
CAR_1740,SHOP_006,40.0,4,Fair
CAR_1740,SHOP_001,41.0,1,Good
CAR_1741,SHOP_007,36.0,1,Good
CAR_1741,SHOP_011,32.0,3,Good
CAR_1742,SHOP_001,25.0,2,Good
CAR_1743,SHOP_006,27.0,1,Fair
CAR_1744,SHOP_006,44.0,2,Good
CAR_1744,SHOP_001,42.0,4,Good
CAR_1744,SHOP_011,47.0,3,Good
CAR_1745,SHOP_001,25.0,2,Good
CAR_1745,SHOP_011,30.0,1,Good
CAR_1745,SHOP_007,34.0,3,Good
CAR_1746,SHOP_011,31.0,2,Good
CAR_1746,SHOP_007,27.0,4,Good
CAR_1747,SHOP_006,42.0,2,Good
CAR_1748,SHOP_001,47.0,4,Good
CAR_1748,SHOP_007,50.0,1,Good
CAR_1748,SHOP_011,50.0,2,Excellent
CAR_1749,SHOP_007,62.0,4,Fair
CAR_1749,SHOP_006,65.0,2,Good
CAR_1750,SHOP_006,30.0,3,Good
CAR_1750,SHOP_011,32.0,4,Good
CAR_1750,SHOP_007,37.0,4,Good
CAR_1751,SHOP_001,44.0,1,Excellent
CAR_1751,SHOP_006,38.0,3,Good
CAR_1752,SHOP_011,52.0,1,Good
CAR_1753,SHOP_007,55.0,1,Good
CAR_1753,SHOP_011,57.0,3,Excellent
CAR_1754,SHOP_001,56.0,3,Excellent
CAR_1754,SHOP_006,53.0,1,Excellent
CAR_1755,SHOP_006,49.0,2,Good
CAR_1755,SHOP_004,46.0,2,Good
CAR_1756,SHOP_012,4802.0,4,Good
CAR_1757,SHOP_005,4805.0,3,Good
CAR_1758,SHOP_012,4802.0,1,Good
CAR_1759,SHOP_011,63.0,2,Good
CAR_1759,SHOP_001,63.0,4,Fair
CAR_1759,SHOP_004,61.0,1,Good
CAR_1760,SHOP_007,61.0,4,Excellent
CAR_1760,SHOP_002,65.0,4,Good
CAR_1760,SHOP_004,61.0,2,Fair
CAR_1761,SHOP_010,66.0,4,Excellent
CAR_1761,SHOP_004,68.0,4,Good
CAR_1762,SHOP_001,78.0,4,Excellent
CAR_1762,SHOP_006,73.0,4,Good
CAR_1762,SHOP_004,75.0,2,Good
CAR_1763,SHOP_006,50.0,3,Good
CAR_1763,SHOP_001,48.0,2,Good
CAR_1763,SHOP_007,48.0,3,Fair
CAR_1764,SHOP_008,54.0,2,Fair
CAR_1765,SHOP_004,48.0,4,Fair
CAR_1766,SHOP_004,46.0,4,Good
CAR_1767,SHOP_001,62.0,4,Good
BIKE_04903,SHOP_004,17.0,1,Good
BIKE_09060,SHOP_009,29.0,2,Good
BIKE_03388,SHOP_009,41.0,2,Fair
BIKE_03388,SHOP_003,42.0,3,Good
BIKE_13797,SHOP_004,22.0,2,Good
BIKE_13797,SHOP_010,25.0,3,Good
BIKE_30882,SHOP_003,28.0,2,Fair
BIKE_30882,SHOP_009,27.0,3,Good
BIKE_00447,SHOP_007,12.0,2,Good
BIKE_01697,SHOP_009,20.0,2,Good
BIKE_01697,SHOP_001,23.0,2,Good
BIKE_31064,SHOP_003,40.0,2,Good
BIKE_31064,SHOP_009,38.0,2,Excellent
BIKE_27791,SHOP_003,22.0,1,Good
BIKE_27791,SHOP_009,24.0,1,Good
BIKE_09254,SHOP_003,46.0,2,Good
BIKE_00621,SHOP_006,8.0,2,Good
BIKE_00621,SHOP_003,9.0,3,Good
BIKE_30990,SHOP_009,45.0,2,Good
BIKE_22003,SHOP_003,34.0,1,Good
BIKE_07029,SHOP_009,30.0,3,Good
BIKE_07029,SHOP_003,30.0,1,Good
BIKE_06923,SHOP_003,18.0,3,Fair
BIKE_06923,SHOP_006,19.0,1,Excellent
BIKE_10936,SHOP_009,26.0,2,Good
BIKE_10936,SHOP_003,28.0,1,Good
BIKE_21142,SHOP_007,12.0,1,Good
BIKE_21960,SHOP_006,19.0,1,Fair
BIKE_21960,SHOP_003,17.0,1,Fair
BIKE_06164,SHOP_007,10.0,2,Fair
BIKE_12073,SHOP_009,22.0,2,Excellent
BIKE_12073,SHOP_003,21.0,1,Good
BIKE_32627,SHOP_003,28.0,2,Good
BIKE_32627,SHOP_009,26.0,2,Good
BIKE_14416,SHOP_009,29.0,1,Good
BIKE_14416,SHOP_003,29.0,3,Excellent
BIKE_03875,SHOP_003,16.0,2,Good
BIKE_00853,SHOP_004,21.0,1,Fair
BIKE_00853,SHOP_006,18.0,3,Good
BIKE_20636,SHOP_009,24.0,1,Fair
BIKE_21812,SHOP_012,45.0,2,Good
BIKE_33513,SHOP_001,19.0,3,Excellent
BIKE_33513,SHOP_006,18.0,3,Excellent
BIKE_06000,SHOP_006,21.0,1,Fair
BIKE_14111,SHOP_003,20.0,1,Excellent
BIKE_14111,SHOP_007,20.0,2,Good
BIKE_14277,SHOP_006,11.0,3,Good
BIKE_14277,SHOP_007,12.0,1,Good
BIKE_13643,SHOP_009,32.0,3,Good
BIKE_13643,SHOP_003,33.0,2,Fair
BIKE_01731,SHOP_009,22.0,2,Excellent
BIKE_01731,SHOP_003,22.0,2,Good
BIKE_37895,SHOP_009,23.0,1,Fair
BIKE_19869,SHOP_003,31.0,3,Good
BIKE_19869,SHOP_009,32.0,3,Good
BIKE_37558,SHOP_009,20.0,1,Good
BIKE_01673,SHOP_003,9.0,1,Fair
BIKE_01673,SHOP_006,10.0,1,Good
BIKE_11348,SHOP_003,44.0,2,Good
BIKE_11348,SHOP_009,44.0,3,Good
BIKE_08406,SHOP_009,27.0,2,Good
BIKE_25831,SHOP_003,25.0,1,Good
BIKE_14784,SHOP_006,17.0,2,Excellent
BIKE_06328,SHOP_010,18.0,3,Good
BIKE_06328,SHOP_007,20.0,2,Good
BIKE_04273,SHOP_003,21.0,2,Fair
BIKE_04273,SHOP_006,24.0,1,Good
BIKE_19009,SHOP_012,65.0,1,Excellent
BIKE_09724,SHOP_003,48.0,2,Good
BIKE_09724,SHOP_009,47.0,1,Excellent
BIKE_01319,SHOP_003,26.0,3,Excellent
BIKE_01319,SHOP_009,28.0,1,Excellent
BIKE_14149,SHOP_010,20.0,2,Excellent
BIKE_14149,SHOP_001,18.0,2,Excellent
BIKE_13104,SHOP_009,32.0,3,Good
BIKE_13104,SHOP_003,29.0,3,Excellent
BIKE_16386,SHOP_003,24.0,1,Good
BIKE_16386,SHOP_009,23.0,2,Excellent
BIKE_13981,SHOP_003,24.0,1,Fair
BIKE_08807,SHOP_003,47.0,1,Good
BIKE_31307,SHOP_009,22.0,1,Fair
BIKE_31307,SHOP_003,22.0,3,Good
BIKE_15998,SHOP_001,23.0,1,Good
BIKE_15998,SHOP_009,21.0,3,Good
BIKE_32028,SHOP_003,49.0,1,Good
BIKE_22590,SHOP_003,21.0,2,Good
BIKE_28123,SHOP_009,23.0,2,Fair
BIKE_28123,SHOP_003,21.0,1,Good
BIKE_07725,SHOP_003,27.0,1,Good
BIKE_29439,SHOP_003,24.0,2,Fair
BIKE_29439,SHOP_009,27.0,1,Good
BIKE_31038,SHOP_009,19.0,1,Excellent
BIKE_15865,SHOP_004,25.0,1,Good
BIKE_15865,SHOP_009,23.0,2,Fair
BIKE_11416,SHOP_004,18.0,3,Excellent
BIKE_11416,SHOP_001,19.0,2,Good
BIKE_02608,SHOP_007,9.0,3,Good
BIKE_20352,SHOP_007,20.0,3,Fair
BIKE_35177,SHOP_003,26.0,3,Good
BIKE_37747,SHOP_003,29.0,1,Excellent
BIKE_16181,SHOP_003,43.0,3,Excellent
BIKE_16181,SHOP_009,43.0,2,Good
BIKE_01023,SHOP_006,9.0,2,Fair
BIKE_01023,SHOP_003,10.0,3,Good
BIKE_13651,SHOP_003,23.0,2,Good
BIKE_37285,SHOP_003,23.0,2,Excellent
BIKE_13800,SHOP_012,61.0,1,Good
BIKE_13173,SHOP_009,41.0,1,Good
BIKE_00734,SHOP_003,34.0,3,Good
BIKE_00734,SHOP_009,35.0,2,Good
BIKE_31319,SHOP_001,22.0,1,Good
BIKE_31319,SHOP_010,23.0,3,Good
BIKE_12702,SHOP_012,47.0,3,Fair
BIKE_34380,SHOP_003,11.0,1,Good
BIKE_34380,SHOP_007,11.0,2,Fair
BIKE_21867,SHOP_009,25.0,3,Good
BIKE_21867,SHOP_003,25.0,2,Excellent
BIKE_34378,SHOP_003,25.0,1,Fair
BIKE_34378,SHOP_009,24.0,1,Good
BIKE_12044,SHOP_001,19.0,3,Good
BIKE_11040,SHOP_003,30.0,2,Good
BIKE_20286,SHOP_003,41.0,1,Fair
BIKE_20286,SHOP_009,39.0,3,Good
BIKE_28606,SHOP_009,29.0,1,Excellent
BIKE_34875,SHOP_003,26.0,2,Fair
BIKE_36651,SHOP_004,21.0,3,Fair
BIKE_30921,SHOP_009,11.0,2,Fair
BIKE_23170,SHOP_009,25.0,3,Good
BIKE_31256,SHOP_004,20.0,3,Good
BIKE_31256,SHOP_006,22.0,3,Good
BIKE_36167,SHOP_001,20.0,3,Good
BIKE_20969,SHOP_007,9.0,2,Good
BIKE_37557,SHOP_007,23.0,2,Good
BIKE_37557,SHOP_001,21.0,1,Good
BIKE_16942,SHOP_003,25.0,3,Fair
BIKE_15425,SHOP_009,28.0,3,Fair
BIKE_15425,SHOP_003,30.0,1,Excellent
BIKE_16902,SHOP_003,22.0,2,Good
BIKE_16902,SHOP_009,24.0,1,Good
BIKE_32865,SHOP_009,44.0,2,Fair
BIKE_14406,SHOP_009,35.0,2,Excellent
BIKE_36823,SHOP_001,12.0,2,Good
BIKE_32185,SHOP_007,10.0,3,Fair
BIKE_32185,SHOP_009,14.0,1,Good
BIKE_02133,SHOP_009,10.0,2,Good
BIKE_02133,SHOP_007,9.0,1,Fair
BIKE_13534,SHOP_003,10.0,3,Fair
BIKE_13534,SHOP_007,10.0,3,Good
BIKE_08231,SHOP_003,38.0,3,Fair
BIKE_08231,SHOP_009,36.0,1,Good
BIKE_36496,SHOP_003,32.0,1,Good
BIKE_36496,SHOP_009,31.0,2,Excellent
BIKE_15529,SHOP_003,19.0,1,Good
BIKE_15529,SHOP_010,20.0,1,Fair
BIKE_06946,SHOP_003,26.0,3,Fair
BIKE_27502,SHOP_010,22.0,3,Good
BIKE_27502,SHOP_003,25.0,2,Good
BIKE_19331,SHOP_007,11.0,2,Good
BIKE_05740,SHOP_007,23.0,2,Good
BIKE_05740,SHOP_003,23.0,2,Good
BIKE_36095,SHOP_009,47.0,3,Good
BIKE_26726,SHOP_010,21.0,1,Fair
BIKE_37442,SHOP_003,48.0,1,Good
BIKE_37442,SHOP_009,47.0,3,Good
BIKE_24564,SHOP_001,21.0,1,Fair
BIKE_24564,SHOP_006,24.0,3,Excellent
BIKE_02182,SHOP_003,16.0,1,Good
BIKE_29564,SHOP_009,23.0,3,Excellent
BIKE_29564,SHOP_003,21.0,2,Good
BIKE_11942,SHOP_003,28.0,3,Good
BIKE_16403,SHOP_012,39.0,1,Excellent
BIKE_20909,SHOP_006,20.0,2,Excellent
BIKE_20909,SHOP_004,23.0,2,Good
BIKE_37986,SHOP_003,31.0,1,Good
BIKE_37986,SHOP_009,31.0,1,Good
BIKE_20040,SHOP_009,23.0,3,Good
BIKE_20040,SHOP_003,24.0,1,Good
BIKE_16324,SHOP_009,29.0,2,Good
BIKE_16324,SHOP_003,29.0,1,Good
BIKE_38756,SHOP_009,20.0,3,Good
BIKE_38756,SHOP_003,19.0,2,Excellent
BIKE_02730,SHOP_003,22.0,2,Fair
BIKE_19922,SHOP_009,25.0,2,Good
BIKE_19922,SHOP_003,23.0,3,Good
BIKE_17340,SHOP_003,44.0,2,Good
BIKE_17340,SHOP_009,46.0,1,Good
BIKE_27231,SHOP_012,44.0,3,Good
BIKE_01291,SHOP_009,26.0,3,Good
BIKE_01291,SHOP_003,25.0,3,Excellent
BIKE_05536,SHOP_004,19.0,3,Fair
BIKE_26150,SHOP_003,24.0,1,Good
BIKE_26150,SHOP_009,22.0,2,Good
BIKE_27071,SHOP_009,30.0,3,Good
BIKE_27071,SHOP_003,32.0,1,Good
BIKE_00429,SHOP_010,19.0,1,Good
BIKE_32558,SHOP_012,69.0,2,Excellent
BIKE_10849,SHOP_012,57.0,3,Good
BIKE_17780,SHOP_009,36.0,2,Good
BIKE_33181,SHOP_003,34.0,1,Excellent
BIKE_21796,SHOP_004,19.0,2,Fair
BIKE_21796,SHOP_010,18.0,3,Good
BIKE_16164,SHOP_009,35.0,3,Fair
BIKE_16164,SHOP_003,36.0,3,Good
BIKE_34180,SHOP_009,23.0,2,Good
BIKE_34180,SHOP_003,22.0,2,Good
BIKE_24593,SHOP_009,33.0,1,Good
BIKE_24593,SHOP_003,32.0,3,Good
BIKE_35474,SHOP_009,23.0,3,Good
BIKE_29647,SHOP_001,22.0,3,Good
BIKE_29647,SHOP_003,25.0,3,Fair
BIKE_33251,SHOP_003,34.0,3,Excellent
BIKE_14452,SHOP_001,12.0,2,Fair
BIKE_14452,SHOP_006,11.0,1,Excellent
BIKE_15413,SHOP_003,10.0,1,Good
BIKE_15413,SHOP_007,10.0,3,Good
BIKE_24271,SHOP_010,21.0,1,Good
BIKE_11917,SHOP_009,30.0,3,Excellent
BIKE_11917,SHOP_003,29.0,2,Good
BIKE_11466,SHOP_012,58.0,1,Good
BIKE_25164,SHOP_004,13.0,3,Good
BIKE_25164,SHOP_006,12.0,3,Fair
BIKE_08033,SHOP_006,20.0,3,Fair
BIKE_08033,SHOP_001,20.0,1,Fair
BIKE_23972,SHOP_009,33.0,2,Fair
BIKE_01900,SHOP_003,24.0,1,Fair
BIKE_06334,SHOP_012,50.0,3,Good
BIKE_37509,SHOP_003,30.0,3,Good
BIKE_26591,SHOP_003,29.0,2,Excellent
BIKE_03018,SHOP_010,16.0,2,Fair
BIKE_03018,SHOP_001,19.0,3,Good
BIKE_08824,SHOP_003,11.0,2,Good
BIKE_08824,SHOP_009,13.0,1,Excellent
BIKE_19499,SHOP_009,22.0,3,Good
BIKE_19499,SHOP_003,24.0,2,Excellent
BIKE_13208,SHOP_012,55.0,1,Good
BIKE_27387,SHOP_006,21.0,3,Excellent
BIKE_27387,SHOP_010,18.0,1,Fair
BIKE_33047,SHOP_003,34.0,3,Excellent
BIKE_33047,SHOP_009,38.0,1,Good
BIKE_00724,SHOP_009,11.0,3,Excellent
BIKE_05853,SHOP_003,29.0,2,Excellent
BIKE_11489,SHOP_009,21.0,1,Good
BIKE_11489,SHOP_010,20.0,2,Good
BIKE_14808,SHOP_012,43.0,1,Good
BIKE_00217,SHOP_009,12.0,2,Good
BIKE_00217,SHOP_010,12.0,2,Excellent
BIKE_34582,SHOP_009,45.0,1,Good
BIKE_10016,SHOP_003,27.0,3,Good
BIKE_10016,SHOP_009,29.0,1,Excellent
BIKE_27762,SHOP_007,21.0,1,Fair
BIKE_27762,SHOP_003,24.0,2,Fair
BIKE_01670,SHOP_009,26.0,1,Fair
BIKE_01670,SHOP_003,23.0,1,Good
BIKE_26430,SHOP_006,9.0,2,Good
BIKE_18045,SHOP_009,16.0,1,Good
BIKE_18045,SHOP_003,20.0,3,Fair
BIKE_37093,SHOP_003,33.0,1,Good
BIKE_19620,SHOP_003,23.0,3,Good
BIKE_19620,SHOP_009,21.0,1,Good
BIKE_17673,SHOP_009,21.0,3,Good
BIKE_25887,SHOP_009,42.0,1,Good
BIKE_25887,SHOP_003,41.0,1,Good
BIKE_04955,SHOP_009,28.0,2,Good
BIKE_04955,SHOP_003,29.0,2,Excellent
BIKE_22707,SHOP_001,9.0,1,Good
BIKE_30211,SHOP_007,11.0,3,Excellent
BIKE_20740,SHOP_003,24.0,2,Good
BIKE_16169,SHOP_009,31.0,3,Excellent
BIKE_12903,SHOP_001,20.0,3,Good
BIKE_12903,SHOP_009,20.0,3,Excellent
BIKE_17936,SHOP_009,19.0,1,Good
BIKE_00070,SHOP_003,36.0,1,Good
BIKE_00070,SHOP_009,37.0,3,Fair
BIKE_30770,SHOP_003,20.0,2,Good
BIKE_15968,SHOP_007,12.0,1,Good
BIKE_19910,SHOP_001,26.0,2,Good
BIKE_19910,SHOP_010,23.0,2,Excellent
BIKE_16792,SHOP_009,17.0,1,Fair
BIKE_04199,SHOP_012,42.0,2,Fair
BIKE_00967,SHOP_006,20.0,3,Good
BIKE_00967,SHOP_009,20.0,1,Good
BIKE_06252,SHOP_009,33.0,1,Good
BIKE_06252,SHOP_003,33.0,1,Good
BIKE_29444,SHOP_009,36.0,2,Good
BIKE_28871,SHOP_009,19.0,1,Excellent
BIKE_33284,SHOP_003,29.0,2,Excellent
BIKE_05712,SHOP_012,48.0,1,Good
BIKE_17823,SHOP_006,9.0,2,Good
BIKE_17823,SHOP_009,12.0,2,Excellent
BIKE_07266,SHOP_003,22.0,1,Excellent
BIKE_16985,SHOP_003,20.0,3,Excellent
BIKE_16985,SHOP_009,21.0,1,Excellent
BIKE_16145,SHOP_009,20.0,2,Good
BIKE_20027,SHOP_009,22.0,1,Good
BIKE_08256,SHOP_009,33.0,2,Good
BIKE_08256,SHOP_003,32.0,1,Fair
BIKE_21632,SHOP_009,15.0,3,Good
BIKE_20965,SHOP_001,18.0,1,Good
BIKE_30775,SHOP_003,12.0,2,Good
BIKE_30775,SHOP_007,9.0,3,Excellent
BIKE_14384,SHOP_012,53.0,2,Fair
BIKE_09349,SHOP_001,18.0,3,Good
BIKE_22532,SHOP_001,23.0,2,Excellent
BIKE_22532,SHOP_004,24.0,1,Good
BIKE_17951,SHOP_009,20.0,1,Fair
BIKE_17951,SHOP_004,21.0,1,Excellent
BIKE_07497,SHOP_003,20.0,3,Excellent
BIKE_05262,SHOP_003,28.0,2,Good
BIKE_27111,SHOP_004,18.0,1,Good
BIKE_23203,SHOP_009,29.0,3,Excellent
BIKE_30017,SHOP_003,37.0,1,Good
BIKE_30017,SHOP_009,37.0,1,Fair
BIKE_32204,SHOP_009,25.0,2,Fair
BIKE_17859,SHOP_009,29.0,3,Good
BIKE_17859,SHOP_003,30.0,3,Good
BIKE_00550,SHOP_009,27.0,2,Good
BIKE_00550,SHOP_003,26.0,1,Good
BIKE_30055,SHOP_003,40.0,2,Good
BIKE_30055,SHOP_009,43.0,2,Good
BIKE_22621,SHOP_012,41.0,1,Good
BIKE_16140,SHOP_004,17.0,2,Good
BIKE_16140,SHOP_001,20.0,3,Good
BIKE_18874,SHOP_003,36.0,3,Good
BIKE_18874,SHOP_009,36.0,2,Good
BIKE_06660,SHOP_009,30.0,2,Good
BIKE_06660,SHOP_003,32.0,2,Good
BIKE_19549,SHOP_009,33.0,2,Good
BIKE_19549,SHOP_003,34.0,1,Good
BIKE_34341,SHOP_009,22.0,3,Good
BIKE_33391,SHOP_012,45.0,3,Good
BIKE_18246,SHOP_009,36.0,1,Good
BIKE_18246,SHOP_003,34.0,1,Fair
BIKE_38224,SHOP_009,19.0,3,Good
BIKE_38224,SHOP_003,18.0,1,Good
BIKE_09687,SHOP_006,22.0,3,Good
BIKE_13353,SHOP_009,46.0,1,Good
BIKE_00608,SHOP_003,10.0,1,Good
BIKE_00608,SHOP_001,12.0,3,Fair
BIKE_13424,SHOP_001,11.0,3,Good
BIKE_01416,SHOP_012,58.0,2,Good
BIKE_18537,SHOP_003,22.0,2,Good
BIKE_30571,SHOP_009,26.0,1,Excellent
BIKE_15750,SHOP_012,58.0,1,Good
BIKE_23389,SHOP_001,9.0,2,Good
BIKE_10984,SHOP_003,20.0,2,Excellent
BIKE_31386,SHOP_003,38.0,2,Fair
BIKE_31386,SHOP_009,39.0,2,Good
BIKE_24013,SHOP_003,36.0,2,Good
BIKE_24013,SHOP_009,33.0,3,Good
BIKE_14189,SHOP_003,28.0,1,Fair
BIKE_14057,SHOP_009,25.0,3,Good
BIKE_14057,SHOP_003,27.0,2,Good
BIKE_29916,SHOP_012,55.0,1,Good
BIKE_28055,SHOP_003,24.0,1,Good
BIKE_31885,SHOP_009,34.0,1,Excellent
BIKE_31885,SHOP_003,35.0,2,Good
BIKE_26547,SHOP_009,39.0,1,Good
BIKE_07845,SHOP_003,22.0,1,Good
BIKE_07845,SHOP_009,18.0,1,Fair
BIKE_26877,SHOP_009,23.0,1,Excellent
BIKE_26877,SHOP_003,24.0,3,Good
BIKE_15035,SHOP_001,21.0,1,Good
BIKE_15035,SHOP_004,22.0,2,Excellent
BIKE_05195,SHOP_003,24.0,2,Good
BIKE_05195,SHOP_009,20.0,2,Fair
BIKE_22953,SHOP_004,19.0,1,Excellent
BIKE_02348,SHOP_009,21.0,2,Good
BIKE_00470,SHOP_003,20.0,2,Good
BIKE_00470,SHOP_010,22.0,2,Fair
BIKE_21056,SHOP_009,33.0,3,Excellent
BIKE_01736,SHOP_003,20.0,1,Good
BIKE_11339,SHOP_009,23.0,3,Good
BIKE_11339,SHOP_003,25.0,2,Good
BIKE_26814,SHOP_009,10.0,2,Good
BIKE_26814,SHOP_003,13.0,3,Good
BIKE_24287,SHOP_009,19.0,2,Excellent
BIKE_26186,SHOP_009,36.0,1,Good
BIKE_26186,SHOP_003,36.0,1,Excellent
BIKE_11247,SHOP_003,51.0,1,Good
BIKE_08582,SHOP_012,67.0,1,Good
BIKE_08038,SHOP_009,21.0,1,Excellent
BIKE_31096,SHOP_009,31.0,2,Fair
BIKE_14712,SHOP_003,26.0,3,Good
BIKE_33293,SHOP_007,20.0,1,Fair
BIKE_33293,SHOP_006,17.0,3,Good
BIKE_01323,SHOP_003,24.0,1,Good
BIKE_13399,SHOP_003,11.0,1,Excellent
BIKE_19634,SHOP_009,51.0,1,Good
BIKE_19634,SHOP_003,48.0,1,Good
BIKE_05292,SHOP_009,31.0,1,Good
BIKE_05292,SHOP_003,32.0,3,Good
BIKE_38116,SHOP_003,31.0,3,Fair
BIKE_02772,SHOP_009,10.0,3,Excellent
BIKE_38251,SHOP_007,21.0,1,Good
BIKE_09000,SHOP_009,22.0,3,Good
BIKE_06324,SHOP_003,11.0,1,Good
BIKE_08721,SHOP_003,51.0,1,Good
BIKE_37156,SHOP_009,22.0,3,Good
BIKE_37156,SHOP_003,22.0,3,Good
BIKE_18430,SHOP_009,30.0,2,Good
BIKE_23390,SHOP_007,20.0,3,Good
BIKE_03519,SHOP_003,33.0,1,Excellent
BIKE_03519,SHOP_009,31.0,2,Excellent
BIKE_20903,SHOP_006,8.0,3,Good
BIKE_20903,SHOP_009,8.0,3,Excellent
BIKE_25609,SHOP_009,21.0,2,Fair
BIKE_25609,SHOP_003,22.0,1,Fair
BIKE_08768,SHOP_003,26.0,2,Good
BIKE_08768,SHOP_009,24.0,2,Good
BIKE_09036,SHOP_003,25.0,2,Good
BIKE_09036,SHOP_009,26.0,3,Good
BIKE_10079,SHOP_004,23.0,1,Good
BIKE_31160,SHOP_009,27.0,2,Good
BIKE_31160,SHOP_003,28.0,2,Good
BIKE_14001,SHOP_009,27.0,1,Good
BIKE_14001,SHOP_003,27.0,1,Good
BIKE_25330,SHOP_003,26.0,3,Good
BIKE_25330,SHOP_009,26.0,1,Good
BIKE_00252,SHOP_012,43.0,1,Good
BIKE_28309,SHOP_007,8.0,2,Good
BIKE_23151,SHOP_004,20.0,1,Good
BIKE_23151,SHOP_003,20.0,2,Fair
BIKE_20231,SHOP_003,48.0,2,Fair
BIKE_20231,SHOP_009,50.0,2,Good
BIKE_00323,SHOP_003,30.0,3,Excellent
BIKE_16869,SHOP_009,24.0,1,Good
BIKE_16869,SHOP_003,23.0,3,Good
BIKE_22246,SHOP_003,19.0,2,Good
BIKE_23157,SHOP_003,27.0,2,Good
BIKE_23157,SHOP_009,27.0,2,Fair
BIKE_36726,SHOP_012,61.0,3,Good
BIKE_33051,SHOP_003,21.0,2,Good
BIKE_33051,SHOP_009,21.0,2,Excellent
BIKE_02496,SHOP_003,10.0,2,Good
BIKE_22167,SHOP_009,27.0,3,Good
BIKE_20046,SHOP_009,32.0,2,Good
BIKE_20046,SHOP_003,31.0,3,Good
BIKE_21863,SHOP_010,21.0,2,Fair
BIKE_25029,SHOP_009,29.0,3,Good
BIKE_33508,SHOP_007,10.0,2,Excellent
BIKE_09875,SHOP_003,48.0,1,Good
BIKE_09875,SHOP_009,49.0,3,Good
BIKE_02464,SHOP_012,45.0,2,Fair
BIKE_19559,SHOP_003,28.0,2,Good
BIKE_19559,SHOP_009,31.0,2,Good
BIKE_22789,SHOP_003,28.0,1,Good
BIKE_22789,SHOP_009,25.0,3,Excellent
BIKE_31580,SHOP_009,22.0,3,Good
BIKE_31580,SHOP_003,23.0,2,Good
BIKE_28101,SHOP_009,24.0,3,Fair
BIKE_28101,SHOP_003,21.0,3,Good
BIKE_32279,SHOP_009,29.0,1,Good
BIKE_30125,SHOP_003,47.0,2,Good
BIKE_30125,SHOP_009,49.0,1,Good
BIKE_18969,SHOP_007,18.0,2,Excellent
BIKE_18969,SHOP_001,17.0,3,Good
BIKE_03564,SHOP_009,26.0,1,Good
BIKE_15242,SHOP_009,43.0,3,Good
BIKE_15242,SHOP_003,44.0,1,Good
BIKE_23010,SHOP_009,24.0,3,Fair
BIKE_23010,SHOP_003,24.0,1,Fair
BIKE_23825,SHOP_009,23.0,1,Excellent
BIKE_06262,SHOP_007,22.0,3,Good
BIKE_38548,SHOP_003,25.0,3,Good
BIKE_38548,SHOP_009,27.0,3,Good
BIKE_08969,SHOP_009,23.0,2,Fair
BIKE_08969,SHOP_010,25.0,1,Good
BIKE_22033,SHOP_004,20.0,3,Excellent
BIKE_22033,SHOP_007,21.0,1,Good
BIKE_35229,SHOP_006,8.0,1,Good
BIKE_35229,SHOP_003,9.0,3,Good
BIKE_02622,SHOP_003,45.0,2,Good
BIKE_14711,SHOP_009,8.0,2,Excellent
BIKE_14711,SHOP_007,10.0,3,Excellent
BIKE_21615,SHOP_003,26.0,2,Good
BIKE_21615,SHOP_009,25.0,1,Good
BIKE_30827,SHOP_012,49.0,2,Good
BIKE_33438,SHOP_009,26.0,3,Fair
BIKE_15134,SHOP_009,31.0,3,Good
BIKE_19013,SHOP_001,8.0,1,Good
BIKE_19013,SHOP_006,12.0,1,Fair
BIKE_04634,SHOP_007,9.0,3,Good
BIKE_04634,SHOP_003,8.0,2,Good
BIKE_22806,SHOP_009,26.0,3,Good
BIKE_22516,SHOP_003,18.0,3,Excellent
BIKE_38717,SHOP_001,9.0,2,Excellent
BIKE_10221,SHOP_003,26.0,3,Good
BIKE_10221,SHOP_009,25.0,1,Good
BIKE_07706,SHOP_003,20.0,1,Fair
BIKE_04810,SHOP_003,19.0,2,Fair
BIKE_04810,SHOP_009,20.0,1,Fair
BIKE_05746,SHOP_009,38.0,2,Good
BIKE_05746,SHOP_003,38.0,3,Good
BIKE_12346,SHOP_006,8.0,3,Fair
BIKE_12346,SHOP_001,11.0,1,Good
BIKE_17278,SHOP_004,19.0,1,Good
BIKE_32579,SHOP_004,22.0,3,Good
BIKE_10173,SHOP_006,12.0,2,Good
BIKE_18462,SHOP_009,26.0,3,Good
BIKE_18462,SHOP_003,28.0,2,Good
BIKE_09750,SHOP_007,9.0,1,Good
BIKE_37302,SHOP_012,52.0,3,Good
BIKE_13253,SHOP_009,25.0,2,Fair
BIKE_13253,SHOP_003,26.0,2,Good
BIKE_27951,SHOP_003,22.0,3,Good
BIKE_27951,SHOP_009,19.0,1,Excellent
BIKE_25013,SHOP_009,27.0,1,Good
BIKE_14233,SHOP_003,20.0,2,Fair
BIKE_00879,SHOP_012,52.0,2,Good
BIKE_01285,SHOP_009,21.0,3,Good
BIKE_17468,SHOP_006,9.0,3,Excellent
BIKE_00953,SHOP_003,37.0,1,Good
BIKE_00953,SHOP_009,34.0,2,Good
BIKE_07337,SHOP_003,22.0,3,Excellent
BIKE_06556,SHOP_009,20.0,1,Excellent
BIKE_06556,SHOP_003,22.0,2,Fair
BIKE_35167,SHOP_003,29.0,3,Fair
BIKE_35167,SHOP_009,30.0,3,Good
BIKE_13169,SHOP_010,22.0,3,Good
BIKE_26488,SHOP_010,12.0,2,Good
BIKE_06736,SHOP_003,26.0,1,Fair
BIKE_06736,SHOP_009,29.0,3,Excellent
BIKE_10465,SHOP_001,11.0,3,Good
BIKE_10465,SHOP_009,9.0,2,Excellent
BIKE_37287,SHOP_012,57.0,1,Good
BIKE_37907,SHOP_001,24.0,3,Excellent
BIKE_37907,SHOP_004,25.0,2,Fair
BIKE_10575,SHOP_009,18.0,3,Excellent
BIKE_10575,SHOP_006,16.0,1,Fair
BIKE_14742,SHOP_009,22.0,2,Fair
BIKE_14742,SHOP_003,21.0,3,Good
BIKE_06698,SHOP_009,22.0,3,Good
BIKE_01033,SHOP_003,26.0,2,Good
BIKE_01033,SHOP_009,27.0,2,Good
BIKE_18117,SHOP_003,26.0,2,Fair
BIKE_08082,SHOP_009,32.0,2,Excellent
BIKE_08082,SHOP_003,33.0,1,Good
BIKE_05598,SHOP_009,29.0,2,Fair
BIKE_05598,SHOP_003,30.0,1,Excellent
BIKE_11865,SHOP_009,25.0,3,Good
BIKE_11865,SHOP_003,25.0,3,Good
BIKE_05987,SHOP_009,22.0,1,Good
BIKE_20809,SHOP_009,25.0,1,Fair
BIKE_32584,SHOP_003,21.0,3,Excellent
BIKE_07024,SHOP_009,33.0,3,Good
BIKE_07024,SHOP_003,32.0,3,Good
BIKE_08904,SHOP_003,26.0,3,Good
BIKE_08904,SHOP_009,28.0,2,Fair
BIKE_31835,SHOP_003,30.0,2,Good
BIKE_31835,SHOP_009,32.0,1,Good
BIKE_16461,SHOP_010,19.0,3,Good
BIKE_16461,SHOP_007,21.0,3,Excellent
BIKE_12619,SHOP_003,24.0,1,Good
BIKE_12619,SHOP_009,24.0,2,Good
BIKE_00471,SHOP_003,22.0,1,Good
BIKE_11947,SHOP_009,27.0,2,Excellent
BIKE_22248,SHOP_007,21.0,3,Excellent
BIKE_28842,SHOP_003,28.0,1,Good
BIKE_13589,SHOP_003,22.0,1,Fair
BIKE_13589,SHOP_009,20.0,2,Good
BIKE_21921,SHOP_009,29.0,3,Fair
BIKE_14815,SHOP_009,23.0,3,Excellent
BIKE_14815,SHOP_003,23.0,1,Good
BIKE_22535,SHOP_009,26.0,2,Good
BIKE_22535,SHOP_003,28.0,2,Fair
BIKE_19189,SHOP_003,26.0,3,Fair
BIKE_06948,SHOP_009,12.0,3,Good
BIKE_06948,SHOP_007,12.0,2,Excellent
BIKE_29204,SHOP_009,24.0,1,Good
BIKE_29204,SHOP_003,22.0,1,Excellent
BIKE_07499,SHOP_003,21.0,3,Excellent
BIKE_14856,SHOP_003,29.0,2,Good
BIKE_14856,SHOP_009,30.0,2,Excellent
BIKE_13158,SHOP_009,29.0,3,Good
BIKE_13158,SHOP_003,29.0,2,Excellent
BIKE_25361,SHOP_009,23.0,3,Excellent
BIKE_23305,SHOP_001,17.0,1,Good
BIKE_23305,SHOP_003,17.0,3,Good
BIKE_24679,SHOP_003,20.0,1,Fair
BIKE_22824,SHOP_007,9.0,2,Good
BIKE_22824,SHOP_001,11.0,1,Good
BIKE_09681,SHOP_003,20.0,3,Good
BIKE_09681,SHOP_009,22.0,1,Good
BIKE_20177,SHOP_003,31.0,1,Good
BIKE_20177,SHOP_009,32.0,3,Good
BIKE_20168,SHOP_003,42.0,1,Good
BIKE_20168,SHOP_009,43.0,3,Fair
BIKE_11177,SHOP_009,29.0,2,Excellent
BIKE_11177,SHOP_003,28.0,1,Good
BIKE_26057,SHOP_009,27.0,2,Good
BIKE_03269,SHOP_003,45.0,3,Good
BIKE_38028,SHOP_012,66.0,1,Good
BIKE_13371,SHOP_003,18.0,2,Excellent
BIKE_13371,SHOP_006,16.0,2,Good
BIKE_03944,SHOP_009,27.0,1,Good
BIKE_03944,SHOP_003,26.0,1,Excellent
BIKE_13405,SHOP_003,26.0,2,Fair
BIKE_33136,SHOP_009,30.0,2,Excellent
BIKE_33136,SHOP_003,32.0,3,Good
BIKE_38334,SHOP_009,30.0,1,Good
BIKE_38334,SHOP_003,30.0,2,Good
BIKE_13909,SHOP_003,43.0,1,Fair
BIKE_13909,SHOP_009,46.0,1,Fair
BIKE_20892,SHOP_003,27.0,1,Good
BIKE_20892,SHOP_009,28.0,1,Good
BIKE_12574,SHOP_003,41.0,1,Good
BIKE_16435,SHOP_003,25.0,1,Excellent
BIKE_16435,SHOP_009,24.0,3,Fair
BIKE_32274,SHOP_009,17.0,1,Fair
BIKE_32565,SHOP_010,22.0,1,Good
BIKE_34147,SHOP_009,10.0,1,Good
BIKE_21997,SHOP_009,31.0,2,Good
BIKE_21997,SHOP_003,27.0,2,Excellent
BIKE_07070,SHOP_006,20.0,1,Good
BIKE_07070,SHOP_010,20.0,2,Good
BIKE_30745,SHOP_006,21.0,1,Good
BIKE_30745,SHOP_004,21.0,3,Good
BIKE_16550,SHOP_003,27.0,3,Good
BIKE_09619,SHOP_003,21.0,2,Fair
BIKE_09619,SHOP_009,18.0,1,Fair
BIKE_01807,SHOP_003,29.0,1,Excellent
BIKE_11011,SHOP_007,9.0,2,Good
BIKE_11011,SHOP_009,11.0,2,Good
BIKE_06056,SHOP_003,30.0,2,Fair
BIKE_06056,SHOP_009,28.0,3,Fair
BIKE_32529,SHOP_003,30.0,1,Good
BIKE_16037,SHOP_009,30.0,3,Excellent
BIKE_16037,SHOP_003,29.0,2,Good
BIKE_09263,SHOP_001,23.0,1,Good
BIKE_09263,SHOP_004,24.0,2,Good
BIKE_16660,SHOP_003,28.0,2,Good
BIKE_34099,SHOP_001,21.0,2,Good
BIKE_34099,SHOP_007,20.0,2,Good
BIKE_37971,SHOP_003,50.0,3,Good
BIKE_11478,SHOP_009,23.0,2,Fair
BIKE_18956,SHOP_009,23.0,2,Fair
BIKE_18956,SHOP_003,25.0,1,Good
BIKE_04741,SHOP_003,46.0,3,Good
BIKE_21440,SHOP_009,28.0,2,Good
BIKE_19957,SHOP_003,49.0,3,Good
BIKE_10747,SHOP_003,26.0,1,Good
BIKE_10747,SHOP_009,27.0,2,Excellent
BIKE_09632,SHOP_003,12.0,2,Excellent
BIKE_09632,SHOP_006,9.0,2,Good
BIKE_30880,SHOP_003,31.0,3,Fair
BIKE_30880,SHOP_009,31.0,3,Fair
BIKE_33880,SHOP_006,20.0,1,Good
BIKE_33880,SHOP_010,22.0,2,Fair
BIKE_38364,SHOP_001,10.0,2,Good
BIKE_06111,SHOP_003,22.0,1,Good
BIKE_34579,SHOP_009,28.0,1,Good
BIKE_08895,SHOP_003,27.0,2,Good
BIKE_24061,SHOP_012,46.0,3,Good
BIKE_04265,SHOP_001,19.0,3,Fair
BIKE_38595,SHOP_003,29.0,2,Fair
BIKE_22939,SHOP_006,19.0,1,Good
BIKE_22939,SHOP_010,18.0,3,Fair
BIKE_21350,SHOP_003,29.0,2,Good
BIKE_21350,SHOP_009,26.0,3,Fair
BIKE_15117,SHOP_010,25.0,1,Good
BIKE_15117,SHOP_003,23.0,3,Excellent
BIKE_11734,SHOP_003,8.0,3,Fair
BIKE_24836,SHOP_009,23.0,1,Excellent
BIKE_24836,SHOP_004,21.0,2,Good
BIKE_27636,SHOP_006,10.0,1,Good
BIKE_01426,SHOP_012,40.0,1,Good
BIKE_28117,SHOP_012,48.0,3,Good
BIKE_37843,SHOP_003,25.0,1,Excellent
BIKE_37843,SHOP_009,26.0,2,Good
BIKE_34654,SHOP_001,25.0,2,Fair
BIKE_18853,SHOP_003,21.0,2,Good
BIKE_18853,SHOP_009,24.0,2,Good
BIKE_38060,SHOP_007,9.0,2,Fair
BIKE_38060,SHOP_001,10.0,2,Fair
BIKE_01487,SHOP_003,23.0,3,Excellent
BIKE_08439,SHOP_009,25.0,2,Good
BIKE_08439,SHOP_003,25.0,2,Good
BIKE_08340,SHOP_007,9.0,2,Good
BIKE_08340,SHOP_009,10.0,2,Excellent
BIKE_33480,SHOP_003,23.0,1,Good
BIKE_23530,SHOP_010,22.0,2,Good
BIKE_07800,SHOP_006,22.0,2,Good
BIKE_07800,SHOP_007,26.0,1,Good
BIKE_28065,SHOP_003,24.0,2,Good
BIKE_28065,SHOP_009,26.0,2,Good
BIKE_01395,SHOP_003,22.0,3,Fair
BIKE_05907,SHOP_009,31.0,2,Good
BIKE_37247,SHOP_003,27.0,1,Good
BIKE_07327,SHOP_009,32.0,3,Excellent
BIKE_25213,SHOP_009,28.0,2,Good
BIKE_25213,SHOP_003,29.0,1,Good
BIKE_12505,SHOP_009,23.0,1,Good
BIKE_12505,SHOP_003,22.0,1,Fair
BIKE_35263,SHOP_004,22.0,1,Fair
BIKE_36000,SHOP_003,10.0,3,Good
BIKE_23114,SHOP_009,22.0,2,Good
BIKE_23114,SHOP_003,21.0,1,Fair
BIKE_00263,SHOP_003,30.0,1,Good
BIKE_31936,SHOP_009,25.0,2,Fair
BIKE_10980,SHOP_003,27.0,1,Fair
BIKE_10980,SHOP_009,27.0,1,Excellent
BIKE_00273,SHOP_003,19.0,2,Fair
BIKE_00273,SHOP_004,19.0,3,Fair
BIKE_24726,SHOP_009,25.0,1,Excellent
BIKE_09016,SHOP_009,19.0,1,Good
BIKE_09016,SHOP_003,21.0,2,Fair
BIKE_17036,SHOP_003,35.0,2,Good
BIKE_17036,SHOP_009,36.0,3,Good
BIKE_35932,SHOP_003,22.0,1,Excellent
BIKE_18339,SHOP_001,10.0,2,Good
BIKE_18339,SHOP_007,12.0,2,Good
BIKE_20629,SHOP_003,24.0,2,Fair
BIKE_20629,SHOP_009,22.0,3,Fair
BIKE_31244,SHOP_003,24.0,3,Good
BIKE_31244,SHOP_004,22.0,2,Good
BIKE_29605,SHOP_012,75.0,3,Good
BIKE_31849,SHOP_009,37.0,2,Good
BIKE_31849,SHOP_003,38.0,2,Excellent
BIKE_29359,SHOP_007,10.0,1,Good
BIKE_29359,SHOP_003,10.0,3,Good
BIKE_21018,SHOP_003,35.0,3,Good
BIKE_21018,SHOP_009,34.0,2,Good
BIKE_32455,SHOP_012,44.0,1,Good
BIKE_08059,SHOP_009,31.0,2,Good
BIKE_08059,SHOP_003,31.0,1,Good
BIKE_18097,SHOP_009,36.0,1,Good
BIKE_03780,SHOP_009,22.0,1,Good
BIKE_23109,SHOP_003,12.0,2,Good
BIKE_23109,SHOP_001,15.0,2,Excellent
BIKE_15246,SHOP_012,40.0,3,Fair
BIKE_38126,SHOP_009,28.0,2,Excellent
BIKE_38126,SHOP_003,29.0,1,Good
BIKE_12865,SHOP_007,8.0,1,Good
BIKE_01179,SHOP_009,28.0,3,Good
BIKE_01179,SHOP_003,31.0,2,Excellent
BIKE_37136,SHOP_004,19.0,3,Good
BIKE_37136,SHOP_006,19.0,2,Good
BIKE_15555,SHOP_009,18.0,3,Fair
BIKE_15555,SHOP_003,18.0,2,Good
BIKE_31949,SHOP_009,29.0,1,Fair
BIKE_31949,SHOP_003,29.0,3,Fair
BIKE_03929,SHOP_009,23.0,1,Good
BIKE_35471,SHOP_004,22.0,2,Good
BIKE_35471,SHOP_009,20.0,1,Excellent
BIKE_04146,SHOP_009,19.0,1,Excellent
BIKE_04146,SHOP_006,19.0,1,Good
BIKE_36252,SHOP_012,200.0,1,Good
BIKE_02138,SHOP_009,31.0,3,Good
BIKE_00198,SHOP_003,8.0,1,Good
BIKE_11627,SHOP_003,28.0,2,Excellent
BIKE_30397,SHOP_012,44.0,1,Good
BIKE_20859,SHOP_003,18.0,2,Good
BIKE_05377,SHOP_003,11.0,2,Fair
BIKE_05377,SHOP_007,10.0,3,Good
BIKE_23127,SHOP_012,42.0,3,Fair
BIKE_09606,SHOP_003,51.0,1,Good
BIKE_09606,SHOP_009,51.0,2,Good
BIKE_14165,SHOP_003,49.0,3,Good
BIKE_14165,SHOP_009,50.0,3,Good
BIKE_09153,SHOP_006,21.0,2,Good
BIKE_08354,SHOP_012,42.0,3,Good
BIKE_34923,SHOP_009,40.0,1,Good
BIKE_07305,SHOP_003,12.0,3,Fair
BIKE_31233,SHOP_009,10.0,2,Good
BIKE_31233,SHOP_006,10.0,2,Excellent
BIKE_29440,SHOP_001,9.0,2,Excellent
BIKE_10535,SHOP_003,29.0,1,Good
BIKE_10535,SHOP_009,27.0,2,Good
BIKE_15800,SHOP_006,10.0,1,Good
BIKE_15800,SHOP_007,12.0,1,Good
BIKE_03001,SHOP_009,44.0,2,Good
BIKE_33831,SHOP_003,26.0,1,Good
BIKE_12871,SHOP_003,25.0,1,Good
BIKE_12851,SHOP_003,44.0,3,Good
BIKE_12469,SHOP_004,19.0,1,Excellent
BIKE_33387,SHOP_009,24.0,2,Excellent
BIKE_08880,SHOP_003,14.0,1,Good
BIKE_29073,SHOP_003,26.0,2,Good
BIKE_04235,SHOP_003,26.0,1,Excellent
BIKE_04235,SHOP_009,24.0,2,Good
BIKE_15834,SHOP_004,18.0,3,Excellent
BIKE_02554,SHOP_006,10.0,1,Good
BIKE_29717,SHOP_009,23.0,2,Excellent
BIKE_29717,SHOP_003,20.0,2,Fair
BIKE_19931,SHOP_001,11.0,2,Good
BIKE_24987,SHOP_003,13.0,2,Good
BIKE_25402,SHOP_009,29.0,1,Good
BIKE_20816,SHOP_009,27.0,2,Good
BIKE_36513,SHOP_009,26.0,2,Fair
BIKE_36513,SHOP_003,24.0,3,Good
BIKE_18397,SHOP_012,46.0,1,Good
BIKE_09932,SHOP_007,9.0,2,Good
BIKE_09932,SHOP_009,11.0,1,Excellent
BIKE_06112,SHOP_009,32.0,1,Good
BIKE_02531,SHOP_009,12.0,1,Good
BIKE_17141,SHOP_001,19.0,2,Good
BIKE_01457,SHOP_009,23.0,2,Good
BIKE_30721,SHOP_009,45.0,3,Fair
BIKE_01687,SHOP_012,168.0,1,Good
BIKE_31797,SHOP_003,22.0,2,Good
BIKE_26833,SHOP_004,19.0,1,Good
BIKE_26833,SHOP_010,20.0,2,Good
BIKE_18379,SHOP_009,34.0,2,Good
BIKE_18379,SHOP_003,31.0,2,Good
BIKE_13620,SHOP_007,20.0,3,Good
BIKE_13620,SHOP_003,16.0,1,Good
BIKE_15726,SHOP_003,31.0,2,Good
BIKE_15726,SHOP_009,31.0,1,Good
BIKE_35591,SHOP_012,42.0,1,Good
BIKE_21888,SHOP_009,39.0,1,Good
BIKE_21888,SHOP_003,42.0,3,Good
BIKE_23894,SHOP_003,19.0,2,Fair
BIKE_23894,SHOP_009,20.0,1,Good
BIKE_15211,SHOP_003,30.0,3,Fair
BIKE_15211,SHOP_009,30.0,3,Good
BIKE_14921,SHOP_009,11.0,3,Excellent
BIKE_14921,SHOP_006,10.0,3,Fair
BIKE_13374,SHOP_009,10.0,2,Excellent
BIKE_13374,SHOP_001,9.0,1,Good
BIKE_34132,SHOP_009,47.0,2,Good
BIKE_27574,SHOP_010,23.0,3,Good
BIKE_09620,SHOP_009,27.0,3,Excellent
BIKE_09620,SHOP_003,29.0,3,Fair
BIKE_05762,SHOP_012,42.0,1,Fair
BIKE_19092,SHOP_009,19.0,2,Good
BIKE_33494,SHOP_009,44.0,1,Excellent
BIKE_33494,SHOP_003,47.0,2,Fair
BIKE_09058,SHOP_009,18.0,3,Good
BIKE_09058,SHOP_010,21.0,3,Excellent
BIKE_18167,SHOP_007,25.0,1,Fair
BIKE_18167,SHOP_003,24.0,2,Excellent
BIKE_18305,SHOP_009,48.0,2,Fair
BIKE_21486,SHOP_006,9.0,3,Good
BIKE_21486,SHOP_003,8.0,2,Excellent
BIKE_27830,SHOP_012,160.0,2,Excellent
BIKE_16900,SHOP_012,61.0,3,Good
BIKE_19384,SHOP_009,22.0,3,Good
BIKE_38620,SHOP_003,27.0,2,Good
BIKE_38620,SHOP_009,29.0,2,Excellent
BIKE_15013,SHOP_003,9.0,3,Fair
BIKE_15013,SHOP_007,11.0,1,Good
BIKE_01668,SHOP_003,24.0,1,Good
BIKE_00505,SHOP_009,28.0,2,Good
BIKE_02290,SHOP_003,26.0,2,Excellent
BIKE_09287,SHOP_009,27.0,2,Fair
BIKE_09287,SHOP_003,26.0,1,Good
BIKE_38733,SHOP_009,42.0,2,Good
BIKE_10493,SHOP_012,48.0,3,Excellent
BIKE_27064,SHOP_009,34.0,2,Good
BIKE_23814,SHOP_007,10.0,3,Good
BIKE_19011,SHOP_003,34.0,2,Good
BIKE_03840,SHOP_009,41.0,2,Good
BIKE_31220,SHOP_003,30.0,3,Good
BIKE_14649,SHOP_009,32.0,3,Good
BIKE_24325,SHOP_003,45.0,2,Good
BIKE_24325,SHOP_009,44.0,2,Good
BIKE_33246,SHOP_009,29.0,1,Excellent
BIKE_21554,SHOP_010,18.0,3,Good
BIKE_21554,SHOP_009,20.0,2,Excellent
BIKE_17895,SHOP_003,26.0,1,Good
BIKE_17895,SHOP_009,26.0,3,Fair
BIKE_10802,SHOP_003,34.0,2,Good
BIKE_32080,SHOP_006,20.0,1,Good
BIKE_32080,SHOP_010,21.0,3,Good
BIKE_15999,SHOP_003,21.0,1,Excellent
BIKE_15999,SHOP_009,24.0,3,Good
BIKE_37885,SHOP_003,44.0,1,Good
BIKE_37885,SHOP_009,42.0,2,Excellent
BIKE_18303,SHOP_003,25.0,2,Good
BIKE_18303,SHOP_009,26.0,1,Good
BIKE_28257,SHOP_003,40.0,1,Good
BIKE_28257,SHOP_009,43.0,3,Fair
BIKE_05304,SHOP_009,28.0,1,Good
BIKE_38181,SHOP_007,9.0,1,Good
BIKE_38181,SHOP_009,10.0,3,Excellent
BIKE_08324,SHOP_003,31.0,2,Fair
BIKE_21661,SHOP_003,22.0,3,Fair
BIKE_31201,SHOP_003,29.0,3,Good
BIKE_31201,SHOP_009,26.0,2,Excellent
BIKE_28498,SHOP_007,12.0,2,Excellent
BIKE_28498,SHOP_006,11.0,2,Excellent
BIKE_32928,SHOP_012,38.0,3,Excellent
BIKE_21593,SHOP_006,22.0,1,Good
BIKE_38317,SHOP_003,21.0,1,Good
BIKE_38317,SHOP_001,20.0,3,Good
BIKE_12560,SHOP_009,21.0,1,Fair
BIKE_07827,SHOP_009,34.0,1,Good
BIKE_33033,SHOP_001,23.0,1,Good
BIKE_34398,SHOP_003,24.0,1,Fair
BIKE_11068,SHOP_012,80.0,3,Good
BIKE_13048,SHOP_001,21.0,1,Good
BIKE_13048,SHOP_004,20.0,3,Good
BIKE_21530,SHOP_007,11.0,2,Good
BIKE_20675,SHOP_009,22.0,3,Good
BIKE_24929,SHOP_009,42.0,3,Excellent
BIKE_24929,SHOP_003,43.0,2,Fair
BIKE_37553,SHOP_003,20.0,1,Good
BIKE_37553,SHOP_009,23.0,3,Good
BIKE_01213,SHOP_001,20.0,3,Fair
BIKE_23491,SHOP_009,23.0,1,Good
BIKE_38631,SHOP_009,20.0,1,Excellent
BIKE_08475,SHOP_012,59.0,1,Good
BIKE_33562,SHOP_009,33.0,3,Excellent
BIKE_33562,SHOP_003,32.0,3,Excellent
BIKE_03705,SHOP_009,26.0,2,Good
BIKE_18392,SHOP_003,20.0,3,Excellent
BIKE_18392,SHOP_007,23.0,2,Good
BIKE_32986,SHOP_003,23.0,3,Good
BIKE_32986,SHOP_009,22.0,1,Good
BIKE_02055,SHOP_003,41.0,1,Good
BIKE_03604,SHOP_003,26.0,2,Good
BIKE_03604,SHOP_009,24.0,1,Good
BIKE_20891,SHOP_006,23.0,1,Good
BIKE_20891,SHOP_009,24.0,1,Good
BIKE_03931,SHOP_009,12.0,1,Good
BIKE_31272,SHOP_003,22.0,1,Good
BIKE_31272,SHOP_009,25.0,3,Excellent
BIKE_00509,SHOP_003,44.0,3,Good
BIKE_00509,SHOP_009,45.0,3,Good
BIKE_10855,SHOP_010,21.0,2,Good
BIKE_10855,SHOP_004,19.0,2,Good
BIKE_03502,SHOP_003,11.0,3,Good
BIKE_00013,SHOP_007,9.0,3,Fair
BIKE_00013,SHOP_006,11.0,1,Excellent
BIKE_26963,SHOP_009,38.0,3,Good
BIKE_26963,SHOP_003,38.0,2,Fair
BIKE_33582,SHOP_003,38.0,1,Excellent
BIKE_33582,SHOP_009,37.0,1,Good
BIKE_32547,SHOP_007,21.0,1,Fair
BIKE_32547,SHOP_003,24.0,3,Fair
BIKE_01557,SHOP_003,38.0,3,Excellent
BIKE_03635,SHOP_003,37.0,2,Fair
BIKE_34100,SHOP_009,10.0,1,Good
BIKE_34100,SHOP_003,9.0,1,Good
BIKE_23788,SHOP_009,19.0,2,Fair
BIKE_23788,SHOP_010,18.0,2,Fair
BIKE_02247,SHOP_003,36.0,2,Fair
BIKE_02247,SHOP_009,36.0,1,Good
BIKE_21441,SHOP_003,33.0,2,Good
BIKE_04548,SHOP_006,10.0,2,Good
BIKE_20498,SHOP_003,47.0,1,Excellent
BIKE_20498,SHOP_009,43.0,1,Good
BIKE_36362,SHOP_003,41.0,1,Good
BIKE_36362,SHOP_009,40.0,3,Excellent
BIKE_24681,SHOP_009,25.0,3,Good
BIKE_31895,SHOP_009,9.0,1,Good
BIKE_36640,SHOP_001,19.0,2,Excellent
BIKE_36640,SHOP_007,23.0,2,Excellent
BIKE_30976,SHOP_009,23.0,2,Good
BIKE_30976,SHOP_004,21.0,1,Fair
BIKE_01791,SHOP_012,38.0,2,Fair
BIKE_18838,SHOP_003,33.0,3,Good
BIKE_20361,SHOP_001,25.0,3,Excellent
BIKE_08135,SHOP_009,11.0,1,Good
BIKE_08135,SHOP_003,12.0,1,Excellent
BIKE_34678,SHOP_003,34.0,2,Excellent
BIKE_12487,SHOP_009,28.0,2,Good
BIKE_12487,SHOP_003,27.0,1,Excellent
BIKE_13695,SHOP_003,48.0,3,Excellent
BIKE_07650,SHOP_003,41.0,1,Good
BIKE_07650,SHOP_009,43.0,3,Good
BIKE_02814,SHOP_003,22.0,1,Good
BIKE_15933,SHOP_003,25.0,3,Good
BIKE_15933,SHOP_009,24.0,1,Excellent
BIKE_14545,SHOP_003,46.0,3,Good
BIKE_18345,SHOP_003,34.0,2,Good
BIKE_18345,SHOP_009,33.0,1,Good
BIKE_12520,SHOP_003,47.0,1,Good
BIKE_12520,SHOP_009,46.0,1,Good
BIKE_33374,SHOP_003,38.0,1,Good
BIKE_35595,SHOP_007,9.0,1,Good
BIKE_15509,SHOP_010,24.0,1,Good
BIKE_37890,SHOP_012,50.0,1,Fair
BIKE_32271,SHOP_009,22.0,2,Good
BIKE_22582,SHOP_009,29.0,2,Fair
BIKE_22582,SHOP_003,29.0,3,Excellent
BIKE_12623,SHOP_006,10.0,2,Fair
BIKE_16296,SHOP_009,49.0,3,Excellent
BIKE_16296,SHOP_003,49.0,1,Excellent
BIKE_21747,SHOP_009,35.0,3,Excellent
BIKE_33642,SHOP_007,22.0,3,Fair
BIKE_33642,SHOP_001,23.0,1,Excellent
BIKE_00686,SHOP_001,10.0,1,Good
BIKE_30016,SHOP_007,23.0,3,Fair
BIKE_29779,SHOP_009,24.0,3,Excellent
BIKE_02885,SHOP_001,10.0,1,Good
BIKE_02885,SHOP_007,9.0,3,Good
BIKE_19679,SHOP_003,19.0,2,Good
BIKE_27933,SHOP_001,20.0,1,Excellent
BIKE_03628,SHOP_003,37.0,1,Good
BIKE_11514,SHOP_009,46.0,2,Good
BIKE_02757,SHOP_003,38.0,2,Excellent
BIKE_01640,SHOP_012,41.0,1,Excellent
BIKE_33984,SHOP_009,26.0,1,Fair
BIKE_30011,SHOP_003,19.0,1,Good
BIKE_09400,SHOP_009,21.0,3,Good
BIKE_24057,SHOP_006,11.0,3,Fair
BIKE_12212,SHOP_009,11.0,2,Good
BIKE_33953,SHOP_007,20.0,3,Good
BIKE_33953,SHOP_010,21.0,2,Good
BIKE_10497,SHOP_003,37.0,1,Fair
BIKE_27227,SHOP_009,42.0,3,Excellent
BIKE_27227,SHOP_003,41.0,2,Fair
BIKE_02624,SHOP_009,31.0,2,Excellent
BIKE_22768,SHOP_009,27.0,1,Fair
BIKE_22768,SHOP_003,25.0,3,Good
BIKE_31359,SHOP_010,22.0,3,Good
BIKE_37486,SHOP_003,30.0,3,Good
BIKE_09564,SHOP_001,10.0,3,Excellent
BIKE_18836,SHOP_009,11.0,2,Fair
BIKE_29005,SHOP_009,44.0,2,Excellent
BIKE_35811,SHOP_001,9.0,1,Fair
BIKE_35811,SHOP_006,10.0,1,Fair
BIKE_38608,SHOP_009,29.0,1,Good
BIKE_28409,SHOP_001,23.0,3,Fair
BIKE_35576,SHOP_009,38.0,1,Fair
BIKE_35576,SHOP_003,39.0,3,Good
BIKE_05471,SHOP_009,38.0,2,Excellent
BIKE_29620,SHOP_009,25.0,2,Fair
BIKE_17731,SHOP_009,36.0,3,Excellent
BIKE_12024,SHOP_007,11.0,2,Good
BIKE_12024,SHOP_006,10.0,2,Good
BIKE_23030,SHOP_003,30.0,2,Good
BIKE_07685,SHOP_003,48.0,1,Good
BIKE_11666,SHOP_003,20.0,2,Fair
BIKE_24737,SHOP_009,30.0,3,Fair
BIKE_24737,SHOP_003,29.0,3,Good
BIKE_05549,SHOP_003,22.0,1,Good
BIKE_05549,SHOP_009,24.0,3,Good
BIKE_08467,SHOP_009,28.0,3,Good
BIKE_08467,SHOP_003,26.0,2,Good
BIKE_23605,SHOP_012,46.0,1,Good
BIKE_33404,SHOP_003,43.0,3,Good
BIKE_33404,SHOP_009,40.0,2,Good
BIKE_36209,SHOP_007,9.0,1,Good
BIKE_37281,SHOP_007,23.0,1,Good
BIKE_37281,SHOP_006,22.0,3,Excellent
BIKE_28284,SHOP_003,25.0,2,Good
BIKE_10718,SHOP_009,42.0,3,Fair
BIKE_10718,SHOP_003,43.0,3,Fair
BIKE_11879,SHOP_009,43.0,3,Excellent
BIKE_13692,SHOP_009,20.0,3,Fair
BIKE_13692,SHOP_003,22.0,2,Good
BIKE_14526,SHOP_003,30.0,3,Excellent
BIKE_12151,SHOP_009,8.0,3,Excellent
BIKE_12151,SHOP_006,12.0,2,Good
BIKE_23302,SHOP_004,23.0,1,Good
BIKE_33956,SHOP_012,45.0,2,Fair
BIKE_21822,SHOP_006,20.0,1,Good
BIKE_21822,SHOP_007,19.0,1,Excellent
BIKE_24779,SHOP_003,28.0,3,Good
BIKE_05989,SHOP_001,22.0,1,Fair
BIKE_05989,SHOP_010,19.0,1,Good
BIKE_24960,SHOP_003,11.0,1,Good
BIKE_19916,SHOP_009,26.0,3,Good
BIKE_07745,SHOP_003,36.0,2,Excellent
BIKE_27797,SHOP_004,21.0,3,Fair
BIKE_29832,SHOP_009,27.0,2,Good
BIKE_29832,SHOP_003,25.0,3,Good
BIKE_17128,SHOP_009,36.0,1,Good
BIKE_31939,SHOP_009,29.0,1,Fair
BIKE_08476,SHOP_012,57.0,2,Excellent
BIKE_03640,SHOP_009,39.0,3,Excellent
BIKE_10898,SHOP_001,12.0,2,Good
BIKE_26521,SHOP_009,25.0,2,Fair
BIKE_26521,SHOP_003,25.0,3,Good
BIKE_37087,SHOP_012,43.0,3,Good
BIKE_12451,SHOP_009,20.0,2,Good
BIKE_12451,SHOP_003,22.0,1,Good
BIKE_17385,SHOP_009,29.0,3,Fair
BIKE_04775,SHOP_009,45.0,2,Good
BIKE_04775,SHOP_003,45.0,3,Good
BIKE_31664,SHOP_003,37.0,3,Good
BIKE_31664,SHOP_009,37.0,2,Good
BIKE_37662,SHOP_009,32.0,1,Good
BIKE_05732,SHOP_009,18.0,2,Good
BIKE_20090,SHOP_003,34.0,1,Excellent
BIKE_20090,SHOP_009,34.0,1,Good
BIKE_08239,SHOP_012,50.0,2,Excellent
BIKE_33858,SHOP_012,42.0,2,Good
BIKE_18307,SHOP_003,29.0,2,Good
BIKE_18307,SHOP_009,29.0,3,Excellent
BIKE_29790,SHOP_010,19.0,1,Good
BIKE_29434,SHOP_009,25.0,1,Excellent
BIKE_08006,SHOP_009,39.0,2,Fair
BIKE_26058,SHOP_003,29.0,1,Good
BIKE_14787,SHOP_012,49.0,1,Good
BIKE_00322,SHOP_003,28.0,1,Good
BIKE_36318,SHOP_003,32.0,2,Excellent
BIKE_36318,SHOP_009,31.0,3,Fair
BIKE_01346,SHOP_009,26.0,1,Good
BIKE_36567,SHOP_009,27.0,3,Good
BIKE_36567,SHOP_003,28.0,3,Good
BIKE_27106,SHOP_003,22.0,1,Excellent
BIKE_27106,SHOP_009,20.0,3,Excellent
BIKE_12016,SHOP_007,20.0,2,Good
BIKE_12016,SHOP_004,18.0,3,Fair
BIKE_31724,SHOP_003,23.0,1,Good
BIKE_18578,SHOP_009,25.0,1,Excellent
BIKE_18578,SHOP_003,23.0,2,Good
BIKE_10798,SHOP_001,21.0,1,Fair
BIKE_17355,SHOP_009,27.0,3,Excellent
BIKE_17355,SHOP_003,26.0,2,Fair
BIKE_35899,SHOP_009,50.0,3,Good
BIKE_13297,SHOP_006,10.0,1,Good
BIKE_13297,SHOP_007,11.0,3,Fair
BIKE_36485,SHOP_001,12.0,3,Good
BIKE_36485,SHOP_003,13.0,3,Good
BIKE_04471,SHOP_009,28.0,3,Good
BIKE_04471,SHOP_003,28.0,2,Fair
BIKE_07625,SHOP_009,24.0,3,Good
BIKE_07625,SHOP_003,22.0,3,Excellent
BIKE_16026,SHOP_009,26.0,3,Good
BIKE_16026,SHOP_003,29.0,1,Good
BIKE_24072,SHOP_007,21.0,1,Good
BIKE_26479,SHOP_003,28.0,2,Good
BIKE_20060,SHOP_009,35.0,3,Excellent
BIKE_04921,SHOP_004,20.0,3,Excellent
BIKE_04921,SHOP_003,21.0,2,Excellent
BIKE_31529,SHOP_009,29.0,1,Good
BIKE_31529,SHOP_003,30.0,3,Good
BIKE_15543,SHOP_009,20.0,3,Fair
BIKE_17243,SHOP_009,31.0,3,Good
BIKE_17243,SHOP_003,31.0,3,Excellent
BIKE_03288,SHOP_003,35.0,2,Good
BIKE_03288,SHOP_009,35.0,1,Good
BIKE_29117,SHOP_007,22.0,3,Good
BIKE_29117,SHOP_004,22.0,2,Fair
BIKE_21992,SHOP_003,10.0,2,Excellent
BIKE_14704,SHOP_009,29.0,2,Good
BIKE_14704,SHOP_003,30.0,1,Excellent
BIKE_11799,SHOP_007,11.0,1,Good
BIKE_11799,SHOP_003,11.0,3,Good
BIKE_18198,SHOP_010,23.0,1,Good
BIKE_18198,SHOP_006,22.0,2,Good
BIKE_14652,SHOP_006,20.0,2,Fair
BIKE_34218,SHOP_009,21.0,1,Excellent
BIKE_34218,SHOP_010,22.0,1,Good
BIKE_37948,SHOP_003,29.0,3,Fair
BIKE_21653,SHOP_012,50.0,2,Excellent
BIKE_09861,SHOP_010,19.0,2,Fair
BIKE_38575,SHOP_009,28.0,3,Good
BIKE_00532,SHOP_012,69.0,1,Excellent
BIKE_09774,SHOP_003,23.0,1,Fair
BIKE_08492,SHOP_003,28.0,3,Fair
BIKE_08492,SHOP_009,28.0,3,Good
BIKE_22954,SHOP_009,11.0,1,Fair
BIKE_34664,SHOP_012,42.0,2,Good
BIKE_23008,SHOP_010,11.0,2,Good
BIKE_04093,SHOP_012,53.0,2,Good
BIKE_16247,SHOP_009,22.0,2,Good
BIKE_16247,SHOP_003,19.0,2,Good
BIKE_26695,SHOP_003,27.0,2,Good
BIKE_26695,SHOP_009,27.0,2,Excellent
BIKE_35924,SHOP_003,40.0,2,Good
BIKE_05288,SHOP_004,21.0,1,Fair
BIKE_05288,SHOP_003,20.0,3,Excellent
BIKE_29801,SHOP_012,68.0,3,Fair
BIKE_15009,SHOP_003,33.0,1,Good
BIKE_15009,SHOP_009,34.0,1,Excellent
BIKE_08194,SHOP_003,12.0,2,Good
BIKE_15071,SHOP_009,37.0,2,Excellent
BIKE_06515,SHOP_009,10.0,1,Good
BIKE_06515,SHOP_007,8.0,1,Excellent
BIKE_33922,SHOP_003,35.0,1,Good
BIKE_11438,SHOP_003,21.0,2,Good
BIKE_09242,SHOP_007,9.0,2,Fair
BIKE_09242,SHOP_009,10.0,2,Good
BIKE_27946,SHOP_003,36.0,2,Excellent
BIKE_09059,SHOP_003,29.0,3,Excellent
BIKE_09059,SHOP_009,31.0,1,Fair
BIKE_16113,SHOP_003,20.0,2,Good
BIKE_16113,SHOP_009,22.0,1,Good
BIKE_32219,SHOP_003,27.0,1,Good
BIKE_32219,SHOP_009,28.0,3,Good
BIKE_14872,SHOP_009,22.0,3,Excellent
BIKE_27267,SHOP_009,21.0,3,Good
BIKE_34708,SHOP_004,21.0,1,Excellent
BIKE_33488,SHOP_006,11.0,2,Fair
BIKE_16090,SHOP_009,8.0,1,Good
BIKE_21258,SHOP_003,18.0,3,Good
BIKE_21258,SHOP_010,20.0,2,Fair
BIKE_04082,SHOP_009,25.0,2,Good
BIKE_04082,SHOP_003,28.0,3,Good
BIKE_36012,SHOP_003,25.0,1,Fair
BIKE_04269,SHOP_009,26.0,2,Good
BIKE_04269,SHOP_003,27.0,2,Excellent
BIKE_24992,SHOP_009,27.0,3,Fair
BIKE_24992,SHOP_003,27.0,2,Good
BIKE_20018,SHOP_003,21.0,3,Excellent
BIKE_15319,SHOP_012,42.0,2,Good
BIKE_00278,SHOP_003,29.0,1,Excellent
BIKE_00278,SHOP_009,29.0,1,Good
BIKE_14625,SHOP_003,28.0,1,Good
BIKE_18159,SHOP_007,21.0,2,Good
BIKE_17991,SHOP_009,37.0,3,Good
BIKE_31992,SHOP_006,22.0,3,Good
BIKE_03834,SHOP_010,24.0,2,Fair
BIKE_38271,SHOP_003,44.0,3,Good
BIKE_27431,SHOP_009,52.0,1,Good
BIKE_17203,SHOP_003,28.0,3,Excellent
BIKE_17203,SHOP_009,26.0,3,Good
BIKE_29550,SHOP_003,22.0,3,Fair
BIKE_37145,SHOP_009,27.0,1,Good
BIKE_37145,SHOP_003,24.0,1,Good
BIKE_00374,SHOP_003,26.0,3,Good
BIKE_29422,SHOP_003,28.0,3,Good
BIKE_29422,SHOP_009,26.0,2,Good
BIKE_26397,SHOP_003,33.0,2,Fair
BIKE_26397,SHOP_009,32.0,3,Excellent
BIKE_36589,SHOP_012,54.0,2,Fair
BIKE_06340,SHOP_003,29.0,1,Good
BIKE_06340,SHOP_009,25.0,1,Good
BIKE_20865,SHOP_006,10.0,2,Good
BIKE_20865,SHOP_009,10.0,3,Good
BIKE_05715,SHOP_001,12.0,2,Good
BIKE_24678,SHOP_003,22.0,3,Excellent
BIKE_24678,SHOP_009,22.0,3,Good
BIKE_27404,SHOP_009,10.0,2,Good
BIKE_27404,SHOP_007,10.0,3,Fair
BIKE_15832,SHOP_012,40.0,3,Good
BIKE_13940,SHOP_003,22.0,3,Good
BIKE_04900,SHOP_009,27.0,1,Fair
BIKE_04900,SHOP_003,24.0,3,Excellent
BIKE_16166,SHOP_009,32.0,3,Good
BIKE_16166,SHOP_003,31.0,3,Good
BIKE_28637,SHOP_003,26.0,2,Good
BIKE_28966,SHOP_007,22.0,2,Good
BIKE_28966,SHOP_001,21.0,1,Excellent
BIKE_34049,SHOP_009,9.0,3,Good
BIKE_04815,SHOP_003,29.0,2,Good
BIKE_04815,SHOP_009,26.0,3,Good
BIKE_03789,SHOP_007,10.0,1,Good
BIKE_03789,SHOP_006,9.0,3,Good
BIKE_31894,SHOP_006,19.0,3,Good
BIKE_35288,SHOP_007,19.0,1,Good
BIKE_35288,SHOP_001,18.0,3,Excellent
BIKE_09842,SHOP_004,19.0,2,Excellent
BIKE_09842,SHOP_007,20.0,2,Good
BIKE_07411,SHOP_003,26.0,2,Good
BIKE_07411,SHOP_009,27.0,2,Good
BIKE_05466,SHOP_003,20.0,1,Good
BIKE_08296,SHOP_003,31.0,1,Good
BIKE_06978,SHOP_012,52.0,3,Excellent
BIKE_33695,SHOP_009,9.0,1,Good
BIKE_33695,SHOP_003,10.0,2,Fair
BIKE_23342,SHOP_009,23.0,2,Good
BIKE_23342,SHOP_003,26.0,2,Good
BIKE_20072,SHOP_009,29.0,2,Fair
BIKE_25602,SHOP_003,27.0,3,Fair
BIKE_12946,SHOP_012,46.0,1,Good
BIKE_15578,SHOP_009,29.0,1,Fair
BIKE_15578,SHOP_003,31.0,2,Fair
BIKE_05882,SHOP_009,32.0,1,Excellent
BIKE_11178,SHOP_009,19.0,2,Excellent
BIKE_11178,SHOP_006,19.0,2,Excellent
BIKE_26640,SHOP_003,25.0,1,Excellent
BIKE_26640,SHOP_009,22.0,1,Good
BIKE_07409,SHOP_003,11.0,2,Fair
BIKE_29628,SHOP_009,31.0,2,Good
BIKE_37529,SHOP_009,23.0,3,Good
BIKE_37529,SHOP_003,27.0,1,Excellent
BIKE_14465,SHOP_007,12.0,1,Excellent
BIKE_14465,SHOP_009,11.0,1,Good
BIKE_00128,SHOP_003,44.0,1,Fair
BIKE_00128,SHOP_009,44.0,3,Excellent
BIKE_09920,SHOP_006,11.0,1,Good
BIKE_14920,SHOP_009,34.0,3,Fair
BIKE_14920,SHOP_003,36.0,2,Good
BIKE_27631,SHOP_006,20.0,2,Fair
BIKE_16731,SHOP_007,10.0,2,Fair
BIKE_16731,SHOP_009,11.0,2,Fair
BIKE_37092,SHOP_009,19.0,1,Good
BIKE_37092,SHOP_010,19.0,2,Fair
BIKE_22129,SHOP_009,27.0,3,Good
BIKE_22129,SHOP_003,25.0,2,Fair
BIKE_08413,SHOP_003,12.0,2,Fair
BIKE_08413,SHOP_006,9.0,3,Good
BIKE_29606,SHOP_003,34.0,1,Excellent
BIKE_29606,SHOP_009,34.0,2,Good
BIKE_20428,SHOP_003,19.0,1,Excellent
BIKE_06420,SHOP_010,20.0,2,Good
BIKE_02935,SHOP_003,25.0,1,Excellent
BIKE_00396,SHOP_009,20.0,1,Good
BIKE_33819,SHOP_003,38.0,1,Good
BIKE_33819,SHOP_009,39.0,1,Fair
BIKE_27621,SHOP_003,33.0,2,Fair
BIKE_14443,SHOP_007,12.0,2,Good
BIKE_13152,SHOP_003,23.0,3,Fair
BIKE_13152,SHOP_006,21.0,3,Fair
BIKE_14699,SHOP_003,25.0,3,Good
BIKE_14699,SHOP_009,26.0,3,Good
BIKE_19021,SHOP_009,29.0,1,Excellent
BIKE_19021,SHOP_003,27.0,3,Good
BIKE_20100,SHOP_003,22.0,1,Fair
BIKE_20100,SHOP_009,22.0,1,Fair
BIKE_30511,SHOP_010,25.0,1,Excellent
BIKE_25656,SHOP_003,21.0,1,Excellent
BIKE_11710,SHOP_003,10.0,1,Good
BIKE_11710,SHOP_006,11.0,1,Fair
BIKE_21412,SHOP_009,10.0,2,Good
BIKE_05694,SHOP_009,11.0,2,Good
BIKE_28847,SHOP_009,28.0,2,Good
BIKE_17490,SHOP_009,22.0,1,Good
BIKE_04193,SHOP_006,22.0,2,Good
BIKE_04193,SHOP_003,23.0,2,Fair
BIKE_37807,SHOP_009,50.0,2,Good
BIKE_37807,SHOP_003,51.0,1,Good
BIKE_30115,SHOP_003,22.0,3,Good
BIKE_35651,SHOP_007,12.0,3,Good
BIKE_35651,SHOP_006,12.0,2,Excellent
BIKE_09918,SHOP_003,27.0,1,Good
BIKE_11592,SHOP_006,19.0,3,Good
BIKE_36773,SHOP_003,21.0,3,Good
BIKE_31025,SHOP_004,13.0,1,Good
BIKE_18278,SHOP_009,20.0,3,Fair
BIKE_08426,SHOP_009,32.0,1,Excellent
BIKE_32452,SHOP_003,31.0,3,Fair
BIKE_32452,SHOP_009,28.0,2,Good
BIKE_06039,SHOP_006,9.0,1,Good
BIKE_30247,SHOP_003,28.0,1,Fair
BIKE_30247,SHOP_009,29.0,3,Good
BIKE_17832,SHOP_003,26.0,2,Good
BIKE_17832,SHOP_009,25.0,2,Good
BIKE_30485,SHOP_003,26.0,2,Good
BIKE_30485,SHOP_009,26.0,1,Fair
BIKE_02532,SHOP_003,20.0,2,Fair
BIKE_02532,SHOP_001,22.0,2,Fair
BIKE_31473,SHOP_009,23.0,2,Fair
BIKE_03826,SHOP_009,35.0,3,Good
BIKE_03826,SHOP_003,36.0,1,Excellent
BIKE_24790,SHOP_001,21.0,3,Good
BIKE_24790,SHOP_004,23.0,2,Excellent
BIKE_04229,SHOP_003,21.0,2,Good
BIKE_25021,SHOP_009,27.0,1,Excellent
BIKE_30156,SHOP_010,22.0,2,Excellent
BIKE_08966,SHOP_009,25.0,1,Good
BIKE_17016,SHOP_009,27.0,3,Good
BIKE_17016,SHOP_003,26.0,3,Fair
BIKE_31354,SHOP_012,89.0,1,Good
BIKE_28569,SHOP_012,52.0,3,Fair
BIKE_08891,SHOP_006,22.0,1,Good
BIKE_08891,SHOP_003,19.0,2,Good
BIKE_11281,SHOP_003,21.0,3,Fair
BIKE_11281,SHOP_010,20.0,2,Excellent
BIKE_24614,SHOP_006,20.0,1,Good
BIKE_24614,SHOP_003,20.0,3,Excellent
BIKE_17220,SHOP_003,25.0,3,Fair
BIKE_04949,SHOP_009,27.0,3,Fair
BIKE_06921,SHOP_009,22.0,1,Good
BIKE_06921,SHOP_003,20.0,2,Fair
BIKE_13741,SHOP_009,24.0,1,Excellent
BIKE_25113,SHOP_003,41.0,1,Good
BIKE_25113,SHOP_009,40.0,2,Excellent
BIKE_19176,SHOP_003,31.0,1,Good
BIKE_01157,SHOP_007,19.0,1,Excellent
BIKE_36275,SHOP_007,18.0,3,Good
BIKE_36275,SHOP_009,17.0,3,Excellent
BIKE_18860,SHOP_003,30.0,2,Excellent
BIKE_14510,SHOP_009,37.0,1,Excellent
BIKE_09525,SHOP_010,19.0,3,Good
BIKE_11192,SHOP_012,42.0,1,Fair
BIKE_37043,SHOP_009,22.0,3,Good
BIKE_23314,SHOP_003,20.0,1,Fair
BIKE_23314,SHOP_009,18.0,1,Good
BIKE_18893,SHOP_003,22.0,1,Good
BIKE_18893,SHOP_009,22.0,2,Good
BIKE_21013,SHOP_009,30.0,1,Fair
BIKE_28025,SHOP_003,29.0,1,Good
BIKE_28025,SHOP_009,30.0,3,Good
BIKE_27571,SHOP_006,9.0,2,Good
BIKE_00475,SHOP_003,30.0,3,Good
BIKE_09149,SHOP_009,12.0,2,Good
BIKE_09149,SHOP_006,11.0,1,Excellent
BIKE_12286,SHOP_012,50.0,3,Fair
BIKE_03318,SHOP_001,21.0,3,Fair
BIKE_03318,SHOP_007,22.0,1,Excellent
BIKE_01072,SHOP_009,28.0,1,Good
BIKE_08970,SHOP_003,21.0,2,Fair
BIKE_08970,SHOP_001,22.0,2,Good
BIKE_06024,SHOP_012,45.0,1,Good
BIKE_07109,SHOP_004,22.0,1,Good
BIKE_00928,SHOP_009,22.0,2,Excellent
BIKE_02273,SHOP_009,38.0,3,Good
BIKE_02273,SHOP_003,40.0,3,Good
BIKE_04750,SHOP_009,28.0,3,Fair
BIKE_04750,SHOP_003,28.0,3,Excellent
BIKE_38330,SHOP_009,31.0,3,Excellent
BIKE_38330,SHOP_003,31.0,1,Good
BIKE_29116,SHOP_003,23.0,1,Good
BIKE_29116,SHOP_001,22.0,1,Excellent
BIKE_03074,SHOP_001,22.0,2,Excellent
BIKE_23084,SHOP_009,26.0,1,Fair
BIKE_11234,SHOP_006,12.0,2,Good
BIKE_11234,SHOP_009,10.0,3,Good
BIKE_02308,SHOP_009,21.0,2,Fair
BIKE_02308,SHOP_003,20.0,2,Fair
BIKE_35827,SHOP_003,36.0,2,Good
BIKE_35827,SHOP_009,38.0,2,Good
BIKE_11126,SHOP_003,45.0,2,Good
BIKE_35620,SHOP_003,25.0,1,Fair
BIKE_35620,SHOP_009,25.0,1,Fair
BIKE_18840,SHOP_012,42.0,1,Good
BIKE_01043,SHOP_009,21.0,2,Good
BIKE_14159,SHOP_003,27.0,2,Fair
BIKE_17786,SHOP_003,25.0,3,Excellent
BIKE_32412,SHOP_003,41.0,1,Fair
BIKE_32412,SHOP_009,39.0,3,Excellent
BIKE_38114,SHOP_003,41.0,2,Excellent
BIKE_38114,SHOP_009,39.0,1,Good
BIKE_18388,SHOP_003,30.0,1,Good
BIKE_18388,SHOP_009,32.0,2,Excellent
BIKE_01465,SHOP_012,51.0,2,Good
BIKE_12613,SHOP_009,25.0,1,Good
BIKE_12613,SHOP_003,24.0,3,Good
BIKE_26334,SHOP_003,24.0,2,Good
BIKE_20801,SHOP_007,19.0,3,Good
BIKE_20801,SHOP_006,19.0,3,Good
BIKE_17792,SHOP_003,22.0,1,Excellent
BIKE_17792,SHOP_009,23.0,2,Good
BIKE_23823,SHOP_003,25.0,1,Good
BIKE_12776,SHOP_007,11.0,2,Good
BIKE_12776,SHOP_009,11.0,1,Good
BIKE_02135,SHOP_004,14.0,1,Good
BIKE_10852,SHOP_007,18.0,2,Good
BIKE_26333,SHOP_009,20.0,2,Good
BIKE_26333,SHOP_003,21.0,1,Excellent
BIKE_38009,SHOP_012,45.0,3,Good
BIKE_15978,SHOP_010,22.0,2,Excellent
BIKE_15978,SHOP_003,22.0,3,Good
BIKE_14366,SHOP_001,10.0,3,Excellent
BIKE_14350,SHOP_003,22.0,2,Good
BIKE_14350,SHOP_009,23.0,3,Excellent
BIKE_36658,SHOP_009,25.0,1,Good
BIKE_36658,SHOP_003,24.0,3,Excellent
BIKE_07481,SHOP_009,22.0,3,Good
BIKE_07481,SHOP_003,23.0,2,Fair
BIKE_36624,SHOP_007,19.0,3,Excellent
BIKE_36624,SHOP_004,17.0,3,Good
BIKE_15079,SHOP_009,11.0,2,Fair
BIKE_14307,SHOP_003,40.0,2,Excellent
BIKE_14307,SHOP_009,40.0,2,Good
BIKE_36901,SHOP_003,32.0,3,Good
BIKE_05343,SHOP_004,21.0,1,Good
BIKE_28826,SHOP_004,17.0,3,Fair
BIKE_28826,SHOP_010,19.0,3,Good
BIKE_05535,SHOP_009,12.0,2,Excellent
BIKE_17121,SHOP_003,34.0,2,Good
BIKE_07861,SHOP_003,25.0,3,Good
BIKE_07861,SHOP_009,22.0,2,Excellent
BIKE_04932,SHOP_009,48.0,3,Good
BIKE_04932,SHOP_003,45.0,2,Excellent
BIKE_32023,SHOP_009,23.0,3,Excellent
BIKE_11677,SHOP_009,28.0,3,Excellent
BIKE_11677,SHOP_003,28.0,3,Fair
BIKE_28486,SHOP_003,35.0,1,Excellent
BIKE_28486,SHOP_009,35.0,1,Fair
BIKE_12525,SHOP_009,22.0,3,Excellent
BIKE_12525,SHOP_003,22.0,1,Fair
BIKE_03942,SHOP_009,29.0,2,Fair
BIKE_03942,SHOP_003,26.0,1,Good
BIKE_32683,SHOP_009,10.0,3,Good
BIKE_32683,SHOP_006,10.0,2,Fair
BIKE_32358,SHOP_010,18.0,1,Fair
BIKE_32358,SHOP_009,17.0,1,Good
BIKE_32685,SHOP_009,10.0,2,Good
BIKE_23448,SHOP_009,29.0,1,Good
BIKE_18780,SHOP_003,32.0,2,Fair
BIKE_18780,SHOP_009,31.0,3,Excellent
BIKE_08592,SHOP_009,35.0,2,Fair
BIKE_32278,SHOP_003,31.0,3,Good
BIKE_32278,SHOP_009,30.0,3,Good
BIKE_33669,SHOP_009,40.0,2,Fair
BIKE_33669,SHOP_003,40.0,3,Good
BIKE_10660,SHOP_006,20.0,3,Good
BIKE_20386,SHOP_009,11.0,2,Excellent
BIKE_04169,SHOP_003,20.0,2,Excellent
BIKE_04169,SHOP_009,22.0,3,Good
BIKE_38381,SHOP_003,25.0,3,Fair
BIKE_28150,SHOP_006,9.0,2,Good
BIKE_22920,SHOP_003,36.0,2,Fair
BIKE_37653,SHOP_009,24.0,3,Excellent
BIKE_37653,SHOP_003,27.0,2,Good
BIKE_00004,SHOP_009,18.0,1,Good
BIKE_00004,SHOP_007,20.0,2,Excellent
BIKE_38398,SHOP_003,22.0,2,Good
BIKE_38398,SHOP_009,20.0,1,Good
BIKE_14914,SHOP_003,23.0,1,Good
BIKE_14914,SHOP_009,27.0,2,Fair
BIKE_15461,SHOP_003,25.0,2,Good
BIKE_06912,SHOP_003,21.0,3,Good
BIKE_05286,SHOP_012,64.0,3,Fair
BIKE_17822,SHOP_009,38.0,2,Good
BIKE_26865,SHOP_001,10.0,1,Fair
BIKE_26865,SHOP_009,10.0,3,Excellent
BIKE_19742,SHOP_009,31.0,1,Excellent
BIKE_19742,SHOP_003,32.0,1,Excellent
BIKE_26861,SHOP_003,24.0,3,Good
BIKE_01423,SHOP_009,43.0,1,Good
BIKE_27187,SHOP_009,26.0,2,Excellent
BIKE_03719,SHOP_003,9.0,1,Excellent
BIKE_03719,SHOP_009,12.0,2,Fair
BIKE_28503,SHOP_006,21.0,3,Excellent
BIKE_22517,SHOP_012,43.0,2,Good
BIKE_30893,SHOP_003,29.0,1,Fair
BIKE_30893,SHOP_009,29.0,2,Excellent
BIKE_23523,SHOP_009,20.0,2,Excellent
BIKE_31221,SHOP_003,27.0,1,Good
BIKE_31221,SHOP_009,28.0,2,Excellent
BIKE_34145,SHOP_003,31.0,3,Fair
BIKE_22823,SHOP_009,26.0,3,Excellent
BIKE_24583,SHOP_009,47.0,3,Good
BIKE_24583,SHOP_003,46.0,1,Good
BIKE_24194,SHOP_003,10.0,1,Good
BIKE_24194,SHOP_009,11.0,3,Good
BIKE_11921,SHOP_003,27.0,2,Fair
BIKE_11921,SHOP_009,26.0,3,Fair
BIKE_26953,SHOP_009,21.0,3,Good
BIKE_15731,SHOP_003,25.0,3,Good
BIKE_15731,SHOP_009,27.0,3,Excellent
BIKE_08944,SHOP_009,37.0,2,Good
BIKE_08944,SHOP_003,39.0,1,Excellent
BIKE_09640,SHOP_009,22.0,3,Fair
BIKE_02744,SHOP_003,21.0,3,Good
BIKE_32604,SHOP_006,20.0,2,Excellent
BIKE_32604,SHOP_010,21.0,1,Good
BIKE_27149,SHOP_006,10.0,3,Excellent
BIKE_38692,SHOP_012,43.0,3,Fair
BIKE_13618,SHOP_007,9.0,2,Good
BIKE_13618,SHOP_006,10.0,3,Good
BIKE_38138,SHOP_003,21.0,2,Good
BIKE_00277,SHOP_003,23.0,2,Good
BIKE_00277,SHOP_009,21.0,1,Fair
BIKE_02952,SHOP_003,34.0,2,Fair
BIKE_02952,SHOP_009,34.0,2,Good
BIKE_13593,SHOP_001,9.0,2,Good
BIKE_06018,SHOP_003,22.0,3,Fair
BIKE_06018,SHOP_009,22.0,2,Good
BIKE_06526,SHOP_007,20.0,2,Good
BIKE_06526,SHOP_009,20.0,2,Good
BIKE_16257,SHOP_003,36.0,2,Good
BIKE_16257,SHOP_009,34.0,1,Fair
BIKE_35582,SHOP_007,22.0,2,Good
BIKE_35582,SHOP_006,23.0,1,Fair
BIKE_19756,SHOP_009,20.0,1,Good
BIKE_23038,SHOP_009,24.0,2,Good
BIKE_23038,SHOP_003,24.0,1,Good
BIKE_36248,SHOP_003,23.0,1,Excellent
BIKE_36248,SHOP_009,22.0,2,Fair
BIKE_30809,SHOP_006,9.0,1,Excellent
BIKE_30809,SHOP_009,11.0,3,Good
BIKE_23394,SHOP_004,19.0,1,Good
BIKE_02111,SHOP_001,9.0,2,Good
BIKE_34635,SHOP_003,12.0,2,Good
BIKE_34635,SHOP_006,11.0,2,Fair
BIKE_06388,SHOP_003,10.0,1,Excellent
BIKE_34883,SHOP_009,20.0,1,Excellent
BIKE_07539,SHOP_001,12.0,3,Good
BIKE_07539,SHOP_009,10.0,3,Good
BIKE_36215,SHOP_007,8.0,3,Excellent
BIKE_07142,SHOP_007,10.0,3,Good
BIKE_18997,SHOP_003,49.0,3,Good
BIKE_18997,SHOP_009,47.0,1,Good
BIKE_15789,SHOP_007,10.0,1,Good
BIKE_15789,SHOP_003,10.0,3,Good
BIKE_03818,SHOP_009,26.0,3,Good
BIKE_03818,SHOP_003,23.0,3,Excellent
BIKE_14876,SHOP_012,45.0,3,Good
BIKE_18481,SHOP_006,25.0,2,Good
BIKE_26335,SHOP_009,42.0,3,Fair
BIKE_00261,SHOP_009,36.0,3,Excellent
BIKE_00261,SHOP_003,34.0,2,Good
BIKE_02949,SHOP_003,22.0,3,Good
BIKE_02949,SHOP_009,19.0,1,Fair
BIKE_03885,SHOP_003,38.0,2,Good
BIKE_19260,SHOP_012,46.0,3,Good
BIKE_10906,SHOP_009,10.0,2,Good
BIKE_10906,SHOP_007,11.0,2,Good
BIKE_28263,SHOP_006,11.0,1,Excellent
BIKE_25858,SHOP_003,22.0,1,Good
BIKE_18959,SHOP_001,13.0,3,Good
BIKE_18959,SHOP_006,12.0,3,Excellent
BIKE_01034,SHOP_003,27.0,2,Good
BIKE_01034,SHOP_009,26.0,2,Good
BIKE_15259,SHOP_004,22.0,1,Fair
BIKE_15259,SHOP_009,24.0,3,Good
BIKE_24719,SHOP_009,47.0,2,Excellent
BIKE_04990,SHOP_012,45.0,1,Fair
BIKE_36613,SHOP_012,47.0,1,Good
BIKE_18541,SHOP_001,11.0,1,Excellent
BIKE_18541,SHOP_006,10.0,1,Good
BIKE_17117,SHOP_009,46.0,1,Good
BIKE_28676,SHOP_010,22.0,1,Excellent
BIKE_26341,SHOP_004,21.0,3,Good
BIKE_17645,SHOP_003,40.0,2,Fair
BIKE_17645,SHOP_009,42.0,2,Good
BIKE_35575,SHOP_003,29.0,2,Good
BIKE_01174,SHOP_003,29.0,1,Fair
BIKE_01174,SHOP_009,29.0,3,Good
BIKE_07616,SHOP_003,34.0,3,Good
BIKE_27664,SHOP_006,22.0,3,Excellent
BIKE_27664,SHOP_010,19.0,3,Good
BIKE_37646,SHOP_003,27.0,1,Good
BIKE_15119,SHOP_009,27.0,3,Good
BIKE_15119,SHOP_003,26.0,3,Good
BIKE_16887,SHOP_009,23.0,3,Fair
BIKE_16887,SHOP_003,22.0,3,Fair
BIKE_05503,SHOP_001,9.0,2,Good
BIKE_20430,SHOP_012,50.0,1,Good
BIKE_20856,SHOP_003,22.0,2,Good
BIKE_20856,SHOP_006,20.0,1,Fair
BIKE_04689,SHOP_007,12.0,1,Good
BIKE_04689,SHOP_001,10.0,1,Fair
BIKE_36897,SHOP_003,37.0,1,Fair
BIKE_38591,SHOP_007,23.0,1,Good
BIKE_26704,SHOP_010,23.0,3,Fair
BIKE_07780,SHOP_009,28.0,1,Fair
BIKE_07780,SHOP_003,28.0,1,Fair
BIKE_26520,SHOP_003,21.0,3,Good
BIKE_21169,SHOP_012,45.0,1,Excellent
BIKE_30594,SHOP_010,18.0,1,Excellent
BIKE_18410,SHOP_012,127.0,3,Good
BIKE_03028,SHOP_009,21.0,1,Excellent
BIKE_03028,SHOP_003,23.0,3,Fair
BIKE_06874,SHOP_009,43.0,1,Excellent
BIKE_06874,SHOP_003,43.0,2,Good
BIKE_18396,SHOP_001,10.0,1,Good
BIKE_18396,SHOP_006,8.0,3,Good
BIKE_37878,SHOP_003,43.0,3,Good
BIKE_37878,SHOP_009,42.0,1,Fair
BIKE_15666,SHOP_009,51.0,2,Good
BIKE_18788,SHOP_012,63.0,2,Good
BIKE_27880,SHOP_007,19.0,1,Excellent
BIKE_27880,SHOP_004,16.0,3,Excellent
BIKE_29266,SHOP_009,26.0,2,Good
BIKE_29266,SHOP_003,23.0,2,Good
BIKE_03693,SHOP_009,10.0,1,Good
BIKE_03693,SHOP_007,8.0,3,Excellent
BIKE_25753,SHOP_009,34.0,3,Good
BIKE_25753,SHOP_003,34.0,1,Excellent
BIKE_30272,SHOP_003,29.0,2,Good
BIKE_12234,SHOP_001,11.0,3,Excellent
BIKE_12234,SHOP_009,11.0,1,Good
BIKE_00943,SHOP_012,45.0,3,Good
BIKE_22695,SHOP_003,31.0,3,Good
BIKE_13946,SHOP_003,41.0,3,Excellent
BIKE_13946,SHOP_009,42.0,3,Good
BIKE_23233,SHOP_006,24.0,1,Good
BIKE_23233,SHOP_009,24.0,2,Fair
BIKE_28591,SHOP_009,38.0,3,Good
BIKE_28591,SHOP_003,41.0,3,Good
BIKE_11733,SHOP_012,49.0,3,Fair
BIKE_15056,SHOP_001,19.0,3,Good
BIKE_18659,SHOP_003,21.0,2,Fair
BIKE_12681,SHOP_009,9.0,2,Excellent
BIKE_12681,SHOP_007,10.0,2,Excellent
BIKE_05824,SHOP_006,22.0,1,Good
BIKE_36483,SHOP_003,20.0,2,Good
BIKE_36483,SHOP_001,20.0,3,Fair
BIKE_21089,SHOP_009,38.0,2,Excellent
BIKE_25961,SHOP_003,21.0,3,Good
BIKE_30531,SHOP_004,23.0,2,Good
BIKE_11398,SHOP_009,20.0,1,Good
BIKE_11398,SHOP_003,20.0,2,Excellent
BIKE_09527,SHOP_009,25.0,2,Fair
BIKE_31676,SHOP_003,27.0,1,Fair
BIKE_28578,SHOP_010,19.0,3,Fair
BIKE_20179,SHOP_012,68.0,2,Good
BIKE_33229,SHOP_007,9.0,3,Good
BIKE_20135,SHOP_009,24.0,1,Good
BIKE_20135,SHOP_003,22.0,3,Good
BIKE_23819,SHOP_003,43.0,1,Excellent
BIKE_23819,SHOP_009,45.0,2,Good
BIKE_29710,SHOP_012,44.0,1,Good
BIKE_09931,SHOP_003,37.0,1,Excellent
BIKE_09931,SHOP_009,38.0,1,Good
BIKE_08961,SHOP_009,22.0,1,Fair
BIKE_08961,SHOP_001,21.0,3,Excellent
BIKE_20349,SHOP_003,26.0,1,Good
BIKE_01052,SHOP_003,27.0,1,Good
BIKE_01052,SHOP_009,26.0,1,Good
BIKE_12711,SHOP_003,22.0,3,Good
BIKE_12711,SHOP_009,22.0,3,Good
BIKE_13099,SHOP_003,33.0,1,Good
BIKE_13099,SHOP_009,35.0,3,Good
BIKE_02830,SHOP_009,28.0,3,Good
BIKE_10577,SHOP_009,21.0,2,Excellent
BIKE_09125,SHOP_012,48.0,3,Good
BIKE_20440,SHOP_003,10.0,1,Good
BIKE_38252,SHOP_003,21.0,3,Good
BIKE_36359,SHOP_003,47.0,2,Excellent
BIKE_30534,SHOP_003,32.0,2,Excellent
BIKE_19107,SHOP_006,19.0,1,Good
BIKE_01303,SHOP_003,25.0,1,Good
BIKE_05533,SHOP_009,30.0,1,Good
BIKE_12585,SHOP_003,29.0,1,Good
BIKE_12585,SHOP_009,27.0,3,Excellent
BIKE_01109,SHOP_006,18.0,2,Good
BIKE_01109,SHOP_010,17.0,3,Good
BIKE_22783,SHOP_001,10.0,3,Fair
BIKE_22783,SHOP_006,9.0,2,Good
BIKE_09618,SHOP_003,43.0,2,Good
BIKE_10353,SHOP_009,30.0,3,Excellent
BIKE_01107,SHOP_003,27.0,1,Good
BIKE_13583,SHOP_009,26.0,3,Excellent
BIKE_01133,SHOP_009,27.0,1,Good
BIKE_13064,SHOP_001,11.0,3,Fair
BIKE_13064,SHOP_003,10.0,3,Good
BIKE_07602,SHOP_009,21.0,2,Good
BIKE_30330,SHOP_009,22.0,3,Good
BIKE_30330,SHOP_003,21.0,1,Good
BIKE_13573,SHOP_003,32.0,2,Fair
BIKE_19045,SHOP_003,21.0,2,Good
BIKE_19045,SHOP_009,22.0,3,Good
BIKE_18068,SHOP_012,44.0,3,Fair
BIKE_18069,SHOP_003,24.0,1,Good
BIKE_11029,SHOP_007,10.0,3,Good
BIKE_22298,SHOP_010,26.0,3,Excellent
BIKE_22298,SHOP_009,23.0,1,Good
BIKE_03000,SHOP_003,48.0,3,Excellent
BIKE_03000,SHOP_009,46.0,2,Fair
BIKE_33683,SHOP_001,9.0,2,Good
BIKE_33683,SHOP_006,9.0,3,Good
BIKE_01829,SHOP_003,11.0,3,Good
BIKE_03416,SHOP_006,18.0,2,Good
BIKE_03416,SHOP_007,20.0,3,Fair
BIKE_12168,SHOP_003,24.0,1,Excellent
BIKE_12248,SHOP_009,11.0,3,Good
BIKE_07576,SHOP_003,32.0,3,Excellent
BIKE_07427,SHOP_006,20.0,2,Good
BIKE_03154,SHOP_009,21.0,3,Good
BIKE_03154,SHOP_003,21.0,1,Good
BIKE_19716,SHOP_003,39.0,2,Good
BIKE_19716,SHOP_009,38.0,1,Good
BIKE_38747,SHOP_003,29.0,3,Good
BIKE_07881,SHOP_003,30.0,2,Fair
BIKE_19568,SHOP_007,11.0,1,Excellent
BIKE_19568,SHOP_009,9.0,2,Excellent
BIKE_33183,SHOP_012,59.0,2,Good
BIKE_05893,SHOP_012,131.0,2,Fair
BIKE_18428,SHOP_009,40.0,3,Good
BIKE_18428,SHOP_003,38.0,2,Excellent
BIKE_09358,SHOP_003,25.0,2,Good
BIKE_09358,SHOP_009,28.0,2,Fair
BIKE_24172,SHOP_009,26.0,3,Fair
BIKE_32601,SHOP_003,34.0,1,Excellent
BIKE_32601,SHOP_009,32.0,2,Good
BIKE_03193,SHOP_010,20.0,3,Excellent
BIKE_25626,SHOP_006,11.0,3,Excellent
BIKE_34728,SHOP_009,19.0,1,Excellent
BIKE_30731,SHOP_003,20.0,3,Fair
BIKE_23571,SHOP_003,9.0,3,Good
BIKE_23571,SHOP_007,11.0,1,Good
BIKE_08668,SHOP_009,43.0,3,Good
BIKE_08668,SHOP_003,43.0,2,Good
BIKE_12785,SHOP_009,32.0,3,Fair
BIKE_17901,SHOP_003,32.0,2,Good
BIKE_17901,SHOP_009,32.0,1,Good
BIKE_11487,SHOP_003,20.0,3,Excellent
BIKE_11487,SHOP_010,20.0,2,Fair
BIKE_20699,SHOP_007,23.0,3,Excellent
BIKE_20699,SHOP_001,19.0,2,Good
BIKE_12659,SHOP_003,29.0,3,Good
BIKE_12659,SHOP_009,32.0,3,Good
BIKE_07870,SHOP_009,31.0,1,Good
BIKE_30089,SHOP_003,44.0,3,Good
BIKE_30089,SHOP_009,46.0,1,Excellent
BIKE_34220,SHOP_003,10.0,2,Good
BIKE_34220,SHOP_009,9.0,1,Good
BIKE_26821,SHOP_009,33.0,1,Excellent
BIKE_14697,SHOP_003,17.0,2,Good
BIKE_14697,SHOP_007,17.0,2,Good
BIKE_25578,SHOP_012,45.0,3,Good
BIKE_27046,SHOP_003,10.0,3,Good
BIKE_11127,SHOP_009,21.0,1,Good
BIKE_29905,SHOP_009,42.0,1,Excellent
BIKE_29905,SHOP_003,41.0,1,Fair
BIKE_13135,SHOP_009,26.0,2,Excellent
BIKE_17819,SHOP_009,22.0,3,Fair
BIKE_17819,SHOP_003,23.0,2,Fair
BIKE_18053,SHOP_003,37.0,1,Excellent
BIKE_18053,SHOP_009,36.0,2,Good
BIKE_18365,SHOP_003,11.0,3,Excellent
BIKE_38321,SHOP_003,22.0,2,Good
BIKE_38321,SHOP_009,19.0,3,Fair
BIKE_22646,SHOP_009,9.0,3,Good
BIKE_22646,SHOP_007,8.0,3,Fair
BIKE_24827,SHOP_003,9.0,2,Excellent
BIKE_24827,SHOP_009,9.0,1,Good
BIKE_01796,SHOP_003,46.0,3,Good
BIKE_10351,SHOP_009,49.0,3,Good
BIKE_10351,SHOP_003,48.0,2,Good
BIKE_22681,SHOP_009,26.0,1,Excellent
BIKE_36076,SHOP_003,21.0,2,Good
BIKE_36076,SHOP_009,21.0,3,Excellent
BIKE_33162,SHOP_004,18.0,3,Good
BIKE_14798,SHOP_003,19.0,3,Good
BIKE_15712,SHOP_001,9.0,3,Excellent
BIKE_04449,SHOP_009,25.0,3,Good
BIKE_04449,SHOP_003,24.0,2,Excellent
BIKE_06065,SHOP_009,10.0,1,Fair
BIKE_36725,SHOP_003,21.0,3,Excellent
BIKE_36725,SHOP_009,22.0,2,Fair
BIKE_06756,SHOP_010,20.0,2,Good
BIKE_06756,SHOP_003,20.0,1,Good
BIKE_15241,SHOP_010,22.0,2,Good
BIKE_23529,SHOP_003,24.0,3,Fair
BIKE_23529,SHOP_009,25.0,1,Fair
BIKE_01992,SHOP_003,10.0,1,Fair
BIKE_01992,SHOP_006,12.0,2,Good
BIKE_16342,SHOP_009,9.0,2,Excellent
BIKE_16342,SHOP_003,11.0,3,Good
BIKE_12341,SHOP_012,87.0,2,Good
BIKE_20845,SHOP_003,25.0,3,Good
BIKE_38176,SHOP_003,21.0,3,Good
BIKE_38176,SHOP_009,19.0,1,Excellent
BIKE_00584,SHOP_009,30.0,2,Good
BIKE_00584,SHOP_003,34.0,3,Good
BIKE_16242,SHOP_009,22.0,3,Excellent
BIKE_17918,SHOP_009,34.0,2,Fair
BIKE_14696,SHOP_003,19.0,3,Good
BIKE_01453,SHOP_003,29.0,3,Good
BIKE_25529,SHOP_009,47.0,3,Good
BIKE_16487,SHOP_009,26.0,1,Good
BIKE_34763,SHOP_009,23.0,1,Excellent
BIKE_34763,SHOP_003,23.0,3,Good
BIKE_34169,SHOP_007,26.0,1,Fair
BIKE_13328,SHOP_004,21.0,1,Good
BIKE_14653,SHOP_004,21.0,1,Excellent
BIKE_14653,SHOP_001,20.0,3,Good
BIKE_14851,SHOP_001,10.0,2,Good
BIKE_14851,SHOP_009,12.0,1,Fair
BIKE_10642,SHOP_006,18.0,1,Excellent
BIKE_07112,SHOP_003,38.0,1,Good
BIKE_10013,SHOP_009,30.0,2,Fair
BIKE_20161,SHOP_003,26.0,1,Fair
BIKE_10921,SHOP_004,21.0,1,Good
BIKE_05742,SHOP_006,11.0,3,Fair
BIKE_35889,SHOP_001,17.0,2,Good
BIKE_35889,SHOP_004,17.0,3,Excellent
BIKE_08617,SHOP_012,44.0,2,Good
BIKE_24294,SHOP_009,12.0,2,Good
BIKE_10656,SHOP_009,46.0,2,Good
BIKE_10656,SHOP_003,44.0,1,Good
BIKE_06814,SHOP_009,22.0,1,Excellent
BIKE_12890,SHOP_003,24.0,1,Good
BIKE_12890,SHOP_009,25.0,2,Good
BIKE_09418,SHOP_009,25.0,2,Good
BIKE_09383,SHOP_003,28.0,3,Good
BIKE_29570,SHOP_009,22.0,2,Excellent
BIKE_16658,SHOP_009,27.0,2,Good
BIKE_16658,SHOP_003,26.0,1,Good
BIKE_08040,SHOP_003,20.0,1,Excellent
BIKE_08040,SHOP_009,21.0,1,Good
BIKE_17339,SHOP_009,28.0,3,Good
BIKE_24569,SHOP_003,12.0,3,Good
BIKE_24569,SHOP_006,9.0,1,Excellent
BIKE_25695,SHOP_009,10.0,2,Fair
BIKE_14741,SHOP_006,19.0,2,Good
BIKE_10065,SHOP_009,47.0,3,Excellent
BIKE_14606,SHOP_009,9.0,1,Fair
BIKE_14606,SHOP_006,9.0,1,Good
BIKE_35759,SHOP_009,40.0,1,Good
BIKE_35759,SHOP_003,39.0,2,Fair
BIKE_38027,SHOP_012,66.0,2,Good
BIKE_37493,SHOP_007,11.0,1,Excellent
BIKE_35629,SHOP_009,33.0,2,Fair
BIKE_01536,SHOP_003,33.0,2,Good
BIKE_01536,SHOP_009,33.0,2,Good
BIKE_32851,SHOP_009,31.0,2,Good
BIKE_32851,SHOP_003,32.0,3,Good
BIKE_26817,SHOP_006,25.0,2,Good
BIKE_26817,SHOP_001,23.0,3,Good
BIKE_37717,SHOP_007,21.0,3,Fair
BIKE_37717,SHOP_001,22.0,2,Excellent
BIKE_12281,SHOP_003,18.0,2,Good
BIKE_12281,SHOP_001,18.0,2,Good
BIKE_10393,SHOP_009,28.0,3,Excellent
BIKE_10393,SHOP_003,30.0,3,Good
BIKE_00465,SHOP_003,27.0,1,Good
BIKE_16639,SHOP_009,20.0,2,Fair
BIKE_33265,SHOP_010,18.0,2,Good
BIKE_33265,SHOP_006,17.0,1,Excellent
BIKE_21490,SHOP_007,11.0,2,Good
BIKE_21490,SHOP_006,9.0,3,Fair
BIKE_26449,SHOP_001,11.0,2,Excellent
BIKE_28421,SHOP_007,22.0,3,Good
BIKE_28421,SHOP_006,24.0,3,Good
BIKE_36759,SHOP_012,82.0,1,Good
BIKE_34445,SHOP_012,45.0,2,Good
BIKE_23684,SHOP_009,28.0,1,Good
BIKE_15335,SHOP_009,30.0,2,Good
BIKE_15335,SHOP_003,30.0,3,Excellent
BIKE_28413,SHOP_012,58.0,3,Excellent
BIKE_23878,SHOP_006,12.0,2,Good
BIKE_23878,SHOP_007,9.0,1,Excellent
BIKE_34325,SHOP_009,20.0,2,Excellent
BIKE_34325,SHOP_003,21.0,3,Good
BIKE_21055,SHOP_003,30.0,2,Good
BIKE_21055,SHOP_009,32.0,1,Good
BIKE_15607,SHOP_003,28.0,3,Good
BIKE_15607,SHOP_009,27.0,2,Good
BIKE_22226,SHOP_009,11.0,3,Excellent
BIKE_18106,SHOP_003,51.0,3,Good
BIKE_18106,SHOP_009,49.0,2,Good
BIKE_05707,SHOP_003,28.0,2,Good
BIKE_05707,SHOP_009,30.0,2,Good
BIKE_20020,SHOP_003,21.0,1,Good
BIKE_06675,SHOP_009,24.0,1,Good
BIKE_14470,SHOP_010,19.0,3,Excellent
BIKE_22396,SHOP_009,32.0,2,Good
BIKE_38032,SHOP_001,8.0,1,Good
BIKE_22575,SHOP_009,31.0,1,Good
BIKE_01616,SHOP_003,22.0,3,Good
BIKE_12325,SHOP_009,27.0,3,Good
BIKE_22996,SHOP_009,30.0,3,Excellent
BIKE_01483,SHOP_004,21.0,3,Excellent
BIKE_23629,SHOP_003,41.0,1,Good
BIKE_23629,SHOP_009,37.0,2,Fair
BIKE_06972,SHOP_007,9.0,1,Fair
BIKE_06972,SHOP_006,11.0,1,Excellent
BIKE_02649,SHOP_009,21.0,3,Good
BIKE_27511,SHOP_003,9.0,3,Good
BIKE_20436,SHOP_007,22.0,3,Good
BIKE_20436,SHOP_010,22.0,1,Good
BIKE_07569,SHOP_009,27.0,2,Good
BIKE_12754,SHOP_003,30.0,3,Fair
BIKE_29136,SHOP_009,30.0,2,Good
BIKE_38373,SHOP_012,47.0,1,Good
BIKE_08388,SHOP_012,47.0,1,Fair
BIKE_34328,SHOP_001,20.0,2,Good
BIKE_34328,SHOP_006,17.0,1,Fair
BIKE_11778,SHOP_001,17.0,1,Good
BIKE_11778,SHOP_004,19.0,1,Fair
BIKE_29143,SHOP_012,44.0,1,Good
BIKE_20007,SHOP_003,27.0,2,Excellent
BIKE_17911,SHOP_012,46.0,2,Fair
BIKE_00441,SHOP_003,29.0,3,Fair
BIKE_05946,SHOP_009,23.0,2,Good
BIKE_04740,SHOP_009,25.0,2,Good
BIKE_04740,SHOP_003,25.0,2,Good
BIKE_20055,SHOP_003,33.0,1,Good
BIKE_20055,SHOP_009,37.0,1,Good
BIKE_03220,SHOP_003,35.0,3,Excellent
BIKE_32311,SHOP_009,11.0,2,Good
BIKE_00491,SHOP_007,20.0,3,Fair
BIKE_03836,SHOP_003,47.0,3,Good
BIKE_26225,SHOP_003,21.0,2,Good
BIKE_33242,SHOP_003,29.0,3,Good
BIKE_02791,SHOP_009,27.0,1,Good
BIKE_18364,SHOP_009,31.0,3,Good
BIKE_12299,SHOP_009,32.0,3,Excellent
BIKE_01232,SHOP_003,40.0,3,Good
BIKE_08119,SHOP_003,8.0,1,Excellent
BIKE_08119,SHOP_007,10.0,2,Good
BIKE_12690,SHOP_009,27.0,3,Fair
BIKE_12690,SHOP_003,26.0,1,Excellent
BIKE_06670,SHOP_009,23.0,1,Good
BIKE_01278,SHOP_003,28.0,2,Good
BIKE_23111,SHOP_001,19.0,3,Good
BIKE_34970,SHOP_003,47.0,2,Good
BIKE_34970,SHOP_009,49.0,1,Good
BIKE_30675,SHOP_006,23.0,1,Good
BIKE_30675,SHOP_007,25.0,3,Excellent
BIKE_11342,SHOP_009,21.0,3,Good
BIKE_11342,SHOP_003,21.0,3,Good
BIKE_29586,SHOP_009,27.0,1,Fair
BIKE_29586,SHOP_003,29.0,1,Fair
BIKE_09595,SHOP_009,20.0,1,Fair
BIKE_09595,SHOP_003,19.0,3,Good
BIKE_08899,SHOP_009,31.0,1,Good
BIKE_08899,SHOP_003,31.0,1,Excellent
BIKE_20294,SHOP_003,26.0,1,Excellent
BIKE_20294,SHOP_009,26.0,3,Good
BIKE_08889,SHOP_006,19.0,3,Excellent
BIKE_16268,SHOP_003,22.0,1,Fair
BIKE_21855,SHOP_003,43.0,2,Fair
BIKE_33867,SHOP_003,18.0,3,Good
BIKE_33867,SHOP_009,18.0,3,Fair
BIKE_28670,SHOP_009,24.0,1,Good
BIKE_28670,SHOP_003,26.0,2,Good
BIKE_38584,SHOP_012,47.0,1,Good
BIKE_29182,SHOP_003,23.0,3,Excellent
BIKE_29182,SHOP_009,22.0,2,Fair
BIKE_18027,SHOP_006,23.0,2,Good
BIKE_18027,SHOP_007,21.0,3,Good
BIKE_13153,SHOP_001,20.0,3,Excellent
BIKE_13153,SHOP_010,22.0,2,Good
BIKE_11979,SHOP_003,21.0,3,Fair
BIKE_11979,SHOP_009,23.0,1,Good
BIKE_14337,SHOP_004,21.0,1,Excellent
BIKE_16655,SHOP_009,9.0,1,Good
BIKE_34744,SHOP_009,24.0,2,Good
BIKE_34744,SHOP_003,23.0,2,Good
BIKE_11617,SHOP_009,8.0,1,Excellent
BIKE_11617,SHOP_006,9.0,3,Good
BIKE_30752,SHOP_012,49.0,3,Good
BIKE_23733,SHOP_009,24.0,3,Good
BIKE_23733,SHOP_003,25.0,2,Excellent
BIKE_24020,SHOP_003,25.0,2,Good
BIKE_24020,SHOP_009,23.0,1,Good
BIKE_27284,SHOP_003,19.0,2,Good
BIKE_27284,SHOP_009,21.0,3,Good
BIKE_29865,SHOP_009,28.0,3,Good
BIKE_29865,SHOP_003,31.0,3,Good
BIKE_03106,SHOP_012,62.0,2,Excellent
BIKE_24314,SHOP_001,12.0,3,Good
BIKE_17227,SHOP_003,25.0,2,Good
BIKE_37322,SHOP_009,22.0,3,Good
BIKE_37322,SHOP_003,23.0,3,Excellent
BIKE_15112,SHOP_009,29.0,1,Good
BIKE_04308,SHOP_003,22.0,3,Good
BIKE_34886,SHOP_003,30.0,1,Good
BIKE_34886,SHOP_009,32.0,3,Fair
BIKE_23912,SHOP_009,10.0,2,Good
BIKE_23912,SHOP_001,10.0,2,Good
BIKE_15298,SHOP_003,39.0,2,Good
BIKE_15298,SHOP_009,38.0,2,Good
BIKE_19863,SHOP_007,19.0,2,Fair
BIKE_36502,SHOP_009,24.0,3,Fair
BIKE_30204,SHOP_001,21.0,1,Good
BIKE_36249,SHOP_009,10.0,2,Good
BIKE_36249,SHOP_003,10.0,2,Good
BIKE_32099,SHOP_009,18.0,3,Fair
BIKE_32099,SHOP_003,18.0,1,Excellent
BIKE_00262,SHOP_009,28.0,1,Fair
BIKE_00262,SHOP_003,29.0,3,Good
BIKE_15180,SHOP_001,8.0,1,Excellent
BIKE_15180,SHOP_007,12.0,3,Good
BIKE_21197,SHOP_009,39.0,1,Excellent
BIKE_28075,SHOP_001,22.0,2,Good
BIKE_28075,SHOP_009,20.0,3,Good
BIKE_05954,SHOP_009,19.0,3,Good
BIKE_33448,SHOP_001,20.0,3,Good
BIKE_33448,SHOP_004,22.0,1,Excellent
BIKE_04040,SHOP_001,8.0,2,Good
BIKE_22741,SHOP_009,31.0,2,Excellent
BIKE_22741,SHOP_003,28.0,3,Good
BIKE_08494,SHOP_003,32.0,1,Good
BIKE_23200,SHOP_003,22.0,1,Good
BIKE_15703,SHOP_006,18.0,2,Good
BIKE_15703,SHOP_004,19.0,3,Good
BIKE_32661,SHOP_003,32.0,2,Good
BIKE_38029,SHOP_012,67.0,2,Excellent
BIKE_29120,SHOP_003,12.0,2,Good
BIKE_02541,SHOP_003,35.0,3,Good
BIKE_02541,SHOP_009,36.0,1,Excellent
BIKE_29568,SHOP_009,20.0,3,Fair
BIKE_00861,SHOP_012,47.0,1,Good
BIKE_06225,SHOP_009,19.0,2,Good
BIKE_06424,SHOP_003,19.0,1,Good
BIKE_34193,SHOP_003,49.0,1,Good
BIKE_34193,SHOP_009,48.0,3,Excellent
BIKE_21254,SHOP_009,44.0,3,Good
BIKE_11494,SHOP_004,21.0,3,Good
BIKE_11494,SHOP_007,22.0,3,Excellent
BIKE_21723,SHOP_009,25.0,3,Good
BIKE_06216,SHOP_012,46.0,2,Good
BIKE_01484,SHOP_009,19.0,3,Excellent
BIKE_24482,SHOP_009,45.0,2,Excellent
BIKE_24482,SHOP_003,45.0,1,Excellent
BIKE_00268,SHOP_007,10.0,2,Excellent
BIKE_00268,SHOP_001,10.0,3,Good
BIKE_27900,SHOP_009,30.0,3,Fair
BIKE_12829,SHOP_009,11.0,2,Good
BIKE_12829,SHOP_003,11.0,2,Good
BIKE_38603,SHOP_007,19.0,3,Good
BIKE_29076,SHOP_006,10.0,1,Good
BIKE_16253,SHOP_003,44.0,1,Good
BIKE_16253,SHOP_009,43.0,1,Good
BIKE_18933,SHOP_003,29.0,2,Good
BIKE_07974,SHOP_003,27.0,3,Excellent
BIKE_07974,SHOP_009,28.0,2,Good
BIKE_08393,SHOP_009,32.0,1,Good
BIKE_08393,SHOP_003,32.0,1,Good
BIKE_11567,SHOP_009,25.0,2,Good
BIKE_11567,SHOP_003,25.0,1,Good
BIKE_37445,SHOP_009,29.0,1,Excellent
BIKE_37445,SHOP_003,27.0,1,Good
BIKE_37268,SHOP_004,21.0,1,Good
BIKE_37268,SHOP_009,18.0,2,Good
BIKE_20938,SHOP_003,41.0,2,Good
BIKE_11034,SHOP_009,24.0,3,Excellent
BIKE_00501,SHOP_009,27.0,1,Good
BIKE_06400,SHOP_004,20.0,2,Excellent
BIKE_27040,SHOP_012,43.0,3,Good
BIKE_27809,SHOP_006,11.0,3,Good
BIKE_27809,SHOP_009,11.0,1,Good
BIKE_09150,SHOP_003,24.0,2,Good
BIKE_09150,SHOP_009,23.0,3,Good
BIKE_11770,SHOP_001,20.0,2,Fair
BIKE_11770,SHOP_006,21.0,2,Good
BIKE_12172,SHOP_010,20.0,2,Fair
BIKE_12172,SHOP_001,21.0,1,Good
BIKE_19992,SHOP_003,24.0,1,Fair
BIKE_32642,SHOP_003,26.0,3,Good
BIKE_32642,SHOP_009,27.0,3,Good
BIKE_24735,SHOP_003,23.0,3,Good
BIKE_34985,SHOP_003,29.0,1,Good
BIKE_34985,SHOP_009,27.0,1,Excellent
BIKE_15205,SHOP_009,30.0,2,Fair
BIKE_08466,SHOP_010,20.0,2,Fair
BIKE_26311,SHOP_009,22.0,3,Fair
BIKE_26311,SHOP_003,19.0,1,Good
BIKE_01930,SHOP_001,11.0,2,Good
BIKE_06133,SHOP_009,30.0,1,Fair
BIKE_23560,SHOP_009,27.0,3,Fair
BIKE_33234,SHOP_009,33.0,1,Fair
BIKE_33234,SHOP_003,32.0,1,Good
BIKE_13205,SHOP_006,18.0,1,Good
BIKE_32126,SHOP_009,23.0,1,Good
BIKE_32126,SHOP_003,22.0,1,Good
BIKE_03785,SHOP_003,9.0,2,Good
BIKE_33161,SHOP_009,25.0,1,Good
BIKE_21928,SHOP_003,30.0,2,Fair
BIKE_21928,SHOP_009,31.0,2,Good
BIKE_06233,SHOP_009,21.0,1,Fair
BIKE_37084,SHOP_009,9.0,2,Good
BIKE_28985,SHOP_009,10.0,1,Good
BIKE_28985,SHOP_003,10.0,3,Good
BIKE_25642,SHOP_012,40.0,2,Excellent
BIKE_26964,SHOP_009,19.0,2,Fair
BIKE_22527,SHOP_012,51.0,3,Good
BIKE_26110,SHOP_009,29.0,2,Good
BIKE_31476,SHOP_003,21.0,3,Good
BIKE_31476,SHOP_009,21.0,3,Good
BIKE_08692,SHOP_012,46.0,3,Good
BIKE_24952,SHOP_003,30.0,1,Good
BIKE_24952,SHOP_009,33.0,2,Good
BIKE_02692,SHOP_009,28.0,2,Fair
BIKE_38653,SHOP_010,17.0,1,Good
BIKE_21641,SHOP_010,22.0,1,Fair
BIKE_21641,SHOP_004,20.0,3,Good
BIKE_06002,SHOP_009,48.0,2,Excellent
BIKE_14050,SHOP_001,20.0,2,Good
BIKE_04506,SHOP_003,39.0,2,Good
BIKE_14854,SHOP_003,9.0,1,Good
BIKE_14854,SHOP_006,11.0,1,Good
BIKE_26351,SHOP_007,11.0,3,Good
BIKE_38755,SHOP_009,46.0,2,Excellent
BIKE_17052,SHOP_009,34.0,3,Fair
BIKE_17052,SHOP_003,32.0,3,Fair
BIKE_21705,SHOP_009,48.0,1,Excellent
BIKE_21705,SHOP_003,49.0,3,Excellent
BIKE_27929,SHOP_012,89.0,3,Good
BIKE_33476,SHOP_009,30.0,3,Excellent
BIKE_23120,SHOP_003,34.0,1,Good
BIKE_16213,SHOP_003,27.0,2,Fair
BIKE_33166,SHOP_007,11.0,3,Good
BIKE_03886,SHOP_003,26.0,3,Good
BIKE_03886,SHOP_009,28.0,2,Excellent
BIKE_13078,SHOP_009,11.0,1,Fair
BIKE_14829,SHOP_003,24.0,3,Excellent
BIKE_14829,SHOP_009,25.0,2,Good
BIKE_02300,SHOP_007,8.0,2,Good
BIKE_34794,SHOP_009,24.0,3,Good
BIKE_34794,SHOP_003,23.0,2,Fair
BIKE_15672,SHOP_001,11.0,2,Good
BIKE_15672,SHOP_006,9.0,2,Good
BIKE_38386,SHOP_009,10.0,3,Good
BIKE_14428,SHOP_007,23.0,1,Excellent
BIKE_20615,SHOP_009,31.0,2,Good
BIKE_30262,SHOP_007,9.0,1,Excellent
BIKE_29704,SHOP_001,12.0,1,Good
BIKE_29704,SHOP_009,10.0,2,Fair
BIKE_09291,SHOP_003,28.0,1,Good
BIKE_38160,SHOP_001,20.0,3,Excellent
BIKE_38160,SHOP_003,17.0,3,Good
BIKE_00926,SHOP_003,28.0,2,Fair
BIKE_35929,SHOP_007,10.0,3,Excellent
BIKE_35929,SHOP_003,11.0,3,Good
BIKE_08170,SHOP_003,35.0,1,Excellent
BIKE_22367,SHOP_012,51.0,2,Good
BIKE_33085,SHOP_009,21.0,3,Good
BIKE_11597,SHOP_009,39.0,2,Good
BIKE_16287,SHOP_010,23.0,1,Fair
BIKE_25564,SHOP_003,21.0,1,Excellent
BIKE_25564,SHOP_009,22.0,1,Good
BIKE_01090,SHOP_012,65.0,3,Good
BIKE_29974,SHOP_012,42.0,3,Good
BIKE_20252,SHOP_009,31.0,3,Good
BIKE_20252,SHOP_003,30.0,3,Fair
BIKE_30164,SHOP_010,18.0,2,Fair
BIKE_04850,SHOP_001,9.0,2,Good
BIKE_04850,SHOP_006,12.0,1,Good
BIKE_29002,SHOP_009,37.0,3,Fair
BIKE_09588,SHOP_003,15.0,1,Good
BIKE_09588,SHOP_001,15.0,2,Excellent
BIKE_06753,SHOP_003,45.0,3,Fair
BIKE_06753,SHOP_009,46.0,2,Good
BIKE_13174,SHOP_009,32.0,1,Good
BIKE_13174,SHOP_003,32.0,1,Excellent
BIKE_30305,SHOP_006,20.0,3,Fair
BIKE_01396,SHOP_009,20.0,1,Fair
BIKE_18126,SHOP_009,20.0,3,Fair
BIKE_30187,SHOP_003,9.0,1,Good
BIKE_19137,SHOP_009,28.0,2,Excellent
BIKE_07901,SHOP_006,12.0,2,Good
BIKE_07901,SHOP_003,10.0,3,Excellent
BIKE_35317,SHOP_012,49.0,3,Good
BIKE_01763,SHOP_003,47.0,3,Fair
BIKE_30452,SHOP_003,27.0,2,Good
BIKE_36050,SHOP_009,23.0,2,Fair
BIKE_20582,SHOP_007,12.0,1,Good
BIKE_20582,SHOP_009,12.0,3,Excellent
BIKE_31632,SHOP_003,22.0,2,Fair
BIKE_31632,SHOP_006,22.0,3,Good
BIKE_30010,SHOP_009,30.0,2,Good
BIKE_30010,SHOP_003,31.0,1,Good
BIKE_09093,SHOP_009,38.0,3,Good
BIKE_09093,SHOP_003,39.0,1,Fair
BIKE_02325,SHOP_009,28.0,1,Good
BIKE_02325,SHOP_003,27.0,1,Good
BIKE_28911,SHOP_009,9.0,1,Fair
BIKE_35347,SHOP_009,41.0,3,Excellent
BIKE_35347,SHOP_003,41.0,3,Good
BIKE_36267,SHOP_003,10.0,3,Excellent
BIKE_36696,SHOP_003,28.0,2,Good
BIKE_36696,SHOP_009,30.0,2,Good
BIKE_23031,SHOP_009,8.0,2,Fair
BIKE_23031,SHOP_003,10.0,2,Excellent
BIKE_30878,SHOP_009,10.0,3,Good
BIKE_37318,SHOP_007,19.0,2,Good
BIKE_37318,SHOP_006,18.0,3,Fair
BIKE_34297,SHOP_003,26.0,1,Fair
BIKE_34297,SHOP_009,26.0,3,Fair
BIKE_35271,SHOP_009,27.0,2,Good
BIKE_35271,SHOP_003,28.0,2,Fair
BIKE_05705,SHOP_009,30.0,3,Fair
BIKE_05705,SHOP_003,31.0,3,Excellent
BIKE_14857,SHOP_003,29.0,3,Fair
BIKE_14857,SHOP_009,28.0,2,Good
BIKE_30653,SHOP_003,11.0,1,Fair
BIKE_38539,SHOP_003,44.0,2,Good
BIKE_38539,SHOP_009,41.0,1,Good
BIKE_30210,SHOP_003,9.0,2,Excellent
BIKE_30210,SHOP_006,10.0,2,Fair
BIKE_09134,SHOP_006,16.0,3,Good
BIKE_02525,SHOP_003,29.0,2,Good
BIKE_02525,SHOP_009,29.0,1,Excellent
BIKE_07565,SHOP_009,23.0,1,Good
BIKE_38327,SHOP_001,9.0,3,Fair
BIKE_38327,SHOP_003,9.0,3,Good
BIKE_04404,SHOP_003,24.0,3,Excellent
BIKE_04404,SHOP_009,23.0,2,Good
BIKE_26377,SHOP_003,36.0,2,Good
BIKE_14190,SHOP_009,21.0,1,Excellent
BIKE_04851,SHOP_009,38.0,3,Good
BIKE_04851,SHOP_003,36.0,3,Good
BIKE_16635,SHOP_009,24.0,2,Good
BIKE_26542,SHOP_003,38.0,2,Fair
BIKE_26542,SHOP_009,38.0,2,Fair
BIKE_26014,SHOP_009,30.0,3,Excellent
BIKE_26014,SHOP_003,30.0,2,Excellent
BIKE_29537,SHOP_003,10.0,1,Good
BIKE_19745,SHOP_003,29.0,3,Good
BIKE_36828,SHOP_009,46.0,3,Excellent
BIKE_36828,SHOP_003,45.0,2,Good
BIKE_13577,SHOP_003,23.0,2,Good
BIKE_13577,SHOP_009,22.0,1,Good
BIKE_22697,SHOP_006,18.0,2,Good
BIKE_22697,SHOP_003,19.0,2,Good
BIKE_26454,SHOP_003,29.0,1,Good
BIKE_38234,SHOP_004,21.0,1,Excellent
BIKE_32908,SHOP_012,57.0,3,Fair
BIKE_28355,SHOP_009,33.0,1,Good
BIKE_28355,SHOP_003,33.0,1,Good
BIKE_20257,SHOP_007,19.0,1,Good
BIKE_07640,SHOP_012,83.0,3,Good
BIKE_36810,SHOP_007,11.0,2,Good
BIKE_36810,SHOP_006,9.0,2,Good
BIKE_08445,SHOP_003,42.0,2,Good
BIKE_08445,SHOP_009,42.0,3,Good
BIKE_30834,SHOP_003,25.0,1,Fair
BIKE_30834,SHOP_009,25.0,1,Good
BIKE_10836,SHOP_009,24.0,2,Good
BIKE_03396,SHOP_003,29.0,1,Fair
BIKE_03396,SHOP_009,28.0,3,Good
BIKE_27498,SHOP_009,19.0,1,Excellent
BIKE_27498,SHOP_003,22.0,1,Good
BIKE_26699,SHOP_003,31.0,3,Good
BIKE_06193,SHOP_006,10.0,2,Good
BIKE_06193,SHOP_009,10.0,3,Good
BIKE_28730,SHOP_003,36.0,3,Good
BIKE_28730,SHOP_009,36.0,1,Good
BIKE_02296,SHOP_003,26.0,2,Good
BIKE_02296,SHOP_009,28.0,2,Excellent
BIKE_20548,SHOP_007,8.0,3,Good
BIKE_20548,SHOP_003,10.0,3,Excellent
BIKE_36470,SHOP_012,53.0,2,Excellent
BIKE_25655,SHOP_012,45.0,3,Excellent
BIKE_08362,SHOP_009,24.0,2,Good
BIKE_08362,SHOP_003,24.0,2,Good
BIKE_27585,SHOP_003,22.0,2,Good
BIKE_27585,SHOP_009,23.0,3,Good
BIKE_20295,SHOP_009,34.0,2,Excellent
BIKE_01682,SHOP_003,29.0,3,Fair
BIKE_01682,SHOP_009,28.0,2,Good
BIKE_23968,SHOP_003,34.0,1,Good
BIKE_32968,SHOP_009,29.0,1,Fair
BIKE_17428,SHOP_004,19.0,1,Good
BIKE_11693,SHOP_009,35.0,3,Fair
BIKE_17982,SHOP_003,25.0,1,Fair
BIKE_35333,SHOP_007,22.0,1,Fair
BIKE_35333,SHOP_006,20.0,1,Good
BIKE_24781,SHOP_003,43.0,2,Fair
BIKE_24781,SHOP_009,43.0,2,Excellent
BIKE_20459,SHOP_006,22.0,2,Good
BIKE_20459,SHOP_001,23.0,3,Good
BIKE_15004,SHOP_009,21.0,2,Fair
BIKE_15004,SHOP_006,19.0,3,Fair
BIKE_00343,SHOP_009,32.0,3,Good
BIKE_02858,SHOP_009,24.0,2,Good
BIKE_35386,SHOP_003,23.0,2,Good
BIKE_06868,SHOP_003,28.0,2,Fair
BIKE_26112,SHOP_003,32.0,1,Good
BIKE_18217,SHOP_003,21.0,3,Fair
BIKE_18217,SHOP_009,21.0,2,Good
BIKE_02265,SHOP_010,22.0,2,Excellent
BIKE_02265,SHOP_004,21.0,3,Fair
BIKE_35614,SHOP_003,31.0,1,Excellent
BIKE_38229,SHOP_012,53.0,3,Excellent
BIKE_38163,SHOP_010,21.0,3,Good
BIKE_11165,SHOP_009,21.0,1,Fair
BIKE_26888,SHOP_007,11.0,2,Good
BIKE_26888,SHOP_004,9.0,2,Good
BIKE_01788,SHOP_001,23.0,3,Fair
BIKE_01788,SHOP_003,21.0,3,Fair
BIKE_37832,SHOP_003,25.0,2,Good
BIKE_37832,SHOP_009,25.0,2,Good
BIKE_04756,SHOP_003,19.0,3,Good
BIKE_04756,SHOP_004,19.0,1,Fair
BIKE_13634,SHOP_009,28.0,1,Good
BIKE_19274,SHOP_009,27.0,3,Fair
BIKE_30714,SHOP_001,12.0,3,Excellent
BIKE_30714,SHOP_006,12.0,2,Fair
BIKE_11839,SHOP_003,22.0,2,Excellent
BIKE_23009,SHOP_009,23.0,2,Fair
BIKE_23009,SHOP_003,25.0,2,Good
BIKE_21272,SHOP_009,29.0,1,Good
BIKE_32891,SHOP_010,22.0,1,Fair
BIKE_32891,SHOP_003,23.0,3,Excellent
BIKE_00962,SHOP_003,28.0,1,Excellent
BIKE_10941,SHOP_003,28.0,2,Good
BIKE_33616,SHOP_009,25.0,3,Good
BIKE_18636,SHOP_003,30.0,1,Good
BIKE_18636,SHOP_009,31.0,2,Fair
BIKE_32213,SHOP_003,23.0,1,Fair
BIKE_18275,SHOP_003,26.0,2,Good
BIKE_22134,SHOP_009,21.0,1,Fair
BIKE_01911,SHOP_003,24.0,3,Good
BIKE_01911,SHOP_009,21.0,2,Excellent
BIKE_17730,SHOP_009,30.0,3,Excellent
BIKE_17730,SHOP_003,30.0,2,Excellent
BIKE_03548,SHOP_009,9.0,3,Good
BIKE_03548,SHOP_007,8.0,3,Excellent
BIKE_14073,SHOP_009,23.0,3,Excellent
BIKE_10823,SHOP_003,20.0,3,Good
BIKE_16768,SHOP_003,30.0,3,Good
BIKE_16768,SHOP_009,30.0,1,Good
BIKE_10881,SHOP_003,28.0,3,Fair
BIKE_10263,SHOP_009,11.0,1,Fair
BIKE_10263,SHOP_007,11.0,1,Good
BIKE_27697,SHOP_012,54.0,1,Good
BIKE_38320,SHOP_009,37.0,1,Good
BIKE_20680,SHOP_003,32.0,3,Fair
BIKE_12990,SHOP_006,21.0,2,Good
BIKE_12990,SHOP_010,23.0,1,Good
BIKE_11257,SHOP_003,27.0,3,Good
BIKE_11257,SHOP_009,27.0,1,Good
BIKE_20084,SHOP_009,29.0,1,Excellent
BIKE_07555,SHOP_009,27.0,2,Excellent
BIKE_07555,SHOP_003,27.0,2,Good
BIKE_28793,SHOP_010,22.0,2,Good
BIKE_34385,SHOP_009,22.0,2,Fair
BIKE_34385,SHOP_003,21.0,2,Excellent
BIKE_31365,SHOP_009,22.0,1,Good
BIKE_28999,SHOP_003,30.0,3,Good
BIKE_20480,SHOP_007,22.0,2,Excellent
BIKE_20480,SHOP_006,23.0,3,Fair
BIKE_08707,SHOP_009,22.0,3,Good
BIKE_08707,SHOP_003,20.0,2,Good
BIKE_09116,SHOP_009,9.0,1,Good
BIKE_09116,SHOP_006,11.0,2,Excellent
BIKE_30357,SHOP_006,17.0,1,Fair
BIKE_30357,SHOP_007,21.0,2,Good
BIKE_06194,SHOP_009,20.0,3,Good
BIKE_23667,SHOP_009,44.0,1,Good
BIKE_23667,SHOP_003,44.0,1,Good
BIKE_34819,SHOP_003,35.0,1,Excellent
BIKE_22866,SHOP_009,21.0,2,Good
BIKE_22866,SHOP_003,22.0,3,Excellent
BIKE_33417,SHOP_003,25.0,3,Good
BIKE_33417,SHOP_009,24.0,3,Fair
BIKE_30460,SHOP_007,22.0,1,Excellent
BIKE_00884,SHOP_003,22.0,1,Good
BIKE_00884,SHOP_009,22.0,2,Fair
BIKE_28619,SHOP_009,20.0,1,Fair
BIKE_38349,SHOP_009,28.0,3,Good
BIKE_38349,SHOP_003,27.0,2,Good
BIKE_31951,SHOP_009,11.0,1,Good
BIKE_06442,SHOP_003,18.0,2,Excellent
BIKE_06442,SHOP_010,19.0,1,Excellent
BIKE_01332,SHOP_007,24.0,3,Excellent
BIKE_01332,SHOP_004,24.0,2,Good
BIKE_20916,SHOP_001,20.0,1,Fair
BIKE_09708,SHOP_007,10.0,1,Fair
BIKE_12782,SHOP_001,19.0,3,Good
BIKE_12782,SHOP_003,21.0,1,Good
BIKE_28345,SHOP_003,21.0,2,Good
BIKE_17717,SHOP_009,29.0,1,Good
BIKE_19232,SHOP_009,26.0,3,Excellent
BIKE_17657,SHOP_009,26.0,3,Good
BIKE_17657,SHOP_003,29.0,1,Fair
BIKE_02331,SHOP_009,29.0,2,Good
BIKE_08987,SHOP_003,39.0,2,Excellent
BIKE_09154,SHOP_003,31.0,1,Excellent
BIKE_01113,SHOP_009,19.0,2,Good
BIKE_03792,SHOP_009,20.0,2,Good
BIKE_03792,SHOP_006,19.0,1,Good
BIKE_00655,SHOP_009,23.0,1,Good
BIKE_00655,SHOP_003,24.0,1,Fair
BIKE_14945,SHOP_009,23.0,2,Fair
BIKE_21453,SHOP_003,35.0,3,Good
BIKE_21453,SHOP_009,35.0,2,Fair
BIKE_08357,SHOP_006,9.0,3,Fair
BIKE_08357,SHOP_001,11.0,3,Good
BIKE_00842,SHOP_009,33.0,3,Good
BIKE_00842,SHOP_003,30.0,1,Good
BIKE_35627,SHOP_003,45.0,2,Good
BIKE_22840,SHOP_009,45.0,2,Good
BIKE_34981,SHOP_003,10.0,1,Fair
BIKE_02825,SHOP_012,44.0,2,Good
BIKE_00109,SHOP_003,18.0,2,Good
BIKE_00109,SHOP_004,18.0,1,Good
BIKE_09003,SHOP_006,19.0,3,Good
BIKE_09003,SHOP_009,17.0,1,Excellent
BIKE_25838,SHOP_004,17.0,1,Good
BIKE_22762,SHOP_003,32.0,1,Fair
BIKE_22762,SHOP_009,31.0,2,Fair
BIKE_01603,SHOP_010,21.0,2,Good
BIKE_15020,SHOP_009,25.0,1,Good
BIKE_15020,SHOP_003,26.0,2,Fair
BIKE_02237,SHOP_012,98.0,2,Good
BIKE_12141,SHOP_003,9.0,1,Good
BIKE_12141,SHOP_004,10.0,1,Excellent
BIKE_01194,SHOP_001,24.0,2,Fair
BIKE_00585,SHOP_003,22.0,2,Excellent
BIKE_34652,SHOP_003,20.0,1,Excellent
BIKE_34652,SHOP_001,18.0,2,Good
BIKE_18723,SHOP_003,25.0,1,Good
BIKE_18723,SHOP_009,22.0,1,Fair
BIKE_21338,SHOP_009,21.0,1,Good
BIKE_27745,SHOP_012,49.0,2,Excellent
BIKE_32704,SHOP_012,43.0,2,Good
BIKE_37523,SHOP_009,44.0,1,Excellent
BIKE_12050,SHOP_009,8.0,2,Good
BIKE_12050,SHOP_001,9.0,3,Good
BIKE_25908,SHOP_003,46.0,3,Excellent
BIKE_11433,SHOP_003,26.0,2,Good
BIKE_11433,SHOP_009,28.0,2,Fair
BIKE_15559,SHOP_003,31.0,1,Good
BIKE_02635,SHOP_009,26.0,1,Good
BIKE_02635,SHOP_003,26.0,1,Good
BIKE_02828,SHOP_009,26.0,1,Good
BIKE_02828,SHOP_003,24.0,2,Good
BIKE_22293,SHOP_003,36.0,1,Good
BIKE_22293,SHOP_009,36.0,3,Excellent
BIKE_20577,SHOP_003,32.0,3,Fair
BIKE_20577,SHOP_009,31.0,1,Good
BIKE_27011,SHOP_009,23.0,2,Good
BIKE_27011,SHOP_003,23.0,3,Good
BIKE_38087,SHOP_009,41.0,2,Fair
BIKE_38087,SHOP_003,42.0,1,Good
BIKE_35948,SHOP_009,32.0,1,Excellent
BIKE_35948,SHOP_003,32.0,2,Good
BIKE_34266,SHOP_003,19.0,3,Good
BIKE_34266,SHOP_009,19.0,3,Fair
BIKE_01339,SHOP_009,24.0,1,Fair
BIKE_16583,SHOP_009,41.0,3,Fair
BIKE_09478,SHOP_006,8.0,2,Excellent
BIKE_30956,SHOP_009,20.0,3,Fair
BIKE_10869,SHOP_012,43.0,3,Good
BIKE_12611,SHOP_006,19.0,1,Good
BIKE_25130,SHOP_003,26.0,2,Good
BIKE_25130,SHOP_009,28.0,1,Fair
BIKE_31146,SHOP_003,27.0,3,Fair
BIKE_34085,SHOP_012,46.0,2,Good
BIKE_05371,SHOP_001,22.0,1,Good
BIKE_07028,SHOP_003,29.0,1,Good
BIKE_16003,SHOP_003,13.0,2,Good
BIKE_23594,SHOP_009,27.0,1,Excellent
BIKE_16971,SHOP_001,18.0,3,Fair
BIKE_11645,SHOP_001,22.0,2,Good
BIKE_11645,SHOP_009,23.0,3,Excellent
BIKE_35360,SHOP_009,19.0,3,Fair
BIKE_30457,SHOP_009,23.0,1,Good
BIKE_05030,SHOP_009,22.0,1,Good
BIKE_10359,SHOP_007,20.0,1,Good
BIKE_19872,SHOP_003,40.0,3,Fair
BIKE_33202,SHOP_001,22.0,3,Excellent
BIKE_33202,SHOP_004,21.0,3,Good
BIKE_05198,SHOP_003,19.0,1,Fair
BIKE_05198,SHOP_007,19.0,2,Good
BIKE_33990,SHOP_012,50.0,1,Fair
BIKE_16333,SHOP_003,29.0,1,Good
BIKE_16333,SHOP_009,27.0,1,Good
BIKE_01846,SHOP_003,33.0,1,Fair
BIKE_01846,SHOP_009,37.0,2,Excellent
BIKE_35668,SHOP_007,22.0,2,Fair
BIKE_35668,SHOP_003,20.0,3,Good
BIKE_15742,SHOP_004,23.0,1,Good
BIKE_07122,SHOP_009,26.0,1,Good
BIKE_03242,SHOP_001,9.0,2,Excellent
BIKE_22519,SHOP_003,32.0,3,Fair
BIKE_22519,SHOP_009,33.0,2,Fair
BIKE_36963,SHOP_003,46.0,2,Good
BIKE_36963,SHOP_009,44.0,1,Excellent
BIKE_35751,SHOP_010,23.0,2,Excellent
BIKE_20945,SHOP_006,11.0,3,Excellent
BIKE_27792,SHOP_003,24.0,3,Good
BIKE_31163,SHOP_004,19.0,2,Excellent
BIKE_31163,SHOP_003,17.0,2,Good
BIKE_01165,SHOP_009,26.0,3,Excellent
BIKE_35447,SHOP_006,9.0,2,Good
BIKE_35447,SHOP_009,10.0,2,Good
BIKE_00573,SHOP_006,9.0,1,Good
BIKE_00573,SHOP_001,12.0,1,Excellent
BIKE_02743,SHOP_009,21.0,3,Excellent
BIKE_02743,SHOP_003,24.0,3,Good
BIKE_01576,SHOP_001,20.0,1,Good
BIKE_01576,SHOP_007,24.0,3,Good
BIKE_24302,SHOP_003,19.0,1,Good
BIKE_24302,SHOP_009,21.0,2,Excellent
BIKE_16858,SHOP_009,18.0,3,Good
BIKE_03525,SHOP_003,19.0,2,Good
BIKE_05211,SHOP_009,23.0,1,Fair
BIKE_03776,SHOP_003,31.0,2,Excellent
BIKE_25057,SHOP_003,38.0,3,Good
BIKE_16947,SHOP_003,12.0,1,Fair
BIKE_05525,SHOP_006,18.0,1,Good
BIKE_05525,SHOP_004,18.0,2,Fair
BIKE_22352,SHOP_003,18.0,3,Good
BIKE_22352,SHOP_009,20.0,2,Good
BIKE_26083,SHOP_009,27.0,3,Excellent
BIKE_26083,SHOP_003,29.0,2,Good
BIKE_32163,SHOP_003,29.0,2,Good
BIKE_04045,SHOP_009,32.0,1,Excellent
BIKE_04045,SHOP_003,33.0,2,Good
BIKE_18686,SHOP_009,9.0,3,Good
BIKE_12156,SHOP_003,22.0,1,Good
BIKE_12156,SHOP_009,21.0,3,Good
BIKE_10814,SHOP_009,20.0,2,Fair
BIKE_29046,SHOP_009,24.0,2,Excellent
BIKE_01912,SHOP_001,11.0,3,Good
BIKE_21030,SHOP_003,24.0,1,Fair
BIKE_21030,SHOP_009,23.0,2,Good
BIKE_25388,SHOP_009,12.0,2,Good
BIKE_25388,SHOP_003,11.0,2,Excellent
BIKE_13390,SHOP_007,20.0,2,Fair
BIKE_13390,SHOP_001,18.0,2,Fair
BIKE_28767,SHOP_009,45.0,1,Good
BIKE_28767,SHOP_003,45.0,3,Good
BIKE_19392,SHOP_003,8.0,2,Excellent
BIKE_19392,SHOP_007,11.0,2,Fair
BIKE_26768,SHOP_009,24.0,1,Good
BIKE_26768,SHOP_003,21.0,2,Good
BIKE_13519,SHOP_003,31.0,3,Good
BIKE_13519,SHOP_009,35.0,2,Fair
BIKE_20712,SHOP_010,21.0,1,Excellent
BIKE_07388,SHOP_012,70.0,2,Good
BIKE_29618,SHOP_009,30.0,2,Fair
BIKE_29618,SHOP_003,32.0,1,Good
BIKE_00428,SHOP_007,22.0,3,Excellent
BIKE_00428,SHOP_003,22.0,1,Fair
BIKE_30838,SHOP_009,11.0,3,Fair
BIKE_30838,SHOP_003,8.0,1,Good
BIKE_11256,SHOP_009,25.0,3,Good
BIKE_17386,SHOP_007,9.0,2,Fair
BIKE_25400,SHOP_001,12.0,3,Good
BIKE_25400,SHOP_010,13.0,3,Fair
BIKE_34880,SHOP_010,23.0,2,Fair
BIKE_34880,SHOP_007,21.0,2,Good
BIKE_25610,SHOP_009,27.0,1,Good
BIKE_25610,SHOP_003,27.0,1,Excellent
BIKE_31777,SHOP_010,16.0,2,Good
BIKE_03337,SHOP_009,31.0,2,Excellent
BIKE_27783,SHOP_009,28.0,1,Excellent
BIKE_17816,SHOP_009,24.0,3,Fair
BIKE_17816,SHOP_003,26.0,1,Good
BIKE_10545,SHOP_003,28.0,3,Fair
BIKE_05115,SHOP_009,9.0,1,Good
BIKE_05115,SHOP_007,9.0,3,Good
BIKE_05815,SHOP_009,23.0,3,Fair
BIKE_29787,SHOP_009,40.0,2,Excellent
BIKE_24608,SHOP_009,40.0,2,Excellent
BIKE_06898,SHOP_009,16.0,3,Good
BIKE_28611,SHOP_006,24.0,2,Fair
BIKE_03803,SHOP_004,18.0,3,Excellent
BIKE_03803,SHOP_003,21.0,2,Good
BIKE_00144,SHOP_003,27.0,3,Excellent
BIKE_00144,SHOP_009,27.0,2,Excellent
BIKE_03615,SHOP_003,23.0,3,Good
BIKE_03615,SHOP_009,23.0,2,Good
BIKE_28081,SHOP_003,42.0,1,Good
BIKE_30807,SHOP_009,22.0,2,Fair
BIKE_30807,SHOP_003,21.0,1,Excellent
BIKE_08755,SHOP_003,28.0,3,Fair
BIKE_08755,SHOP_009,27.0,2,Fair
BIKE_10202,SHOP_012,50.0,2,Fair
BIKE_35454,SHOP_003,25.0,2,Excellent
BIKE_27346,SHOP_003,28.0,1,Fair
BIKE_27346,SHOP_009,31.0,1,Fair
BIKE_19651,SHOP_009,28.0,1,Good
BIKE_19651,SHOP_003,28.0,3,Fair
BIKE_05751,SHOP_009,32.0,2,Excellent
BIKE_05751,SHOP_003,33.0,2,Good
BIKE_29272,SHOP_009,27.0,2,Fair
BIKE_01590,SHOP_010,20.0,1,Good
BIKE_03799,SHOP_009,26.0,3,Fair
BIKE_03799,SHOP_003,26.0,2,Good
BIKE_30572,SHOP_003,18.0,3,Good
BIKE_34580,SHOP_003,29.0,1,Good
BIKE_34580,SHOP_009,31.0,1,Good
BIKE_22563,SHOP_009,21.0,1,Good
BIKE_18609,SHOP_003,22.0,2,Good
BIKE_18609,SHOP_009,22.0,2,Excellent
BIKE_02323,SHOP_001,19.0,3,Good
BIKE_02323,SHOP_009,16.0,3,Excellent
BIKE_04325,SHOP_003,24.0,2,Good
BIKE_11798,SHOP_009,20.0,3,Excellent
BIKE_13069,SHOP_009,28.0,1,Good
BIKE_13069,SHOP_003,25.0,2,Excellent
BIKE_33271,SHOP_007,22.0,1,Fair
BIKE_10081,SHOP_003,12.0,1,Good
BIKE_10081,SHOP_001,11.0,3,Excellent
BIKE_36114,SHOP_009,25.0,2,Fair
BIKE_01240,SHOP_003,27.0,1,Excellent
BIKE_01240,SHOP_009,25.0,1,Good
BIKE_24329,SHOP_003,29.0,2,Good
BIKE_10427,SHOP_003,26.0,2,Excellent
BIKE_14464,SHOP_009,27.0,2,Fair
BIKE_14464,SHOP_003,29.0,3,Good
BIKE_36011,SHOP_009,28.0,1,Good
BIKE_36011,SHOP_003,28.0,3,Good
BIKE_26592,SHOP_003,23.0,1,Excellent
BIKE_23304,SHOP_009,47.0,1,Good
BIKE_33570,SHOP_001,10.0,1,Good
BIKE_33570,SHOP_003,10.0,3,Good
BIKE_08101,SHOP_009,22.0,1,Fair
BIKE_15557,SHOP_003,24.0,1,Good
BIKE_15557,SHOP_009,25.0,1,Good
BIKE_38325,SHOP_003,29.0,1,Good
BIKE_38325,SHOP_009,29.0,2,Fair
BIKE_37007,SHOP_009,25.0,2,Good
BIKE_37007,SHOP_003,24.0,2,Excellent
BIKE_22020,SHOP_009,18.0,3,Good
BIKE_22020,SHOP_004,18.0,2,Good
BIKE_27565,SHOP_003,31.0,2,Good
BIKE_27565,SHOP_009,30.0,2,Good
BIKE_33312,SHOP_003,20.0,1,Good
BIKE_33053,SHOP_009,8.0,1,Excellent
BIKE_36240,SHOP_003,37.0,2,Good
BIKE_36240,SHOP_009,40.0,2,Fair
BIKE_22435,SHOP_009,28.0,3,Excellent
BIKE_18476,SHOP_003,8.0,2,Good
BIKE_19724,SHOP_001,18.0,1,Good
BIKE_34751,SHOP_009,25.0,2,Fair
BIKE_34751,SHOP_003,25.0,3,Good
BIKE_01895,SHOP_003,34.0,1,Fair
BIKE_14869,SHOP_003,32.0,2,Fair
BIKE_13525,SHOP_007,23.0,2,Good
BIKE_13525,SHOP_006,22.0,2,Excellent
BIKE_02826,SHOP_003,23.0,2,Good
BIKE_02826,SHOP_009,22.0,3,Good
BIKE_29357,SHOP_009,25.0,1,Good
BIKE_08341,SHOP_001,9.0,3,Good
BIKE_08341,SHOP_007,10.0,3,Good
BIKE_17828,SHOP_009,38.0,1,Fair
BIKE_17828,SHOP_003,37.0,3,Good
BIKE_25246,SHOP_009,27.0,3,Excellent
BIKE_18349,SHOP_010,21.0,3,Good
BIKE_18349,SHOP_006,21.0,1,Good
BIKE_10544,SHOP_009,34.0,2,Good
BIKE_00624,SHOP_006,8.0,1,Fair
BIKE_00624,SHOP_009,12.0,3,Good
BIKE_30124,SHOP_003,35.0,2,Excellent
BIKE_30124,SHOP_009,38.0,2,Fair
BIKE_12081,SHOP_006,10.0,2,Excellent
BIKE_12081,SHOP_007,9.0,3,Good
BIKE_12009,SHOP_009,29.0,3,Good
BIKE_12009,SHOP_003,30.0,2,Good
BIKE_06204,SHOP_009,21.0,1,Good
BIKE_06204,SHOP_010,23.0,3,Excellent
BIKE_11546,SHOP_003,25.0,3,Good
BIKE_11897,SHOP_007,22.0,2,Good
BIKE_20596,SHOP_003,23.0,1,Good
BIKE_20596,SHOP_010,23.0,1,Excellent
BIKE_17521,SHOP_003,20.0,3,Good
BIKE_29695,SHOP_009,23.0,1,Good
BIKE_29695,SHOP_003,26.0,3,Good
BIKE_31443,SHOP_009,27.0,2,Excellent
BIKE_31443,SHOP_003,26.0,1,Good
BIKE_02863,SHOP_009,19.0,3,Good
BIKE_18948,SHOP_003,26.0,3,Good
BIKE_17582,SHOP_003,8.0,1,Excellent
BIKE_30356,SHOP_003,42.0,1,Good
BIKE_30356,SHOP_009,41.0,1,Good
BIKE_14092,SHOP_009,12.0,3,Good
BIKE_11968,SHOP_009,43.0,2,Good
BIKE_05687,SHOP_009,9.0,1,Excellent
BIKE_05687,SHOP_006,10.0,1,Excellent
BIKE_03843,SHOP_009,41.0,1,Good
BIKE_03843,SHOP_003,42.0,1,Good
BIKE_36785,SHOP_009,31.0,1,Good
BIKE_19719,SHOP_012,44.0,2,Fair
BIKE_25760,SHOP_009,32.0,2,Good
BIKE_12958,SHOP_003,24.0,2,Good
BIKE_27666,SHOP_003,21.0,2,Good
BIKE_37664,SHOP_009,46.0,2,Good
BIKE_37664,SHOP_003,46.0,1,Fair
BIKE_25585,SHOP_003,32.0,1,Good
BIKE_27458,SHOP_009,36.0,1,Good
BIKE_27458,SHOP_003,37.0,3,Fair
BIKE_26767,SHOP_009,48.0,3,Good
BIKE_26767,SHOP_003,50.0,1,Good
BIKE_02893,SHOP_012,76.0,2,Good
BIKE_29213,SHOP_010,20.0,3,Excellent
BIKE_24289,SHOP_009,18.0,3,Excellent
BIKE_24289,SHOP_004,18.0,3,Good
BIKE_07231,SHOP_009,21.0,2,Good
BIKE_02231,SHOP_003,34.0,2,Good
BIKE_02231,SHOP_009,35.0,1,Fair
BIKE_23609,SHOP_004,19.0,1,Fair
BIKE_23609,SHOP_001,19.0,3,Fair
BIKE_32995,SHOP_009,24.0,3,Excellent
BIKE_32995,SHOP_003,26.0,3,Good
BIKE_03935,SHOP_009,26.0,2,Good
BIKE_03935,SHOP_003,27.0,2,Excellent
BIKE_34113,SHOP_009,22.0,1,Excellent
BIKE_28305,SHOP_009,23.0,1,Good
BIKE_20152,SHOP_012,52.0,2,Good
BIKE_30171,SHOP_003,23.0,3,Fair
BIKE_34472,SHOP_001,23.0,1,Good
BIKE_11020,SHOP_009,40.0,1,Good
BIKE_11020,SHOP_003,37.0,1,Good
BIKE_14020,SHOP_012,44.0,1,Good
BIKE_31468,SHOP_012,45.0,1,Excellent
BIKE_00075,SHOP_007,24.0,2,Good
BIKE_08211,SHOP_003,27.0,2,Fair
BIKE_00748,SHOP_003,11.0,1,Fair
BIKE_00748,SHOP_006,9.0,1,Good
BIKE_20302,SHOP_009,25.0,1,Good
BIKE_37162,SHOP_003,29.0,1,Excellent
BIKE_29144,SHOP_001,9.0,3,Fair
BIKE_27800,SHOP_007,8.0,2,Good
BIKE_01188,SHOP_009,20.0,3,Excellent
BIKE_31758,SHOP_003,21.0,3,Good
BIKE_31758,SHOP_009,20.0,3,Fair
BIKE_14958,SHOP_012,56.0,1,Good
BIKE_05426,SHOP_007,20.0,2,Good
BIKE_20266,SHOP_009,45.0,2,Fair
BIKE_18572,SHOP_004,20.0,1,Excellent
BIKE_18572,SHOP_006,20.0,3,Good
BIKE_33354,SHOP_003,10.0,2,Good
BIKE_26568,SHOP_007,21.0,1,Good
BIKE_37543,SHOP_009,32.0,1,Excellent
BIKE_37543,SHOP_003,34.0,1,Good
BIKE_25972,SHOP_009,25.0,2,Good
BIKE_38120,SHOP_004,21.0,3,Good
BIKE_38120,SHOP_010,21.0,1,Good
BIKE_20451,SHOP_001,14.0,2,Excellent
BIKE_17505,SHOP_010,20.0,1,Excellent
BIKE_17505,SHOP_007,17.0,3,Good
BIKE_12337,SHOP_012,45.0,1,Good
BIKE_35764,SHOP_004,21.0,3,Excellent
BIKE_21193,SHOP_003,22.0,1,Good
BIKE_34456,SHOP_003,24.0,1,Good
BIKE_34456,SHOP_009,25.0,1,Excellent
BIKE_08293,SHOP_006,17.0,3,Excellent
BIKE_28423,SHOP_009,23.0,3,Good
BIKE_28423,SHOP_001,24.0,2,Good
BIKE_19452,SHOP_003,31.0,3,Good
BIKE_07759,SHOP_009,27.0,1,Fair
BIKE_31439,SHOP_003,30.0,2,Good
BIKE_14813,SHOP_003,25.0,3,Excellent
BIKE_08713,SHOP_009,41.0,2,Good
BIKE_08713,SHOP_003,38.0,2,Good
BIKE_30416,SHOP_001,20.0,1,Good
BIKE_13701,SHOP_001,11.0,2,Fair
BIKE_13701,SHOP_007,13.0,1,Good
BIKE_32885,SHOP_006,11.0,3,Good
BIKE_32885,SHOP_009,12.0,2,Excellent
BIKE_26437,SHOP_003,21.0,2,Fair
BIKE_26437,SHOP_009,21.0,3,Fair
BIKE_19237,SHOP_007,20.0,2,Good
BIKE_19697,SHOP_007,20.0,1,Excellent
BIKE_19697,SHOP_009,23.0,2,Good
BIKE_23621,SHOP_009,10.0,3,Good
BIKE_23621,SHOP_001,11.0,1,Good
BIKE_14978,SHOP_003,26.0,3,Good
BIKE_14978,SHOP_009,26.0,1,Good
BIKE_02029,SHOP_003,11.0,1,Excellent
BIKE_29596,SHOP_001,17.0,3,Good
BIKE_20755,SHOP_003,24.0,2,Good
BIKE_21535,SHOP_009,28.0,1,Fair
BIKE_36820,SHOP_012,49.0,3,Excellent
BIKE_07478,SHOP_003,34.0,1,Good
BIKE_12493,SHOP_009,29.0,1,Good
BIKE_19802,SHOP_009,42.0,1,Fair
BIKE_00725,SHOP_009,24.0,3,Good
BIKE_00725,SHOP_003,22.0,2,Good
BIKE_14802,SHOP_001,21.0,2,Excellent
BIKE_18576,SHOP_009,37.0,1,Excellent
BIKE_18576,SHOP_003,37.0,2,Excellent
BIKE_36077,SHOP_003,11.0,3,Excellent
BIKE_36404,SHOP_009,22.0,1,Fair
BIKE_27347,SHOP_009,9.0,1,Fair
BIKE_14964,SHOP_009,9.0,2,Good
BIKE_26471,SHOP_009,41.0,3,Good
BIKE_08450,SHOP_003,23.0,3,Excellent
BIKE_08450,SHOP_009,21.0,1,Fair
BIKE_36345,SHOP_009,40.0,3,Excellent
BIKE_23951,SHOP_009,20.0,2,Excellent
BIKE_23951,SHOP_003,22.0,3,Good
BIKE_11028,SHOP_010,18.0,2,Good
BIKE_15454,SHOP_004,17.0,3,Fair
BIKE_15454,SHOP_001,19.0,2,Excellent
BIKE_00776,SHOP_010,20.0,1,Good
BIKE_34806,SHOP_012,49.0,2,Excellent
BIKE_14054,SHOP_009,21.0,3,Good
BIKE_14054,SHOP_003,21.0,3,Excellent
BIKE_20807,SHOP_004,25.0,1,Good
BIKE_37252,SHOP_003,29.0,3,Good
BIKE_01876,SHOP_009,21.0,2,Good
BIKE_01876,SHOP_003,19.0,1,Excellent
BIKE_12426,SHOP_006,20.0,2,Excellent
BIKE_12426,SHOP_004,22.0,1,Good
BIKE_23477,SHOP_009,42.0,3,Good
BIKE_27998,SHOP_010,22.0,2,Excellent
BIKE_27998,SHOP_006,22.0,3,Good
BIKE_09331,SHOP_009,30.0,1,Fair
BIKE_09331,SHOP_003,32.0,2,Good
BIKE_20550,SHOP_003,31.0,2,Excellent
BIKE_12739,SHOP_009,31.0,1,Good
BIKE_12739,SHOP_003,33.0,3,Good
BIKE_20091,SHOP_003,9.0,1,Excellent
BIKE_04890,SHOP_003,29.0,1,Good
BIKE_25929,SHOP_009,26.0,2,Excellent
BIKE_25929,SHOP_003,28.0,1,Good
BIKE_19545,SHOP_012,53.0,2,Good
BIKE_38619,SHOP_006,11.0,2,Fair
BIKE_38619,SHOP_009,12.0,1,Good
BIKE_25248,SHOP_007,25.0,3,Good
BIKE_25248,SHOP_003,25.0,2,Good
BIKE_00896,SHOP_003,33.0,1,Good
BIKE_00896,SHOP_009,34.0,1,Good
BIKE_05034,SHOP_004,23.0,2,Excellent
BIKE_05034,SHOP_001,23.0,1,Fair
BIKE_05683,SHOP_003,28.0,2,Good
BIKE_05683,SHOP_009,29.0,2,Good
BIKE_04867,SHOP_006,20.0,2,Good
BIKE_01048,SHOP_003,37.0,3,Excellent
BIKE_01048,SHOP_009,37.0,1,Fair
BIKE_00061,SHOP_012,43.0,1,Good
BIKE_06418,SHOP_003,20.0,2,Good
BIKE_06418,SHOP_009,23.0,2,Good
BIKE_24237,SHOP_009,18.0,3,Good
BIKE_24237,SHOP_007,17.0,2,Excellent
BIKE_07298,SHOP_003,35.0,1,Fair
BIKE_07298,SHOP_009,35.0,3,Good
BIKE_37342,SHOP_003,43.0,2,Good
BIKE_37342,SHOP_009,42.0,2,Good
BIKE_19972,SHOP_010,21.0,1,Good
BIKE_19972,SHOP_003,22.0,3,Excellent
BIKE_35731,SHOP_009,26.0,3,Fair
BIKE_35731,SHOP_003,25.0,1,Good
BIKE_28456,SHOP_009,22.0,3,Good
BIKE_28456,SHOP_003,23.0,1,Excellent
BIKE_20783,SHOP_003,22.0,3,Good
BIKE_20783,SHOP_009,23.0,3,Good
BIKE_38414,SHOP_003,30.0,1,Good
BIKE_33383,SHOP_003,27.0,2,Excellent
BIKE_33383,SHOP_009,26.0,1,Good
BIKE_07701,SHOP_003,31.0,2,Fair
BIKE_16602,SHOP_009,20.0,2,Good
BIKE_04285,SHOP_001,11.0,1,Good
BIKE_04285,SHOP_006,10.0,1,Fair
BIKE_05078,SHOP_009,9.0,1,Good
BIKE_28260,SHOP_003,32.0,2,Fair
BIKE_28260,SHOP_009,31.0,1,Fair
BIKE_24720,SHOP_003,30.0,2,Fair
BIKE_16387,SHOP_009,42.0,3,Good
BIKE_16387,SHOP_003,44.0,1,Good
BIKE_28603,SHOP_003,43.0,3,Good
BIKE_28603,SHOP_009,41.0,3,Good
BIKE_10696,SHOP_009,28.0,1,Good
BIKE_10696,SHOP_003,27.0,3,Good
BIKE_29784,SHOP_009,24.0,3,Good
BIKE_12981,SHOP_003,45.0,1,Good
BIKE_25499,SHOP_009,30.0,3,Good
BIKE_36133,SHOP_006,10.0,2,Good
BIKE_34721,SHOP_006,21.0,1,Good
BIKE_35388,SHOP_009,26.0,2,Good
BIKE_14987,SHOP_012,44.0,3,Fair
BIKE_04672,SHOP_009,40.0,3,Fair
BIKE_32036,SHOP_003,31.0,3,Fair
BIKE_35866,SHOP_003,39.0,3,Good
BIKE_12488,SHOP_009,22.0,1,Good
BIKE_12488,SHOP_010,21.0,2,Excellent
BIKE_28914,SHOP_007,21.0,2,Fair
BIKE_28914,SHOP_010,19.0,2,Fair
BIKE_34430,SHOP_009,34.0,1,Fair
BIKE_34430,SHOP_003,35.0,3,Good
BIKE_04347,SHOP_003,28.0,1,Good
BIKE_18869,SHOP_009,21.0,3,Fair
BIKE_18869,SHOP_003,21.0,1,Good
BIKE_12104,SHOP_012,47.0,3,Good
BIKE_33028,SHOP_006,8.0,2,Fair
BIKE_33028,SHOP_001,9.0,3,Good
BIKE_22657,SHOP_009,28.0,2,Good
BIKE_22657,SHOP_003,31.0,3,Good
BIKE_06826,SHOP_004,17.0,3,Good
BIKE_06826,SHOP_010,19.0,1,Excellent
BIKE_19882,SHOP_003,26.0,3,Excellent
BIKE_34339,SHOP_003,28.0,1,Good
BIKE_34339,SHOP_009,27.0,1,Good
BIKE_34399,SHOP_003,29.0,2,Good
BIKE_34399,SHOP_009,28.0,2,Fair
BIKE_16072,SHOP_012,48.0,3,Good
BIKE_07969,SHOP_009,30.0,3,Fair
BIKE_14773,SHOP_012,77.0,1,Good
BIKE_30548,SHOP_003,32.0,1,Fair
BIKE_22772,SHOP_009,20.0,2,Excellent
BIKE_19214,SHOP_009,23.0,1,Excellent
BIKE_19214,SHOP_003,22.0,3,Excellent
BIKE_32268,SHOP_003,26.0,2,Good
BIKE_17431,SHOP_006,22.0,2,Fair
BIKE_27992,SHOP_003,11.0,2,Good
BIKE_13808,SHOP_009,27.0,1,Excellent
BIKE_13808,SHOP_003,26.0,3,Fair
BIKE_07721,SHOP_009,41.0,1,Good
BIKE_07721,SHOP_003,40.0,1,Excellent
BIKE_37066,SHOP_007,10.0,2,Fair
BIKE_37066,SHOP_001,11.0,3,Fair
BIKE_20033,SHOP_001,25.0,1,Good
BIKE_20033,SHOP_003,23.0,1,Excellent
BIKE_34807,SHOP_009,18.0,1,Good
BIKE_13592,SHOP_007,11.0,3,Good
BIKE_24744,SHOP_009,41.0,2,Good
BIKE_24744,SHOP_003,41.0,2,Fair
BIKE_18435,SHOP_009,26.0,1,Good
BIKE_18435,SHOP_003,25.0,3,Good
BIKE_01012,SHOP_007,8.0,1,Good
BIKE_14702,SHOP_012,39.0,3,Good
BIKE_09170,SHOP_012,62.0,1,Fair
BIKE_21284,SHOP_007,12.0,1,Good
BIKE_05478,SHOP_007,9.0,1,Good
BIKE_05478,SHOP_009,10.0,2,Fair
BIKE_15706,SHOP_003,27.0,3,Excellent
BIKE_15706,SHOP_009,26.0,2,Good
BIKE_21624,SHOP_009,40.0,2,Good
BIKE_25936,SHOP_009,26.0,3,Good
BIKE_25936,SHOP_003,24.0,2,Good
BIKE_10098,SHOP_012,105.0,1,Fair
BIKE_18153,SHOP_004,24.0,2,Excellent
BIKE_18153,SHOP_009,24.0,2,Good
BIKE_35459,SHOP_012,38.0,3,Fair
BIKE_05100,SHOP_009,29.0,1,Fair
BIKE_05100,SHOP_003,27.0,3,Good
BIKE_24869,SHOP_003,20.0,1,Good
BIKE_24869,SHOP_009,20.0,1,Good
BIKE_22232,SHOP_009,25.0,3,Fair
BIKE_22232,SHOP_003,26.0,2,Good
BIKE_21011,SHOP_003,19.0,3,Good
BIKE_22759,SHOP_007,12.0,3,Good
BIKE_22759,SHOP_003,9.0,1,Good
BIKE_34840,SHOP_003,24.0,2,Good
BIKE_14045,SHOP_003,24.0,3,Fair
BIKE_20883,SHOP_006,20.0,2,Good
BIKE_05183,SHOP_004,22.0,3,Fair
BIKE_23573,SHOP_007,9.0,2,Good
BIKE_23573,SHOP_006,11.0,3,Fair
BIKE_03529,SHOP_003,47.0,3,Fair
BIKE_06994,SHOP_003,41.0,3,Good
BIKE_26219,SHOP_009,30.0,2,Good
BIKE_26219,SHOP_003,30.0,1,Good
BIKE_16062,SHOP_009,23.0,1,Good
BIKE_16062,SHOP_003,24.0,1,Excellent
BIKE_14399,SHOP_006,20.0,1,Excellent
BIKE_14399,SHOP_003,18.0,3,Fair
BIKE_21406,SHOP_006,23.0,3,Excellent
BIKE_35966,SHOP_009,26.0,2,Excellent
BIKE_13759,SHOP_007,9.0,1,Good
BIKE_01570,SHOP_001,8.0,3,Good
BIKE_01570,SHOP_009,12.0,1,Fair
BIKE_16248,SHOP_004,21.0,2,Good
BIKE_34216,SHOP_012,42.0,3,Fair
BIKE_16836,SHOP_003,26.0,1,Excellent
BIKE_27279,SHOP_003,43.0,3,Good
BIKE_21231,SHOP_010,20.0,3,Fair
BIKE_21231,SHOP_007,21.0,1,Fair
BIKE_22524,SHOP_003,22.0,3,Good
BIKE_22524,SHOP_009,21.0,3,Good
BIKE_00911,SHOP_009,31.0,2,Fair
BIKE_00911,SHOP_003,31.0,3,Good
BIKE_29162,SHOP_010,23.0,1,Good
BIKE_26261,SHOP_003,26.0,2,Good
BIKE_33834,SHOP_007,22.0,1,Fair
BIKE_33834,SHOP_009,23.0,3,Fair
BIKE_23805,SHOP_003,31.0,3,Fair
BIKE_23805,SHOP_009,34.0,1,Good
BIKE_34747,SHOP_001,10.0,1,Excellent
BIKE_34747,SHOP_007,10.0,2,Good
BIKE_07474,SHOP_009,36.0,2,Good
BIKE_26524,SHOP_009,47.0,2,Fair
BIKE_17082,SHOP_009,33.0,1,Good
BIKE_17082,SHOP_003,33.0,1,Good
BIKE_20537,SHOP_009,24.0,2,Good
BIKE_04032,SHOP_009,43.0,1,Good
BIKE_04032,SHOP_003,44.0,1,Good
BIKE_25888,SHOP_003,21.0,2,Good
BIKE_25888,SHOP_009,19.0,1,Good
BIKE_00251,SHOP_007,10.0,3,Good
BIKE_00251,SHOP_001,8.0,2,Excellent
BIKE_27313,SHOP_010,19.0,3,Good
BIKE_10809,SHOP_004,22.0,2,Fair
BIKE_02116,SHOP_003,22.0,3,Good
BIKE_30226,SHOP_001,9.0,1,Good
BIKE_22342,SHOP_003,32.0,2,Good
BIKE_22342,SHOP_009,30.0,2,Good
BIKE_32506,SHOP_001,11.0,2,Good
BIKE_27360,SHOP_006,10.0,3,Good
BIKE_01704,SHOP_004,24.0,2,Excellent
BIKE_31490,SHOP_001,21.0,2,Good
BIKE_16088,SHOP_010,19.0,3,Excellent
BIKE_16088,SHOP_009,22.0,3,Excellent
BIKE_09426,SHOP_009,34.0,3,Good
BIKE_09426,SHOP_003,38.0,1,Fair
BIKE_24896,SHOP_009,16.0,2,Good
BIKE_24896,SHOP_001,17.0,2,Excellent
BIKE_16851,SHOP_004,23.0,2,Fair
BIKE_26141,SHOP_003,20.0,3,Excellent
BIKE_28490,SHOP_009,22.0,2,Good
BIKE_26674,SHOP_009,32.0,3,Good
BIKE_26674,SHOP_003,32.0,1,Fair
BIKE_25332,SHOP_009,47.0,1,Good
BIKE_08477,SHOP_009,22.0,2,Excellent
BIKE_08477,SHOP_003,24.0,1,Good
BIKE_32504,SHOP_009,33.0,1,Fair
BIKE_32504,SHOP_003,30.0,1,Good
BIKE_30503,SHOP_003,24.0,3,Excellent
BIKE_20377,SHOP_009,34.0,2,Good
BIKE_38416,SHOP_003,25.0,2,Fair
BIKE_10969,SHOP_007,22.0,2,Excellent
BIKE_10969,SHOP_010,22.0,3,Fair
BIKE_21321,SHOP_003,20.0,2,Good
BIKE_14729,SHOP_009,43.0,2,Good
BIKE_14729,SHOP_003,46.0,3,Fair
BIKE_30866,SHOP_003,29.0,3,Good
BIKE_20077,SHOP_009,23.0,1,Good
BIKE_20077,SHOP_010,20.0,1,Fair
BIKE_15297,SHOP_009,9.0,1,Fair
BIKE_15297,SHOP_006,12.0,1,Good
BIKE_07306,SHOP_009,23.0,3,Fair
BIKE_07306,SHOP_003,25.0,1,Fair
BIKE_14750,SHOP_003,40.0,3,Excellent
BIKE_28898,SHOP_003,22.0,3,Good
BIKE_20334,SHOP_003,25.0,1,Good
BIKE_20414,SHOP_009,31.0,1,Good
BIKE_20414,SHOP_003,31.0,3,Good
BIKE_19550,SHOP_006,18.0,2,Good
BIKE_09064,SHOP_009,33.0,1,Fair
BIKE_32564,SHOP_007,8.0,2,Good
BIKE_32564,SHOP_006,9.0,2,Good
BIKE_04556,SHOP_003,23.0,2,Good
BIKE_04556,SHOP_009,24.0,2,Good
BIKE_00086,SHOP_009,22.0,3,Excellent
BIKE_00086,SHOP_003,24.0,3,Good
BIKE_33352,SHOP_010,20.0,1,Good
BIKE_05386,SHOP_001,24.0,3,Fair
BIKE_05386,SHOP_003,22.0,1,Fair
BIKE_30478,SHOP_012,43.0,2,Good
BIKE_16536,SHOP_009,9.0,2,Good
BIKE_16536,SHOP_001,9.0,3,Fair
BIKE_07277,SHOP_003,27.0,2,Good
BIKE_07277,SHOP_009,27.0,1,Good
BIKE_26448,SHOP_007,22.0,2,Excellent
BIKE_07580,SHOP_006,23.0,3,Good
BIKE_20265,SHOP_009,9.0,2,Fair
BIKE_11815,SHOP_003,28.0,1,Good
BIKE_11815,SHOP_009,28.0,2,Good
BIKE_31745,SHOP_003,37.0,1,Good
BIKE_19348,SHOP_006,17.0,3,Excellent
BIKE_18434,SHOP_009,46.0,1,Fair
BIKE_18434,SHOP_003,47.0,1,Excellent
BIKE_37507,SHOP_012,44.0,3,Excellent
BIKE_25823,SHOP_003,21.0,3,Good
BIKE_14632,SHOP_003,32.0,1,Excellent
BIKE_03226,SHOP_003,37.0,3,Good
BIKE_03226,SHOP_009,39.0,2,Good
BIKE_25806,SHOP_006,21.0,2,Good
BIKE_25806,SHOP_004,22.0,3,Good
BIKE_14836,SHOP_010,16.0,3,Fair
BIKE_14836,SHOP_009,18.0,1,Good
BIKE_25661,SHOP_012,45.0,2,Good
BIKE_34463,SHOP_009,9.0,2,Fair
BIKE_34463,SHOP_007,12.0,1,Good
BIKE_32883,SHOP_012,41.0,3,Good
BIKE_17827,SHOP_003,28.0,1,Fair
BIKE_17827,SHOP_009,25.0,3,Excellent
BIKE_37592,SHOP_009,42.0,3,Good
BIKE_30649,SHOP_009,35.0,3,Good
BIKE_30649,SHOP_003,34.0,2,Good
BIKE_00304,SHOP_003,32.0,1,Good
BIKE_00304,SHOP_009,30.0,3,Good
BIKE_33897,SHOP_009,21.0,3,Good
BIKE_34245,SHOP_012,47.0,2,Good
BIKE_22548,SHOP_003,31.0,2,Excellent
BIKE_33325,SHOP_009,24.0,2,Fair
BIKE_33325,SHOP_003,22.0,2,Excellent
BIKE_02279,SHOP_003,31.0,3,Good
BIKE_02279,SHOP_009,32.0,2,Excellent
BIKE_33618,SHOP_009,24.0,1,Good
BIKE_16711,SHOP_007,20.0,2,Good
BIKE_16711,SHOP_010,22.0,1,Good
BIKE_03704,SHOP_009,26.0,3,Excellent
BIKE_02115,SHOP_006,10.0,1,Good
BIKE_02115,SHOP_001,10.0,2,Fair
BIKE_21558,SHOP_010,14.0,2,Good
BIKE_21558,SHOP_006,12.0,2,Excellent
BIKE_21145,SHOP_009,33.0,2,Good
BIKE_27686,SHOP_004,20.0,1,Good
BIKE_27686,SHOP_009,21.0,3,Good
BIKE_17109,SHOP_009,23.0,2,Good
BIKE_21734,SHOP_006,9.0,2,Excellent
BIKE_13094,SHOP_003,34.0,3,Fair
BIKE_11791,SHOP_009,35.0,3,Good
BIKE_11791,SHOP_003,37.0,2,Fair
BIKE_04421,SHOP_009,10.0,2,Excellent
BIKE_02362,SHOP_009,44.0,2,Fair
BIKE_15171,SHOP_003,46.0,3,Fair
BIKE_15171,SHOP_009,47.0,3,Excellent
BIKE_19857,SHOP_009,28.0,1,Good
BIKE_19857,SHOP_003,29.0,3,Good
BIKE_21659,SHOP_009,26.0,1,Fair
BIKE_21659,SHOP_003,24.0,1,Excellent
BIKE_19358,SHOP_003,22.0,3,Good
BIKE_25486,SHOP_009,25.0,1,Good
BIKE_25486,SHOP_003,27.0,1,Fair
BIKE_28053,SHOP_003,22.0,3,Good
BIKE_28053,SHOP_009,22.0,2,Good
BIKE_12513,SHOP_007,8.0,3,Good
BIKE_12513,SHOP_001,9.0,1,Good
BIKE_10054,SHOP_003,30.0,3,Good
BIKE_10054,SHOP_009,29.0,2,Good
BIKE_07237,SHOP_009,21.0,3,Good
BIKE_15404,SHOP_009,26.0,2,Good
BIKE_07020,SHOP_012,42.0,3,Good
BIKE_09693,SHOP_009,40.0,2,Excellent
BIKE_28934,SHOP_007,23.0,1,Good
BIKE_33684,SHOP_009,10.0,2,Good
BIKE_00800,SHOP_003,23.0,2,Excellent
BIKE_33938,SHOP_003,22.0,1,Good
BIKE_08132,SHOP_009,51.0,1,Good
BIKE_08132,SHOP_003,51.0,3,Good
BIKE_23015,SHOP_003,23.0,1,Good
BIKE_29873,SHOP_009,30.0,3,Fair
BIKE_29873,SHOP_003,31.0,1,Fair
BIKE_16155,SHOP_003,25.0,1,Good
BIKE_31058,SHOP_004,23.0,1,Good
BIKE_31058,SHOP_001,20.0,2,Good
BIKE_22878,SHOP_009,41.0,2,Good
BIKE_34256,SHOP_009,9.0,1,Good
BIKE_27978,SHOP_010,21.0,2,Good
BIKE_07638,SHOP_003,29.0,2,Excellent
BIKE_07638,SHOP_009,30.0,2,Excellent
BIKE_05395,SHOP_009,22.0,1,Good
BIKE_04569,SHOP_001,17.0,3,Good
BIKE_04569,SHOP_007,17.0,2,Excellent
BIKE_08735,SHOP_009,27.0,3,Good
BIKE_19482,SHOP_012,43.0,2,Good
BIKE_31801,SHOP_003,27.0,2,Good
BIKE_36566,SHOP_003,25.0,2,Good
BIKE_36566,SHOP_009,25.0,2,Fair
BIKE_01864,SHOP_007,20.0,2,Good
BIKE_13013,SHOP_003,24.0,1,Good
BIKE_06186,SHOP_003,29.0,3,Good
BIKE_09240,SHOP_006,20.0,2,Good
BIKE_09240,SHOP_001,19.0,2,Fair
BIKE_31418,SHOP_009,29.0,3,Good
BIKE_31418,SHOP_003,31.0,1,Excellent
BIKE_26063,SHOP_006,26.0,3,Fair
BIKE_05201,SHOP_010,22.0,3,Good
BIKE_05201,SHOP_004,22.0,3,Excellent
BIKE_00083,SHOP_003,41.0,3,Fair
BIKE_00083,SHOP_009,40.0,3,Fair
BIKE_00979,SHOP_003,11.0,1,Good
BIKE_00979,SHOP_001,10.0,3,Good
BIKE_11793,SHOP_003,37.0,2,Good
BIKE_26936,SHOP_010,9.0,3,Good
BIKE_13812,SHOP_010,23.0,1,Good
BIKE_13812,SHOP_004,19.0,3,Fair
BIKE_26007,SHOP_003,28.0,1,Good
BIKE_06813,SHOP_003,35.0,2,Good
BIKE_06813,SHOP_009,34.0,1,Excellent
BIKE_15435,SHOP_009,35.0,2,Good
BIKE_04148,SHOP_010,22.0,3,Fair
BIKE_28194,SHOP_003,25.0,2,Good
BIKE_28194,SHOP_009,25.0,3,Good
BIKE_17811,SHOP_006,23.0,2,Fair
BIKE_17811,SHOP_007,24.0,1,Fair
BIKE_09389,SHOP_003,12.0,1,Good
BIKE_26171,SHOP_007,22.0,3,Good
BIKE_26171,SHOP_006,20.0,3,Fair
BIKE_28002,SHOP_009,29.0,3,Excellent
BIKE_28002,SHOP_003,31.0,1,Good
BIKE_35569,SHOP_009,35.0,2,Good
BIKE_35569,SHOP_003,34.0,3,Fair
BIKE_30047,SHOP_009,31.0,3,Good
BIKE_30047,SHOP_003,31.0,3,Good
BIKE_09288,SHOP_007,10.0,2,Good
BIKE_09288,SHOP_001,12.0,3,Good
BIKE_27976,SHOP_003,28.0,2,Good
BIKE_20960,SHOP_010,17.0,1,Excellent
BIKE_29973,SHOP_003,25.0,1,Good
BIKE_32303,SHOP_003,24.0,1,Excellent
BIKE_10671,SHOP_003,28.0,2,Good
BIKE_04280,SHOP_009,28.0,2,Good
BIKE_04280,SHOP_003,27.0,3,Fair
BIKE_02851,SHOP_003,24.0,2,Good
BIKE_02851,SHOP_009,24.0,1,Good
BIKE_33817,SHOP_003,10.0,1,Excellent
BIKE_33817,SHOP_001,8.0,3,Good
BIKE_32031,SHOP_003,25.0,2,Fair
BIKE_32031,SHOP_009,26.0,2,Excellent
BIKE_26664,SHOP_009,26.0,2,Good
BIKE_26664,SHOP_003,27.0,1,Good
BIKE_24705,SHOP_012,42.0,2,Good
BIKE_03077,SHOP_010,22.0,3,Fair
BIKE_10151,SHOP_010,22.0,1,Good
BIKE_10151,SHOP_003,21.0,1,Good
BIKE_34720,SHOP_007,12.0,2,Excellent
BIKE_34720,SHOP_006,10.0,1,Good
BIKE_06119,SHOP_003,44.0,3,Excellent
BIKE_06119,SHOP_009,42.0,1,Good
BIKE_31997,SHOP_003,24.0,3,Good
BIKE_22552,SHOP_006,9.0,1,Fair
BIKE_22552,SHOP_003,11.0,1,Good
BIKE_08085,SHOP_009,30.0,2,Excellent
BIKE_27104,SHOP_009,43.0,3,Good
BIKE_29484,SHOP_007,20.0,3,Fair
BIKE_37283,SHOP_006,20.0,2,Excellent
BIKE_24963,SHOP_001,10.0,3,Good
BIKE_24963,SHOP_003,9.0,2,Good
BIKE_30410,SHOP_003,26.0,1,Good
BIKE_20382,SHOP_012,41.0,2,Fair
BIKE_27597,SHOP_003,47.0,1,Good
BIKE_36381,SHOP_012,72.0,2,Good
BIKE_16272,SHOP_003,23.0,1,Fair
BIKE_16272,SHOP_009,21.0,3,Good
BIKE_35210,SHOP_012,48.0,2,Fair
BIKE_15272,SHOP_009,30.0,2,Excellent
BIKE_33592,SHOP_012,57.0,2,Good
BIKE_06315,SHOP_009,20.0,1,Good
BIKE_16685,SHOP_003,31.0,3,Fair
BIKE_26937,SHOP_003,37.0,2,Fair
BIKE_22913,SHOP_006,19.0,2,Good
BIKE_06415,SHOP_009,17.0,3,Good
BIKE_32017,SHOP_009,22.0,3,Good
BIKE_32017,SHOP_003,22.0,3,Good
BIKE_34056,SHOP_003,37.0,1,Fair
BIKE_09293,SHOP_009,22.0,3,Fair
BIKE_09293,SHOP_003,22.0,1,Excellent
BIKE_23876,SHOP_003,39.0,2,Fair
BIKE_11347,SHOP_009,35.0,2,Excellent
BIKE_11347,SHOP_003,34.0,1,Good
BIKE_30587,SHOP_009,22.0,2,Excellent
BIKE_27194,SHOP_006,11.0,2,Fair
BIKE_27194,SHOP_007,11.0,1,Good
BIKE_37669,SHOP_003,22.0,2,Fair
BIKE_37669,SHOP_009,19.0,2,Good
BIKE_02915,SHOP_012,50.0,1,Fair
BIKE_27098,SHOP_003,33.0,3,Excellent
BIKE_07201,SHOP_003,32.0,3,Excellent
BIKE_07201,SHOP_009,34.0,3,Good
BIKE_11790,SHOP_003,15.0,2,Good
BIKE_11790,SHOP_007,15.0,3,Good
BIKE_19570,SHOP_012,48.0,3,Excellent
BIKE_00609,SHOP_012,72.0,1,Good
BIKE_00330,SHOP_012,44.0,1,Good
BIKE_34519,SHOP_003,11.0,3,Fair
BIKE_26869,SHOP_012,60.0,1,Good
BIKE_20723,SHOP_009,26.0,3,Excellent
BIKE_20723,SHOP_003,23.0,2,Good
BIKE_11436,SHOP_009,39.0,3,Fair
BIKE_11436,SHOP_003,38.0,2,Excellent
BIKE_16540,SHOP_003,11.0,2,Fair
BIKE_16540,SHOP_009,9.0,2,Excellent
BIKE_14597,SHOP_003,22.0,2,Good
BIKE_14597,SHOP_009,21.0,3,Excellent
BIKE_16812,SHOP_009,35.0,3,Good
BIKE_18872,SHOP_003,26.0,2,Fair
BIKE_18872,SHOP_009,25.0,2,Fair
BIKE_27677,SHOP_009,42.0,2,Good
BIKE_15686,SHOP_012,69.0,3,Good
BIKE_24761,SHOP_003,21.0,2,Good
BIKE_24761,SHOP_009,20.0,1,Good
BIKE_32669,SHOP_003,35.0,2,Excellent
BIKE_04639,SHOP_009,24.0,2,Excellent
BIKE_30679,SHOP_006,10.0,3,Fair
BIKE_31640,SHOP_012,180.0,2,Excellent
BIKE_09536,SHOP_009,9.0,3,Fair
BIKE_24862,SHOP_001,11.0,1,Fair
BIKE_24862,SHOP_003,11.0,1,Good
BIKE_20533,SHOP_009,12.0,2,Fair
BIKE_08054,SHOP_003,35.0,1,Good
BIKE_24742,SHOP_009,28.0,1,Fair
BIKE_01243,SHOP_003,21.0,3,Good
BIKE_08499,SHOP_003,21.0,3,Fair
BIKE_36702,SHOP_007,11.0,3,Good
BIKE_36702,SHOP_003,12.0,1,Good
BIKE_36604,SHOP_009,26.0,2,Good
BIKE_10017,SHOP_009,29.0,3,Good
BIKE_10017,SHOP_003,29.0,1,Good
BIKE_00985,SHOP_001,11.0,1,Good
BIKE_00985,SHOP_009,10.0,3,Excellent
BIKE_37959,SHOP_009,34.0,3,Good
BIKE_28364,SHOP_009,23.0,2,Excellent
BIKE_28534,SHOP_009,40.0,1,Good
BIKE_28534,SHOP_003,39.0,1,Fair
BIKE_01430,SHOP_003,20.0,3,Good
BIKE_01430,SHOP_009,20.0,3,Good
BIKE_12169,SHOP_009,23.0,2,Fair
BIKE_12169,SHOP_003,25.0,1,Excellent
BIKE_30868,SHOP_009,28.0,2,Excellent
BIKE_30868,SHOP_003,30.0,3,Excellent
BIKE_19606,SHOP_009,12.0,3,Good
BIKE_30290,SHOP_009,33.0,3,Good
BIKE_35754,SHOP_009,42.0,2,Fair
BIKE_11259,SHOP_012,45.0,3,Good
BIKE_17301,SHOP_007,24.0,3,Excellent
BIKE_17301,SHOP_004,25.0,1,Good
BIKE_36066,SHOP_009,26.0,3,Good
BIKE_36066,SHOP_003,24.0,3,Good
BIKE_35907,SHOP_001,10.0,2,Fair
BIKE_35907,SHOP_007,11.0,1,Good
BIKE_12551,SHOP_006,22.0,2,Good
BIKE_12551,SHOP_010,22.0,1,Good
BIKE_07651,SHOP_007,12.0,3,Good
BIKE_00341,SHOP_003,21.0,2,Fair
BIKE_00341,SHOP_007,23.0,1,Good
BIKE_16115,SHOP_009,31.0,3,Good
BIKE_16115,SHOP_003,32.0,3,Good
BIKE_24970,SHOP_009,32.0,3,Good
BIKE_24970,SHOP_003,35.0,3,Good
BIKE_29445,SHOP_009,24.0,1,Good
BIKE_10915,SHOP_009,47.0,3,Good
BIKE_10915,SHOP_003,46.0,1,Good
BIKE_16699,SHOP_010,21.0,2,Good
BIKE_01594,SHOP_009,28.0,3,Good
BIKE_06493,SHOP_009,23.0,2,Excellent
BIKE_06314,SHOP_003,23.0,2,Good
BIKE_06314,SHOP_009,23.0,2,Good
BIKE_21704,SHOP_003,20.0,1,Good
BIKE_21704,SHOP_001,22.0,3,Good
BIKE_20000,SHOP_003,20.0,3,Good
BIKE_20000,SHOP_006,19.0,3,Excellent
BIKE_36278,SHOP_009,41.0,1,Good
BIKE_36278,SHOP_003,40.0,1,Good
BIKE_08504,SHOP_009,36.0,1,Good
BIKE_28565,SHOP_012,56.0,2,Excellent
BIKE_37618,SHOP_012,47.0,2,Good
BIKE_22292,SHOP_006,21.0,1,Fair
BIKE_22292,SHOP_010,20.0,3,Good
BIKE_03418,SHOP_009,47.0,2,Excellent
BIKE_03418,SHOP_003,47.0,1,Fair
BIKE_14532,SHOP_001,10.0,2,Good
BIKE_26933,SHOP_003,21.0,1,Good
BIKE_01638,SHOP_003,22.0,3,Good
BIKE_01638,SHOP_009,22.0,3,Excellent
BIKE_10480,SHOP_009,26.0,1,Excellent
BIKE_10480,SHOP_003,25.0,1,Good
BIKE_15400,SHOP_010,21.0,1,Fair
BIKE_15400,SHOP_003,23.0,2,Good
BIKE_34535,SHOP_003,27.0,1,Good
BIKE_34535,SHOP_009,27.0,3,Good
BIKE_00843,SHOP_006,23.0,1,Good
BIKE_32170,SHOP_007,22.0,3,Good
BIKE_14398,SHOP_009,29.0,3,Excellent
BIKE_14398,SHOP_003,27.0,1,Good
BIKE_37202,SHOP_003,21.0,2,Good
BIKE_37202,SHOP_009,21.0,3,Excellent
BIKE_01549,SHOP_009,29.0,2,Fair
BIKE_03150,SHOP_003,21.0,3,Good
BIKE_22300,SHOP_009,40.0,1,Good
BIKE_22300,SHOP_003,38.0,3,Good
BIKE_01703,SHOP_003,39.0,2,Excellent
BIKE_23421,SHOP_003,40.0,2,Good
BIKE_23421,SHOP_009,41.0,2,Good
BIKE_02245,SHOP_003,24.0,1,Fair
BIKE_02245,SHOP_009,22.0,2,Good
BIKE_28254,SHOP_004,19.0,3,Fair
BIKE_28254,SHOP_009,22.0,2,Good
BIKE_13791,SHOP_006,23.0,1,Good
BIKE_13791,SHOP_010,24.0,2,Good
BIKE_23695,SHOP_003,19.0,2,Fair
BIKE_23695,SHOP_001,16.0,1,Fair
BIKE_22561,SHOP_003,33.0,1,Good
BIKE_22561,SHOP_009,34.0,3,Good
BIKE_12484,SHOP_006,19.0,3,Good
BIKE_12484,SHOP_007,20.0,2,Good
BIKE_01078,SHOP_009,24.0,3,Good
BIKE_06808,SHOP_003,9.0,1,Good
BIKE_15046,SHOP_009,29.0,2,Good
BIKE_31180,SHOP_003,23.0,3,Excellent
BIKE_31180,SHOP_009,22.0,2,Good
BIKE_31784,SHOP_003,32.0,1,Excellent
BIKE_22354,SHOP_009,33.0,3,Good
BIKE_22354,SHOP_003,32.0,2,Fair
BIKE_17050,SHOP_003,19.0,1,Excellent
BIKE_17050,SHOP_009,19.0,3,Good
BIKE_07568,SHOP_009,44.0,2,Good
BIKE_07568,SHOP_003,45.0,3,Good
BIKE_22252,SHOP_009,22.0,2,Fair
BIKE_03715,SHOP_007,22.0,3,Fair
BIKE_08421,SHOP_009,33.0,1,Good
BIKE_08421,SHOP_003,30.0,1,Good
BIKE_02189,SHOP_001,12.0,2,Good
BIKE_08087,SHOP_006,10.0,2,Good
BIKE_08087,SHOP_009,11.0,1,Good
BIKE_27850,SHOP_003,25.0,1,Excellent
BIKE_26578,SHOP_003,39.0,2,Good
BIKE_26578,SHOP_009,38.0,2,Good
BIKE_20741,SHOP_009,31.0,3,Excellent
BIKE_14006,SHOP_003,26.0,3,Good
BIKE_03698,SHOP_003,39.0,3,Excellent
BIKE_06600,SHOP_003,39.0,1,Good
BIKE_06600,SHOP_009,36.0,1,Excellent
BIKE_02277,SHOP_009,20.0,1,Fair
BIKE_32105,SHOP_003,28.0,3,Good
BIKE_32105,SHOP_009,28.0,1,Good
BIKE_36235,SHOP_009,22.0,3,Excellent
BIKE_11933,SHOP_009,39.0,1,Excellent
BIKE_00516,SHOP_012,42.0,1,Excellent
BIKE_06689,SHOP_003,32.0,2,Fair
BIKE_06689,SHOP_009,33.0,1,Excellent
BIKE_11912,SHOP_009,26.0,1,Good
BIKE_11912,SHOP_003,28.0,3,Good
BIKE_37290,SHOP_009,48.0,1,Good
BIKE_08857,SHOP_009,31.0,2,Good
BIKE_22256,SHOP_003,26.0,1,Excellent
BIKE_19794,SHOP_009,40.0,3,Excellent
BIKE_19794,SHOP_003,38.0,3,Fair
BIKE_14703,SHOP_003,30.0,1,Good
BIKE_05001,SHOP_006,21.0,1,Good
BIKE_05001,SHOP_007,21.0,1,Good
BIKE_12421,SHOP_009,27.0,3,Good
BIKE_34453,SHOP_009,51.0,1,Good
BIKE_25577,SHOP_001,9.0,2,Good
BIKE_25577,SHOP_007,9.0,1,Good
BIKE_18831,SHOP_007,22.0,2,Good
BIKE_04372,SHOP_009,43.0,1,Good
BIKE_04372,SHOP_003,43.0,3,Good
BIKE_23592,SHOP_007,9.0,1,Excellent
BIKE_23592,SHOP_009,11.0,3,Good
BIKE_10178,SHOP_009,45.0,2,Good
BIKE_08372,SHOP_009,29.0,3,Fair
BIKE_22764,SHOP_009,40.0,2,Good
BIKE_22764,SHOP_003,40.0,1,Good
BIKE_05654,SHOP_003,12.0,2,Good
BIKE_18386,SHOP_003,10.0,1,Good
BIKE_18386,SHOP_001,10.0,2,Good
BIKE_33035,SHOP_003,26.0,3,Fair
BIKE_33035,SHOP_009,23.0,2,Good
BIKE_17072,SHOP_001,10.0,2,Good
BIKE_17072,SHOP_009,11.0,2,Fair
BIKE_02207,SHOP_006,19.0,2,Good
BIKE_02207,SHOP_001,23.0,2,Good
BIKE_37126,SHOP_004,19.0,2,Good
BIKE_37126,SHOP_007,18.0,3,Good
BIKE_23237,SHOP_003,50.0,3,Fair
BIKE_29609,SHOP_006,11.0,1,Good
BIKE_29609,SHOP_007,9.0,3,Good
BIKE_26236,SHOP_009,23.0,1,Good
BIKE_26236,SHOP_003,20.0,2,Excellent
BIKE_30279,SHOP_003,11.0,3,Good
BIKE_24632,SHOP_003,28.0,3,Good
BIKE_12292,SHOP_006,22.0,3,Good
BIKE_12292,SHOP_004,22.0,2,Fair
BIKE_27400,SHOP_009,34.0,3,Excellent
BIKE_27400,SHOP_003,34.0,1,Good
BIKE_29939,SHOP_009,47.0,2,Fair
BIKE_20076,SHOP_007,22.0,3,Excellent
BIKE_07950,SHOP_003,27.0,1,Fair
BIKE_07950,SHOP_009,27.0,2,Fair
BIKE_25696,SHOP_003,33.0,1,Excellent
BIKE_11118,SHOP_006,18.0,1,Good
BIKE_34974,SHOP_003,23.0,2,Good
BIKE_32381,SHOP_009,22.0,2,Fair
BIKE_34390,SHOP_009,25.0,3,Excellent
BIKE_34390,SHOP_003,23.0,1,Good
BIKE_15949,SHOP_003,27.0,1,Good
BIKE_15949,SHOP_009,28.0,2,Good
BIKE_14264,SHOP_009,29.0,2,Good
BIKE_27651,SHOP_006,9.0,3,Good
BIKE_27651,SHOP_003,11.0,3,Fair
BIKE_18173,SHOP_006,10.0,3,Good
BIKE_22265,SHOP_009,27.0,1,Good
BIKE_22265,SHOP_003,26.0,2,Good
BIKE_24318,SHOP_003,20.0,2,Fair
BIKE_24318,SHOP_009,21.0,3,Excellent
BIKE_25211,SHOP_007,9.0,2,Good
BIKE_02342,SHOP_009,10.0,1,Fair
BIKE_02342,SHOP_006,10.0,3,Excellent
BIKE_32014,SHOP_009,50.0,3,Good
BIKE_32014,SHOP_003,48.0,1,Fair
BIKE_30943,SHOP_009,21.0,2,Excellent
BIKE_35047,SHOP_009,23.0,3,Excellent
BIKE_08116,SHOP_003,26.0,3,Good
BIKE_10460,SHOP_003,28.0,1,Excellent
BIKE_10460,SHOP_009,26.0,1,Good
BIKE_25317,SHOP_010,21.0,3,Good
BIKE_25317,SHOP_007,23.0,3,Good
BIKE_18531,SHOP_009,23.0,1,Good
BIKE_18531,SHOP_003,21.0,3,Fair
BIKE_27265,SHOP_003,37.0,1,Excellent
BIKE_27265,SHOP_009,40.0,2,Fair
BIKE_38265,SHOP_006,21.0,2,Fair
BIKE_28918,SHOP_003,21.0,1,Good
BIKE_13625,SHOP_009,33.0,1,Good
BIKE_11404,SHOP_009,24.0,1,Good
BIKE_26223,SHOP_009,30.0,1,Good
BIKE_26223,SHOP_003,30.0,1,Excellent
BIKE_03861,SHOP_003,24.0,1,Excellent
BIKE_31389,SHOP_003,42.0,3,Good
BIKE_14422,SHOP_009,37.0,1,Excellent
BIKE_14422,SHOP_003,36.0,1,Excellent
BIKE_35968,SHOP_010,19.0,2,Fair
BIKE_35968,SHOP_007,23.0,1,Good
BIKE_21460,SHOP_009,20.0,3,Good
BIKE_10859,SHOP_012,52.0,2,Excellent
BIKE_06592,SHOP_010,22.0,1,Good
BIKE_10075,SHOP_003,26.0,1,Fair
BIKE_33107,SHOP_003,23.0,1,Good
BIKE_33107,SHOP_010,21.0,2,Excellent
BIKE_11056,SHOP_003,22.0,3,Fair
BIKE_31057,SHOP_012,40.0,1,Good
BIKE_29442,SHOP_009,34.0,2,Good
BIKE_29442,SHOP_003,31.0,2,Excellent
BIKE_17172,SHOP_009,35.0,2,Fair
BIKE_11204,SHOP_001,10.0,2,Good
BIKE_11204,SHOP_009,9.0,1,Good
BIKE_24268,SHOP_003,38.0,3,Good
BIKE_08374,SHOP_009,30.0,1,Good
BIKE_08374,SHOP_003,28.0,3,Good
BIKE_03566,SHOP_004,19.0,1,Excellent
BIKE_25815,SHOP_001,9.0,1,Excellent
BIKE_25815,SHOP_009,11.0,1,Good
BIKE_37577,SHOP_006,9.0,2,Fair
BIKE_25987,SHOP_003,25.0,1,Good
BIKE_25987,SHOP_001,21.0,3,Good
BIKE_35982,SHOP_012,49.0,2,Good
BIKE_19647,SHOP_003,32.0,1,Excellent
BIKE_19647,SHOP_009,30.0,2,Good
BIKE_34400,SHOP_003,11.0,1,Good
BIKE_34400,SHOP_007,10.0,3,Fair
BIKE_34724,SHOP_009,11.0,2,Good
BIKE_34724,SHOP_004,10.0,2,Fair
BIKE_32144,SHOP_003,33.0,1,Good
BIKE_22188,SHOP_001,23.0,3,Good
BIKE_22531,SHOP_006,22.0,3,Good
BIKE_22531,SHOP_009,21.0,2,Fair
BIKE_05341,SHOP_001,21.0,1,Good
BIKE_05341,SHOP_004,20.0,1,Good
BIKE_05841,SHOP_006,10.0,1,Good
BIKE_13035,SHOP_009,28.0,2,Good
BIKE_13035,SHOP_003,30.0,2,Excellent
BIKE_00399,SHOP_010,17.0,3,Good
BIKE_16886,SHOP_004,25.0,1,Good
BIKE_14151,SHOP_003,27.0,2,Excellent
BIKE_14151,SHOP_009,27.0,3,Good
BIKE_19536,SHOP_001,12.0,1,Good
BIKE_23634,SHOP_001,21.0,1,Good
BIKE_23634,SHOP_009,23.0,1,Good
BIKE_05020,SHOP_009,23.0,1,Good
BIKE_10453,SHOP_009,48.0,3,Excellent
BIKE_10453,SHOP_003,48.0,3,Good
BIKE_16591,SHOP_003,25.0,3,Good
BIKE_30986,SHOP_003,41.0,1,Good
BIKE_18648,SHOP_007,10.0,2,Good
BIKE_09889,SHOP_001,11.0,2,Fair
BIKE_03928,SHOP_009,19.0,2,Excellent
BIKE_03928,SHOP_003,19.0,3,Good
BIKE_03930,SHOP_009,22.0,1,Good
BIKE_03930,SHOP_003,21.0,1,Excellent
BIKE_18362,SHOP_009,27.0,1,Good
BIKE_12322,SHOP_004,22.0,2,Good
BIKE_38355,SHOP_009,46.0,3,Fair
BIKE_28236,SHOP_004,22.0,1,Good
BIKE_06293,SHOP_009,29.0,3,Good
BIKE_06293,SHOP_003,32.0,3,Excellent
BIKE_21388,SHOP_003,25.0,1,Good
BIKE_21388,SHOP_009,26.0,1,Excellent
BIKE_35804,SHOP_003,24.0,1,Fair
BIKE_02907,SHOP_009,12.0,3,Good
BIKE_02907,SHOP_006,9.0,1,Fair
BIKE_36082,SHOP_012,58.0,1,Fair
BIKE_20495,SHOP_003,24.0,2,Good
BIKE_10137,SHOP_003,44.0,2,Good
BIKE_10137,SHOP_009,45.0,3,Good
BIKE_00791,SHOP_003,32.0,3,Fair
BIKE_20299,SHOP_009,25.0,1,Good
BIKE_32721,SHOP_012,48.0,3,Excellent
BIKE_11558,SHOP_004,21.0,3,Excellent
BIKE_16423,SHOP_009,18.0,3,Fair
BIKE_03488,SHOP_007,9.0,1,Good
BIKE_03488,SHOP_006,10.0,1,Good
BIKE_18842,SHOP_003,30.0,2,Good
BIKE_18842,SHOP_009,31.0,3,Fair
BIKE_03356,SHOP_001,11.0,1,Fair
BIKE_03356,SHOP_003,11.0,1,Fair
BIKE_34822,SHOP_007,11.0,3,Good
BIKE_08047,SHOP_001,11.0,2,Good
BIKE_12507,SHOP_003,27.0,1,Excellent
BIKE_12507,SHOP_009,28.0,2,Good
BIKE_05227,SHOP_003,35.0,2,Good
BIKE_23158,SHOP_009,29.0,1,Good
BIKE_23158,SHOP_003,27.0,2,Good
BIKE_35780,SHOP_003,29.0,2,Fair
BIKE_35305,SHOP_012,56.0,3,Excellent
BIKE_08634,SHOP_001,9.0,3,Excellent
BIKE_24339,SHOP_009,30.0,3,Good
BIKE_24339,SHOP_003,32.0,1,Fair
BIKE_06367,SHOP_009,29.0,2,Good
BIKE_06367,SHOP_003,31.0,2,Good
BIKE_32436,SHOP_009,25.0,1,Fair
BIKE_32436,SHOP_003,23.0,1,Good
BIKE_18490,SHOP_001,12.0,1,Good
BIKE_14627,SHOP_009,27.0,1,Good
BIKE_14627,SHOP_003,25.0,3,Good
BIKE_24852,SHOP_009,30.0,2,Good
BIKE_24852,SHOP_003,30.0,2,Fair
BIKE_23531,SHOP_009,33.0,2,Good
BIKE_37049,SHOP_009,9.0,3,Excellent
BIKE_37049,SHOP_001,10.0,2,Fair
BIKE_27142,SHOP_009,28.0,2,Good
BIKE_27142,SHOP_003,29.0,1,Good
BIKE_06390,SHOP_009,9.0,1,Fair
BIKE_30924,SHOP_009,23.0,2,Good
BIKE_30924,SHOP_003,21.0,1,Excellent
BIKE_30760,SHOP_003,32.0,1,Fair
BIKE_30760,SHOP_009,31.0,1,Good
BIKE_03063,SHOP_009,41.0,1,Fair
BIKE_32866,SHOP_009,23.0,3,Fair
BIKE_32866,SHOP_003,24.0,2,Good
BIKE_28339,SHOP_003,20.0,1,Fair
BIKE_23454,SHOP_006,11.0,1,Good
BIKE_02561,SHOP_009,37.0,3,Good
BIKE_28586,SHOP_001,9.0,1,Fair
BIKE_04178,SHOP_003,22.0,2,Fair
BIKE_23715,SHOP_009,32.0,1,Good
BIKE_17559,SHOP_004,25.0,2,Excellent
BIKE_03899,SHOP_009,26.0,1,Fair
BIKE_07729,SHOP_003,30.0,2,Fair
BIKE_22501,SHOP_003,28.0,1,Excellent
BIKE_22501,SHOP_009,30.0,3,Fair
BIKE_23611,SHOP_003,20.0,1,Good
BIKE_16729,SHOP_009,20.0,1,Good
BIKE_37534,SHOP_003,22.0,1,Excellent
BIKE_37534,SHOP_009,21.0,1,Good
BIKE_09270,SHOP_007,10.0,2,Good
BIKE_09270,SHOP_003,9.0,2,Good
BIKE_04410,SHOP_003,30.0,1,Fair
BIKE_04410,SHOP_009,30.0,2,Fair
BIKE_03056,SHOP_009,28.0,2,Fair
BIKE_03056,SHOP_003,32.0,1,Good
BIKE_25158,SHOP_009,22.0,2,Good
BIKE_02043,SHOP_007,12.0,1,Good
BIKE_08982,SHOP_009,31.0,3,Excellent
BIKE_08982,SHOP_003,30.0,2,Good
BIKE_35124,SHOP_003,26.0,1,Good
BIKE_35124,SHOP_009,23.0,3,Excellent
BIKE_30611,SHOP_001,23.0,2,Good
BIKE_30611,SHOP_007,22.0,3,Excellent
BIKE_05128,SHOP_010,12.0,2,Good
BIKE_31858,SHOP_001,21.0,2,Excellent
BIKE_31858,SHOP_006,20.0,3,Good
BIKE_19602,SHOP_003,32.0,1,Fair
BIKE_19602,SHOP_009,32.0,1,Good
BIKE_25740,SHOP_003,22.0,2,Excellent
BIKE_25740,SHOP_009,23.0,3,Excellent
BIKE_37713,SHOP_012,39.0,1,Excellent
BIKE_23115,SHOP_003,23.0,3,Good
BIKE_23115,SHOP_009,21.0,3,Good
BIKE_16993,SHOP_006,9.0,1,Good
BIKE_16993,SHOP_003,9.0,3,Good
BIKE_03219,SHOP_003,20.0,3,Good
BIKE_33058,SHOP_009,40.0,2,Fair
BIKE_16055,SHOP_009,29.0,2,Good
BIKE_16055,SHOP_003,27.0,2,Excellent
BIKE_21480,SHOP_003,9.0,1,Fair
BIKE_29012,SHOP_009,41.0,1,Excellent
BIKE_29012,SHOP_003,44.0,1,Good
BIKE_09841,SHOP_009,32.0,1,Fair
BIKE_09841,SHOP_003,32.0,3,Good
BIKE_36594,SHOP_012,71.0,1,Good
BIKE_31940,SHOP_009,26.0,2,Fair
BIKE_00959,SHOP_003,36.0,1,Good
BIKE_00959,SHOP_009,38.0,3,Good
BIKE_00618,SHOP_007,18.0,3,Good
BIKE_21328,SHOP_009,10.0,3,Excellent
BIKE_21328,SHOP_007,12.0,2,Good
BIKE_28607,SHOP_009,18.0,1,Good
BIKE_21024,SHOP_003,30.0,2,Good
BIKE_09790,SHOP_012,40.0,1,Good
BIKE_16315,SHOP_009,51.0,1,Good
BIKE_16315,SHOP_003,48.0,1,Good
BIKE_12584,SHOP_004,21.0,2,Good
BIKE_26151,SHOP_009,21.0,1,Good
BIKE_22510,SHOP_001,11.0,2,Good
BIKE_22510,SHOP_003,10.0,2,Good
BIKE_09559,SHOP_009,30.0,3,Good
BIKE_09559,SHOP_003,29.0,2,Fair
BIKE_27471,SHOP_009,41.0,1,Excellent
BIKE_27471,SHOP_003,39.0,3,Good
BIKE_36020,SHOP_012,47.0,2,Fair
BIKE_01808,SHOP_009,39.0,2,Good
BIKE_36118,SHOP_003,26.0,2,Excellent
BIKE_36118,SHOP_009,25.0,3,Excellent
BIKE_35715,SHOP_003,37.0,2,Good
BIKE_35715,SHOP_009,37.0,1,Fair
BIKE_27399,SHOP_006,11.0,3,Excellent
BIKE_00248,SHOP_009,27.0,1,Good
BIKE_00248,SHOP_003,28.0,2,Good
BIKE_08765,SHOP_003,28.0,1,Good
BIKE_08570,SHOP_006,24.0,3,Good
BIKE_08570,SHOP_004,24.0,1,Good
BIKE_21838,SHOP_001,20.0,2,Good
BIKE_01162,SHOP_003,44.0,2,Good
BIKE_10333,SHOP_009,42.0,1,Good
BIKE_10333,SHOP_003,39.0,3,Good
BIKE_22407,SHOP_009,27.0,1,Good
BIKE_30860,SHOP_012,68.0,2,Fair
BIKE_23168,SHOP_009,22.0,1,Good
BIKE_30160,SHOP_007,24.0,3,Good
BIKE_04156,SHOP_003,8.0,2,Good
BIKE_04156,SHOP_006,10.0,3,Good
BIKE_06996,SHOP_009,29.0,2,Good
BIKE_23193,SHOP_012,47.0,3,Good
BIKE_20776,SHOP_006,22.0,1,Good
BIKE_26090,SHOP_009,23.0,1,Fair
BIKE_29169,SHOP_003,18.0,2,Good
BIKE_29169,SHOP_004,18.0,2,Fair
BIKE_26357,SHOP_003,33.0,1,Good
BIKE_03245,SHOP_003,20.0,2,Excellent
BIKE_03245,SHOP_009,22.0,3,Good
BIKE_28052,SHOP_009,26.0,3,Excellent
BIKE_28052,SHOP_003,27.0,2,Excellent
BIKE_19492,SHOP_009,23.0,2,Fair
BIKE_19492,SHOP_003,24.0,2,Fair
BIKE_08037,SHOP_001,8.0,2,Good
BIKE_33112,SHOP_003,31.0,1,Excellent
BIKE_33112,SHOP_009,32.0,1,Good
BIKE_32967,SHOP_012,46.0,1,Fair
BIKE_37728,SHOP_007,20.0,3,Excellent
BIKE_16503,SHOP_009,25.0,2,Good
BIKE_27237,SHOP_012,67.0,2,Fair
BIKE_23582,SHOP_006,18.0,1,Good
BIKE_28996,SHOP_009,30.0,3,Excellent
BIKE_25728,SHOP_003,20.0,2,Good
BIKE_32841,SHOP_001,10.0,2,Fair
BIKE_03835,SHOP_009,20.0,1,Good
BIKE_03835,SHOP_004,21.0,3,Excellent
BIKE_15212,SHOP_009,29.0,1,Good
BIKE_15212,SHOP_003,28.0,2,Good
BIKE_36626,SHOP_003,24.0,3,Excellent
BIKE_11775,SHOP_003,23.0,3,Good
BIKE_13630,SHOP_009,28.0,1,Good
BIKE_13630,SHOP_003,30.0,2,Fair
BIKE_16549,SHOP_009,26.0,3,Excellent
BIKE_16549,SHOP_003,27.0,2,Excellent
BIKE_10314,SHOP_009,28.0,3,Fair
BIKE_10314,SHOP_003,27.0,1,Good
BIKE_16176,SHOP_003,10.0,1,Good
BIKE_37597,SHOP_009,40.0,3,Good
BIKE_37597,SHOP_003,39.0,3,Fair
BIKE_29080,SHOP_009,32.0,2,Good
BIKE_29080,SHOP_003,30.0,3,Fair
BIKE_15769,SHOP_003,31.0,1,Good
BIKE_11732,SHOP_009,38.0,1,Good
BIKE_18718,SHOP_003,32.0,3,Good
BIKE_24341,SHOP_009,28.0,2,Fair
BIKE_24341,SHOP_003,28.0,2,Good
BIKE_30035,SHOP_003,30.0,1,Fair
BIKE_30035,SHOP_009,29.0,2,Good
BIKE_27088,SHOP_006,19.0,3,Fair
BIKE_38294,SHOP_009,29.0,2,Good
BIKE_30320,SHOP_009,22.0,3,Good
BIKE_09535,SHOP_001,10.0,1,Good
BIKE_09535,SHOP_003,10.0,2,Good
BIKE_10612,SHOP_009,46.0,3,Good
BIKE_10612,SHOP_003,44.0,1,Excellent
BIKE_13790,SHOP_009,11.0,2,Good
BIKE_37099,SHOP_001,12.0,2,Good
BIKE_20149,SHOP_003,34.0,2,Fair
BIKE_20149,SHOP_009,33.0,3,Good
BIKE_03049,SHOP_007,9.0,3,Good
BIKE_03049,SHOP_001,11.0,3,Excellent
BIKE_30509,SHOP_009,30.0,3,Good
BIKE_01786,SHOP_004,20.0,1,Excellent
BIKE_01786,SHOP_001,22.0,2,Good
BIKE_20507,SHOP_003,37.0,3,Good
BIKE_18654,SHOP_009,32.0,1,Good
BIKE_01077,SHOP_003,25.0,3,Good
BIKE_17035,SHOP_003,32.0,2,Good
BIKE_17035,SHOP_009,33.0,1,Excellent
BIKE_20500,SHOP_009,24.0,1,Good
BIKE_20500,SHOP_003,26.0,2,Good
BIKE_24101,SHOP_001,11.0,1,Excellent
BIKE_10376,SHOP_003,28.0,1,Excellent
BIKE_10376,SHOP_009,24.0,1,Good
BIKE_10059,SHOP_007,21.0,3,Good
BIKE_20275,SHOP_003,22.0,3,Excellent
BIKE_20275,SHOP_009,23.0,3,Good
BIKE_22549,SHOP_001,20.0,1,Fair
BIKE_22549,SHOP_004,19.0,3,Good
BIKE_27853,SHOP_009,33.0,3,Good
BIKE_24189,SHOP_006,20.0,3,Fair
BIKE_12983,SHOP_003,11.0,2,Good
BIKE_12983,SHOP_001,12.0,2,Good
BIKE_13398,SHOP_012,50.0,3,Good
BIKE_22329,SHOP_001,9.0,2,Excellent
BIKE_14194,SHOP_006,10.0,2,Good
BIKE_23679,SHOP_009,32.0,2,Good
BIKE_15917,SHOP_007,15.0,2,Good
BIKE_15917,SHOP_006,16.0,3,Good
BIKE_30248,SHOP_009,26.0,1,Fair
BIKE_30690,SHOP_009,22.0,1,Fair
BIKE_25627,SHOP_003,37.0,2,Good
BIKE_09771,SHOP_009,22.0,2,Excellent
BIKE_09771,SHOP_003,22.0,2,Good
BIKE_37279,SHOP_009,10.0,2,Excellent
BIKE_09285,SHOP_009,29.0,2,Good
BIKE_13913,SHOP_009,34.0,3,Excellent
BIKE_13913,SHOP_003,35.0,2,Fair
BIKE_12657,SHOP_009,45.0,2,Good
BIKE_38043,SHOP_009,30.0,1,Good
BIKE_38043,SHOP_003,28.0,3,Fair
BIKE_04202,SHOP_006,18.0,1,Fair
BIKE_08528,SHOP_009,36.0,3,Good
BIKE_04034,SHOP_003,22.0,2,Good
BIKE_04034,SHOP_009,20.0,3,Fair
BIKE_28938,SHOP_004,21.0,2,Good
BIKE_28938,SHOP_006,20.0,1,Good
BIKE_14803,SHOP_009,23.0,1,Good
BIKE_20555,SHOP_012,53.0,2,Good
BIKE_04393,SHOP_003,20.0,3,Good
BIKE_04393,SHOP_009,20.0,3,Good
BIKE_32173,SHOP_010,22.0,3,Good
BIKE_32173,SHOP_004,23.0,2,Good
BIKE_02185,SHOP_003,36.0,1,Good
BIKE_02185,SHOP_009,36.0,2,Excellent
BIKE_27680,SHOP_001,9.0,3,Good
BIKE_09976,SHOP_009,42.0,3,Excellent
BIKE_22842,SHOP_009,28.0,1,Good
BIKE_22842,SHOP_003,30.0,2,Good
BIKE_30100,SHOP_009,24.0,3,Good
BIKE_35134,SHOP_001,9.0,2,Good
BIKE_27359,SHOP_003,43.0,1,Excellent
BIKE_27359,SHOP_009,41.0,1,Excellent
BIKE_00702,SHOP_003,28.0,3,Fair
BIKE_35313,SHOP_006,8.0,2,Fair
BIKE_07403,SHOP_009,23.0,2,Fair
BIKE_00991,SHOP_009,46.0,3,Good
BIKE_10182,SHOP_009,24.0,2,Excellent
BIKE_10182,SHOP_003,22.0,3,Good
BIKE_21759,SHOP_012,40.0,1,Excellent
BIKE_19395,SHOP_003,27.0,3,Good
BIKE_19395,SHOP_009,26.0,1,Good
BIKE_19246,SHOP_009,20.0,3,Excellent
BIKE_19246,SHOP_003,21.0,1,Good
BIKE_13098,SHOP_010,11.0,2,Fair
BIKE_12527,SHOP_009,9.0,3,Good
BIKE_24802,SHOP_009,31.0,2,Good
BIKE_24802,SHOP_003,31.0,2,Good
BIKE_11181,SHOP_009,25.0,1,Excellent
BIKE_33796,SHOP_009,11.0,1,Good
BIKE_33796,SHOP_001,8.0,3,Good
BIKE_17851,SHOP_003,22.0,3,Good
BIKE_17851,SHOP_009,21.0,2,Good
BIKE_38745,SHOP_003,26.0,1,Good
BIKE_01889,SHOP_012,47.0,3,Good
BIKE_27041,SHOP_006,22.0,3,Good
BIKE_27041,SHOP_004,21.0,3,Excellent
BIKE_12843,SHOP_003,45.0,2,Good
BIKE_12843,SHOP_009,45.0,1,Fair
BIKE_27515,SHOP_010,19.0,1,Fair
BIKE_27515,SHOP_009,19.0,1,Good
BIKE_16162,SHOP_001,19.0,3,Good
BIKE_37848,SHOP_009,41.0,3,Good
BIKE_07468,SHOP_009,27.0,2,Good
BIKE_12570,SHOP_003,23.0,2,Good
BIKE_28657,SHOP_009,37.0,3,Fair
BIKE_28657,SHOP_003,35.0,3,Good
BIKE_03510,SHOP_003,28.0,1,Good
BIKE_03510,SHOP_009,29.0,2,Good
BIKE_36033,SHOP_001,20.0,3,Fair
BIKE_33541,SHOP_003,30.0,3,Fair
BIKE_29212,SHOP_006,11.0,3,Fair
BIKE_00377,SHOP_010,21.0,2,Fair
BIKE_36383,SHOP_003,27.0,1,Good
BIKE_36383,SHOP_009,27.0,3,Good
BIKE_02442,SHOP_009,30.0,3,Good
BIKE_02442,SHOP_003,33.0,2,Fair
BIKE_31986,SHOP_009,36.0,1,Good
BIKE_26065,SHOP_001,12.0,1,Good
BIKE_01337,SHOP_003,26.0,3,Good
BIKE_01337,SHOP_009,27.0,1,Fair
BIKE_24267,SHOP_009,23.0,2,Excellent
BIKE_24267,SHOP_003,21.0,2,Excellent
BIKE_19125,SHOP_003,22.0,2,Fair
BIKE_22055,SHOP_010,22.0,3,Good
BIKE_22055,SHOP_009,25.0,1,Fair
BIKE_35922,SHOP_009,31.0,3,Good
BIKE_08368,SHOP_004,20.0,2,Good
BIKE_08368,SHOP_007,21.0,1,Good
BIKE_26645,SHOP_007,23.0,3,Good
BIKE_03593,SHOP_009,28.0,3,Good
BIKE_22922,SHOP_009,24.0,1,Fair
BIKE_22922,SHOP_003,23.0,3,Excellent
BIKE_19027,SHOP_003,42.0,3,Excellent
BIKE_19027,SHOP_009,42.0,3,Fair
BIKE_10063,SHOP_009,36.0,1,Good
BIKE_10063,SHOP_003,36.0,1,Good
BIKE_20833,SHOP_009,30.0,3,Fair
BIKE_24650,SHOP_006,21.0,1,Excellent
BIKE_21349,SHOP_009,32.0,1,Good
BIKE_21349,SHOP_003,32.0,1,Good
BIKE_06536,SHOP_009,9.0,3,Fair
BIKE_06536,SHOP_001,10.0,1,Good
BIKE_15459,SHOP_009,25.0,3,Good
BIKE_15459,SHOP_003,23.0,3,Excellent
BIKE_23941,SHOP_003,25.0,3,Fair
BIKE_23941,SHOP_009,26.0,2,Good
BIKE_33491,SHOP_001,16.0,2,Fair
BIKE_33491,SHOP_009,19.0,1,Good
BIKE_26826,SHOP_003,23.0,2,Good
BIKE_26826,SHOP_009,23.0,3,Excellent
BIKE_10901,SHOP_003,18.0,2,Fair
BIKE_10901,SHOP_006,21.0,3,Good
BIKE_10445,SHOP_006,12.0,3,Good
BIKE_10445,SHOP_007,11.0,2,Fair
BIKE_16179,SHOP_003,23.0,3,Good
BIKE_28532,SHOP_003,35.0,2,Good
BIKE_28532,SHOP_009,35.0,2,Good
BIKE_01397,SHOP_009,23.0,2,Fair
BIKE_01397,SHOP_003,20.0,1,Excellent
BIKE_12792,SHOP_009,26.0,3,Good
BIKE_12792,SHOP_003,24.0,3,Fair
BIKE_00210,SHOP_009,27.0,3,Good
BIKE_00210,SHOP_003,29.0,3,Fair
BIKE_13874,SHOP_006,19.0,3,Good
BIKE_21023,SHOP_003,24.0,3,Good
BIKE_21023,SHOP_009,27.0,3,Good
BIKE_37250,SHOP_006,9.0,3,Good
BIKE_09480,SHOP_003,43.0,2,Excellent
BIKE_09480,SHOP_009,42.0,3,Good
BIKE_19408,SHOP_009,21.0,3,Excellent
BIKE_19408,SHOP_003,20.0,1,Good
BIKE_05911,SHOP_003,40.0,3,Good
BIKE_08993,SHOP_001,11.0,2,Good
BIKE_28675,SHOP_004,23.0,3,Good
BIKE_28675,SHOP_010,20.0,2,Excellent
BIKE_11816,SHOP_009,32.0,1,Excellent
BIKE_06366,SHOP_001,21.0,3,Good
BIKE_06366,SHOP_006,21.0,1,Good
BIKE_20869,SHOP_012,41.0,2,Excellent
BIKE_28389,SHOP_009,22.0,1,Good
BIKE_29279,SHOP_009,19.0,1,Good
BIKE_36134,SHOP_009,29.0,3,Good
BIKE_36134,SHOP_003,30.0,2,Fair
BIKE_16394,SHOP_003,32.0,3,Excellent
BIKE_16394,SHOP_009,32.0,1,Good
BIKE_30967,SHOP_009,23.0,1,Good
BIKE_04520,SHOP_001,9.0,2,Good
BIKE_04520,SHOP_003,9.0,2,Good
BIKE_25168,SHOP_003,29.0,2,Excellent
BIKE_36664,SHOP_003,36.0,2,Good
BIKE_18317,SHOP_009,38.0,3,Good
BIKE_11960,SHOP_009,30.0,1,Good
BIKE_11960,SHOP_003,32.0,2,Excellent
BIKE_36043,SHOP_001,10.0,2,Excellent
BIKE_33289,SHOP_010,18.0,2,Good
BIKE_13847,SHOP_009,25.0,3,Good
BIKE_13847,SHOP_003,27.0,3,Excellent
BIKE_14998,SHOP_009,34.0,1,Fair
BIKE_14998,SHOP_003,36.0,2,Good
BIKE_04160,SHOP_001,9.0,2,Good
BIKE_23923,SHOP_009,21.0,1,Excellent
BIKE_09159,SHOP_001,22.0,2,Good
BIKE_09159,SHOP_003,21.0,3,Good
BIKE_17797,SHOP_003,20.0,1,Good
BIKE_17797,SHOP_009,22.0,1,Fair
BIKE_37934,SHOP_009,29.0,3,Good
BIKE_37934,SHOP_003,28.0,1,Fair
BIKE_14475,SHOP_003,46.0,1,Excellent
BIKE_14492,SHOP_012,64.0,1,Fair
BIKE_12389,SHOP_003,23.0,2,Good
BIKE_12389,SHOP_001,23.0,2,Good
BIKE_22750,SHOP_006,12.0,3,Fair
BIKE_33926,SHOP_003,32.0,1,Good
BIKE_24513,SHOP_009,28.0,1,Good
BIKE_24513,SHOP_003,31.0,1,Good
BIKE_07119,SHOP_007,23.0,3,Fair
BIKE_24167,SHOP_009,25.0,2,Excellent
BIKE_37951,SHOP_006,11.0,1,Good
BIKE_37951,SHOP_009,9.0,1,Good
BIKE_13295,SHOP_009,31.0,3,Good
BIKE_13295,SHOP_003,31.0,3,Good
BIKE_31738,SHOP_003,20.0,1,Good
BIKE_28941,SHOP_003,11.0,2,Good
BIKE_28941,SHOP_009,10.0,3,Fair
BIKE_37478,SHOP_009,18.0,2,Good
BIKE_23502,SHOP_009,11.0,3,Good
BIKE_05638,SHOP_009,42.0,3,Good
BIKE_20986,SHOP_003,30.0,3,Good
BIKE_20986,SHOP_009,30.0,1,Excellent
BIKE_33862,SHOP_003,30.0,3,Good
BIKE_09584,SHOP_006,9.0,3,Excellent
BIKE_09584,SHOP_007,10.0,2,Good
BIKE_26130,SHOP_003,12.0,2,Fair
BIKE_08729,SHOP_010,22.0,2,Excellent
BIKE_26435,SHOP_003,26.0,1,Fair
BIKE_26435,SHOP_009,26.0,2,Good
BIKE_16718,SHOP_003,30.0,3,Fair
BIKE_04824,SHOP_007,18.0,3,Good
BIKE_04824,SHOP_004,18.0,3,Fair
BIKE_09733,SHOP_009,22.0,1,Good
BIKE_09298,SHOP_012,40.0,2,Good
BIKE_17968,SHOP_003,28.0,1,Good
BIKE_17968,SHOP_009,29.0,3,Good
BIKE_36602,SHOP_004,21.0,3,Good
BIKE_36602,SHOP_003,22.0,3,Fair
BIKE_07335,SHOP_003,32.0,1,Excellent
BIKE_12986,SHOP_004,20.0,1,Excellent
BIKE_12986,SHOP_010,22.0,1,Excellent
BIKE_01331,SHOP_004,19.0,2,Fair
BIKE_05576,SHOP_003,30.0,3,Fair
BIKE_21334,SHOP_007,25.0,3,Good
BIKE_26064,SHOP_006,25.0,1,Fair
BIKE_26064,SHOP_010,23.0,2,Good
BIKE_08355,SHOP_009,19.0,3,Excellent
BIKE_08355,SHOP_003,20.0,3,Good
BIKE_12423,SHOP_009,15.0,3,Good
BIKE_12423,SHOP_003,16.0,2,Excellent
BIKE_19402,SHOP_009,30.0,2,Fair
BIKE_08844,SHOP_009,28.0,1,Fair
BIKE_12556,SHOP_009,26.0,1,Excellent
BIKE_12010,SHOP_007,8.0,1,Good
BIKE_12010,SHOP_003,10.0,1,Fair
BIKE_36500,SHOP_007,17.0,1,Excellent
BIKE_36500,SHOP_004,17.0,3,Fair
BIKE_24219,SHOP_012,54.0,1,Good
BIKE_10160,SHOP_012,61.0,3,Good
BIKE_35540,SHOP_009,41.0,3,Good
BIKE_33906,SHOP_009,22.0,3,Good
BIKE_17147,SHOP_003,26.0,1,Good
BIKE_16416,SHOP_012,49.0,3,Good
BIKE_35664,SHOP_003,21.0,3,Excellent
BIKE_16790,SHOP_001,23.0,3,Good
BIKE_16790,SHOP_009,23.0,2,Good
BIKE_16036,SHOP_003,28.0,1,Good
BIKE_35950,SHOP_006,17.0,3,Excellent
BIKE_11107,SHOP_003,35.0,1,Good
BIKE_16612,SHOP_001,10.0,2,Fair
BIKE_18340,SHOP_006,23.0,1,Fair
BIKE_18340,SHOP_003,23.0,2,Excellent
BIKE_01348,SHOP_009,19.0,1,Fair
BIKE_18851,SHOP_009,28.0,1,Fair
BIKE_18851,SHOP_003,31.0,3,Good
BIKE_33988,SHOP_009,10.0,2,Good
BIKE_33988,SHOP_004,11.0,1,Fair
BIKE_06394,SHOP_003,9.0,2,Excellent
BIKE_06394,SHOP_009,10.0,2,Good
BIKE_09550,SHOP_006,20.0,2,Good
BIKE_09550,SHOP_009,23.0,1,Fair
BIKE_10791,SHOP_010,24.0,2,Good
BIKE_10791,SHOP_004,23.0,2,Excellent
BIKE_38596,SHOP_009,22.0,2,Good
BIKE_37734,SHOP_003,40.0,2,Good
BIKE_08560,SHOP_007,9.0,1,Good
BIKE_08560,SHOP_001,10.0,3,Good
BIKE_28628,SHOP_009,28.0,1,Good
BIKE_28628,SHOP_003,27.0,1,Good
BIKE_17099,SHOP_004,23.0,2,Good
BIKE_17099,SHOP_009,22.0,2,Good
BIKE_19487,SHOP_009,20.0,3,Good
BIKE_19487,SHOP_003,18.0,3,Excellent
BIKE_23313,SHOP_004,25.0,2,Excellent
BIKE_26043,SHOP_009,29.0,3,Excellent
BIKE_26043,SHOP_003,29.0,2,Fair
BIKE_24587,SHOP_009,28.0,2,Fair
BIKE_32032,SHOP_010,22.0,2,Good
BIKE_32032,SHOP_003,23.0,2,Good
BIKE_12483,SHOP_009,20.0,3,Good
BIKE_12483,SHOP_003,20.0,2,Excellent
BIKE_21925,SHOP_003,28.0,3,Good
BIKE_12307,SHOP_003,33.0,3,Good
BIKE_34175,SHOP_009,28.0,3,Good
BIKE_34175,SHOP_003,27.0,1,Excellent
BIKE_05215,SHOP_003,43.0,1,Good
BIKE_05215,SHOP_009,44.0,3,Fair
BIKE_04805,SHOP_009,20.0,1,Good
BIKE_37165,SHOP_003,28.0,3,Good
BIKE_38636,SHOP_009,8.0,2,Excellent
BIKE_38636,SHOP_001,10.0,3,Good
BIKE_31611,SHOP_007,16.0,2,Good
BIKE_26773,SHOP_009,21.0,2,Good
BIKE_07133,SHOP_006,11.0,1,Excellent
BIKE_19774,SHOP_003,44.0,3,Good
BIKE_00977,SHOP_007,11.0,2,Good
BIKE_20240,SHOP_006,19.0,3,Fair
BIKE_20240,SHOP_004,20.0,3,Good
BIKE_36238,SHOP_009,24.0,2,Fair
BIKE_36238,SHOP_003,24.0,2,Good
BIKE_27198,SHOP_012,43.0,1,Excellent
BIKE_09451,SHOP_009,36.0,2,Good
BIKE_09451,SHOP_003,38.0,2,Fair
BIKE_18778,SHOP_009,26.0,3,Excellent
BIKE_21524,SHOP_003,32.0,2,Good
BIKE_34342,SHOP_003,20.0,1,Excellent
BIKE_34342,SHOP_009,22.0,1,Excellent
BIKE_34987,SHOP_007,24.0,2,Good
BIKE_26481,SHOP_003,28.0,3,Good
BIKE_26481,SHOP_009,25.0,3,Good
BIKE_05186,SHOP_007,18.0,3,Fair
BIKE_05186,SHOP_001,18.0,3,Good
BIKE_14192,SHOP_003,10.0,1,Excellent
BIKE_12539,SHOP_003,24.0,3,Excellent
BIKE_15538,SHOP_003,18.0,2,Good
BIKE_15538,SHOP_004,19.0,3,Good
BIKE_21413,SHOP_003,37.0,3,Good
BIKE_37685,SHOP_003,22.0,1,Excellent
BIKE_37685,SHOP_009,20.0,3,Good
BIKE_35785,SHOP_003,21.0,1,Good
BIKE_35785,SHOP_004,21.0,1,Good
BIKE_31485,SHOP_003,46.0,3,Good
BIKE_31485,SHOP_009,46.0,2,Fair
BIKE_18136,SHOP_006,21.0,2,Good
BIKE_18136,SHOP_003,22.0,1,Fair
BIKE_12640,SHOP_003,20.0,2,Good
BIKE_05780,SHOP_007,9.0,2,Good
BIKE_11872,SHOP_009,32.0,2,Excellent
BIKE_07811,SHOP_003,36.0,1,Good
BIKE_15805,SHOP_009,34.0,1,Excellent
BIKE_15805,SHOP_003,34.0,1,Good
BIKE_18301,SHOP_006,11.0,1,Fair
BIKE_18301,SHOP_007,10.0,3,Fair
BIKE_05883,SHOP_009,38.0,1,Good
BIKE_05883,SHOP_003,40.0,3,Good
BIKE_31538,SHOP_012,57.0,2,Good
BIKE_32746,SHOP_003,39.0,3,Good
BIKE_31451,SHOP_007,12.0,2,Fair
BIKE_05071,SHOP_003,36.0,3,Good
BIKE_05071,SHOP_009,37.0,3,Excellent
BIKE_33713,SHOP_009,23.0,2,Good
BIKE_33713,SHOP_003,24.0,3,Fair
BIKE_05869,SHOP_010,9.0,2,Excellent
BIKE_05869,SHOP_007,11.0,3,Fair
BIKE_30830,SHOP_012,50.0,2,Good
BIKE_35324,SHOP_003,42.0,1,Good
BIKE_21671,SHOP_010,20.0,1,Good
BIKE_21671,SHOP_004,18.0,3,Good
BIKE_05553,SHOP_001,12.0,2,Excellent
BIKE_03633,SHOP_007,24.0,1,Good
BIKE_03633,SHOP_003,24.0,3,Good
BIKE_17090,SHOP_009,23.0,1,Good
BIKE_03104,SHOP_012,57.0,3,Good
BIKE_35566,SHOP_003,20.0,3,Fair
BIKE_35566,SHOP_009,23.0,3,Good
BIKE_02868,SHOP_003,20.0,1,Good
BIKE_34205,SHOP_003,34.0,2,Excellent
BIKE_25238,SHOP_009,48.0,1,Good
BIKE_17957,SHOP_007,20.0,2,Fair
BIKE_17957,SHOP_004,22.0,2,Good
BIKE_10700,SHOP_003,43.0,2,Good
BIKE_34733,SHOP_009,24.0,3,Good
BIKE_34733,SHOP_003,26.0,2,Excellent
BIKE_29458,SHOP_003,49.0,3,Good
BIKE_00342,SHOP_009,24.0,2,Good
BIKE_14543,SHOP_009,40.0,3,Good
BIKE_30340,SHOP_009,31.0,2,Good
BIKE_31662,SHOP_009,32.0,2,Excellent
BIKE_30207,SHOP_009,9.0,3,Good
BIKE_30207,SHOP_007,9.0,2,Excellent
BIKE_06496,SHOP_012,40.0,1,Good
BIKE_22512,SHOP_003,26.0,1,Excellent
BIKE_03281,SHOP_010,20.0,2,Fair
BIKE_15125,SHOP_009,27.0,3,Fair
BIKE_15125,SHOP_003,31.0,1,Good
BIKE_15075,SHOP_009,22.0,3,Good
BIKE_20948,SHOP_003,30.0,2,Fair
BIKE_20948,SHOP_009,29.0,1,Fair
BIKE_07722,SHOP_003,22.0,3,Good
BIKE_07722,SHOP_010,22.0,2,Excellent
BIKE_34229,SHOP_012,44.0,3,Good
BIKE_34942,SHOP_009,26.0,1,Good
BIKE_26662,SHOP_003,22.0,3,Good
BIKE_17688,SHOP_003,35.0,2,Good
BIKE_17688,SHOP_009,37.0,1,Good
BIKE_36854,SHOP_006,9.0,2,Fair
BIKE_36854,SHOP_001,10.0,1,Good
BIKE_18989,SHOP_001,9.0,2,Excellent
BIKE_18989,SHOP_009,12.0,3,Fair
BIKE_28057,SHOP_003,10.0,3,Good
BIKE_28057,SHOP_001,11.0,3,Good
BIKE_10192,SHOP_009,24.0,1,Good
BIKE_10192,SHOP_003,22.0,3,Good
BIKE_24774,SHOP_006,12.0,1,Fair
BIKE_24774,SHOP_007,9.0,1,Good
BIKE_36560,SHOP_009,35.0,1,Fair
BIKE_36560,SHOP_003,38.0,1,Fair
BIKE_06246,SHOP_009,29.0,2,Excellent
BIKE_06246,SHOP_003,27.0,2,Fair
BIKE_01710,SHOP_003,25.0,1,Good
BIKE_01710,SHOP_009,26.0,2,Good
BIKE_14956,SHOP_003,37.0,2,Excellent
BIKE_14956,SHOP_009,40.0,3,Good
BIKE_37788,SHOP_003,37.0,3,Fair
BIKE_01253,SHOP_009,26.0,3,Fair
BIKE_01253,SHOP_003,29.0,1,Good
BIKE_06648,SHOP_001,11.0,3,Good
BIKE_06648,SHOP_003,11.0,3,Good
BIKE_10157,SHOP_009,11.0,3,Fair
BIKE_10157,SHOP_007,12.0,2,Excellent
BIKE_00831,SHOP_003,20.0,2,Excellent
BIKE_00831,SHOP_001,20.0,2,Fair
BIKE_11585,SHOP_009,18.0,2,Fair
BIKE_26202,SHOP_003,30.0,1,Excellent
BIKE_26202,SHOP_009,31.0,1,Fair
BIKE_01553,SHOP_003,21.0,3,Good
BIKE_01553,SHOP_009,18.0,2,Good
BIKE_32537,SHOP_009,41.0,3,Good
BIKE_32537,SHOP_003,39.0,2,Excellent
BIKE_05501,SHOP_007,12.0,3,Excellent
BIKE_05501,SHOP_003,10.0,3,Good
BIKE_34669,SHOP_010,21.0,3,Good
BIKE_34669,SHOP_009,20.0,3,Good
BIKE_18310,SHOP_003,50.0,3,Good
BIKE_18310,SHOP_009,50.0,2,Excellent
BIKE_19473,SHOP_003,24.0,1,Good
BIKE_19473,SHOP_009,26.0,2,Fair
BIKE_23268,SHOP_003,23.0,2,Excellent
BIKE_03277,SHOP_006,11.0,3,Good
BIKE_07193,SHOP_003,24.0,2,Excellent
BIKE_12994,SHOP_009,30.0,3,Fair
BIKE_12994,SHOP_003,27.0,2,Good
BIKE_33220,SHOP_006,9.0,1,Good
BIKE_32876,SHOP_009,9.0,3,Good
BIKE_32876,SHOP_003,11.0,3,Good
BIKE_18416,SHOP_006,19.0,2,Good
BIKE_18416,SHOP_003,18.0,1,Good
BIKE_12617,SHOP_003,25.0,2,Fair
BIKE_09556,SHOP_010,22.0,2,Fair
BIKE_24581,SHOP_001,23.0,1,Good
BIKE_31952,SHOP_010,20.0,3,Excellent
BIKE_31952,SHOP_006,19.0,1,Good
BIKE_00312,SHOP_007,18.0,2,Fair
BIKE_00312,SHOP_004,17.0,3,Good
BIKE_38199,SHOP_003,46.0,3,Fair
BIKE_36418,SHOP_009,22.0,3,Good
BIKE_36418,SHOP_003,24.0,3,Good
BIKE_13355,SHOP_003,33.0,1,Good
BIKE_13355,SHOP_009,34.0,1,Excellent
BIKE_08322,SHOP_003,35.0,1,Good
BIKE_17815,SHOP_012,47.0,1,Fair
BIKE_12324,SHOP_003,25.0,3,Good
BIKE_12324,SHOP_009,26.0,3,Good
BIKE_18707,SHOP_009,20.0,1,Good
BIKE_03168,SHOP_001,9.0,2,Good
BIKE_02255,SHOP_009,32.0,3,Excellent
BIKE_23627,SHOP_009,29.0,1,Good
BIKE_23627,SHOP_003,26.0,2,Good
BIKE_17104,SHOP_009,12.0,1,Good
BIKE_17104,SHOP_007,12.0,2,Good
BIKE_37640,SHOP_003,21.0,2,Excellent
BIKE_37640,SHOP_010,21.0,3,Fair
BIKE_08277,SHOP_003,30.0,2,Good
BIKE_08277,SHOP_009,30.0,2,Fair
BIKE_05809,SHOP_003,27.0,3,Good
BIKE_05809,SHOP_009,28.0,3,Good
BIKE_05910,SHOP_003,28.0,1,Good
BIKE_05916,SHOP_003,27.0,1,Good
BIKE_05916,SHOP_009,26.0,2,Good
BIKE_21553,SHOP_003,30.0,2,Good
BIKE_21553,SHOP_009,29.0,2,Good
BIKE_00740,SHOP_009,33.0,2,Fair
BIKE_00740,SHOP_003,34.0,1,Good
BIKE_31372,SHOP_009,33.0,2,Good
BIKE_13902,SHOP_006,17.0,3,Excellent
BIKE_27031,SHOP_009,29.0,1,Fair
BIKE_32536,SHOP_009,33.0,2,Good
BIKE_32536,SHOP_003,32.0,3,Fair
BIKE_38238,SHOP_009,25.0,2,Good
BIKE_34812,SHOP_007,17.0,2,Good
BIKE_34812,SHOP_004,17.0,2,Good
BIKE_34386,SHOP_003,34.0,1,Good
BIKE_18527,SHOP_012,42.0,3,Excellent
BIKE_11594,SHOP_012,47.0,1,Fair
BIKE_28385,SHOP_006,8.0,3,Good
BIKE_02867,SHOP_006,10.0,3,Good
BIKE_02867,SHOP_007,11.0,1,Excellent
BIKE_08508,SHOP_003,23.0,1,Excellent
BIKE_08508,SHOP_009,22.0,3,Good
BIKE_34191,SHOP_004,20.0,2,Good
BIKE_22210,SHOP_003,22.0,2,Good
BIKE_22210,SHOP_009,22.0,2,Excellent
BIKE_23707,SHOP_007,10.0,3,Excellent
BIKE_23707,SHOP_006,9.0,2,Fair
BIKE_16131,SHOP_003,20.0,3,Good
BIKE_16131,SHOP_009,21.0,1,Fair
BIKE_16413,SHOP_003,32.0,3,Good
BIKE_19038,SHOP_007,20.0,3,Fair
BIKE_19038,SHOP_006,20.0,3,Fair
BIKE_33606,SHOP_003,27.0,1,Good
BIKE_10925,SHOP_009,8.0,1,Fair
BIKE_26876,SHOP_003,27.0,2,Excellent
BIKE_23601,SHOP_007,9.0,2,Good
BIKE_23601,SHOP_009,10.0,2,Good
BIKE_22261,SHOP_009,19.0,1,Good
BIKE_06730,SHOP_003,21.0,1,Fair
BIKE_07586,SHOP_001,18.0,2,Good
BIKE_07586,SHOP_009,18.0,1,Good
BIKE_01696,SHOP_001,18.0,3,Fair
BIKE_04168,SHOP_003,35.0,2,Good
BIKE_04168,SHOP_009,38.0,1,Excellent
BIKE_11070,SHOP_003,23.0,2,Good
BIKE_13360,SHOP_003,23.0,3,Good
BIKE_28125,SHOP_009,32.0,2,Good
BIKE_15740,SHOP_012,49.0,3,Good
BIKE_21340,SHOP_003,31.0,2,Good
BIKE_21340,SHOP_009,31.0,1,Excellent
BIKE_19875,SHOP_001,13.0,1,Fair
BIKE_03643,SHOP_009,19.0,2,Fair
BIKE_08394,SHOP_007,23.0,2,Good
BIKE_08394,SHOP_003,24.0,1,Good
BIKE_19099,SHOP_003,27.0,3,Fair
BIKE_13658,SHOP_009,25.0,3,Excellent
BIKE_13658,SHOP_003,25.0,3,Good
BIKE_26794,SHOP_009,26.0,3,Excellent
BIKE_26794,SHOP_003,26.0,3,Good
BIKE_06169,SHOP_009,42.0,3,Good
BIKE_26550,SHOP_009,28.0,3,Excellent
BIKE_26550,SHOP_003,28.0,2,Fair
BIKE_25866,SHOP_009,21.0,1,Excellent
BIKE_31599,SHOP_001,10.0,3,Excellent
BIKE_08246,SHOP_004,22.0,1,Fair
BIKE_07100,SHOP_007,12.0,2,Good
BIKE_19015,SHOP_007,9.0,3,Good
BIKE_19015,SHOP_006,9.0,1,Excellent
BIKE_23379,SHOP_003,22.0,3,Good
BIKE_23379,SHOP_009,24.0,1,Fair
BIKE_12038,SHOP_003,23.0,3,Good
BIKE_37915,SHOP_009,22.0,1,Good
BIKE_29657,SHOP_003,24.0,2,Good
BIKE_37013,SHOP_009,35.0,1,Good
BIKE_11510,SHOP_009,20.0,1,Excellent
BIKE_11510,SHOP_003,20.0,1,Good
BIKE_08745,SHOP_009,37.0,2,Excellent
BIKE_08442,SHOP_009,21.0,1,Excellent
BIKE_08442,SHOP_003,23.0,3,Good
BIKE_17756,SHOP_003,33.0,2,Good
BIKE_17756,SHOP_009,32.0,2,Good
BIKE_03855,SHOP_006,21.0,2,Good
BIKE_29949,SHOP_009,8.0,3,Good
BIKE_29949,SHOP_003,10.0,1,Good
BIKE_12972,SHOP_009,30.0,3,Good
BIKE_12972,SHOP_003,28.0,1,Good
BIKE_20392,SHOP_012,41.0,3,Excellent
BIKE_04445,SHOP_006,18.0,1,Good
BIKE_00918,SHOP_001,22.0,1,Excellent
BIKE_00918,SHOP_006,19.0,3,Fair
BIKE_38291,SHOP_003,28.0,2,Good
BIKE_25950,SHOP_009,11.0,1,Good
BIKE_38649,SHOP_003,20.0,1,Good
BIKE_06379,SHOP_003,33.0,2,Good
BIKE_06379,SHOP_009,32.0,2,Fair
BIKE_33327,SHOP_001,12.0,1,Fair
BIKE_33327,SHOP_009,9.0,2,Good
BIKE_26192,SHOP_003,12.0,1,Good
BIKE_10732,SHOP_009,20.0,3,Good
BIKE_14827,SHOP_003,9.0,1,Fair
BIKE_14827,SHOP_006,11.0,1,Good
BIKE_15718,SHOP_009,21.0,1,Good
BIKE_26222,SHOP_003,44.0,3,Good
BIKE_26222,SHOP_009,45.0,2,Good
BIKE_17963,SHOP_007,12.0,1,Fair
BIKE_17963,SHOP_009,9.0,2,Good
BIKE_09731,SHOP_009,26.0,1,Good
BIKE_17280,SHOP_003,22.0,1,Fair
BIKE_01661,SHOP_003,31.0,2,Excellent
BIKE_01661,SHOP_009,32.0,1,Good
BIKE_12233,SHOP_012,88.0,2,Good
BIKE_37189,SHOP_009,28.0,2,Good
BIKE_37189,SHOP_003,29.0,2,Fair
BIKE_24015,SHOP_009,18.0,3,Excellent
BIKE_24015,SHOP_010,19.0,1,Fair
BIKE_28267,SHOP_006,10.0,3,Good
BIKE_28267,SHOP_009,9.0,1,Good
BIKE_24038,SHOP_009,11.0,2,Good
BIKE_24038,SHOP_003,11.0,1,Fair
BIKE_01427,SHOP_003,29.0,3,Good
BIKE_01427,SHOP_009,30.0,2,Good
BIKE_26109,SHOP_006,19.0,3,Fair
BIKE_26109,SHOP_010,19.0,1,Good
BIKE_32366,SHOP_009,28.0,1,Good
BIKE_32366,SHOP_003,28.0,1,Fair
BIKE_12481,SHOP_009,26.0,1,Good
BIKE_35690,SHOP_003,28.0,2,Good
BIKE_35690,SHOP_009,31.0,2,Good
BIKE_27868,SHOP_006,11.0,3,Excellent
BIKE_33546,SHOP_003,20.0,1,Good
BIKE_17526,SHOP_003,29.0,3,Good
BIKE_23694,SHOP_009,31.0,3,Good
BIKE_23694,SHOP_003,32.0,3,Good
BIKE_05356,SHOP_007,22.0,3,Excellent
BIKE_05356,SHOP_001,22.0,3,Excellent
BIKE_31564,SHOP_006,9.0,2,Good
BIKE_31564,SHOP_003,10.0,3,Good
BIKE_23636,SHOP_003,25.0,2,Good
BIKE_22089,SHOP_001,19.0,3,Good
BIKE_26273,SHOP_007,9.0,3,Good
BIKE_05018,SHOP_006,22.0,3,Good
BIKE_05018,SHOP_003,25.0,3,Good
BIKE_29193,SHOP_003,30.0,2,Good
BIKE_29193,SHOP_009,30.0,1,Fair
BIKE_02276,SHOP_009,49.0,3,Fair
BIKE_13757,SHOP_010,20.0,1,Fair
BIKE_06179,SHOP_009,28.0,1,Excellent
BIKE_17837,SHOP_003,20.0,2,Good
BIKE_21161,SHOP_009,20.0,3,Fair
BIKE_24213,SHOP_003,22.0,3,Good
BIKE_24213,SHOP_009,23.0,2,Good
BIKE_32653,SHOP_003,30.0,3,Excellent
BIKE_32653,SHOP_009,29.0,2,Good
BIKE_12804,SHOP_009,11.0,1,Good
BIKE_12804,SHOP_006,12.0,3,Good
BIKE_34369,SHOP_003,34.0,2,Good
BIKE_34369,SHOP_009,31.0,1,Good
BIKE_03946,SHOP_009,33.0,2,Good
BIKE_20579,SHOP_006,19.0,3,Good
BIKE_20579,SHOP_004,19.0,1,Fair
BIKE_25536,SHOP_004,20.0,3,Good
BIKE_25536,SHOP_006,23.0,1,Excellent
BIKE_20398,SHOP_001,12.0,2,Good
BIKE_20398,SHOP_003,10.0,2,Excellent
BIKE_09786,SHOP_009,28.0,3,Good
BIKE_25777,SHOP_009,24.0,1,Good
BIKE_25777,SHOP_003,25.0,2,Good
BIKE_28658,SHOP_003,39.0,3,Good
BIKE_17305,SHOP_003,46.0,3,Good
BIKE_17305,SHOP_009,44.0,3,Good
BIKE_03938,SHOP_004,21.0,1,Excellent
BIKE_20831,SHOP_003,32.0,3,Good
BIKE_20137,SHOP_009,30.0,2,Good
BIKE_22095,SHOP_012,74.0,3,Good
BIKE_07738,SHOP_003,23.0,1,Good
BIKE_07738,SHOP_009,24.0,1,Good
BIKE_27367,SHOP_003,29.0,3,Good
BIKE_27367,SHOP_009,27.0,3,Fair
BIKE_12833,SHOP_003,41.0,2,Fair
BIKE_22593,SHOP_003,38.0,3,Good
BIKE_15189,SHOP_009,11.0,1,Excellent
BIKE_15189,SHOP_006,12.0,3,Excellent
BIKE_07732,SHOP_003,16.0,1,Good
BIKE_07732,SHOP_001,20.0,3,Excellent
BIKE_05908,SHOP_003,31.0,2,Good
BIKE_35381,SHOP_012,50.0,2,Fair
BIKE_33935,SHOP_006,21.0,3,Good
BIKE_33935,SHOP_001,20.0,2,Good
BIKE_37729,SHOP_012,41.0,1,Good
BIKE_37889,SHOP_003,12.0,2,Excellent
BIKE_12148,SHOP_003,20.0,2,Good
BIKE_12148,SHOP_009,21.0,1,Good
BIKE_28576,SHOP_003,20.0,2,Good
BIKE_36610,SHOP_009,33.0,2,Fair
BIKE_36610,SHOP_003,32.0,1,Fair
BIKE_18809,SHOP_006,23.0,2,Good
BIKE_17447,SHOP_001,22.0,3,Good
BIKE_17447,SHOP_010,23.0,2,Excellent
BIKE_06585,SHOP_003,32.0,2,Good
BIKE_21297,SHOP_001,18.0,1,Good
BIKE_02577,SHOP_009,31.0,2,Fair
BIKE_02577,SHOP_003,30.0,1,Good
BIKE_34879,SHOP_003,22.0,1,Fair
BIKE_18517,SHOP_009,31.0,3,Fair
BIKE_18517,SHOP_003,30.0,3,Good
BIKE_10008,SHOP_009,42.0,3,Excellent
BIKE_35351,SHOP_009,20.0,1,Fair
BIKE_35351,SHOP_007,19.0,1,Fair
BIKE_32051,SHOP_003,19.0,2,Good
BIKE_07557,SHOP_003,27.0,3,Good
BIKE_20494,SHOP_007,8.0,2,Fair
BIKE_20494,SHOP_009,11.0,2,Good
BIKE_31059,SHOP_009,31.0,2,Fair
BIKE_04217,SHOP_009,32.0,3,Good
BIKE_23079,SHOP_003,11.0,2,Good
BIKE_23079,SHOP_001,10.0,2,Good
BIKE_07840,SHOP_007,22.0,3,Excellent
BIKE_07840,SHOP_009,21.0,2,Good
BIKE_32324,SHOP_009,31.0,2,Good
BIKE_32324,SHOP_003,31.0,2,Good
BIKE_12980,SHOP_009,24.0,3,Good
BIKE_12980,SHOP_003,22.0,2,Fair
BIKE_19052,SHOP_007,24.0,3,Excellent
BIKE_31321,SHOP_009,21.0,1,Good
BIKE_31321,SHOP_004,19.0,3,Good
BIKE_25321,SHOP_003,31.0,2,Good
BIKE_25321,SHOP_009,29.0,2,Good
BIKE_12596,SHOP_004,20.0,3,Excellent
BIKE_33322,SHOP_009,8.0,2,Good
BIKE_18885,SHOP_003,20.0,1,Good
BIKE_18885,SHOP_009,20.0,2,Good
BIKE_25002,SHOP_003,21.0,3,Good
BIKE_34783,SHOP_009,17.0,2,Good
BIKE_34783,SHOP_007,18.0,3,Good
BIKE_12854,SHOP_004,18.0,1,Good
BIKE_12854,SHOP_010,18.0,3,Good
BIKE_01092,SHOP_009,29.0,3,Good
BIKE_01092,SHOP_003,32.0,2,Good
BIKE_11846,SHOP_009,10.0,2,Good
BIKE_36814,SHOP_009,19.0,3,Good
BIKE_18776,SHOP_001,19.0,1,Fair
BIKE_18776,SHOP_007,21.0,2,Good
BIKE_08723,SHOP_003,31.0,2,Fair
BIKE_08723,SHOP_009,28.0,2,Good
BIKE_24510,SHOP_009,20.0,3,Good
BIKE_25617,SHOP_009,24.0,2,Good
BIKE_25912,SHOP_009,24.0,3,Good
BIKE_00710,SHOP_003,28.0,1,Good
BIKE_00710,SHOP_009,28.0,2,Fair
BIKE_27432,SHOP_009,27.0,1,Good
BIKE_27432,SHOP_003,27.0,2,Fair
BIKE_38055,SHOP_001,11.0,3,Good
BIKE_38055,SHOP_009,12.0,1,Fair
BIKE_33144,SHOP_006,19.0,3,Good
BIKE_33144,SHOP_004,20.0,3,Good
BIKE_01732,SHOP_003,46.0,2,Good
BIKE_01732,SHOP_009,42.0,2,Excellent
BIKE_14173,SHOP_009,34.0,2,Excellent
BIKE_08099,SHOP_009,23.0,2,Fair
BIKE_30081,SHOP_009,38.0,1,Excellent
BIKE_08686,SHOP_009,24.0,2,Good
BIKE_08686,SHOP_010,23.0,3,Good
BIKE_25639,SHOP_004,21.0,2,Fair
BIKE_22909,SHOP_012,49.0,2,Good
BIKE_22251,SHOP_012,48.0,3,Good
BIKE_23273,SHOP_010,23.0,2,Fair
BIKE_35855,SHOP_003,32.0,3,Good
BIKE_04528,SHOP_009,27.0,1,Good
BIKE_04528,SHOP_003,29.0,2,Good
BIKE_06492,SHOP_009,40.0,3,Good
BIKE_12660,SHOP_001,8.0,1,Good
BIKE_12660,SHOP_007,9.0,3,Fair
BIKE_34899,SHOP_009,13.0,1,Good
BIKE_21026,SHOP_009,22.0,1,Good
BIKE_14928,SHOP_009,28.0,1,Excellent
BIKE_22833,SHOP_012,50.0,2,Good
BIKE_32012,SHOP_003,23.0,3,Good
BIKE_32012,SHOP_009,22.0,3,Good
BIKE_35766,SHOP_009,22.0,3,Fair
BIKE_35766,SHOP_003,22.0,1,Good
BIKE_06197,SHOP_009,36.0,3,Excellent
BIKE_36016,SHOP_009,30.0,3,Good
BIKE_23370,SHOP_003,27.0,2,Good
BIKE_23370,SHOP_009,26.0,1,Good
BIKE_16085,SHOP_003,20.0,2,Good
BIKE_11506,SHOP_009,29.0,3,Good
BIKE_11506,SHOP_003,31.0,2,Excellent
BIKE_11286,SHOP_009,22.0,3,Good
BIKE_13911,SHOP_007,12.0,1,Excellent
BIKE_13911,SHOP_009,11.0,3,Good
BIKE_15757,SHOP_009,34.0,1,Excellent
BIKE_00566,SHOP_009,31.0,1,Good
BIKE_00566,SHOP_003,31.0,2,Excellent
BIKE_24449,SHOP_003,31.0,3,Fair
BIKE_24145,SHOP_009,27.0,3,Good
BIKE_01588,SHOP_003,36.0,2,Good
BIKE_01588,SHOP_009,36.0,3,Good
BIKE_15809,SHOP_012,58.0,3,Good
BIKE_05754,SHOP_003,29.0,2,Good
BIKE_14686,SHOP_003,20.0,1,Fair
BIKE_14686,SHOP_004,17.0,3,Fair
BIKE_32737,SHOP_012,118.0,2,Good
BIKE_00314,SHOP_003,31.0,1,Good
BIKE_33553,SHOP_009,39.0,3,Fair
BIKE_24270,SHOP_012,61.0,1,Good
BIKE_16909,SHOP_010,20.0,1,Fair
BIKE_16909,SHOP_001,21.0,2,Good
BIKE_07821,SHOP_003,17.0,3,Good
BIKE_01837,SHOP_009,23.0,1,Good
BIKE_02645,SHOP_003,20.0,2,Good
BIKE_35896,SHOP_009,34.0,1,Good
BIKE_17433,SHOP_012,45.0,1,Good
BIKE_35897,SHOP_003,24.0,3,Good
BIKE_35395,SHOP_003,23.0,2,Good
BIKE_35395,SHOP_009,19.0,3,Excellent
BIKE_23340,SHOP_003,23.0,2,Good
BIKE_23340,SHOP_009,21.0,3,Good
BIKE_03425,SHOP_009,21.0,3,Fair
BIKE_03425,SHOP_003,21.0,2,Good
BIKE_15108,SHOP_009,31.0,1,Good
BIKE_15108,SHOP_003,29.0,1,Good
BIKE_21210,SHOP_007,16.0,3,Fair
BIKE_33581,SHOP_009,35.0,3,Good
BIKE_33581,SHOP_003,33.0,2,Fair
BIKE_37111,SHOP_003,25.0,3,Good
BIKE_01219,SHOP_003,28.0,3,Good
BIKE_01219,SHOP_009,27.0,2,Fair
BIKE_13649,SHOP_009,21.0,1,Fair
BIKE_13649,SHOP_003,22.0,2,Excellent
BIKE_36505,SHOP_009,11.0,3,Good
BIKE_36505,SHOP_006,10.0,1,Good
BIKE_00052,SHOP_010,23.0,3,Excellent
BIKE_00052,SHOP_009,23.0,3,Good
BIKE_23677,SHOP_009,26.0,1,Good
BIKE_04968,SHOP_001,21.0,3,Good
BIKE_05676,SHOP_009,18.0,1,Good
BIKE_21567,SHOP_007,9.0,3,Good
BIKE_21487,SHOP_009,25.0,1,Good
BIKE_21487,SHOP_003,24.0,1,Good
BIKE_01434,SHOP_009,27.0,1,Good
BIKE_29682,SHOP_012,43.0,2,Good
BIKE_22777,SHOP_009,27.0,1,Good
BIKE_22777,SHOP_003,24.0,3,Excellent
BIKE_00308,SHOP_007,11.0,2,Fair
BIKE_00308,SHOP_003,10.0,3,Good
BIKE_38248,SHOP_009,32.0,2,Fair
BIKE_22645,SHOP_009,11.0,2,Good
BIKE_33430,SHOP_003,29.0,2,Good
BIKE_28864,SHOP_003,28.0,2,Excellent
BIKE_33881,SHOP_003,23.0,2,Good
BIKE_33881,SHOP_009,24.0,3,Good
BIKE_18867,SHOP_007,18.0,1,Excellent
BIKE_27210,SHOP_010,21.0,1,Good
BIKE_27210,SHOP_007,24.0,1,Good
BIKE_21794,SHOP_010,18.0,2,Fair
BIKE_37850,SHOP_009,43.0,1,Good
BIKE_37850,SHOP_003,42.0,3,Good
BIKE_28026,SHOP_007,23.0,2,Excellent
BIKE_01000,SHOP_009,30.0,1,Excellent
BIKE_01000,SHOP_003,29.0,3,Good
BIKE_34757,SHOP_009,31.0,2,Excellent
BIKE_08363,SHOP_003,24.0,3,Good
BIKE_05961,SHOP_009,21.0,2,Good
BIKE_35662,SHOP_003,29.0,3,Fair
BIKE_15083,SHOP_003,9.0,2,Good
BIKE_15083,SHOP_006,10.0,1,Fair
BIKE_38727,SHOP_009,25.0,2,Good
BIKE_38727,SHOP_004,24.0,3,Good
BIKE_20351,SHOP_012,40.0,2,Good
BIKE_25072,SHOP_012,40.0,3,Fair
BIKE_07672,SHOP_004,22.0,3,Good
BIKE_07672,SHOP_003,22.0,3,Good
BIKE_15113,SHOP_003,39.0,1,Good
BIKE_14764,SHOP_003,32.0,2,Good
BIKE_14764,SHOP_009,31.0,2,Good
BIKE_03737,SHOP_003,37.0,1,Good
BIKE_03737,SHOP_009,39.0,3,Excellent
BIKE_06824,SHOP_001,11.0,2,Good
BIKE_06824,SHOP_003,11.0,3,Excellent
BIKE_37195,SHOP_009,25.0,2,Good
BIKE_37195,SHOP_003,24.0,1,Good
BIKE_27699,SHOP_001,22.0,3,Good
BIKE_27699,SHOP_004,22.0,2,Excellent
BIKE_23681,SHOP_012,44.0,2,Fair
BIKE_25795,SHOP_009,20.0,2,Good
BIKE_25795,SHOP_003,19.0,3,Good
BIKE_17112,SHOP_001,20.0,1,Fair
BIKE_17112,SHOP_007,21.0,2,Good
BIKE_35045,SHOP_003,26.0,3,Good
BIKE_21152,SHOP_003,33.0,2,Excellent
BIKE_21152,SHOP_009,34.0,3,Excellent
BIKE_17067,SHOP_012,46.0,2,Fair
BIKE_26885,SHOP_001,11.0,1,Good
BIKE_26885,SHOP_003,10.0,3,Fair
BIKE_30871,SHOP_010,20.0,3,Good
BIKE_10477,SHOP_003,30.0,1,Good
BIKE_27443,SHOP_009,10.0,2,Good
BIKE_27443,SHOP_007,13.0,2,Fair
BIKE_13474,SHOP_001,10.0,3,Good
BIKE_13474,SHOP_006,10.0,2,Good
BIKE_14766,SHOP_003,30.0,2,Fair
BIKE_14766,SHOP_009,30.0,3,Good
BIKE_02761,SHOP_006,13.0,1,Excellent
BIKE_37417,SHOP_006,11.0,2,Excellent
BIKE_37417,SHOP_007,9.0,3,Good
BIKE_36303,SHOP_003,20.0,1,Good
BIKE_02448,SHOP_006,20.0,1,Good
BIKE_24184,SHOP_006,20.0,1,Excellent
BIKE_20904,SHOP_003,19.0,3,Good
BIKE_08171,SHOP_009,32.0,1,Good
BIKE_08171,SHOP_003,34.0,1,Good
BIKE_29903,SHOP_003,38.0,3,Excellent
BIKE_29903,SHOP_009,37.0,2,Good
BIKE_02992,SHOP_009,29.0,3,Good
BIKE_31920,SHOP_001,19.0,3,Good
BIKE_31920,SHOP_003,16.0,3,Good
BIKE_17406,SHOP_003,30.0,1,Excellent
BIKE_04157,SHOP_009,11.0,2,Good
BIKE_04157,SHOP_007,10.0,3,Good
BIKE_23708,SHOP_012,48.0,2,Good
BIKE_04580,SHOP_009,38.0,3,Fair
BIKE_37064,SHOP_003,25.0,2,Good
BIKE_01398,SHOP_012,47.0,3,Excellent
BIKE_01464,SHOP_009,23.0,2,Good
BIKE_01464,SHOP_003,25.0,2,Good
BIKE_23910,SHOP_003,26.0,1,Good
BIKE_23910,SHOP_009,27.0,2,Fair
BIKE_10115,SHOP_012,72.0,1,Good
BIKE_21358,SHOP_009,43.0,3,Good
BIKE_11076,SHOP_003,21.0,1,Good
BIKE_00098,SHOP_003,35.0,1,Fair
BIKE_17079,SHOP_003,48.0,2,Good
BIKE_17079,SHOP_009,49.0,3,Good
BIKE_31862,SHOP_007,22.0,2,Good
BIKE_31862,SHOP_006,24.0,3,Good
BIKE_35121,SHOP_009,24.0,3,Excellent
BIKE_33393,SHOP_009,26.0,2,Fair
BIKE_33393,SHOP_003,24.0,2,Good
BIKE_11475,SHOP_003,25.0,3,Fair
BIKE_27552,SHOP_003,30.0,1,Good
BIKE_27552,SHOP_009,29.0,1,Good
BIKE_19191,SHOP_009,32.0,1,Good
BIKE_06253,SHOP_009,35.0,1,Fair
BIKE_23902,SHOP_003,19.0,3,Excellent
BIKE_23902,SHOP_009,19.0,1,Good
BIKE_14615,SHOP_003,28.0,3,Excellent
BIKE_00993,SHOP_007,11.0,2,Good
BIKE_36173,SHOP_009,21.0,2,Excellent
BIKE_36173,SHOP_003,21.0,3,Good
BIKE_33521,SHOP_003,31.0,3,Excellent
BIKE_00096,SHOP_009,40.0,2,Good
BIKE_26952,SHOP_006,9.0,2,Good
BIKE_26952,SHOP_009,11.0,1,Excellent
BIKE_27247,SHOP_003,30.0,3,Fair
BIKE_27247,SHOP_009,31.0,2,Good
BIKE_20983,SHOP_003,9.0,3,Good
BIKE_30002,SHOP_007,10.0,2,Good
BIKE_34476,SHOP_003,9.0,3,Good
BIKE_36792,SHOP_003,32.0,1,Fair
BIKE_36792,SHOP_009,33.0,3,Excellent
BIKE_38365,SHOP_003,19.0,1,Good
BIKE_38365,SHOP_009,20.0,3,Good
BIKE_35320,SHOP_009,36.0,2,Excellent
BIKE_32041,SHOP_003,32.0,3,Good
BIKE_32041,SHOP_009,31.0,1,Fair
BIKE_23462,SHOP_003,29.0,2,Excellent
BIKE_23462,SHOP_009,31.0,3,Good
BIKE_25312,SHOP_009,33.0,2,Good
BIKE_25312,SHOP_003,30.0,1,Good
BIKE_12744,SHOP_001,24.0,1,Excellent
BIKE_24116,SHOP_001,18.0,3,Good
BIKE_27690,SHOP_001,9.0,3,Good
BIKE_15652,SHOP_001,11.0,2,Fair
BIKE_15652,SHOP_003,11.0,1,Good
BIKE_25516,SHOP_003,10.0,3,Excellent
BIKE_25516,SHOP_007,9.0,3,Good
BIKE_37423,SHOP_001,23.0,1,Good
BIKE_37423,SHOP_009,24.0,3,Good
BIKE_16358,SHOP_009,27.0,1,Excellent
BIKE_01411,SHOP_010,23.0,2,Good
BIKE_01411,SHOP_009,25.0,1,Good
BIKE_22141,SHOP_009,23.0,2,Good
BIKE_06072,SHOP_009,25.0,1,Good
BIKE_06072,SHOP_003,27.0,3,Fair
BIKE_09040,SHOP_003,30.0,1,Good
BIKE_33813,SHOP_006,11.0,1,Good
BIKE_33813,SHOP_001,11.0,2,Good
BIKE_18372,SHOP_009,34.0,2,Good
BIKE_07317,SHOP_003,33.0,1,Good
BIKE_27735,SHOP_007,23.0,2,Fair
BIKE_27735,SHOP_010,22.0,3,Good
BIKE_30283,SHOP_003,23.0,2,Good
BIKE_30283,SHOP_009,25.0,2,Good
BIKE_11715,SHOP_003,26.0,3,Fair
BIKE_03419,SHOP_012,131.0,1,Good
BIKE_09753,SHOP_010,21.0,1,Good
BIKE_19235,SHOP_009,29.0,2,Excellent
BIKE_19235,SHOP_003,29.0,3,Excellent
BIKE_16951,SHOP_003,8.0,1,Good
BIKE_16951,SHOP_009,11.0,2,Good
BIKE_29471,SHOP_009,30.0,2,Good
BIKE_29471,SHOP_003,30.0,3,Good
BIKE_12503,SHOP_003,46.0,3,Good
BIKE_36649,SHOP_003,20.0,3,Good
BIKE_09253,SHOP_010,20.0,1,Good
BIKE_01478,SHOP_009,12.0,3,Good
BIKE_30091,SHOP_009,34.0,1,Excellent
BIKE_09188,SHOP_003,36.0,1,Good
BIKE_09188,SHOP_009,37.0,1,Good
BIKE_14131,SHOP_003,27.0,2,Good
BIKE_14131,SHOP_009,25.0,1,Excellent
BIKE_04707,SHOP_012,52.0,1,Fair
BIKE_34683,SHOP_009,24.0,2,Fair
BIKE_11641,SHOP_012,40.0,2,Good
BIKE_22795,SHOP_009,45.0,3,Good
BIKE_06926,SHOP_003,40.0,3,Good
BIKE_06926,SHOP_009,41.0,2,Good
BIKE_28975,SHOP_003,30.0,1,Fair
BIKE_05360,SHOP_003,13.0,1,Good
BIKE_35969,SHOP_003,28.0,2,Good
BIKE_33775,SHOP_003,20.0,1,Good
BIKE_33775,SHOP_009,20.0,3,Excellent
BIKE_10370,SHOP_003,30.0,3,Excellent
BIKE_38002,SHOP_009,24.0,2,Good
BIKE_38002,SHOP_003,23.0,3,Good
BIKE_34336,SHOP_009,17.0,3,Good
BIKE_34336,SHOP_001,17.0,3,Good
BIKE_28697,SHOP_001,17.0,1,Good
BIKE_28697,SHOP_004,17.0,1,Excellent
BIKE_17825,SHOP_012,144.0,3,Good
BIKE_25109,SHOP_003,37.0,2,Good
BIKE_02857,SHOP_007,25.0,1,Fair
BIKE_02857,SHOP_001,22.0,1,Fair
BIKE_29923,SHOP_007,10.0,2,Good
BIKE_29923,SHOP_003,11.0,3,Fair
BIKE_30249,SHOP_003,29.0,3,Good
BIKE_14180,SHOP_003,29.0,3,Good
BIKE_12509,SHOP_009,29.0,1,Fair
BIKE_12509,SHOP_003,28.0,1,Good
BIKE_02982,SHOP_003,32.0,1,Good
BIKE_06735,SHOP_009,26.0,3,Good
BIKE_06735,SHOP_003,25.0,1,Good
BIKE_17722,SHOP_003,18.0,1,Good
BIKE_17722,SHOP_009,19.0,2,Good
BIKE_09172,SHOP_009,22.0,3,Good
BIKE_29712,SHOP_009,21.0,2,Good
BIKE_20232,SHOP_003,42.0,2,Excellent
BIKE_03378,SHOP_009,12.0,2,Excellent
BIKE_03378,SHOP_007,9.0,1,Good
BIKE_18871,SHOP_009,12.0,2,Excellent
BIKE_37010,SHOP_012,46.0,2,Fair
BIKE_17460,SHOP_003,33.0,3,Good
BIKE_17460,SHOP_009,36.0,3,Excellent
BIKE_06483,SHOP_007,20.0,3,Good
BIKE_06483,SHOP_009,23.0,2,Good
BIKE_28646,SHOP_007,8.0,3,Good
BIKE_26283,SHOP_009,33.0,1,Good
BIKE_26283,SHOP_003,31.0,3,Excellent
BIKE_26886,SHOP_012,43.0,1,Fair
BIKE_24691,SHOP_009,25.0,3,Good
BIKE_03252,SHOP_009,43.0,3,Good
BIKE_02229,SHOP_009,21.0,2,Excellent
BIKE_02229,SHOP_007,21.0,2,Excellent
BIKE_06882,SHOP_003,23.0,2,Good
BIKE_06882,SHOP_009,22.0,1,Good
BIKE_12774,SHOP_009,24.0,1,Fair
BIKE_12774,SHOP_010,23.0,1,Good
BIKE_01510,SHOP_006,13.0,2,Excellent
BIKE_01510,SHOP_009,15.0,1,Excellent
BIKE_00040,SHOP_003,33.0,3,Good
BIKE_00040,SHOP_009,30.0,1,Excellent
BIKE_24876,SHOP_009,21.0,1,Good
BIKE_25663,SHOP_009,24.0,1,Good
BIKE_12581,SHOP_009,29.0,2,Good
BIKE_12581,SHOP_003,29.0,2,Excellent
BIKE_03986,SHOP_007,9.0,1,Good
BIKE_03986,SHOP_009,8.0,3,Excellent
BIKE_13256,SHOP_009,18.0,1,Good
BIKE_20336,SHOP_006,11.0,1,Good
BIKE_20336,SHOP_009,10.0,2,Fair
BIKE_38430,SHOP_003,29.0,1,Excellent
BIKE_23374,SHOP_009,28.0,2,Excellent
BIKE_23374,SHOP_003,27.0,1,Fair
BIKE_02158,SHOP_003,24.0,3,Good
BIKE_08206,SHOP_003,22.0,3,Good
BIKE_08206,SHOP_009,25.0,3,Excellent
BIKE_21403,SHOP_009,11.0,3,Fair
BIKE_21403,SHOP_007,10.0,2,Fair
BIKE_22781,SHOP_009,29.0,1,Fair
BIKE_22832,SHOP_003,46.0,1,Good
BIKE_10171,SHOP_003,11.0,3,Fair
BIKE_38409,SHOP_003,35.0,2,Good
BIKE_30539,SHOP_003,38.0,2,Good
BIKE_00681,SHOP_003,23.0,1,Good
BIKE_00681,SHOP_009,23.0,3,Excellent
BIKE_34661,SHOP_007,16.0,2,Fair
BIKE_31651,SHOP_003,47.0,3,Fair
BIKE_31651,SHOP_009,45.0,3,Good
BIKE_09831,SHOP_004,22.0,2,Good
BIKE_29780,SHOP_003,30.0,1,Good
BIKE_06835,SHOP_010,20.0,3,Excellent
BIKE_06835,SHOP_004,22.0,2,Fair
BIKE_30984,SHOP_009,44.0,1,Fair
BIKE_30984,SHOP_003,44.0,2,Excellent
BIKE_27138,SHOP_009,31.0,2,Good
BIKE_11500,SHOP_003,38.0,3,Good
BIKE_17034,SHOP_009,40.0,2,Good
BIKE_17034,SHOP_003,43.0,1,Fair
BIKE_36732,SHOP_001,23.0,3,Good
BIKE_14354,SHOP_004,21.0,1,Excellent
BIKE_32248,SHOP_006,9.0,3,Good
BIKE_04029,SHOP_012,66.0,1,Good
BIKE_02357,SHOP_003,41.0,2,Good
BIKE_02357,SHOP_009,38.0,1,Excellent
BIKE_27875,SHOP_003,22.0,3,Good
BIKE_27875,SHOP_009,21.0,1,Good
BIKE_38343,SHOP_003,9.0,3,Good
BIKE_24245,SHOP_009,37.0,1,Good
BIKE_10397,SHOP_001,25.0,1,Good
BIKE_10397,SHOP_009,26.0,2,Good
BIKE_04737,SHOP_003,23.0,1,Good
BIKE_04737,SHOP_009,24.0,1,Fair
BIKE_04351,SHOP_009,44.0,3,Fair
BIKE_31687,SHOP_003,24.0,2,Good
BIKE_10968,SHOP_009,35.0,3,Good
BIKE_10968,SHOP_003,35.0,2,Excellent
BIKE_07886,SHOP_012,88.0,1,Good
BIKE_20592,SHOP_004,18.0,3,Excellent
BIKE_00416,SHOP_009,8.0,1,Good
BIKE_23653,SHOP_009,38.0,3,Good
BIKE_12918,SHOP_009,28.0,2,Good
BIKE_05011,SHOP_003,40.0,3,Fair
BIKE_25732,SHOP_003,19.0,2,Good
BIKE_25732,SHOP_009,21.0,1,Fair
BIKE_02980,SHOP_007,11.0,2,Excellent
BIKE_02980,SHOP_003,10.0,2,Good
BIKE_30212,SHOP_001,9.0,2,Good
BIKE_19898,SHOP_003,19.0,1,Good
BIKE_19898,SHOP_009,20.0,1,Good
BIKE_19690,SHOP_001,8.0,2,Good
BIKE_19690,SHOP_003,10.0,1,Good
BIKE_19617,SHOP_003,25.0,2,Fair
BIKE_19617,SHOP_009,27.0,1,Good
BIKE_09712,SHOP_009,24.0,3,Good
BIKE_32837,SHOP_003,22.0,2,Good
BIKE_30144,SHOP_003,10.0,3,Excellent
BIKE_30144,SHOP_001,13.0,1,Fair
BIKE_25699,SHOP_006,10.0,3,Good
BIKE_29128,SHOP_009,10.0,3,Excellent
BIKE_29128,SHOP_006,10.0,2,Good
BIKE_25680,SHOP_003,21.0,1,Good
BIKE_25680,SHOP_009,22.0,2,Fair
BIKE_10455,SHOP_009,20.0,1,Excellent
BIKE_10455,SHOP_003,19.0,2,Fair
BIKE_18331,SHOP_009,20.0,3,Good
BIKE_07922,SHOP_009,27.0,1,Good
BIKE_28461,SHOP_009,34.0,2,Good
BIKE_04859,SHOP_009,25.0,1,Excellent
BIKE_11215,SHOP_012,41.0,2,Good
BIKE_35795,SHOP_003,39.0,1,Fair
BIKE_27393,SHOP_012,46.0,2,Excellent
BIKE_30414,SHOP_009,19.0,2,Good
BIKE_30414,SHOP_003,22.0,1,Fair
BIKE_07567,SHOP_009,35.0,3,Fair
BIKE_01402,SHOP_009,26.0,2,Fair
BIKE_05749,SHOP_009,21.0,3,Good
BIKE_26813,SHOP_009,28.0,3,Good
BIKE_26813,SHOP_003,27.0,1,Good
BIKE_15610,SHOP_003,20.0,1,Good
BIKE_15610,SHOP_009,23.0,3,Excellent
BIKE_00898,SHOP_003,22.0,3,Excellent
BIKE_35779,SHOP_003,33.0,2,Excellent
BIKE_35779,SHOP_009,35.0,1,Good
BIKE_38496,SHOP_006,11.0,2,Fair
BIKE_38496,SHOP_007,11.0,2,Good
BIKE_22392,SHOP_009,26.0,2,Good
BIKE_22392,SHOP_003,26.0,3,Good
BIKE_17311,SHOP_007,13.0,2,Good
BIKE_35042,SHOP_003,26.0,3,Good
BIKE_14487,SHOP_009,31.0,1,Excellent
BIKE_21477,SHOP_006,24.0,2,Good
BIKE_21477,SHOP_010,22.0,2,Good
BIKE_25678,SHOP_009,40.0,3,Good
BIKE_31526,SHOP_004,22.0,2,Good
BIKE_31526,SHOP_006,19.0,1,Good
BIKE_21367,SHOP_009,24.0,3,Fair
BIKE_21367,SHOP_003,25.0,3,Good
BIKE_05941,SHOP_009,39.0,1,Good
BIKE_23425,SHOP_003,26.0,2,Fair
BIKE_28978,SHOP_003,22.0,3,Good
BIKE_28978,SHOP_004,25.0,1,Excellent
BIKE_35092,SHOP_003,8.0,1,Good
BIKE_35092,SHOP_001,11.0,2,Good
BIKE_27319,SHOP_003,12.0,3,Fair
BIKE_26082,SHOP_007,20.0,2,Good
BIKE_12290,SHOP_012,47.0,1,Excellent
BIKE_03847,SHOP_007,12.0,3,Good
BIKE_13650,SHOP_009,28.0,1,Good
BIKE_13650,SHOP_003,28.0,2,Excellent
BIKE_36355,SHOP_009,12.0,1,Excellent
BIKE_36355,SHOP_001,9.0,2,Fair
BIKE_21324,SHOP_009,49.0,2,Fair
BIKE_21324,SHOP_003,49.0,3,Fair
BIKE_25070,SHOP_009,20.0,3,Excellent
BIKE_25070,SHOP_003,20.0,3,Good
BIKE_21750,SHOP_009,12.0,1,Excellent
BIKE_21750,SHOP_006,12.0,2,Good
BIKE_10854,SHOP_006,21.0,2,Good
BIKE_25985,SHOP_003,45.0,2,Fair
BIKE_27468,SHOP_009,29.0,1,Excellent
BIKE_27468,SHOP_003,29.0,1,Excellent
BIKE_11890,SHOP_004,18.0,3,Good
BIKE_18593,SHOP_009,28.0,2,Fair
BIKE_11507,SHOP_003,29.0,1,Good
BIKE_19470,SHOP_003,20.0,2,Good
BIKE_19470,SHOP_009,23.0,2,Good
BIKE_06426,SHOP_003,34.0,1,Fair
BIKE_06426,SHOP_009,34.0,3,Good
BIKE_18495,SHOP_003,9.0,1,Good
BIKE_18495,SHOP_001,10.0,1,Good
BIKE_31061,SHOP_012,45.0,3,Good
BIKE_22952,SHOP_003,21.0,1,Excellent
BIKE_22952,SHOP_009,21.0,3,Fair
BIKE_22119,SHOP_006,19.0,2,Good
BIKE_20757,SHOP_003,32.0,3,Excellent
BIKE_01784,SHOP_009,26.0,2,Good
BIKE_01784,SHOP_003,24.0,2,Good
BIKE_30944,SHOP_003,24.0,3,Good
BIKE_30944,SHOP_009,22.0,2,Good
BIKE_26607,SHOP_007,11.0,3,Good
BIKE_14698,SHOP_007,19.0,3,Good
BIKE_14698,SHOP_001,19.0,1,Good
BIKE_17969,SHOP_009,34.0,3,Excellent
BIKE_17969,SHOP_003,33.0,1,Good
BIKE_22138,SHOP_009,10.0,1,Good
BIKE_22138,SHOP_006,12.0,2,Good
BIKE_18082,SHOP_003,26.0,2,Good
BIKE_18503,SHOP_003,21.0,1,Good
BIKE_07589,SHOP_009,20.0,1,Excellent
BIKE_07589,SHOP_003,20.0,2,Excellent
BIKE_06793,SHOP_003,23.0,3,Fair
BIKE_06793,SHOP_009,23.0,2,Good
BIKE_21968,SHOP_007,9.0,1,Fair
BIKE_21968,SHOP_006,10.0,3,Good
BIKE_27070,SHOP_003,20.0,2,Good
BIKE_11834,SHOP_007,18.0,1,Fair
BIKE_11834,SHOP_001,19.0,2,Good
BIKE_05010,SHOP_010,23.0,1,Fair
BIKE_05010,SHOP_004,24.0,2,Fair
BIKE_28014,SHOP_003,36.0,1,Fair
BIKE_15541,SHOP_001,9.0,3,Good
BIKE_28556,SHOP_007,12.0,1,Excellent
BIKE_28556,SHOP_001,11.0,1,Excellent
BIKE_05165,SHOP_009,27.0,2,Excellent
BIKE_19682,SHOP_012,54.0,3,Good
BIKE_31011,SHOP_009,35.0,2,Fair
BIKE_25697,SHOP_007,17.0,1,Good
BIKE_14579,SHOP_003,21.0,3,Fair
BIKE_17975,SHOP_009,34.0,1,Fair
BIKE_01282,SHOP_001,11.0,2,Fair
BIKE_01282,SHOP_006,10.0,3,Fair
BIKE_34682,SHOP_009,25.0,1,Good
BIKE_34682,SHOP_003,23.0,2,Good
BIKE_04630,SHOP_009,42.0,2,Good
BIKE_15252,SHOP_003,11.0,2,Good
BIKE_15252,SHOP_001,11.0,1,Fair
BIKE_06346,SHOP_004,21.0,1,Fair
BIKE_29105,SHOP_009,26.0,1,Good
BIKE_26175,SHOP_003,25.0,3,Good
BIKE_14573,SHOP_009,46.0,2,Excellent
BIKE_14573,SHOP_003,48.0,3,Good
BIKE_21491,SHOP_003,9.0,2,Good
BIKE_01418,SHOP_003,32.0,2,Fair
BIKE_12745,SHOP_003,24.0,1,Good
BIKE_27805,SHOP_003,26.0,2,Good
BIKE_22454,SHOP_003,20.0,1,Good
BIKE_22454,SHOP_009,21.0,3,Excellent
BIKE_11128,SHOP_012,60.0,2,Good
BIKE_21250,SHOP_009,40.0,3,Good
BIKE_20120,SHOP_009,24.0,1,Good
BIKE_20120,SHOP_003,24.0,1,Good
BIKE_28563,SHOP_009,26.0,3,Fair
BIKE_28563,SHOP_003,25.0,1,Good
BIKE_26011,SHOP_003,28.0,3,Good
BIKE_26011,SHOP_009,31.0,2,Good
BIKE_30038,SHOP_007,11.0,1,Good
BIKE_30038,SHOP_003,11.0,3,Fair
BIKE_32971,SHOP_012,60.0,1,Excellent
BIKE_36123,SHOP_003,37.0,1,Good
BIKE_36123,SHOP_009,34.0,2,Excellent
BIKE_28447,SHOP_003,26.0,2,Good
BIKE_05026,SHOP_003,29.0,2,Good
BIKE_04845,SHOP_003,11.0,2,Good
BIKE_06237,SHOP_009,36.0,3,Excellent
BIKE_06237,SHOP_003,35.0,2,Fair
BIKE_24311,SHOP_003,31.0,1,Good
BIKE_17538,SHOP_007,12.0,2,Good
BIKE_17538,SHOP_006,8.0,1,Good
BIKE_05557,SHOP_012,49.0,1,Good
BIKE_28136,SHOP_009,9.0,2,Excellent
BIKE_17846,SHOP_006,9.0,2,Good
BIKE_28271,SHOP_007,10.0,1,Good
BIKE_28271,SHOP_003,12.0,3,Good
BIKE_37326,SHOP_003,32.0,3,Good
BIKE_37326,SHOP_009,31.0,1,Fair
BIKE_10299,SHOP_003,32.0,2,Good
BIKE_33547,SHOP_001,18.0,2,Good
BIKE_34187,SHOP_009,28.0,2,Excellent
BIKE_34187,SHOP_003,25.0,3,Good
BIKE_38206,SHOP_010,24.0,2,Good
BIKE_03619,SHOP_003,25.0,1,Good
BIKE_03619,SHOP_009,28.0,2,Good
BIKE_02683,SHOP_004,17.0,1,Fair
BIKE_16466,SHOP_003,43.0,1,Excellent
BIKE_17666,SHOP_009,10.0,1,Good
BIKE_38197,SHOP_003,26.0,1,Good
BIKE_26818,SHOP_003,18.0,2,Fair
BIKE_07402,SHOP_009,38.0,3,Good
BIKE_00069,SHOP_003,22.0,2,Good
BIKE_23815,SHOP_003,23.0,1,Good
BIKE_23815,SHOP_009,23.0,1,Fair
BIKE_19145,SHOP_009,12.0,3,Good
BIKE_19145,SHOP_003,9.0,2,Good
BIKE_22169,SHOP_009,44.0,3,Good
BIKE_32256,SHOP_003,20.0,2,Good
BIKE_32256,SHOP_007,20.0,2,Excellent
BIKE_19813,SHOP_001,19.0,3,Good
BIKE_10609,SHOP_003,21.0,3,Excellent
BIKE_10609,SHOP_009,19.0,2,Excellent
BIKE_30411,SHOP_009,34.0,3,Good
BIKE_28393,SHOP_003,24.0,1,Good
BIKE_28393,SHOP_009,25.0,1,Excellent
BIKE_12365,SHOP_003,20.0,1,Good
BIKE_17119,SHOP_006,18.0,2,Excellent
BIKE_12080,SHOP_003,42.0,3,Good
BIKE_25010,SHOP_003,42.0,1,Good
BIKE_16196,SHOP_003,29.0,3,Good
BIKE_09826,SHOP_009,21.0,2,Good
BIKE_01412,SHOP_009,23.0,3,Good
BIKE_05384,SHOP_001,25.0,1,Good
BIKE_14353,SHOP_003,45.0,2,Good
BIKE_14353,SHOP_009,47.0,3,Good
BIKE_21366,SHOP_009,44.0,1,Excellent
BIKE_21366,SHOP_003,45.0,2,Good
BIKE_30541,SHOP_007,21.0,2,Excellent
BIKE_21697,SHOP_009,23.0,3,Good
BIKE_21697,SHOP_006,22.0,3,Fair
BIKE_10276,SHOP_009,23.0,3,Good
BIKE_10276,SHOP_003,24.0,1,Good
BIKE_00242,SHOP_003,23.0,2,Good
BIKE_03455,SHOP_003,39.0,1,Fair
BIKE_03455,SHOP_009,35.0,1,Good
BIKE_29579,SHOP_006,8.0,1,Good
BIKE_16380,SHOP_003,39.0,2,Fair
BIKE_01993,SHOP_003,8.0,3,Good
BIKE_01993,SHOP_007,8.0,1,Good
BIKE_20735,SHOP_001,17.0,1,Good
BIKE_20735,SHOP_004,17.0,3,Excellent
BIKE_37016,SHOP_009,10.0,3,Good
BIKE_37016,SHOP_003,12.0,3,Good
BIKE_10229,SHOP_003,21.0,2,Excellent
BIKE_10229,SHOP_007,24.0,3,Good
BIKE_15499,SHOP_009,33.0,1,Good
BIKE_15499,SHOP_003,32.0,3,Good
BIKE_14363,SHOP_003,28.0,1,Excellent
BIKE_14363,SHOP_009,28.0,2,Good
BIKE_27001,SHOP_007,9.0,3,Good
BIKE_27001,SHOP_001,11.0,2,Good
BIKE_07174,SHOP_003,20.0,1,Excellent
BIKE_15980,SHOP_003,27.0,3,Excellent
BIKE_15980,SHOP_009,29.0,1,Good
BIKE_03263,SHOP_009,31.0,3,Fair
BIKE_03263,SHOP_003,28.0,3,Good
BIKE_35380,SHOP_009,11.0,2,Excellent
BIKE_21317,SHOP_004,22.0,1,Good
BIKE_21317,SHOP_003,21.0,1,Good
BIKE_16271,SHOP_003,29.0,2,Good
BIKE_16271,SHOP_009,28.0,1,Excellent
BIKE_35097,SHOP_003,31.0,2,Fair
BIKE_35097,SHOP_009,30.0,2,Good
BIKE_11052,SHOP_003,38.0,1,Excellent
BIKE_11052,SHOP_009,38.0,2,Fair
BIKE_25229,SHOP_003,31.0,2,Good
BIKE_38455,SHOP_009,26.0,1,Good
BIKE_38455,SHOP_003,28.0,2,Excellent
BIKE_25270,SHOP_001,23.0,1,Fair
BIKE_20441,SHOP_006,25.0,3,Good
BIKE_20441,SHOP_001,25.0,1,Excellent
BIKE_15516,SHOP_003,23.0,1,Good
BIKE_15516,SHOP_009,21.0,1,Good
BIKE_31695,SHOP_003,25.0,3,Good
BIKE_31695,SHOP_009,22.0,3,Good
BIKE_09398,SHOP_004,21.0,3,Excellent
BIKE_09398,SHOP_010,19.0,3,Fair
BIKE_20988,SHOP_003,30.0,2,Good
BIKE_20665,SHOP_009,23.0,3,Excellent
BIKE_20665,SHOP_003,22.0,3,Fair
BIKE_30456,SHOP_012,44.0,3,Good
BIKE_05657,SHOP_009,19.0,2,Good
BIKE_05657,SHOP_007,22.0,1,Good
BIKE_06491,SHOP_003,36.0,3,Good
BIKE_06491,SHOP_009,37.0,1,Fair
BIKE_16041,SHOP_009,33.0,3,Fair
BIKE_16041,SHOP_003,33.0,3,Excellent
BIKE_23077,SHOP_007,11.0,3,Good
BIKE_23077,SHOP_009,10.0,1,Excellent
BIKE_35357,SHOP_003,30.0,2,Good
BIKE_07880,SHOP_003,30.0,3,Fair
BIKE_07880,SHOP_009,32.0,3,Good
BIKE_23875,SHOP_009,19.0,3,Good
BIKE_23875,SHOP_001,21.0,2,Good
BIKE_27317,SHOP_003,26.0,1,Good
BIKE_35145,SHOP_001,20.0,1,Good
BIKE_35145,SHOP_007,18.0,3,Good
BIKE_30060,SHOP_003,49.0,2,Good
BIKE_30060,SHOP_009,50.0,3,Excellent
BIKE_06161,SHOP_003,8.0,3,Good
BIKE_06161,SHOP_001,9.0,3,Fair
BIKE_14474,SHOP_003,42.0,3,Good
BIKE_06904,SHOP_003,29.0,3,Fair
BIKE_28819,SHOP_007,17.0,2,Good
BIKE_28819,SHOP_009,18.0,1,Good
BIKE_09856,SHOP_009,43.0,3,Excellent
BIKE_09856,SHOP_003,43.0,3,Good
BIKE_18486,SHOP_009,39.0,3,Excellent
BIKE_05610,SHOP_009,24.0,3,Good
BIKE_05610,SHOP_003,21.0,2,Excellent
BIKE_31867,SHOP_003,30.0,2,Excellent
BIKE_31867,SHOP_009,32.0,3,Good
BIKE_15148,SHOP_004,13.0,3,Excellent
BIKE_15148,SHOP_006,12.0,3,Good
BIKE_29479,SHOP_009,38.0,1,Good
BIKE_29479,SHOP_003,36.0,3,Fair
BIKE_13236,SHOP_003,29.0,1,Good
BIKE_13236,SHOP_009,30.0,3,Fair
BIKE_28953,SHOP_012,79.0,3,Good
BIKE_11206,SHOP_003,19.0,1,Excellent
BIKE_30390,SHOP_003,37.0,3,Good
BIKE_22348,SHOP_007,10.0,2,Good
BIKE_22348,SHOP_003,11.0,3,Good
BIKE_04699,SHOP_003,26.0,2,Good
BIKE_36879,SHOP_001,10.0,1,Good
BIKE_36879,SHOP_003,9.0,1,Good
BIKE_10579,SHOP_009,27.0,1,Good
BIKE_10579,SHOP_003,27.0,3,Good
BIKE_31970,SHOP_003,35.0,3,Good
BIKE_02275,SHOP_009,22.0,3,Good
BIKE_02275,SHOP_003,24.0,1,Good
BIKE_27658,SHOP_009,37.0,1,Good
BIKE_01882,SHOP_001,21.0,2,Good
BIKE_01882,SHOP_006,22.0,2,Fair
BIKE_33748,SHOP_003,24.0,2,Excellent
BIKE_33748,SHOP_009,24.0,1,Fair
BIKE_04726,SHOP_009,23.0,3,Excellent
BIKE_06046,SHOP_009,26.0,3,Excellent
BIKE_23908,SHOP_007,18.0,2,Good
BIKE_23908,SHOP_006,17.0,1,Good
BIKE_12214,SHOP_003,32.0,3,Good
BIKE_05975,SHOP_003,9.0,2,Good
BIKE_36137,SHOP_012,41.0,2,Good
BIKE_03286,SHOP_003,23.0,2,Good
BIKE_05352,SHOP_003,31.0,2,Fair
BIKE_05352,SHOP_009,29.0,1,Good
BIKE_07955,SHOP_009,11.0,2,Excellent
BIKE_09568,SHOP_006,11.0,3,Fair
BIKE_09568,SHOP_001,12.0,2,Good
BIKE_33985,SHOP_003,26.0,2,Good
BIKE_24475,SHOP_003,28.0,3,Excellent
BIKE_33641,SHOP_003,23.0,2,Excellent
BIKE_33641,SHOP_009,21.0,1,Good
BIKE_08237,SHOP_003,18.0,3,Good
BIKE_08237,SHOP_010,20.0,2,Fair
BIKE_26101,SHOP_003,25.0,3,Good
BIKE_22355,SHOP_006,19.0,2,Good
BIKE_03922,SHOP_009,11.0,2,Excellent
BIKE_03922,SHOP_007,10.0,3,Excellent
BIKE_31444,SHOP_007,11.0,2,Excellent
BIKE_31444,SHOP_009,12.0,1,Good
BIKE_06969,SHOP_009,24.0,1,Good
BIKE_15910,SHOP_009,19.0,3,Excellent
BIKE_04564,SHOP_003,10.0,2,Good
BIKE_04564,SHOP_006,12.0,2,Good
BIKE_15938,SHOP_001,10.0,1,Good
BIKE_31969,SHOP_007,23.0,3,Excellent
BIKE_37449,SHOP_004,24.0,2,Fair
BIKE_05189,SHOP_012,54.0,2,Good
BIKE_25193,SHOP_009,11.0,1,Good
BIKE_24369,SHOP_007,8.0,1,Fair
BIKE_24369,SHOP_001,9.0,1,Fair
BIKE_13607,SHOP_001,11.0,2,Good
BIKE_01707,SHOP_009,19.0,1,Good
BIKE_03105,SHOP_004,24.0,2,Good
BIKE_03105,SHOP_010,24.0,3,Good
BIKE_01771,SHOP_003,45.0,1,Excellent
BIKE_17965,SHOP_012,59.0,1,Fair
BIKE_33495,SHOP_003,28.0,1,Good
BIKE_15767,SHOP_009,37.0,2,Good
BIKE_34786,SHOP_009,38.0,3,Good
BIKE_34786,SHOP_003,37.0,2,Good
BIKE_23073,SHOP_007,8.0,3,Good
BIKE_23073,SHOP_009,11.0,1,Good
BIKE_34053,SHOP_009,31.0,3,Good
BIKE_34053,SHOP_003,33.0,2,Good
BIKE_32572,SHOP_009,30.0,2,Fair
BIKE_32572,SHOP_003,30.0,2,Good
BIKE_28958,SHOP_003,27.0,3,Good
BIKE_28958,SHOP_009,25.0,1,Fair
BIKE_03568,SHOP_003,27.0,2,Good
BIKE_03568,SHOP_009,27.0,1,Good
BIKE_31808,SHOP_003,38.0,3,Fair
BIKE_25100,SHOP_003,23.0,1,Fair
BIKE_25100,SHOP_010,20.0,2,Fair
BIKE_20962,SHOP_003,44.0,1,Fair
BIKE_04602,SHOP_003,12.0,3,Excellent
BIKE_02383,SHOP_009,26.0,2,Excellent
BIKE_02383,SHOP_003,25.0,1,Good
BIKE_24613,SHOP_009,31.0,2,Excellent
BIKE_32315,SHOP_003,27.0,3,Good
BIKE_32315,SHOP_009,28.0,1,Good
BIKE_13875,SHOP_009,26.0,3,Good
BIKE_00596,SHOP_010,17.0,2,Fair
BIKE_00596,SHOP_001,19.0,3,Excellent
BIKE_21987,SHOP_009,44.0,3,Good
BIKE_03265,SHOP_001,25.0,2,Good
BIKE_17781,SHOP_007,9.0,2,Good
BIKE_17781,SHOP_009,8.0,2,Excellent
BIKE_16818,SHOP_009,10.0,1,Fair
BIKE_37212,SHOP_003,45.0,3,Good
BIKE_37212,SHOP_009,43.0,3,Excellent
BIKE_02266,SHOP_009,20.0,3,Good
BIKE_02266,SHOP_003,22.0,1,Good
BIKE_08474,SHOP_012,56.0,2,Excellent
BIKE_16367,SHOP_003,20.0,2,Excellent
BIKE_29572,SHOP_006,9.0,2,Fair
BIKE_29572,SHOP_003,11.0,3,Good
BIKE_38667,SHOP_009,30.0,1,Good
BIKE_38667,SHOP_003,30.0,3,Excellent
BIKE_30822,SHOP_009,23.0,1,Excellent
BIKE_30822,SHOP_003,23.0,3,Excellent
BIKE_14480,SHOP_004,22.0,1,Excellent
BIKE_06631,SHOP_003,38.0,2,Excellent
BIKE_06631,SHOP_009,38.0,1,Good
BIKE_01350,SHOP_004,17.0,3,Good
BIKE_28689,SHOP_001,9.0,3,Good
BIKE_28689,SHOP_006,11.0,3,Good
BIKE_32731,SHOP_009,25.0,3,Good
BIKE_34925,SHOP_009,24.0,3,Fair
BIKE_34925,SHOP_003,25.0,3,Good
BIKE_35099,SHOP_003,26.0,3,Good
BIKE_35099,SHOP_009,24.0,3,Good
BIKE_02874,SHOP_012,42.0,1,Good
BIKE_07949,SHOP_009,21.0,3,Fair
BIKE_09571,SHOP_003,39.0,1,Excellent
BIKE_09571,SHOP_009,38.0,2,Good
BIKE_38298,SHOP_009,24.0,3,Good
BIKE_03474,SHOP_003,27.0,3,Good
BIKE_03474,SHOP_009,27.0,1,Good
BIKE_02312,SHOP_009,29.0,3,Good
BIKE_02312,SHOP_003,29.0,2,Good
BIKE_36960,SHOP_006,11.0,1,Good
BIKE_36960,SHOP_003,12.0,1,Fair
BIKE_30657,SHOP_009,21.0,1,Good
BIKE_30657,SHOP_010,21.0,3,Excellent
BIKE_20660,SHOP_009,41.0,3,Good
BIKE_20660,SHOP_003,41.0,1,Good
BIKE_24210,SHOP_003,24.0,1,Fair
BIKE_24210,SHOP_007,22.0,2,Fair
BIKE_08021,SHOP_003,32.0,3,Excellent
BIKE_08021,SHOP_009,34.0,2,Good
BIKE_13822,SHOP_009,19.0,3,Fair
BIKE_13822,SHOP_006,20.0,2,Good
BIKE_04152,SHOP_001,9.0,1,Good
BIKE_12266,SHOP_003,27.0,3,Fair
BIKE_19852,SHOP_003,45.0,1,Excellent
BIKE_35309,SHOP_004,22.0,3,Good
BIKE_31928,SHOP_001,12.0,2,Good
BIKE_00649,SHOP_001,23.0,3,Fair
BIKE_00649,SHOP_006,22.0,3,Good
BIKE_29010,SHOP_003,25.0,1,Good
BIKE_18121,SHOP_009,34.0,2,Excellent
BIKE_18121,SHOP_003,33.0,1,Excellent
BIKE_32910,SHOP_009,26.0,1,Good
BIKE_32910,SHOP_003,26.0,3,Excellent
BIKE_11300,SHOP_009,23.0,1,Good
BIKE_18439,SHOP_009,17.0,3,Good
BIKE_18439,SHOP_003,19.0,1,Excellent
BIKE_18927,SHOP_003,48.0,2,Fair
BIKE_18927,SHOP_009,48.0,3,Fair
BIKE_37174,SHOP_003,38.0,3,Excellent
BIKE_37174,SHOP_009,37.0,1,Excellent
BIKE_03589,SHOP_012,40.0,3,Good
BIKE_08568,SHOP_003,29.0,2,Excellent
BIKE_08568,SHOP_009,29.0,3,Good
BIKE_21857,SHOP_007,23.0,2,Fair
BIKE_21857,SHOP_009,23.0,3,Good
BIKE_13633,SHOP_009,8.0,2,Excellent
BIKE_20784,SHOP_003,25.0,2,Fair
BIKE_20784,SHOP_009,25.0,2,Good
BIKE_15594,SHOP_009,32.0,1,Good
BIKE_38531,SHOP_012,45.0,2,Fair
BIKE_32988,SHOP_006,10.0,3,Fair
BIKE_32988,SHOP_001,10.0,2,Good
BIKE_03102,SHOP_012,44.0,3,Good
BIKE_26245,SHOP_003,33.0,1,Good
BIKE_26245,SHOP_009,31.0,1,Fair
BIKE_32249,SHOP_009,26.0,3,Good
BIKE_30458,SHOP_009,26.0,1,Good
BIKE_30458,SHOP_003,26.0,2,Good
BIKE_12315,SHOP_003,43.0,1,Fair
BIKE_12315,SHOP_009,43.0,2,Good
BIKE_10665,SHOP_007,8.0,2,Fair
BIKE_00186,SHOP_003,20.0,2,Fair
BIKE_00186,SHOP_007,18.0,3,Good
BIKE_18920,SHOP_007,8.0,1,Good
BIKE_18920,SHOP_006,10.0,2,Good
BIKE_25890,SHOP_003,30.0,1,Excellent
BIKE_00480,SHOP_010,19.0,2,Good
BIKE_00480,SHOP_004,21.0,3,Excellent
BIKE_12471,SHOP_009,52.0,1,Good
BIKE_12471,SHOP_003,48.0,3,Good
BIKE_12042,SHOP_003,29.0,2,Good
BIKE_12042,SHOP_009,28.0,1,Good
BIKE_38510,SHOP_009,29.0,3,Good
BIKE_24768,SHOP_009,49.0,3,Good
BIKE_29686,SHOP_003,24.0,2,Good
BIKE_29686,SHOP_009,24.0,1,Excellent
BIKE_06885,SHOP_007,12.0,1,Fair
BIKE_15676,SHOP_007,21.0,1,Fair
BIKE_08230,SHOP_012,108.0,1,Good
BIKE_19273,SHOP_003,27.0,3,Good
BIKE_19273,SHOP_009,28.0,3,Good
BIKE_16517,SHOP_001,21.0,2,Good
BIKE_16517,SHOP_003,20.0,2,Excellent
BIKE_23432,SHOP_001,17.0,3,Fair
BIKE_31900,SHOP_003,24.0,1,Good
BIKE_22064,SHOP_009,31.0,1,Good
BIKE_22064,SHOP_003,33.0,3,Good
BIKE_14740,SHOP_009,44.0,3,Fair
BIKE_14740,SHOP_003,43.0,2,Good
BIKE_17151,SHOP_003,32.0,3,Good
BIKE_27120,SHOP_009,12.0,2,Good
BIKE_27120,SHOP_006,8.0,1,Good
BIKE_36163,SHOP_009,24.0,3,Fair
BIKE_18828,SHOP_006,8.0,3,Good
BIKE_18828,SHOP_001,9.0,1,Excellent
BIKE_20766,SHOP_003,28.0,2,Fair
BIKE_15331,SHOP_003,24.0,1,Good
BIKE_15331,SHOP_007,24.0,3,Good
BIKE_07094,SHOP_001,20.0,3,Good
BIKE_07094,SHOP_003,20.0,1,Fair
BIKE_22946,SHOP_003,22.0,1,Good
BIKE_22946,SHOP_010,20.0,3,Good
BIKE_07594,SHOP_006,21.0,2,Good
BIKE_07594,SHOP_004,23.0,3,Excellent
BIKE_12313,SHOP_010,20.0,3,Good
BIKE_12313,SHOP_004,22.0,2,Good
BIKE_10772,SHOP_006,10.0,2,Good
BIKE_10772,SHOP_001,9.0,3,Good
BIKE_00647,SHOP_012,64.0,3,Excellent
BIKE_01270,SHOP_001,9.0,1,Good
BIKE_10530,SHOP_009,11.0,2,Good
BIKE_10530,SHOP_006,8.0,1,Good
BIKE_00733,SHOP_003,38.0,3,Good
BIKE_32446,SHOP_007,21.0,2,Excellent
BIKE_09803,SHOP_003,30.0,2,Excellent
BIKE_09803,SHOP_009,31.0,1,Good
BIKE_35756,SHOP_009,19.0,2,Fair
BIKE_35756,SHOP_003,20.0,3,Good
BIKE_28889,SHOP_009,34.0,2,Excellent
BIKE_28889,SHOP_003,32.0,1,Good
BIKE_30433,SHOP_007,12.0,3,Excellent
BIKE_30433,SHOP_009,9.0,3,Good
BIKE_07302,SHOP_003,30.0,3,Good
BIKE_07302,SHOP_009,29.0,2,Good
BIKE_14283,SHOP_003,25.0,2,Good
BIKE_14283,SHOP_009,25.0,2,Good
BIKE_31336,SHOP_007,11.0,1,Good
BIKE_31336,SHOP_009,11.0,3,Excellent
BIKE_06573,SHOP_007,9.0,3,Good
BIKE_21222,SHOP_003,18.0,3,Good
BIKE_21222,SHOP_007,16.0,3,Good
BIKE_26227,SHOP_006,9.0,3,Good
BIKE_20391,SHOP_003,32.0,3,Good
BIKE_20391,SHOP_009,33.0,2,Good
BIKE_36113,SHOP_009,27.0,1,Fair
BIKE_17025,SHOP_003,21.0,1,Good
BIKE_17025,SHOP_009,24.0,1,Good
BIKE_21758,SHOP_001,10.0,1,Excellent
BIKE_25071,SHOP_007,11.0,3,Good
BIKE_00165,SHOP_009,30.0,2,Good
BIKE_20486,SHOP_009,43.0,2,Fair
BIKE_19302,SHOP_004,19.0,3,Excellent
BIKE_24288,SHOP_007,19.0,1,Excellent
BIKE_03031,SHOP_009,30.0,1,Good
BIKE_03031,SHOP_003,28.0,1,Good
BIKE_21499,SHOP_003,29.0,1,Good
BIKE_21499,SHOP_009,29.0,3,Good
BIKE_14731,SHOP_003,12.0,2,Good
BIKE_23330,SHOP_009,34.0,2,Good
BIKE_23330,SHOP_003,34.0,3,Good
BIKE_13307,SHOP_009,22.0,2,Fair
BIKE_13307,SHOP_003,20.0,3,Good
BIKE_07516,SHOP_012,41.0,2,Good
BIKE_20686,SHOP_003,22.0,2,Good
BIKE_09520,SHOP_009,10.0,2,Fair
BIKE_38209,SHOP_001,23.0,2,Excellent
BIKE_38209,SHOP_003,22.0,3,Good
BIKE_38372,SHOP_006,12.0,1,Good
BIKE_23315,SHOP_004,20.0,1,Good
BIKE_08420,SHOP_009,36.0,1,Good
BIKE_30506,SHOP_009,29.0,1,Fair
BIKE_30506,SHOP_003,31.0,1,Excellent
BIKE_09758,SHOP_003,41.0,2,Good
BIKE_09758,SHOP_009,39.0,2,Good
BIKE_30177,SHOP_006,16.0,1,Excellent
BIKE_25715,SHOP_007,10.0,2,Fair
BIKE_21279,SHOP_009,22.0,1,Fair
BIKE_21279,SHOP_003,23.0,3,Good
BIKE_11757,SHOP_009,30.0,1,Good
BIKE_11757,SHOP_003,29.0,1,Good
BIKE_30716,SHOP_009,46.0,3,Good
BIKE_35722,SHOP_003,21.0,3,Good
BIKE_35722,SHOP_009,23.0,2,Good
BIKE_34957,SHOP_003,32.0,1,Fair
BIKE_34957,SHOP_009,30.0,1,Excellent
BIKE_23753,SHOP_009,41.0,3,Good
BIKE_01801,SHOP_009,26.0,2,Fair
BIKE_01801,SHOP_003,26.0,3,Excellent
BIKE_03594,SHOP_009,49.0,2,Fair
BIKE_03594,SHOP_003,49.0,1,Good
BIKE_30054,SHOP_003,37.0,2,Good
BIKE_33330,SHOP_009,19.0,3,Fair
BIKE_33330,SHOP_003,19.0,1,Good
BIKE_27274,SHOP_009,22.0,3,Good
BIKE_27274,SHOP_003,20.0,3,Good
BIKE_37635,SHOP_012,68.0,1,Fair
BIKE_14518,SHOP_009,40.0,2,Good
BIKE_14518,SHOP_003,40.0,1,Good
BIKE_17224,SHOP_009,21.0,1,Excellent
BIKE_17224,SHOP_003,24.0,1,Excellent
BIKE_29520,SHOP_009,24.0,3,Good
BIKE_25895,SHOP_006,23.0,1,Excellent
BIKE_14223,SHOP_007,10.0,2,Fair
BIKE_14223,SHOP_003,8.0,3,Fair
BIKE_07954,SHOP_010,21.0,3,Fair
BIKE_20048,SHOP_003,32.0,3,Good
BIKE_16096,SHOP_003,35.0,1,Good
BIKE_16096,SHOP_009,32.0,3,Excellent
BIKE_26857,SHOP_009,37.0,1,Good
BIKE_32755,SHOP_003,23.0,3,Good
BIKE_15286,SHOP_003,31.0,1,Good
BIKE_27008,SHOP_009,24.0,3,Good
BIKE_27008,SHOP_003,22.0,2,Excellent
BIKE_22709,SHOP_009,43.0,3,Good
BIKE_22709,SHOP_003,46.0,3,Excellent
BIKE_11868,SHOP_012,46.0,2,Good
BIKE_03184,SHOP_009,22.0,1,Excellent
BIKE_14644,SHOP_009,50.0,1,Excellent
BIKE_29180,SHOP_012,49.0,2,Fair
BIKE_37393,SHOP_009,28.0,2,Excellent
BIKE_37393,SHOP_003,28.0,3,Good
BIKE_22702,SHOP_009,24.0,3,Good
BIKE_22702,SHOP_003,25.0,3,Good
BIKE_28587,SHOP_003,42.0,3,Good
BIKE_28587,SHOP_009,40.0,1,Good
BIKE_34889,SHOP_003,48.0,1,Good
BIKE_37764,SHOP_010,20.0,3,Excellent
BIKE_37764,SHOP_007,17.0,3,Excellent
BIKE_14058,SHOP_010,24.0,3,Good
BIKE_14058,SHOP_006,24.0,1,Good
BIKE_37773,SHOP_003,29.0,1,Excellent
BIKE_37773,SHOP_009,27.0,2,Excellent
BIKE_18468,SHOP_009,35.0,3,Good
BIKE_25430,SHOP_010,23.0,2,Good
BIKE_25430,SHOP_006,22.0,1,Good
BIKE_25173,SHOP_003,28.0,2,Excellent
BIKE_20207,SHOP_003,22.0,3,Good
BIKE_36370,SHOP_009,29.0,3,Good
BIKE_37776,SHOP_003,19.0,1,Fair
BIKE_07096,SHOP_003,40.0,1,Good
BIKE_07096,SHOP_009,40.0,1,Good
BIKE_34364,SHOP_009,40.0,2,Good
BIKE_34364,SHOP_003,38.0,3,Fair
BIKE_36559,SHOP_009,35.0,3,Good
BIKE_37785,SHOP_003,27.0,3,Excellent
BIKE_24093,SHOP_006,23.0,3,Good
BIKE_24093,SHOP_001,26.0,3,Good
BIKE_23217,SHOP_009,25.0,2,Good
BIKE_23217,SHOP_003,24.0,1,Good
BIKE_18500,SHOP_003,35.0,2,Excellent
BIKE_20768,SHOP_009,22.0,3,Good
BIKE_21791,SHOP_009,10.0,3,Fair
BIKE_31596,SHOP_009,10.0,2,Good
BIKE_04009,SHOP_009,13.0,3,Good
BIKE_04009,SHOP_007,10.0,1,Fair
BIKE_31675,SHOP_003,27.0,3,Good
BIKE_26135,SHOP_009,39.0,2,Fair
BIKE_26135,SHOP_003,39.0,2,Good
BIKE_11031,SHOP_003,11.0,3,Good
BIKE_11031,SHOP_001,8.0,1,Good
BIKE_10062,SHOP_009,31.0,2,Good
BIKE_03530,SHOP_009,43.0,2,Good
BIKE_35698,SHOP_003,25.0,1,Excellent
BIKE_35698,SHOP_009,24.0,3,Good
BIKE_22011,SHOP_003,28.0,1,Good
BIKE_07932,SHOP_004,22.0,2,Good
BIKE_07932,SHOP_001,20.0,1,Good
BIKE_37122,SHOP_003,48.0,1,Excellent
BIKE_11069,SHOP_003,29.0,1,Excellent
BIKE_11069,SHOP_009,28.0,1,Good
BIKE_02494,SHOP_007,8.0,3,Fair
BIKE_02494,SHOP_006,9.0,3,Excellent
BIKE_28514,SHOP_009,29.0,3,Good
BIKE_28514,SHOP_003,29.0,2,Good
BIKE_25221,SHOP_007,19.0,3,Good
BIKE_04401,SHOP_009,31.0,2,Good
BIKE_04401,SHOP_003,31.0,1,Good
BIKE_16675,SHOP_009,27.0,3,Good
BIKE_34874,SHOP_003,9.0,2,Fair
BIKE_34874,SHOP_001,9.0,2,Good
BIKE_00457,SHOP_009,29.0,1,Excellent
BIKE_00499,SHOP_003,23.0,2,Good
BIKE_01632,SHOP_003,26.0,1,Good
BIKE_36261,SHOP_010,24.0,2,Good
BIKE_36261,SHOP_006,24.0,3,Excellent
BIKE_07852,SHOP_012,42.0,1,Good
BIKE_19080,SHOP_012,46.0,3,Excellent
BIKE_28163,SHOP_006,11.0,3,Good
BIKE_28163,SHOP_009,8.0,3,Good
BIKE_02299,SHOP_009,40.0,3,Fair
BIKE_02299,SHOP_003,43.0,2,Good
BIKE_23641,SHOP_001,10.0,1,Good
BIKE_28614,SHOP_003,25.0,2,Excellent
BIKE_28614,SHOP_009,22.0,3,Good
BIKE_14623,SHOP_009,30.0,3,Good
BIKE_14623,SHOP_003,33.0,1,Excellent
BIKE_35355,SHOP_009,34.0,2,Fair
BIKE_35355,SHOP_003,34.0,3,Fair
BIKE_05321,SHOP_003,37.0,1,Good
BIKE_05321,SHOP_009,37.0,3,Good
BIKE_19407,SHOP_003,29.0,3,Good
BIKE_19407,SHOP_009,29.0,2,Good
BIKE_18936,SHOP_004,22.0,3,Good
BIKE_04400,SHOP_012,51.0,1,Good
BIKE_06401,SHOP_009,21.0,1,Excellent
BIKE_06401,SHOP_003,21.0,3,Excellent
BIKE_26277,SHOP_012,50.0,2,Good
BIKE_10861,SHOP_009,27.0,2,Fair
BIKE_10861,SHOP_003,24.0,2,Excellent
BIKE_35274,SHOP_009,22.0,3,Good
BIKE_35274,SHOP_003,22.0,2,Good
BIKE_22888,SHOP_009,25.0,3,Excellent
BIKE_22888,SHOP_007,22.0,2,Excellent
BIKE_14607,SHOP_009,48.0,1,Good
BIKE_14607,SHOP_003,48.0,3,Good
BIKE_09986,SHOP_003,30.0,1,Good
BIKE_09986,SHOP_009,29.0,2,Fair
BIKE_02602,SHOP_009,26.0,1,Good
BIKE_02602,SHOP_003,24.0,3,Good
BIKE_01962,SHOP_003,21.0,1,Fair
BIKE_01962,SHOP_009,19.0,1,Good
BIKE_03115,SHOP_010,20.0,2,Good
BIKE_11898,SHOP_006,22.0,3,Fair
BIKE_11898,SHOP_001,19.0,1,Excellent
BIKE_33823,SHOP_006,10.0,2,Good
BIKE_34383,SHOP_006,24.0,3,Good
BIKE_34383,SHOP_003,22.0,1,Good
BIKE_35054,SHOP_003,43.0,3,Excellent
BIKE_31165,SHOP_003,33.0,3,Fair
BIKE_31165,SHOP_009,33.0,2,Excellent
BIKE_03067,SHOP_012,40.0,3,Excellent
BIKE_04455,SHOP_009,34.0,1,Excellent
BIKE_21475,SHOP_009,22.0,2,Good
BIKE_21475,SHOP_003,20.0,3,Excellent
BIKE_33540,SHOP_003,37.0,3,Good
BIKE_36734,SHOP_009,24.0,2,Good
BIKE_05226,SHOP_001,9.0,2,Good
BIKE_05226,SHOP_009,9.0,3,Fair
BIKE_25331,SHOP_003,25.0,1,Good
BIKE_25331,SHOP_009,23.0,3,Good
BIKE_14446,SHOP_009,12.0,3,Good
BIKE_14446,SHOP_003,12.0,1,Good
BIKE_19655,SHOP_009,31.0,2,Good
BIKE_16750,SHOP_003,22.0,1,Good
BIKE_36263,SHOP_006,11.0,3,Fair
BIKE_32367,SHOP_003,40.0,1,Good
BIKE_22544,SHOP_007,10.0,3,Excellent
BIKE_22544,SHOP_009,10.0,3,Good
BIKE_02445,SHOP_009,22.0,1,Fair
BIKE_02445,SHOP_003,21.0,3,Good
BIKE_18195,SHOP_012,45.0,3,Good
BIKE_02295,SHOP_006,8.0,2,Good
BIKE_02295,SHOP_001,11.0,3,Fair
BIKE_13197,SHOP_009,22.0,3,Excellent
BIKE_29740,SHOP_003,10.0,3,Good
BIKE_31369,SHOP_001,12.0,3,Fair
BIKE_03732,SHOP_003,23.0,1,Good
BIKE_10562,SHOP_006,21.0,3,Good
BIKE_05434,SHOP_003,25.0,3,Good
BIKE_05434,SHOP_009,22.0,2,Excellent
BIKE_12387,SHOP_009,28.0,2,Fair
BIKE_31206,SHOP_009,44.0,3,Good
BIKE_29026,SHOP_003,21.0,3,Good
BIKE_29026,SHOP_009,21.0,3,Good
BIKE_24079,SHOP_001,23.0,2,Good
BIKE_24079,SHOP_009,24.0,2,Good
BIKE_10421,SHOP_009,49.0,1,Good
BIKE_10421,SHOP_003,50.0,2,Good
BIKE_00628,SHOP_003,29.0,3,Good
BIKE_04500,SHOP_006,11.0,3,Good
BIKE_27727,SHOP_003,25.0,2,Excellent
BIKE_27727,SHOP_009,26.0,1,Good
BIKE_34570,SHOP_003,26.0,1,Good
BIKE_34570,SHOP_009,24.0,2,Good
BIKE_32361,SHOP_003,24.0,1,Excellent
BIKE_32361,SHOP_009,22.0,3,Good
BIKE_24967,SHOP_003,33.0,2,Good
BIKE_24967,SHOP_009,33.0,1,Fair
BIKE_08840,SHOP_003,32.0,2,Good
BIKE_19197,SHOP_009,35.0,1,Good
BIKE_11376,SHOP_004,21.0,2,Good
BIKE_08304,SHOP_012,43.0,2,Good
BIKE_18221,SHOP_006,9.0,2,Fair
BIKE_18221,SHOP_007,9.0,3,Fair
BIKE_21339,SHOP_009,8.0,2,Good
BIKE_17757,SHOP_001,11.0,2,Fair
BIKE_17757,SHOP_003,12.0,1,Good
BIKE_38556,SHOP_003,25.0,1,Good
BIKE_38556,SHOP_009,24.0,3,Good
BIKE_33018,SHOP_009,27.0,3,Good
BIKE_33018,SHOP_003,29.0,1,Good
BIKE_35622,SHOP_007,9.0,3,Good
BIKE_00376,SHOP_004,21.0,1,Good
BIKE_04056,SHOP_009,20.0,3,Fair
BIKE_31958,SHOP_009,44.0,1,Good
BIKE_31958,SHOP_003,47.0,1,Good
BIKE_02437,SHOP_007,21.0,1,Good
BIKE_02437,SHOP_006,21.0,1,Excellent
BIKE_32241,SHOP_009,34.0,2,Good
BIKE_30065,SHOP_003,24.0,3,Good
BIKE_11270,SHOP_007,9.0,1,Good
BIKE_37077,SHOP_009,30.0,3,Good
BIKE_05921,SHOP_001,10.0,2,Fair
BIKE_27061,SHOP_003,24.0,3,Good
BIKE_27061,SHOP_007,23.0,3,Good
BIKE_37289,SHOP_012,41.0,3,Good
BIKE_18926,SHOP_010,19.0,3,Fair
BIKE_30138,SHOP_012,44.0,3,Good
BIKE_27271,SHOP_003,22.0,2,Good
BIKE_27271,SHOP_009,23.0,3,Good
BIKE_08561,SHOP_012,52.0,3,Good
BIKE_19918,SHOP_009,22.0,2,Good
BIKE_19918,SHOP_004,22.0,3,Good
BIKE_12428,SHOP_009,36.0,2,Fair
BIKE_08829,SHOP_003,33.0,3,Fair
BIKE_08829,SHOP_009,33.0,3,Good
BIKE_37091,SHOP_001,11.0,1,Good
BIKE_37000,SHOP_004,19.0,3,Good
BIKE_36516,SHOP_006,12.0,2,Excellent
BIKE_36516,SHOP_001,11.0,3,Excellent
BIKE_04981,SHOP_009,49.0,2,Good
BIKE_01298,SHOP_003,33.0,3,Fair
BIKE_01298,SHOP_009,31.0,3,Excellent
BIKE_29399,SHOP_009,36.0,1,Good
BIKE_29399,SHOP_003,35.0,2,Excellent
BIKE_37367,SHOP_007,11.0,3,Fair
BIKE_37367,SHOP_009,10.0,1,Fair
BIKE_27441,SHOP_003,26.0,1,Excellent
BIKE_27441,SHOP_009,24.0,2,Good
BIKE_15049,SHOP_003,33.0,2,Good
BIKE_15049,SHOP_009,33.0,1,Good
BIKE_35531,SHOP_001,10.0,2,Good
BIKE_35531,SHOP_009,12.0,2,Good
BIKE_32161,SHOP_003,36.0,2,Good
BIKE_19833,SHOP_003,38.0,3,Good
BIKE_19833,SHOP_009,35.0,3,Fair
BIKE_36684,SHOP_003,48.0,3,Good
BIKE_36684,SHOP_009,49.0,2,Good
BIKE_29730,SHOP_009,30.0,1,Fair
BIKE_22109,SHOP_009,21.0,1,Good
BIKE_22109,SHOP_003,23.0,1,Excellent
BIKE_02126,SHOP_003,28.0,2,Good
BIKE_26719,SHOP_012,44.0,1,Good
BIKE_01045,SHOP_003,21.0,3,Good
BIKE_01045,SHOP_009,19.0,3,Good
BIKE_26467,SHOP_001,21.0,1,Good
BIKE_32286,SHOP_006,9.0,1,Fair
BIKE_32286,SHOP_003,12.0,2,Good
BIKE_10410,SHOP_003,21.0,3,Excellent
BIKE_10560,SHOP_003,30.0,2,Fair
BIKE_09523,SHOP_003,21.0,3,Excellent
BIKE_09523,SHOP_006,22.0,1,Good
BIKE_28678,SHOP_009,22.0,2,Fair
BIKE_28678,SHOP_003,24.0,3,Good
BIKE_08934,SHOP_003,41.0,3,Good
BIKE_08934,SHOP_009,42.0,2,Excellent
BIKE_35671,SHOP_009,22.0,1,Fair
BIKE_35671,SHOP_003,21.0,3,Good
BIKE_16586,SHOP_009,45.0,2,Good
BIKE_16586,SHOP_003,48.0,3,Good
BIKE_18628,SHOP_009,35.0,2,Good
BIKE_26455,SHOP_003,27.0,2,Good
BIKE_32531,SHOP_009,26.0,2,Good
BIKE_32531,SHOP_003,28.0,1,Fair
BIKE_09621,SHOP_003,25.0,1,Good
BIKE_09621,SHOP_009,22.0,3,Excellent
BIKE_05567,SHOP_009,36.0,2,Excellent
BIKE_05567,SHOP_003,36.0,2,Fair
BIKE_17555,SHOP_009,24.0,2,Excellent
BIKE_17555,SHOP_003,23.0,3,Fair
BIKE_04559,SHOP_007,22.0,2,Good
BIKE_27956,SHOP_007,10.0,3,Good
BIKE_27956,SHOP_009,10.0,3,Good
BIKE_26217,SHOP_003,34.0,3,Good
BIKE_38093,SHOP_003,36.0,1,Fair
BIKE_34498,SHOP_009,28.0,3,Good
BIKE_34498,SHOP_003,28.0,1,Good
BIKE_14865,SHOP_012,69.0,3,Good
BIKE_30591,SHOP_003,39.0,1,Good
BIKE_30591,SHOP_009,42.0,3,Good
BIKE_37073,SHOP_003,22.0,1,Fair
BIKE_37073,SHOP_009,23.0,1,Fair
BIKE_17590,SHOP_010,17.0,2,Good
BIKE_17720,SHOP_009,29.0,1,Good
BIKE_17720,SHOP_003,30.0,1,Good
BIKE_32114,SHOP_009,10.0,2,Good
BIKE_32114,SHOP_007,10.0,3,Fair
BIKE_00311,SHOP_003,34.0,1,Good
BIKE_37333,SHOP_003,20.0,1,Good
BIKE_31224,SHOP_007,12.0,1,Fair
BIKE_01681,SHOP_009,41.0,2,Fair
BIKE_01681,SHOP_003,41.0,3,Fair
BIKE_27767,SHOP_003,22.0,3,Excellent
BIKE_31785,SHOP_009,28.0,2,Excellent
BIKE_27525,SHOP_012,41.0,1,Good
BIKE_10398,SHOP_010,10.0,3,Good
BIKE_01491,SHOP_003,25.0,1,Fair
BIKE_01491,SHOP_009,27.0,3,Excellent
BIKE_06267,SHOP_003,30.0,2,Good
BIKE_19371,SHOP_003,26.0,1,Excellent
BIKE_28757,SHOP_003,29.0,2,Good
BIKE_04650,SHOP_007,22.0,3,Excellent
BIKE_04650,SHOP_001,25.0,3,Excellent
BIKE_31851,SHOP_004,22.0,3,Excellent
BIKE_31851,SHOP_010,22.0,3,Fair
BIKE_19271,SHOP_012,44.0,2,Good
BIKE_36340,SHOP_003,12.0,2,Excellent
BIKE_19803,SHOP_003,23.0,3,Fair
BIKE_01260,SHOP_009,35.0,3,Good
BIKE_11461,SHOP_007,8.0,2,Good
BIKE_11461,SHOP_006,8.0,1,Fair
BIKE_33784,SHOP_003,33.0,3,Good
BIKE_06580,SHOP_009,30.0,3,Good
BIKE_15475,SHOP_001,18.0,3,Excellent
BIKE_19144,SHOP_007,8.0,3,Good
BIKE_19144,SHOP_003,9.0,1,Excellent
BIKE_08403,SHOP_004,20.0,2,Good
BIKE_13823,SHOP_006,18.0,2,Excellent
BIKE_03021,SHOP_006,24.0,1,Good
BIKE_10031,SHOP_001,13.0,2,Good
BIKE_08290,SHOP_003,30.0,2,Good
BIKE_08290,SHOP_009,28.0,2,Good
BIKE_12891,SHOP_003,23.0,1,Excellent
BIKE_31223,SHOP_009,12.0,3,Good
BIKE_01383,SHOP_001,22.0,1,Good
BIKE_23647,SHOP_009,26.0,2,Good
BIKE_23647,SHOP_003,24.0,1,Good
BIKE_09441,SHOP_009,30.0,2,Excellent
BIKE_37199,SHOP_009,48.0,1,Good
BIKE_31804,SHOP_003,45.0,3,Fair
BIKE_33036,SHOP_009,21.0,1,Good
BIKE_24410,SHOP_009,32.0,3,Fair
BIKE_24410,SHOP_003,32.0,3,Good
BIKE_16828,SHOP_003,22.0,1,Good
BIKE_13319,SHOP_009,26.0,3,Good
BIKE_23358,SHOP_003,31.0,3,Fair
BIKE_23358,SHOP_009,32.0,1,Excellent
BIKE_02518,SHOP_009,21.0,3,Good
BIKE_02518,SHOP_003,22.0,1,Good
BIKE_34718,SHOP_009,32.0,1,Excellent
BIKE_34718,SHOP_003,32.0,1,Good
BIKE_25946,SHOP_012,42.0,1,Good
BIKE_32772,SHOP_012,45.0,3,Fair
BIKE_29891,SHOP_007,18.0,3,Good
BIKE_24328,SHOP_001,12.0,3,Excellent
BIKE_21432,SHOP_003,22.0,2,Excellent
BIKE_21432,SHOP_009,22.0,3,Good
BIKE_23423,SHOP_003,30.0,2,Good
BIKE_23423,SHOP_009,29.0,2,Excellent
BIKE_24445,SHOP_003,19.0,3,Good
BIKE_24445,SHOP_009,23.0,3,Excellent
BIKE_34506,SHOP_009,23.0,3,Good
BIKE_34506,SHOP_003,21.0,2,Good
BIKE_38389,SHOP_003,24.0,3,Fair
BIKE_32168,SHOP_009,50.0,1,Good
BIKE_32168,SHOP_003,49.0,3,Good
BIKE_17471,SHOP_009,29.0,3,Fair
BIKE_31841,SHOP_003,40.0,2,Good
BIKE_33068,SHOP_003,42.0,1,Good
BIKE_33068,SHOP_009,42.0,3,Fair
BIKE_06778,SHOP_003,25.0,2,Fair
BIKE_06778,SHOP_009,23.0,3,Good
BIKE_36246,SHOP_006,9.0,2,Good
BIKE_35325,SHOP_009,24.0,3,Good
BIKE_35325,SHOP_003,24.0,2,Good
BIKE_18894,SHOP_009,30.0,1,Good
BIKE_18894,SHOP_003,32.0,3,Good
BIKE_33446,SHOP_003,22.0,2,Good
BIKE_24752,SHOP_001,22.0,2,Good
BIKE_27287,SHOP_003,25.0,3,Good
BIKE_06802,SHOP_012,43.0,1,Good
BIKE_05504,SHOP_007,9.0,2,Fair
BIKE_13179,SHOP_009,39.0,1,Excellent
BIKE_13179,SHOP_003,39.0,2,Good
BIKE_33580,SHOP_003,27.0,3,Good
BIKE_33580,SHOP_009,24.0,1,Good
BIKE_37670,SHOP_009,12.0,1,Excellent
BIKE_37670,SHOP_003,11.0,1,Good
BIKE_16356,SHOP_009,24.0,1,Good
BIKE_00942,SHOP_003,37.0,3,Good
BIKE_00116,SHOP_003,33.0,2,Fair
BIKE_10959,SHOP_003,20.0,1,Good
BIKE_10959,SHOP_004,19.0,2,Excellent
BIKE_02213,SHOP_003,29.0,1,Good
BIKE_02213,SHOP_009,29.0,1,Good
BIKE_31205,SHOP_009,28.0,1,Excellent
BIKE_29028,SHOP_009,28.0,2,Excellent
BIKE_29028,SHOP_003,28.0,3,Good
BIKE_05114,SHOP_003,11.0,1,Good
BIKE_05114,SHOP_009,9.0,3,Excellent
BIKE_11013,SHOP_003,28.0,1,Fair
BIKE_12431,SHOP_006,24.0,3,Good
BIKE_12431,SHOP_004,23.0,2,Excellent
BIKE_03979,SHOP_007,20.0,3,Good
BIKE_03979,SHOP_010,18.0,2,Good
BIKE_34139,SHOP_007,21.0,2,Fair
BIKE_34139,SHOP_004,21.0,1,Good
BIKE_16190,SHOP_012,45.0,1,Excellent
BIKE_11379,SHOP_009,42.0,1,Good
BIKE_11379,SHOP_003,38.0,2,Fair
BIKE_09027,SHOP_001,18.0,3,Excellent
BIKE_20418,SHOP_012,70.0,3,Good
BIKE_34976,SHOP_009,40.0,1,Good
BIKE_37215,SHOP_003,33.0,3,Fair
BIKE_37215,SHOP_009,32.0,2,Good
BIKE_07191,SHOP_003,36.0,2,Good
BIKE_07191,SHOP_009,38.0,2,Good
BIKE_10536,SHOP_003,23.0,3,Good
BIKE_10536,SHOP_009,24.0,3,Good
BIKE_18183,SHOP_006,22.0,2,Good
BIKE_17867,SHOP_009,19.0,3,Good
BIKE_17867,SHOP_003,19.0,2,Good
BIKE_32422,SHOP_009,26.0,2,Fair
BIKE_32422,SHOP_003,28.0,1,Fair
BIKE_33475,SHOP_010,19.0,1,Good
BIKE_06134,SHOP_003,9.0,3,Fair
BIKE_06134,SHOP_001,9.0,2,Good
BIKE_34186,SHOP_007,12.0,2,Good
BIKE_24490,SHOP_012,43.0,2,Excellent
BIKE_29083,SHOP_012,47.0,2,Good
BIKE_34715,SHOP_012,56.0,3,Good
BIKE_04504,SHOP_009,27.0,1,Excellent
BIKE_25139,SHOP_003,9.0,1,Good
BIKE_25139,SHOP_009,11.0,2,Fair
BIKE_14638,SHOP_001,10.0,1,Good
BIKE_14638,SHOP_009,11.0,3,Good
BIKE_31234,SHOP_007,9.0,3,Excellent
BIKE_31234,SHOP_003,10.0,2,Excellent
BIKE_13983,SHOP_009,34.0,2,Good
BIKE_13983,SHOP_003,30.0,1,Excellent
BIKE_22184,SHOP_003,35.0,2,Good
BIKE_22184,SHOP_009,35.0,3,Good
BIKE_10951,SHOP_003,34.0,2,Good
BIKE_10951,SHOP_009,34.0,1,Good
BIKE_34025,SHOP_009,35.0,3,Good
BIKE_12892,SHOP_009,28.0,3,Good
BIKE_28943,SHOP_001,10.0,1,Good
BIKE_05455,SHOP_001,18.0,2,Fair
BIKE_05455,SHOP_010,19.0,1,Excellent
BIKE_10274,SHOP_003,26.0,3,Good
BIKE_16266,SHOP_006,19.0,3,Fair
BIKE_00626,SHOP_009,44.0,3,Fair
BIKE_00626,SHOP_003,46.0,3,Good
BIKE_04998,SHOP_009,41.0,3,Fair
BIKE_07462,SHOP_003,29.0,2,Fair
BIKE_11099,SHOP_003,32.0,3,Good
BIKE_11099,SHOP_009,32.0,3,Fair
BIKE_07986,SHOP_003,22.0,2,Good
BIKE_09598,SHOP_001,10.0,1,Fair
BIKE_09598,SHOP_007,9.0,2,Fair
BIKE_15266,SHOP_010,25.0,1,Good
BIKE_13272,SHOP_009,26.0,1,Good
BIKE_17949,SHOP_012,41.0,1,Good
BIKE_15532,SHOP_004,22.0,1,Excellent
BIKE_23712,SHOP_003,24.0,3,Fair
BIKE_23712,SHOP_009,22.0,2,Fair
BIKE_33182,SHOP_009,29.0,2,Good
BIKE_33182,SHOP_003,29.0,2,Excellent
BIKE_28653,SHOP_009,21.0,2,Good
BIKE_07656,SHOP_010,18.0,3,Good
BIKE_07656,SHOP_004,19.0,3,Good
BIKE_03100,SHOP_012,48.0,3,Good
BIKE_24409,SHOP_003,26.0,1,Fair
BIKE_04237,SHOP_009,23.0,1,Fair
BIKE_01959,SHOP_006,22.0,3,Good
BIKE_01959,SHOP_001,21.0,2,Good
BIKE_31934,SHOP_003,37.0,3,Good
BIKE_13836,SHOP_009,28.0,1,Good
BIKE_37105,SHOP_009,39.0,2,Fair
BIKE_37105,SHOP_003,37.0,1,Good
BIKE_36211,SHOP_001,19.0,2,Excellent
BIKE_36211,SHOP_004,20.0,3,Good
BIKE_29053,SHOP_009,24.0,1,Good
BIKE_21898,SHOP_009,28.0,2,Fair
BIKE_21898,SHOP_003,30.0,2,Fair
BIKE_26758,SHOP_003,8.0,3,Good
BIKE_30847,SHOP_003,47.0,1,Good
BIKE_30847,SHOP_009,46.0,1,Good
BIKE_35814,SHOP_009,34.0,3,Excellent
BIKE_22868,SHOP_003,28.0,1,Good
BIKE_22868,SHOP_009,27.0,3,Good
BIKE_38220,SHOP_003,19.0,3,Excellent
BIKE_38220,SHOP_009,18.0,2,Good
BIKE_28076,SHOP_003,25.0,3,Fair
BIKE_28076,SHOP_009,25.0,3,Good
BIKE_08480,SHOP_009,36.0,3,Good
BIKE_08480,SHOP_003,37.0,1,Excellent
BIKE_36421,SHOP_009,21.0,2,Good
BIKE_13867,SHOP_001,9.0,2,Good
BIKE_13867,SHOP_003,10.0,2,Good
BIKE_00952,SHOP_007,10.0,2,Fair
BIKE_00952,SHOP_009,9.0,3,Good
BIKE_03002,SHOP_009,38.0,2,Excellent
BIKE_33416,SHOP_009,9.0,3,Excellent
BIKE_33416,SHOP_007,10.0,1,Fair
BIKE_32845,SHOP_003,13.0,3,Fair
BIKE_14113,SHOP_012,39.0,2,Good
BIKE_29895,SHOP_009,24.0,3,Excellent
BIKE_33395,SHOP_001,11.0,1,Good
BIKE_33395,SHOP_003,11.0,1,Excellent
BIKE_12837,SHOP_003,43.0,3,Excellent
BIKE_14262,SHOP_003,24.0,1,Good
BIKE_14262,SHOP_009,24.0,3,Good
BIKE_08908,SHOP_001,12.0,2,Fair
BIKE_08908,SHOP_007,9.0,1,Good
BIKE_14348,SHOP_009,19.0,3,Fair
BIKE_00034,SHOP_009,32.0,2,Good
BIKE_00034,SHOP_003,35.0,3,Fair
BIKE_31019,SHOP_009,37.0,3,Fair
BIKE_04800,SHOP_009,20.0,2,Good
BIKE_01863,SHOP_003,10.0,3,Fair
BIKE_28654,SHOP_003,30.0,1,Good
BIKE_28654,SHOP_009,30.0,1,Fair
BIKE_10595,SHOP_003,42.0,1,Good
BIKE_10595,SHOP_009,43.0,2,Good
BIKE_38454,SHOP_003,31.0,1,Good
BIKE_28342,SHOP_003,24.0,2,Good
BIKE_28342,SHOP_006,26.0,2,Fair
BIKE_09289,SHOP_009,30.0,3,Good
BIKE_09289,SHOP_003,31.0,3,Good
BIKE_02592,SHOP_003,30.0,2,Good
BIKE_26187,SHOP_009,19.0,3,Good
BIKE_03833,SHOP_009,31.0,1,Good
BIKE_03833,SHOP_003,31.0,1,Good
BIKE_07577,SHOP_004,17.0,3,Good
BIKE_07577,SHOP_003,19.0,2,Fair
BIKE_18427,SHOP_009,21.0,1,Fair
BIKE_18427,SHOP_006,19.0,3,Good
BIKE_26720,SHOP_009,32.0,3,Good
BIKE_16470,SHOP_003,13.0,3,Good
BIKE_16470,SHOP_001,12.0,3,Good
BIKE_04519,SHOP_003,9.0,2,Excellent
BIKE_04519,SHOP_001,9.0,1,Good
BIKE_03735,SHOP_003,21.0,2,Good
BIKE_03735,SHOP_009,23.0,2,Fair
BIKE_35927,SHOP_006,11.0,2,Good
BIKE_35927,SHOP_001,10.0,3,Good
BIKE_37538,SHOP_012,87.0,3,Good
BIKE_08898,SHOP_001,23.0,2,Good
BIKE_08898,SHOP_009,24.0,3,Good
BIKE_24412,SHOP_003,21.0,2,Good
BIKE_24412,SHOP_006,20.0,3,Good
BIKE_31098,SHOP_009,22.0,2,Good
BIKE_31098,SHOP_003,24.0,1,Fair
BIKE_30751,SHOP_003,26.0,2,Fair
BIKE_32895,SHOP_009,37.0,1,Fair
BIKE_32895,SHOP_003,36.0,1,Good
BIKE_29788,SHOP_009,32.0,2,Good
BIKE_29788,SHOP_003,31.0,1,Good
BIKE_01793,SHOP_003,21.0,3,Good
BIKE_20235,SHOP_003,23.0,2,Good
BIKE_32462,SHOP_003,29.0,3,Excellent
BIKE_33433,SHOP_003,22.0,2,Good
BIKE_34719,SHOP_009,44.0,2,Excellent
BIKE_30965,SHOP_003,29.0,1,Excellent
BIKE_30965,SHOP_009,32.0,2,Excellent
BIKE_29882,SHOP_001,20.0,2,Good
BIKE_29882,SHOP_004,20.0,3,Good
BIKE_22565,SHOP_009,32.0,1,Good
BIKE_01761,SHOP_003,38.0,1,Fair
BIKE_01761,SHOP_009,39.0,3,Good
BIKE_32958,SHOP_003,31.0,2,Good
BIKE_08658,SHOP_003,24.0,2,Good
BIKE_08658,SHOP_009,26.0,2,Good
BIKE_28027,SHOP_001,9.0,1,Good
BIKE_05325,SHOP_009,51.0,3,Fair
BIKE_07315,SHOP_009,26.0,2,Fair
BIKE_07315,SHOP_003,26.0,1,Fair
BIKE_18194,SHOP_003,36.0,1,Excellent
BIKE_18194,SHOP_009,36.0,1,Good
BIKE_20371,SHOP_003,35.0,2,Fair
BIKE_20371,SHOP_009,33.0,3,Good
BIKE_37740,SHOP_007,10.0,3,Good
BIKE_27113,SHOP_009,20.0,3,Good
BIKE_27113,SHOP_003,19.0,1,Good
BIKE_11849,SHOP_012,44.0,2,Good
BIKE_21680,SHOP_003,12.0,2,Good
BIKE_19365,SHOP_009,23.0,2,Fair
BIKE_19365,SHOP_003,23.0,2,Excellent
BIKE_06275,SHOP_003,23.0,3,Good
BIKE_06275,SHOP_009,22.0,1,Good
BIKE_25545,SHOP_009,46.0,3,Good
BIKE_11754,SHOP_001,10.0,2,Excellent
BIKE_11754,SHOP_006,10.0,3,Fair
BIKE_00200,SHOP_003,32.0,3,Good
BIKE_17961,SHOP_001,23.0,2,Excellent
BIKE_04943,SHOP_009,20.0,1,Good
BIKE_16329,SHOP_007,19.0,2,Fair
BIKE_16329,SHOP_009,20.0,3,Good
BIKE_32392,SHOP_006,11.0,1,Good
BIKE_35843,SHOP_003,46.0,3,Good
BIKE_35843,SHOP_009,44.0,3,Fair
BIKE_13819,SHOP_012,42.0,1,Excellent
BIKE_17023,SHOP_009,33.0,2,Excellent
BIKE_17023,SHOP_003,33.0,2,Good
BIKE_31130,SHOP_007,10.0,2,Fair
BIKE_10755,SHOP_009,21.0,3,Good
BIKE_25664,SHOP_007,10.0,2,Fair
BIKE_25664,SHOP_009,12.0,1,Good
BIKE_32194,SHOP_009,27.0,2,Good
BIKE_32194,SHOP_003,26.0,2,Good
BIKE_17736,SHOP_009,21.0,2,Fair
BIKE_10880,SHOP_009,34.0,3,Excellent
BIKE_00780,SHOP_003,25.0,2,Fair
BIKE_23316,SHOP_009,11.0,2,Good
BIKE_16572,SHOP_009,22.0,1,Good
BIKE_13754,SHOP_009,33.0,2,Fair
BIKE_13754,SHOP_003,33.0,2,Good
BIKE_28019,SHOP_003,40.0,3,Fair
BIKE_28019,SHOP_009,39.0,2,Fair
BIKE_01856,SHOP_003,20.0,1,Excellent
BIKE_18963,SHOP_003,42.0,2,Good
BIKE_18963,SHOP_009,39.0,3,Good
BIKE_34938,SHOP_010,18.0,3,Excellent
BIKE_02588,SHOP_009,25.0,1,Good
BIKE_33127,SHOP_009,44.0,3,Fair
BIKE_36233,SHOP_004,20.0,1,Excellent
BIKE_36233,SHOP_010,23.0,1,Good
BIKE_20038,SHOP_003,31.0,2,Good
BIKE_20038,SHOP_009,29.0,1,Good
BIKE_04518,SHOP_009,32.0,3,Fair
BIKE_00369,SHOP_009,29.0,2,Excellent
BIKE_15199,SHOP_001,22.0,1,Good
BIKE_25460,SHOP_003,27.0,3,Fair
BIKE_07563,SHOP_009,26.0,3,Good
BIKE_07563,SHOP_003,25.0,2,Good
BIKE_37999,SHOP_003,23.0,3,Good
BIKE_05757,SHOP_006,22.0,3,Good
BIKE_07571,SHOP_009,28.0,1,Good
BIKE_06048,SHOP_009,31.0,1,Fair
BIKE_24706,SHOP_012,42.0,1,Good
BIKE_27908,SHOP_006,10.0,3,Good
BIKE_27908,SHOP_007,9.0,3,Good
BIKE_33027,SHOP_003,22.0,2,Fair
BIKE_33027,SHOP_009,21.0,1,Fair
BIKE_11208,SHOP_003,29.0,3,Good
BIKE_22235,SHOP_003,22.0,1,Good
BIKE_22235,SHOP_001,25.0,3,Good
BIKE_05667,SHOP_009,28.0,3,Good
BIKE_05667,SHOP_003,30.0,1,Good
BIKE_06149,SHOP_009,23.0,3,Good
BIKE_06149,SHOP_003,23.0,1,Fair
BIKE_20342,SHOP_009,27.0,2,Good
BIKE_20342,SHOP_003,29.0,3,Good
BIKE_19501,SHOP_009,19.0,2,Fair
BIKE_07030,SHOP_001,9.0,3,Excellent
BIKE_09590,SHOP_003,28.0,3,Good
BIKE_09590,SHOP_009,28.0,2,Fair
BIKE_36341,SHOP_007,10.0,3,Good
BIKE_36341,SHOP_001,8.0,3,Good
BIKE_23000,SHOP_006,21.0,1,Good
BIKE_23000,SHOP_010,21.0,3,Fair
BIKE_11562,SHOP_009,29.0,2,Good
BIKE_06043,SHOP_003,22.0,2,Excellent
BIKE_06043,SHOP_009,24.0,2,Fair
BIKE_17113,SHOP_003,31.0,2,Fair
BIKE_17113,SHOP_009,33.0,1,Good
BIKE_28995,SHOP_004,20.0,1,Excellent
BIKE_28995,SHOP_006,20.0,3,Good
BIKE_29174,SHOP_007,18.0,2,Good
BIKE_16706,SHOP_009,36.0,2,Good
BIKE_16706,SHOP_003,36.0,2,Good
BIKE_12208,SHOP_009,24.0,3,Excellent
BIKE_12127,SHOP_012,64.0,2,Good
BIKE_13596,SHOP_003,33.0,1,Good
BIKE_13596,SHOP_009,32.0,3,Excellent
BIKE_00697,SHOP_003,29.0,3,Good
BIKE_09087,SHOP_003,23.0,3,Good
BIKE_09087,SHOP_009,21.0,2,Fair
BIKE_29782,SHOP_003,29.0,2,Excellent
BIKE_29782,SHOP_009,29.0,1,Good
BIKE_01288,SHOP_007,11.0,3,Good
BIKE_01288,SHOP_001,9.0,2,Good
BIKE_00517,SHOP_003,29.0,1,Good
BIKE_34264,SHOP_003,45.0,2,Fair
BIKE_34264,SHOP_009,46.0,1,Good
BIKE_22856,SHOP_007,8.0,1,Good
BIKE_22856,SHOP_009,10.0,3,Good
BIKE_20794,SHOP_004,21.0,1,Good
BIKE_20794,SHOP_010,23.0,1,Good
BIKE_03128,SHOP_007,8.0,3,Excellent
BIKE_03128,SHOP_009,8.0,2,Good
BIKE_32091,SHOP_012,41.0,2,Good
BIKE_02896,SHOP_004,18.0,2,Good
BIKE_02896,SHOP_001,20.0,1,Excellent
BIKE_31975,SHOP_009,23.0,3,Good
BIKE_31975,SHOP_010,20.0,3,Good
BIKE_13726,SHOP_007,10.0,1,Fair
BIKE_13726,SHOP_009,11.0,3,Good
BIKE_27906,SHOP_003,22.0,3,Fair
BIKE_06839,SHOP_009,28.0,2,Excellent
BIKE_24128,SHOP_012,44.0,2,Excellent
BIKE_24739,SHOP_003,33.0,3,Good
BIKE_24739,SHOP_009,31.0,1,Excellent
BIKE_14108,SHOP_009,50.0,1,Good
BIKE_14108,SHOP_003,50.0,1,Fair
BIKE_09936,SHOP_009,25.0,3,Good
BIKE_03298,SHOP_003,40.0,3,Fair
BIKE_26694,SHOP_012,64.0,1,Excellent
BIKE_11591,SHOP_007,9.0,3,Good
BIKE_34092,SHOP_009,28.0,2,Good
BIKE_01717,SHOP_012,44.0,2,Good
BIKE_03916,SHOP_009,20.0,3,Good
BIKE_16518,SHOP_012,45.0,3,Good
BIKE_15521,SHOP_003,25.0,1,Good
BIKE_28243,SHOP_003,21.0,1,Fair
BIKE_34553,SHOP_004,18.0,3,Excellent
BIKE_34553,SHOP_001,18.0,3,Good
BIKE_12338,SHOP_009,37.0,2,Fair
BIKE_12338,SHOP_003,36.0,2,Good
BIKE_15050,SHOP_009,30.0,3,Good
BIKE_15050,SHOP_003,31.0,1,Excellent
BIKE_13455,SHOP_009,30.0,3,Excellent
BIKE_24414,SHOP_003,26.0,3,Good
BIKE_08178,SHOP_003,9.0,2,Good
BIKE_08178,SHOP_007,11.0,2,Good
BIKE_36427,SHOP_009,22.0,2,Good
BIKE_36427,SHOP_007,22.0,1,Good
BIKE_01448,SHOP_009,27.0,2,Good
BIKE_01448,SHOP_003,25.0,3,Good
BIKE_17005,SHOP_003,31.0,3,Good
BIKE_07615,SHOP_009,36.0,2,Good
BIKE_07615,SHOP_003,35.0,1,Good
BIKE_07449,SHOP_003,30.0,3,Excellent
BIKE_07449,SHOP_009,29.0,2,Good
BIKE_20271,SHOP_009,29.0,3,Fair
BIKE_05199,SHOP_010,21.0,2,Good
BIKE_05199,SHOP_007,24.0,2,Good
BIKE_20628,SHOP_007,9.0,2,Excellent
BIKE_04219,SHOP_003,20.0,3,Excellent
BIKE_37223,SHOP_009,30.0,3,Good
BIKE_37223,SHOP_003,30.0,3,Fair
BIKE_37312,SHOP_003,37.0,1,Fair
BIKE_16918,SHOP_009,40.0,3,Good
BIKE_32447,SHOP_009,46.0,3,Good
BIKE_06663,SHOP_007,10.0,2,Good
BIKE_06663,SHOP_009,9.0,1,Good
BIKE_03707,SHOP_001,18.0,2,Fair
BIKE_03707,SHOP_010,20.0,1,Good
BIKE_23208,SHOP_012,40.0,2,Good
BIKE_09778,SHOP_009,21.0,3,Good
BIKE_09778,SHOP_001,20.0,1,Excellent
BIKE_23655,SHOP_003,30.0,2,Fair
BIKE_23655,SHOP_009,28.0,2,Good
BIKE_29775,SHOP_003,30.0,3,Good
BIKE_29775,SHOP_009,30.0,2,Fair
BIKE_24555,SHOP_003,23.0,1,Excellent
BIKE_24555,SHOP_009,24.0,2,Excellent
BIKE_27517,SHOP_006,23.0,3,Good
BIKE_02894,SHOP_009,46.0,2,Fair
BIKE_02894,SHOP_003,46.0,2,Good
BIKE_06108,SHOP_001,10.0,2,Good
BIKE_27995,SHOP_001,9.0,2,Good
BIKE_32804,SHOP_003,46.0,2,Good
BIKE_06049,SHOP_007,8.0,1,Excellent
BIKE_20995,SHOP_009,21.0,2,Excellent
BIKE_20995,SHOP_003,23.0,1,Excellent
BIKE_08225,SHOP_003,21.0,3,Fair
BIKE_21495,SHOP_012,84.0,3,Good
BIKE_07573,SHOP_003,36.0,2,Good
BIKE_18241,SHOP_012,43.0,2,Fair
BIKE_19519,SHOP_009,42.0,1,Good
BIKE_19519,SHOP_003,46.0,1,Good
BIKE_12029,SHOP_007,23.0,2,Good
BIKE_12029,SHOP_009,20.0,2,Fair
BIKE_28485,SHOP_009,42.0,1,Good
BIKE_03820,SHOP_009,23.0,1,Good
BIKE_29147,SHOP_009,24.0,3,Fair
BIKE_29167,SHOP_003,27.0,2,Excellent
BIKE_31082,SHOP_001,21.0,1,Fair
BIKE_36780,SHOP_010,18.0,2,Good
BIKE_33118,SHOP_003,41.0,2,Good
BIKE_33118,SHOP_009,41.0,1,Good
BIKE_15962,SHOP_012,47.0,3,Good
BIKE_34726,SHOP_007,10.0,2,Excellent
BIKE_34726,SHOP_003,12.0,2,Good
BIKE_06188,SHOP_003,32.0,3,Good
BIKE_06188,SHOP_009,28.0,1,Good
BIKE_06014,SHOP_009,39.0,3,Good
BIKE_06014,SHOP_003,37.0,1,Good
BIKE_25891,SHOP_003,27.0,1,Good
BIKE_04405,SHOP_009,45.0,3,Good
BIKE_18459,SHOP_009,22.0,1,Good
BIKE_18459,SHOP_003,21.0,2,Good
BIKE_19068,SHOP_003,27.0,1,Excellent
BIKE_09876,SHOP_001,22.0,1,Excellent
BIKE_37808,SHOP_001,21.0,2,Good
BIKE_38423,SHOP_009,30.0,1,Good
BIKE_38423,SHOP_003,28.0,1,Good
BIKE_08020,SHOP_003,31.0,1,Good
BIKE_08020,SHOP_009,32.0,2,Good
BIKE_03660,SHOP_009,42.0,1,Good
BIKE_03660,SHOP_003,42.0,1,Excellent
BIKE_16894,SHOP_009,10.0,2,Excellent
BIKE_22137,SHOP_009,24.0,2,Excellent
BIKE_30032,SHOP_003,23.0,2,Good
BIKE_14032,SHOP_009,36.0,3,Excellent
BIKE_14032,SHOP_003,37.0,1,Excellent
BIKE_18005,SHOP_003,20.0,3,Excellent
BIKE_11550,SHOP_009,10.0,3,Fair
BIKE_11550,SHOP_007,9.0,1,Good
BIKE_21454,SHOP_012,46.0,1,Fair
BIKE_33632,SHOP_003,46.0,1,Excellent
BIKE_01496,SHOP_007,9.0,2,Fair
BIKE_01496,SHOP_003,11.0,1,Good
BIKE_29198,SHOP_003,10.0,1,Good
BIKE_29198,SHOP_006,10.0,1,Good
BIKE_34951,SHOP_003,25.0,1,Excellent
BIKE_18611,SHOP_004,20.0,2,Good
BIKE_14068,SHOP_003,22.0,2,Good
BIKE_14068,SHOP_009,22.0,3,Excellent
BIKE_29910,SHOP_009,33.0,2,Excellent
BIKE_33525,SHOP_009,29.0,2,Fair
BIKE_25141,SHOP_009,30.0,1,Excellent
BIKE_31665,SHOP_009,21.0,2,Good
BIKE_18532,SHOP_006,23.0,2,Good
BIKE_29688,SHOP_003,16.0,2,Good
BIKE_30278,SHOP_010,19.0,3,Excellent
BIKE_30278,SHOP_004,18.0,3,Good
BIKE_34779,SHOP_009,20.0,2,Good
BIKE_01248,SHOP_006,20.0,1,Good
BIKE_01248,SHOP_004,17.0,2,Excellent
BIKE_14848,SHOP_003,25.0,1,Good
BIKE_14848,SHOP_009,25.0,3,Fair
BIKE_18878,SHOP_003,26.0,3,Good
BIKE_11779,SHOP_009,25.0,3,Fair
BIKE_16773,SHOP_007,8.0,3,Fair
BIKE_16773,SHOP_006,9.0,3,Excellent
BIKE_08375,SHOP_003,29.0,2,Good
BIKE_08375,SHOP_009,28.0,3,Excellent
BIKE_22846,SHOP_003,51.0,1,Fair
BIKE_22846,SHOP_009,48.0,3,Excellent
BIKE_05233,SHOP_006,11.0,3,Good
BIKE_19983,SHOP_009,32.0,3,Fair
BIKE_14722,SHOP_003,24.0,3,Excellent
BIKE_35279,SHOP_006,11.0,2,Good
BIKE_35279,SHOP_001,11.0,1,Fair
BIKE_30201,SHOP_003,38.0,1,Good
BIKE_30201,SHOP_009,37.0,3,Good
BIKE_31864,SHOP_007,11.0,3,Good
BIKE_31864,SHOP_009,10.0,2,Good
BIKE_32614,SHOP_012,44.0,2,Good
BIKE_16883,SHOP_004,11.0,2,Good
BIKE_34247,SHOP_003,30.0,3,Good
BIKE_14273,SHOP_012,61.0,3,Good
BIKE_23346,SHOP_009,23.0,3,Good
BIKE_23346,SHOP_003,24.0,1,Good
BIKE_26012,SHOP_012,43.0,2,Fair
BIKE_25593,SHOP_001,11.0,1,Fair
BIKE_18243,SHOP_009,30.0,1,Fair
BIKE_25243,SHOP_009,38.0,3,Excellent
BIKE_24499,SHOP_009,20.0,1,Excellent
BIKE_00279,SHOP_009,31.0,2,Good
BIKE_21459,SHOP_006,22.0,2,Fair
BIKE_34243,SHOP_003,26.0,2,Good
BIKE_34243,SHOP_009,27.0,1,Good
BIKE_13131,SHOP_003,9.0,2,Fair
BIKE_13131,SHOP_006,9.0,1,Excellent
BIKE_30202,SHOP_009,49.0,3,Fair
BIKE_30202,SHOP_003,51.0,2,Good
BIKE_10981,SHOP_003,23.0,2,Good
BIKE_35681,SHOP_009,29.0,2,Good
BIKE_35681,SHOP_003,28.0,3,Excellent
BIKE_06797,SHOP_007,23.0,2,Excellent
BIKE_25134,SHOP_003,9.0,1,Fair
BIKE_15001,SHOP_009,40.0,3,Fair
BIKE_15001,SHOP_003,40.0,3,Good
BIKE_32806,SHOP_009,25.0,2,Good
BIKE_32806,SHOP_003,25.0,2,Good
BIKE_14508,SHOP_003,28.0,1,Good
BIKE_14508,SHOP_009,28.0,3,Good
BIKE_03155,SHOP_009,18.0,2,Good
BIKE_07321,SHOP_007,12.0,2,Good
BIKE_07321,SHOP_009,10.0,1,Good
BIKE_34689,SHOP_003,32.0,2,Good
BIKE_34689,SHOP_009,31.0,2,Good
BIKE_08871,SHOP_003,30.0,1,Good
BIKE_08871,SHOP_009,27.0,1,Excellent
BIKE_17298,SHOP_003,24.0,2,Good
BIKE_16834,SHOP_003,32.0,1,Good
BIKE_16834,SHOP_009,31.0,2,Excellent
BIKE_04448,SHOP_001,10.0,3,Fair
BIKE_08737,SHOP_003,31.0,1,Excellent
BIKE_25177,SHOP_009,30.0,1,Fair
BIKE_38313,SHOP_009,37.0,1,Good
BIKE_38313,SHOP_003,37.0,3,Good
BIKE_08897,SHOP_009,42.0,1,Good
BIKE_08897,SHOP_003,44.0,1,Good
BIKE_22859,SHOP_009,23.0,3,Good
BIKE_33634,SHOP_009,24.0,3,Excellent
BIKE_33634,SHOP_003,23.0,3,Good
BIKE_06514,SHOP_003,21.0,3,Fair
BIKE_06514,SHOP_009,20.0,3,Good
BIKE_21235,SHOP_009,26.0,3,Good
BIKE_20310,SHOP_009,9.0,1,Excellent
BIKE_37533,SHOP_003,11.0,3,Good
BIKE_37533,SHOP_009,9.0,1,Good
BIKE_24863,SHOP_009,35.0,2,Good
BIKE_24863,SHOP_003,36.0,3,Excellent
BIKE_36393,SHOP_007,9.0,2,Good
BIKE_36393,SHOP_003,11.0,3,Excellent
BIKE_03068,SHOP_009,17.0,1,Good
BIKE_03068,SHOP_010,19.0,1,Good
BIKE_01758,SHOP_012,47.0,1,Fair
BIKE_02754,SHOP_009,21.0,2,Good
BIKE_30592,SHOP_009,22.0,3,Good
BIKE_30592,SHOP_003,25.0,2,Good
BIKE_31834,SHOP_009,22.0,3,Excellent
BIKE_08555,SHOP_003,22.0,3,Good
BIKE_16807,SHOP_009,24.0,2,Good
BIKE_16807,SHOP_003,25.0,2,Good
BIKE_27795,SHOP_009,34.0,2,Fair
BIKE_29584,SHOP_003,40.0,2,Excellent
BIKE_29584,SHOP_009,40.0,3,Good
BIKE_19993,SHOP_012,48.0,3,Good
BIKE_26173,SHOP_003,11.0,3,Good
BIKE_35682,SHOP_001,24.0,1,Excellent
BIKE_35682,SHOP_006,21.0,1,Good
BIKE_29515,SHOP_006,9.0,1,Good
BIKE_29515,SHOP_007,9.0,3,Good
BIKE_19434,SHOP_003,28.0,1,Excellent
BIKE_01575,SHOP_009,21.0,3,Fair
BIKE_29068,SHOP_007,22.0,3,Excellent
BIKE_29068,SHOP_001,21.0,1,Fair
BIKE_26067,SHOP_007,11.0,2,Good
BIKE_22836,SHOP_003,24.0,3,Excellent
BIKE_22836,SHOP_009,22.0,2,Good
BIKE_18359,SHOP_009,28.0,2,Good
BIKE_27018,SHOP_003,30.0,3,Excellent
BIKE_27018,SHOP_009,31.0,2,Good
BIKE_05857,SHOP_001,21.0,2,Good
BIKE_21821,SHOP_003,24.0,1,Excellent
BIKE_21821,SHOP_009,26.0,1,Good
BIKE_07268,SHOP_009,26.0,2,Fair
BIKE_07268,SHOP_003,26.0,1,Good
BIKE_35232,SHOP_003,37.0,1,Good
BIKE_22239,SHOP_003,26.0,1,Good
BIKE_03585,SHOP_003,26.0,2,Excellent
BIKE_36291,SHOP_007,21.0,2,Good
BIKE_36291,SHOP_006,20.0,3,Excellent
BIKE_01227,SHOP_009,19.0,1,Fair
BIKE_01227,SHOP_004,21.0,1,Excellent
BIKE_15069,SHOP_009,24.0,2,Excellent
BIKE_15069,SHOP_003,23.0,2,Good
BIKE_37336,SHOP_003,30.0,3,Excellent
BIKE_25030,SHOP_007,8.0,1,Good
BIKE_29262,SHOP_003,39.0,2,Good
BIKE_29262,SHOP_009,38.0,2,Fair
BIKE_24974,SHOP_009,27.0,2,Good
BIKE_02960,SHOP_009,24.0,1,Fair
BIKE_02960,SHOP_003,25.0,2,Good
BIKE_19498,SHOP_004,17.0,3,Good
BIKE_13150,SHOP_007,20.0,3,Excellent
BIKE_13150,SHOP_006,19.0,2,Fair
BIKE_19683,SHOP_007,9.0,2,Good
BIKE_26033,SHOP_003,36.0,3,Excellent
BIKE_30713,SHOP_007,12.0,3,Good
BIKE_30713,SHOP_006,11.0,3,Good
BIKE_10347,SHOP_009,51.0,2,Fair
BIKE_28751,SHOP_009,9.0,3,Excellent
BIKE_03914,SHOP_007,22.0,1,Fair
BIKE_38107,SHOP_009,27.0,2,Excellent
BIKE_38107,SHOP_003,27.0,1,Good
BIKE_37046,SHOP_003,23.0,2,Fair
BIKE_37046,SHOP_009,23.0,3,Excellent
BIKE_20624,SHOP_012,41.0,2,Good
BIKE_25576,SHOP_009,24.0,1,Good
BIKE_04428,SHOP_004,21.0,2,Excellent
BIKE_01433,SHOP_003,26.0,3,Good
BIKE_08278,SHOP_003,21.0,3,Fair
BIKE_08278,SHOP_009,23.0,2,Good
BIKE_23407,SHOP_009,27.0,3,Excellent
BIKE_23407,SHOP_003,27.0,1,Good
BIKE_38097,SHOP_007,12.0,3,Excellent
BIKE_38023,SHOP_009,23.0,2,Good
BIKE_04292,SHOP_012,65.0,2,Good
BIKE_28122,SHOP_003,12.0,2,Good
BIKE_35410,SHOP_009,31.0,3,Excellent
BIKE_21163,SHOP_004,22.0,1,Fair
BIKE_36541,SHOP_006,22.0,1,Excellent
BIKE_36541,SHOP_007,20.0,3,Good
BIKE_12285,SHOP_003,47.0,3,Good
BIKE_02879,SHOP_006,19.0,1,Good
BIKE_15961,SHOP_007,9.0,2,Good
BIKE_15961,SHOP_009,11.0,3,Good
BIKE_09633,SHOP_003,8.0,1,Good
BIKE_16987,SHOP_003,22.0,2,Good
BIKE_36737,SHOP_003,43.0,2,Excellent
BIKE_11718,SHOP_003,21.0,1,Good
BIKE_11718,SHOP_009,22.0,3,Good
BIKE_16815,SHOP_010,22.0,2,Good
BIKE_16815,SHOP_004,23.0,2,Excellent
BIKE_22047,SHOP_009,30.0,1,Excellent
BIKE_22047,SHOP_003,28.0,3,Good
BIKE_32868,SHOP_003,21.0,3,Excellent
BIKE_01197,SHOP_009,9.0,1,Excellent
BIKE_00758,SHOP_007,25.0,1,Fair
BIKE_00758,SHOP_009,25.0,2,Good
BIKE_31697,SHOP_001,23.0,1,Good
BIKE_31697,SHOP_004,21.0,2,Good
BIKE_33908,SHOP_009,24.0,2,Fair
BIKE_33908,SHOP_003,23.0,1,Fair
BIKE_09162,SHOP_009,24.0,2,Good
BIKE_18326,SHOP_003,28.0,1,Fair
BIKE_18326,SHOP_009,27.0,3,Good
BIKE_17566,SHOP_009,12.0,3,Good
BIKE_10650,SHOP_003,26.0,2,Fair
BIKE_37184,SHOP_003,32.0,2,Excellent
BIKE_37184,SHOP_009,31.0,3,Good
BIKE_25384,SHOP_003,29.0,2,Good
BIKE_25384,SHOP_009,25.0,3,Fair
BIKE_18535,SHOP_003,10.0,1,Excellent
BIKE_18535,SHOP_009,11.0,3,Fair
BIKE_34712,SHOP_009,38.0,3,Good
BIKE_24857,SHOP_009,25.0,3,Good
BIKE_24857,SHOP_003,27.0,2,Excellent
BIKE_12564,SHOP_007,12.0,3,Excellent
BIKE_12564,SHOP_006,10.0,2,Excellent
BIKE_20958,SHOP_009,38.0,3,Fair
BIKE_20958,SHOP_003,38.0,2,Good
BIKE_23789,SHOP_004,24.0,3,Good
BIKE_23789,SHOP_009,25.0,2,Good
BIKE_13252,SHOP_009,24.0,1,Good
BIKE_01182,SHOP_003,44.0,2,Fair
BIKE_01182,SHOP_009,45.0,2,Good
BIKE_03197,SHOP_007,20.0,2,Fair
BIKE_30319,SHOP_009,49.0,1,Good
BIKE_30319,SHOP_003,50.0,3,Good
BIKE_08385,SHOP_001,9.0,1,Fair
BIKE_07040,SHOP_009,9.0,3,Good
BIKE_07040,SHOP_007,8.0,3,Excellent
BIKE_20544,SHOP_009,48.0,2,Good
BIKE_03189,SHOP_003,32.0,1,Good
BIKE_03189,SHOP_009,33.0,2,Fair
BIKE_17767,SHOP_009,52.0,2,Excellent
BIKE_02142,SHOP_009,23.0,1,Good
BIKE_02142,SHOP_003,26.0,1,Good
BIKE_21036,SHOP_012,75.0,2,Good
BIKE_09296,SHOP_009,34.0,1,Good
BIKE_09296,SHOP_003,34.0,3,Good
BIKE_20210,SHOP_006,20.0,3,Excellent
BIKE_31693,SHOP_004,21.0,2,Excellent
BIKE_28564,SHOP_009,43.0,2,Good
BIKE_32526,SHOP_009,22.0,1,Excellent
BIKE_32526,SHOP_003,22.0,2,Good
BIKE_02847,SHOP_003,41.0,2,Good
BIKE_02847,SHOP_009,41.0,2,Fair
BIKE_01147,SHOP_009,20.0,1,Excellent
BIKE_15897,SHOP_007,20.0,1,Excellent
BIKE_15897,SHOP_003,23.0,3,Good
BIKE_10580,SHOP_009,31.0,1,Excellent
BIKE_10580,SHOP_003,29.0,3,Excellent
BIKE_15188,SHOP_001,9.0,2,Good
BIKE_38477,SHOP_009,28.0,3,Excellent
BIKE_38477,SHOP_003,29.0,1,Excellent
BIKE_29453,SHOP_012,59.0,3,Good
BIKE_36782,SHOP_003,31.0,2,Excellent
BIKE_05843,SHOP_004,21.0,2,Excellent
BIKE_15124,SHOP_003,27.0,2,Fair
BIKE_15124,SHOP_009,26.0,3,Good
BIKE_07487,SHOP_003,24.0,2,Fair
BIKE_33111,SHOP_007,20.0,1,Good
BIKE_33111,SHOP_004,19.0,1,Good
BIKE_20315,SHOP_003,33.0,3,Good
BIKE_01741,SHOP_009,44.0,1,Good
BIKE_01741,SHOP_003,44.0,1,Excellent
BIKE_27084,SHOP_009,21.0,1,Excellent
BIKE_27084,SHOP_003,21.0,2,Excellent
BIKE_34332,SHOP_009,23.0,2,Excellent
BIKE_17844,SHOP_009,27.0,2,Good
BIKE_10746,SHOP_003,23.0,2,Fair
BIKE_10746,SHOP_009,20.0,1,Good
BIKE_18923,SHOP_009,44.0,1,Good
BIKE_38716,SHOP_003,10.0,3,Good
BIKE_38716,SHOP_009,9.0,1,Good
BIKE_02854,SHOP_010,21.0,1,Fair
BIKE_02854,SHOP_009,21.0,3,Fair
BIKE_36779,SHOP_009,43.0,2,Good
BIKE_36779,SHOP_003,42.0,3,Good
BIKE_10152,SHOP_003,23.0,1,Fair
BIKE_10152,SHOP_009,21.0,3,Excellent
BIKE_07781,SHOP_001,11.0,3,Fair
BIKE_23007,SHOP_009,34.0,3,Good
BIKE_21914,SHOP_004,20.0,1,Excellent
BIKE_21914,SHOP_009,18.0,2,Good
BIKE_06529,SHOP_003,43.0,1,Fair
BIKE_11451,SHOP_004,22.0,3,Fair
BIKE_11451,SHOP_003,22.0,3,Excellent
BIKE_07753,SHOP_003,36.0,1,Good
BIKE_07753,SHOP_009,33.0,3,Excellent
BIKE_18829,SHOP_003,22.0,3,Good
BIKE_18829,SHOP_009,21.0,3,Excellent
BIKE_05306,SHOP_003,29.0,1,Good
BIKE_26180,SHOP_009,24.0,3,Good
BIKE_26180,SHOP_003,23.0,3,Excellent
BIKE_03451,SHOP_009,21.0,2,Good
BIKE_03451,SHOP_003,20.0,2,Good
BIKE_27191,SHOP_003,29.0,3,Good
BIKE_26530,SHOP_003,26.0,3,Good
BIKE_26530,SHOP_009,26.0,2,Good
BIKE_06879,SHOP_009,46.0,2,Excellent
BIKE_06879,SHOP_003,44.0,1,Good
BIKE_32985,SHOP_003,24.0,1,Good
BIKE_34459,SHOP_003,37.0,3,Good
BIKE_34459,SHOP_009,38.0,3,Good
BIKE_04253,SHOP_003,24.0,3,Good
BIKE_04253,SHOP_009,22.0,1,Good
BIKE_30884,SHOP_003,26.0,3,Fair
BIKE_30884,SHOP_009,28.0,3,Fair
BIKE_11832,SHOP_003,27.0,3,Good
BIKE_35813,SHOP_003,31.0,1,Excellent
BIKE_33758,SHOP_004,20.0,3,Excellent
BIKE_33758,SHOP_006,20.0,1,Fair
BIKE_17271,SHOP_007,10.0,1,Excellent
BIKE_17271,SHOP_003,11.0,2,Good
BIKE_22277,SHOP_009,22.0,2,Good
BIKE_06434,SHOP_006,13.0,2,Excellent
BIKE_07981,SHOP_004,26.0,2,Fair
BIKE_24192,SHOP_009,20.0,1,Fair
BIKE_24192,SHOP_003,20.0,2,Good
BIKE_08537,SHOP_012,44.0,2,Good
BIKE_25722,SHOP_007,8.0,2,Fair
BIKE_25722,SHOP_003,10.0,2,Excellent
BIKE_34162,SHOP_007,21.0,1,Fair
BIKE_20063,SHOP_009,44.0,1,Good
BIKE_20063,SHOP_003,43.0,2,Good
BIKE_06887,SHOP_003,23.0,3,Good
BIKE_06231,SHOP_009,39.0,1,Good
BIKE_28252,SHOP_003,26.0,2,Good
BIKE_22312,SHOP_003,27.0,2,Fair
BIKE_22312,SHOP_009,27.0,3,Excellent
BIKE_22111,SHOP_009,11.0,1,Good
BIKE_25197,SHOP_006,10.0,1,Good
BIKE_16604,SHOP_003,42.0,3,Fair
BIKE_16604,SHOP_009,44.0,3,Good
BIKE_22555,SHOP_003,27.0,3,Good
BIKE_22555,SHOP_009,26.0,1,Good
BIKE_28700,SHOP_009,30.0,3,Good
BIKE_14881,SHOP_010,19.0,2,Good
BIKE_26528,SHOP_003,31.0,1,Good
BIKE_30335,SHOP_012,61.0,2,Excellent
BIKE_12790,SHOP_009,24.0,2,Fair
BIKE_02071,SHOP_001,22.0,2,Excellent
BIKE_06482,SHOP_003,34.0,1,Good
BIKE_11541,SHOP_006,9.0,1,Good
BIKE_11541,SHOP_001,12.0,3,Good
BIKE_29993,SHOP_006,16.0,3,Good
BIKE_29993,SHOP_004,17.0,1,Good
BIKE_03296,SHOP_007,12.0,3,Good
BIKE_28725,SHOP_009,23.0,2,Good
BIKE_26199,SHOP_009,11.0,1,Fair
BIKE_02034,SHOP_007,20.0,1,Good
BIKE_19005,SHOP_009,22.0,1,Good
BIKE_00264,SHOP_003,21.0,1,Good
BIKE_20847,SHOP_009,38.0,3,Good
BIKE_18797,SHOP_003,24.0,2,Good
BIKE_18797,SHOP_009,26.0,1,Good
BIKE_24979,SHOP_003,36.0,3,Good
BIKE_26808,SHOP_009,31.0,1,Excellent
BIKE_26808,SHOP_003,31.0,1,Good
BIKE_18110,SHOP_003,30.0,1,Good
BIKE_18110,SHOP_009,32.0,1,Fair
BIKE_23583,SHOP_009,35.0,2,Good
BIKE_23583,SHOP_003,32.0,2,Fair
BIKE_19587,SHOP_003,29.0,1,Fair
BIKE_13053,SHOP_009,8.0,1,Good
BIKE_13053,SHOP_001,11.0,3,Good
BIKE_04657,SHOP_003,29.0,1,Good
BIKE_05490,SHOP_003,22.0,2,Fair
BIKE_17860,SHOP_003,32.0,3,Excellent
BIKE_16372,SHOP_003,44.0,3,Good
BIKE_28104,SHOP_009,24.0,1,Good
BIKE_21077,SHOP_003,32.0,2,Good
BIKE_07168,SHOP_003,31.0,3,Fair
BIKE_31080,SHOP_006,21.0,3,Good
BIKE_32984,SHOP_003,22.0,2,Good
BIKE_22569,SHOP_009,25.0,3,Good
BIKE_22569,SHOP_003,26.0,2,Good
BIKE_12022,SHOP_009,27.0,2,Fair
BIKE_12022,SHOP_003,26.0,3,Good
BIKE_17003,SHOP_003,24.0,2,Excellent
BIKE_31536,SHOP_010,10.0,2,Fair
BIKE_23915,SHOP_003,22.0,3,Good
BIKE_01719,SHOP_010,20.0,3,Good
BIKE_31108,SHOP_003,29.0,1,Good
BIKE_31108,SHOP_009,27.0,1,Fair
BIKE_03053,SHOP_009,24.0,2,Good
BIKE_03053,SHOP_003,21.0,1,Good
BIKE_24030,SHOP_009,25.0,2,Excellent
BIKE_35436,SHOP_010,17.0,2,Good
BIKE_35436,SHOP_003,20.0,2,Good
BIKE_16552,SHOP_009,21.0,2,Excellent
BIKE_16552,SHOP_003,23.0,3,Good
BIKE_05342,SHOP_003,29.0,3,Good
BIKE_19084,SHOP_009,21.0,3,Good
BIKE_19084,SHOP_003,22.0,1,Good
BIKE_17840,SHOP_006,11.0,2,Good
BIKE_08090,SHOP_003,24.0,1,Good
BIKE_12053,SHOP_009,26.0,3,Good
BIKE_14127,SHOP_003,21.0,3,Fair
BIKE_14127,SHOP_009,22.0,3,Good
BIKE_36764,SHOP_003,12.0,2,Fair
BIKE_36764,SHOP_007,10.0,1,Good
BIKE_23922,SHOP_007,16.0,2,Fair
BIKE_23922,SHOP_004,20.0,3,Good
BIKE_18719,SHOP_003,24.0,2,Fair
BIKE_18719,SHOP_009,25.0,2,Fair
BIKE_38174,SHOP_003,21.0,3,Fair
BIKE_38174,SHOP_009,21.0,1,Good
BIKE_20068,SHOP_009,28.0,2,Good
BIKE_35028,SHOP_009,21.0,1,Fair
BIKE_17277,SHOP_012,195.0,1,Good
BIKE_36711,SHOP_003,20.0,3,Good
BIKE_17457,SHOP_009,24.0,1,Good
BIKE_17457,SHOP_003,23.0,2,Good
BIKE_31498,SHOP_001,20.0,3,Good
BIKE_31498,SHOP_009,21.0,2,Good
BIKE_31579,SHOP_009,26.0,1,Excellent
BIKE_31579,SHOP_003,24.0,2,Good
BIKE_00196,SHOP_009,24.0,1,Good
BIKE_14183,SHOP_010,16.0,3,Good
BIKE_08760,SHOP_009,8.0,3,Good
BIKE_06282,SHOP_009,35.0,1,Fair
BIKE_06282,SHOP_003,37.0,1,Good
BIKE_06915,SHOP_003,22.0,2,Good
BIKE_06915,SHOP_009,21.0,1,Good
BIKE_36938,SHOP_012,39.0,1,Good
BIKE_06700,SHOP_003,11.0,1,Good
BIKE_37490,SHOP_003,29.0,3,Fair
BIKE_29006,SHOP_009,28.0,2,Excellent
BIKE_29958,SHOP_007,8.0,2,Excellent
BIKE_05886,SHOP_009,50.0,1,Excellent
BIKE_05886,SHOP_003,49.0,3,Good
BIKE_35633,SHOP_003,24.0,3,Good
BIKE_35633,SHOP_009,24.0,2,Good
BIKE_25276,SHOP_009,28.0,2,Good
BIKE_25276,SHOP_003,29.0,1,Good
BIKE_04918,SHOP_003,19.0,3,Fair
BIKE_07892,SHOP_009,26.0,2,Good
BIKE_29363,SHOP_003,48.0,3,Good
BIKE_20898,SHOP_007,10.0,1,Good
BIKE_34432,SHOP_009,35.0,1,Excellent
BIKE_34432,SHOP_003,37.0,3,Good
BIKE_31573,SHOP_003,43.0,2,Excellent
BIKE_18169,SHOP_010,21.0,1,Good
BIKE_18169,SHOP_001,22.0,2,Good
BIKE_12418,SHOP_003,38.0,2,Fair
BIKE_24934,SHOP_003,24.0,1,Good
BIKE_25209,SHOP_009,9.0,3,Good
BIKE_11847,SHOP_003,28.0,1,Fair
BIKE_25724,SHOP_001,9.0,1,Fair
BIKE_25724,SHOP_007,12.0,3,Good
BIKE_25943,SHOP_001,11.0,1,Good
BIKE_25943,SHOP_006,9.0,2,Fair
BIKE_21611,SHOP_001,12.0,1,Good
BIKE_21611,SHOP_007,9.0,3,Excellent
BIKE_30804,SHOP_010,17.0,1,Fair
BIKE_22397,SHOP_003,22.0,1,Fair
BIKE_30495,SHOP_007,12.0,2,Good
BIKE_30495,SHOP_009,8.0,3,Good
BIKE_36407,SHOP_010,14.0,1,Excellent
BIKE_05991,SHOP_001,20.0,3,Good
BIKE_05991,SHOP_006,20.0,2,Fair
BIKE_24103,SHOP_003,21.0,3,Fair
BIKE_24103,SHOP_009,21.0,1,Fair
BIKE_20926,SHOP_009,25.0,1,Good
BIKE_20926,SHOP_003,24.0,2,Fair
BIKE_38279,SHOP_003,27.0,1,Good
BIKE_38279,SHOP_009,28.0,2,Good
BIKE_09728,SHOP_003,36.0,3,Good
BIKE_35568,SHOP_009,37.0,1,Good
BIKE_35568,SHOP_003,40.0,1,Excellent
BIKE_31543,SHOP_003,39.0,1,Fair
BIKE_31543,SHOP_009,37.0,3,Good
BIKE_12101,SHOP_009,39.0,3,Good
BIKE_30588,SHOP_003,26.0,2,Good
BIKE_30588,SHOP_009,26.0,1,Good
BIKE_05219,SHOP_003,11.0,2,Excellent
BIKE_25569,SHOP_009,41.0,3,Good
BIKE_25569,SHOP_003,40.0,1,Good
BIKE_05035,SHOP_007,23.0,3,Good
BIKE_05035,SHOP_003,23.0,2,Good
BIKE_34310,SHOP_003,12.0,1,Excellent
BIKE_13125,SHOP_004,23.0,2,Good
BIKE_13125,SHOP_007,23.0,2,Good
BIKE_19227,SHOP_009,46.0,3,Good
BIKE_32128,SHOP_009,12.0,2,Good
BIKE_32128,SHOP_003,12.0,1,Excellent
BIKE_35517,SHOP_007,9.0,1,Excellent
BIKE_25485,SHOP_003,21.0,2,Fair
BIKE_25485,SHOP_009,21.0,1,Good
BIKE_25809,SHOP_012,44.0,2,Fair
BIKE_07609,SHOP_003,19.0,1,Good
BIKE_17702,SHOP_003,22.0,3,Good
BIKE_03645,SHOP_007,23.0,3,Good
BIKE_03645,SHOP_001,23.0,3,Good
BIKE_10500,SHOP_009,30.0,3,Good
BIKE_10500,SHOP_003,30.0,1,Good
BIKE_27095,SHOP_003,26.0,2,Good
BIKE_27095,SHOP_009,22.0,2,Good
BIKE_07414,SHOP_009,42.0,1,Good
BIKE_07414,SHOP_003,41.0,1,Excellent
BIKE_22537,SHOP_003,30.0,3,Fair
BIKE_22537,SHOP_009,29.0,3,Excellent
BIKE_05865,SHOP_003,18.0,3,Good
BIKE_05865,SHOP_009,17.0,2,Good
BIKE_29567,SHOP_006,19.0,3,Excellent
BIKE_18887,SHOP_004,21.0,3,Good
BIKE_18887,SHOP_001,19.0,3,Excellent
BIKE_38150,SHOP_003,23.0,2,Excellent
BIKE_36028,SHOP_003,28.0,2,Good
BIKE_27985,SHOP_003,25.0,3,Good
BIKE_14286,SHOP_009,47.0,3,Good
BIKE_14286,SHOP_003,47.0,3,Fair
BIKE_21690,SHOP_009,45.0,2,Excellent
BIKE_21690,SHOP_003,45.0,1,Good
BIKE_23891,SHOP_009,29.0,2,Good
BIKE_07794,SHOP_009,24.0,1,Good
BIKE_24854,SHOP_009,40.0,1,Good
BIKE_24854,SHOP_003,43.0,1,Good
BIKE_33528,SHOP_003,46.0,2,Good
BIKE_33528,SHOP_009,44.0,2,Excellent
BIKE_06757,SHOP_010,18.0,3,Good
BIKE_06757,SHOP_001,19.0,1,Good
BIKE_07762,SHOP_009,26.0,2,Excellent
BIKE_07762,SHOP_003,26.0,2,Good
BIKE_24122,SHOP_009,20.0,3,Good
BIKE_24122,SHOP_003,19.0,3,Good
BIKE_22672,SHOP_007,8.0,1,Good
BIKE_22672,SHOP_006,10.0,1,Excellent
BIKE_21373,SHOP_003,8.0,3,Fair
BIKE_21373,SHOP_007,10.0,2,Good
BIKE_36308,SHOP_009,39.0,2,Fair
BIKE_36308,SHOP_003,39.0,3,Good
BIKE_05179,SHOP_003,44.0,1,Fair
BIKE_09220,SHOP_001,8.0,3,Excellent
BIKE_15699,SHOP_006,21.0,1,Good
BIKE_01377,SHOP_009,21.0,1,Good
BIKE_19036,SHOP_003,27.0,2,Good
BIKE_19036,SHOP_009,25.0,2,Excellent
BIKE_31144,SHOP_009,11.0,3,Good
BIKE_31144,SHOP_001,8.0,2,Good
BIKE_24956,SHOP_003,19.0,2,Good
BIKE_24956,SHOP_009,21.0,1,Fair
BIKE_23430,SHOP_010,24.0,2,Good
BIKE_08565,SHOP_009,44.0,2,Good
BIKE_08565,SHOP_003,45.0,3,Good
BIKE_04420,SHOP_001,12.0,2,Good
BIKE_04420,SHOP_007,10.0,2,Good
BIKE_22811,SHOP_009,28.0,2,Good
BIKE_22811,SHOP_003,28.0,3,Good
BIKE_38621,SHOP_003,23.0,2,Good
BIKE_14655,SHOP_003,30.0,1,Good
BIKE_14655,SHOP_009,28.0,2,Fair
BIKE_31243,SHOP_009,22.0,3,Fair
BIKE_31243,SHOP_003,22.0,1,Good
BIKE_37112,SHOP_003,40.0,2,Good
BIKE_37112,SHOP_009,40.0,2,Excellent
BIKE_06146,SHOP_003,32.0,2,Fair
BIKE_06146,SHOP_009,30.0,3,Good
BIKE_15665,SHOP_009,27.0,2,Good
BIKE_37163,SHOP_012,42.0,2,Good
BIKE_13889,SHOP_003,29.0,2,Good
BIKE_13889,SHOP_009,30.0,1,Good
BIKE_26787,SHOP_009,38.0,1,Good
BIKE_10388,SHOP_009,12.0,1,Fair
BIKE_04227,SHOP_001,23.0,1,Excellent
BIKE_06821,SHOP_009,47.0,3,Good
BIKE_24337,SHOP_003,38.0,2,Fair
BIKE_12456,SHOP_009,9.0,2,Good
BIKE_12456,SHOP_007,9.0,3,Good
BIKE_17319,SHOP_009,30.0,2,Excellent
BIKE_17319,SHOP_003,31.0,2,Good
BIKE_32859,SHOP_009,30.0,2,Good
BIKE_32859,SHOP_003,30.0,3,Good
BIKE_03211,SHOP_001,8.0,2,Fair
BIKE_03211,SHOP_009,12.0,1,Fair
BIKE_18605,SHOP_007,22.0,1,Good
BIKE_18605,SHOP_009,20.0,2,Good
BIKE_38213,SHOP_009,12.0,1,Good
BIKE_38213,SHOP_003,11.0,3,Fair
BIKE_13363,SHOP_001,11.0,3,Fair
BIKE_13363,SHOP_007,10.0,2,Excellent
BIKE_20006,SHOP_003,22.0,1,Good
BIKE_20006,SHOP_009,24.0,2,Excellent
BIKE_25555,SHOP_007,10.0,3,Fair
BIKE_08739,SHOP_007,23.0,3,Good
BIKE_31456,SHOP_001,9.0,2,Fair
BIKE_03165,SHOP_003,33.0,2,Good
BIKE_03165,SHOP_009,33.0,2,Fair
BIKE_33115,SHOP_009,28.0,3,Good
BIKE_33115,SHOP_003,31.0,2,Fair
BIKE_27705,SHOP_006,11.0,2,Fair
BIKE_27705,SHOP_009,13.0,3,Excellent
BIKE_37435,SHOP_009,23.0,1,Good
BIKE_31398,SHOP_003,24.0,3,Excellent
BIKE_31398,SHOP_009,23.0,3,Good
BIKE_37153,SHOP_007,21.0,1,Fair
BIKE_14794,SHOP_001,9.0,1,Excellent
BIKE_14794,SHOP_006,11.0,2,Excellent
BIKE_28313,SHOP_009,22.0,2,Good
BIKE_15533,SHOP_009,27.0,3,Good
BIKE_03923,SHOP_006,23.0,1,Excellent
BIKE_03923,SHOP_007,20.0,2,Good
BIKE_36715,SHOP_010,17.0,1,Fair
BIKE_36715,SHOP_006,17.0,3,Good
BIKE_18162,SHOP_003,31.0,2,Good
BIKE_03905,SHOP_007,10.0,2,Good
BIKE_28407,SHOP_001,26.0,1,Good
BIKE_27395,SHOP_009,48.0,2,Good
BIKE_29928,SHOP_009,30.0,2,Good
BIKE_29928,SHOP_003,29.0,2,Fair
BIKE_27804,SHOP_007,9.0,2,Excellent
BIKE_27804,SHOP_003,10.0,2,Excellent
BIKE_25408,SHOP_009,26.0,1,Good
BIKE_23424,SHOP_003,26.0,3,Fair
BIKE_26052,SHOP_003,28.0,2,Good
BIKE_26052,SHOP_009,28.0,1,Excellent
BIKE_17808,SHOP_006,12.0,1,Good
BIKE_08161,SHOP_003,28.0,3,Good
BIKE_08161,SHOP_009,29.0,2,Good
BIKE_19599,SHOP_003,31.0,2,Good
BIKE_23096,SHOP_009,24.0,2,Good
BIKE_08612,SHOP_009,27.0,1,Good
BIKE_08612,SHOP_003,26.0,2,Good
BIKE_17120,SHOP_009,21.0,2,Fair
BIKE_09128,SHOP_003,32.0,1,Good
BIKE_02848,SHOP_009,45.0,1,Good
BIKE_02848,SHOP_003,47.0,1,Fair
BIKE_08901,SHOP_003,40.0,3,Good
BIKE_36521,SHOP_001,9.0,3,Excellent
BIKE_36521,SHOP_009,11.0,1,Good
BIKE_12831,SHOP_009,24.0,1,Good
BIKE_17477,SHOP_003,31.0,1,Good
BIKE_17477,SHOP_009,30.0,2,Good
BIKE_10887,SHOP_004,12.0,3,Fair
BIKE_10887,SHOP_006,14.0,3,Good
BIKE_37255,SHOP_003,33.0,2,Good
BIKE_38527,SHOP_007,20.0,3,Excellent
BIKE_19632,SHOP_007,10.0,3,Excellent
BIKE_02955,SHOP_009,25.0,1,Fair
BIKE_32925,SHOP_003,20.0,2,Good
BIKE_14634,SHOP_003,20.0,2,Good
BIKE_09897,SHOP_003,11.0,1,Good
BIKE_09897,SHOP_009,11.0,1,Excellent
BIKE_05764,SHOP_007,21.0,1,Good
BIKE_05764,SHOP_004,18.0,3,Good
BIKE_01390,SHOP_003,50.0,1,Excellent
BIKE_01390,SHOP_009,51.0,2,Good
BIKE_15122,SHOP_007,9.0,1,Good
BIKE_15122,SHOP_009,9.0,2,Good
BIKE_22062,SHOP_009,38.0,3,Good
BIKE_35464,SHOP_012,41.0,1,Excellent
BIKE_27892,SHOP_003,38.0,1,Good
BIKE_34287,SHOP_003,26.0,3,Good
BIKE_34287,SHOP_009,26.0,2,Fair
BIKE_15644,SHOP_006,11.0,3,Good
BIKE_20216,SHOP_009,29.0,1,Excellent
BIKE_20216,SHOP_003,29.0,1,Good
BIKE_37236,SHOP_009,28.0,1,Excellent
BIKE_37236,SHOP_003,29.0,1,Good
BIKE_31393,SHOP_001,22.0,1,Good
BIKE_15170,SHOP_009,32.0,2,Good
BIKE_15170,SHOP_003,33.0,2,Good
BIKE_16132,SHOP_009,31.0,1,Good
BIKE_16132,SHOP_003,30.0,3,Good
BIKE_36356,SHOP_006,19.0,1,Good
BIKE_36356,SHOP_009,18.0,2,Good
BIKE_01318,SHOP_009,22.0,2,Good
BIKE_02676,SHOP_006,11.0,3,Good
BIKE_02676,SHOP_007,11.0,3,Good
BIKE_32599,SHOP_010,22.0,3,Good
BIKE_06311,SHOP_001,10.0,2,Good
BIKE_30850,SHOP_004,18.0,1,Fair
BIKE_30850,SHOP_001,18.0,3,Good
BIKE_04884,SHOP_009,10.0,2,Good
BIKE_04884,SHOP_001,11.0,3,Good
BIKE_30222,SHOP_003,22.0,2,Excellent
BIKE_30222,SHOP_009,21.0,3,Good
BIKE_21790,SHOP_009,32.0,2,Good
BIKE_04469,SHOP_010,22.0,2,Good
BIKE_17672,SHOP_003,23.0,1,Excellent
BIKE_17672,SHOP_009,22.0,1,Good
BIKE_22910,SHOP_012,45.0,2,Good
BIKE_10448,SHOP_003,32.0,3,Good
BIKE_10448,SHOP_009,33.0,1,Good
BIKE_34771,SHOP_006,21.0,2,Good
BIKE_32063,SHOP_003,22.0,2,Good
BIKE_33379,SHOP_009,29.0,1,Good
BIKE_33379,SHOP_003,30.0,2,Excellent
BIKE_06860,SHOP_007,20.0,2,Good
BIKE_07678,SHOP_009,20.0,1,Excellent
BIKE_21319,SHOP_009,24.0,1,Good
BIKE_36705,SHOP_009,22.0,3,Good
BIKE_28360,SHOP_003,11.0,3,Good
BIKE_02310,SHOP_010,22.0,3,Good
BIKE_29404,SHOP_007,12.0,3,Good
BIKE_29404,SHOP_006,8.0,2,Fair
BIKE_26440,SHOP_003,33.0,1,Fair
BIKE_26440,SHOP_009,34.0,1,Good
BIKE_14723,SHOP_003,37.0,3,Fair
BIKE_14723,SHOP_009,35.0,2,Fair
BIKE_03673,SHOP_004,17.0,2,Good
BIKE_02457,SHOP_010,22.0,2,Fair
BIKE_02457,SHOP_003,21.0,3,Excellent
BIKE_25733,SHOP_009,25.0,2,Fair
BIKE_25733,SHOP_003,25.0,3,Good
BIKE_09672,SHOP_009,23.0,2,Fair
BIKE_15617,SHOP_007,22.0,3,Good
BIKE_07792,SHOP_009,10.0,1,Good
BIKE_27771,SHOP_003,33.0,1,Good
BIKE_27771,SHOP_009,34.0,1,Good
BIKE_20363,SHOP_006,11.0,1,Good
BIKE_20363,SHOP_007,9.0,2,Good
BIKE_05388,SHOP_003,25.0,1,Good
BIKE_05382,SHOP_007,10.0,3,Good
BIKE_05382,SHOP_001,10.0,2,Good
BIKE_19564,SHOP_003,34.0,1,Good
BIKE_19564,SHOP_009,33.0,2,Fair
BIKE_25759,SHOP_009,32.0,1,Good
BIKE_25759,SHOP_003,35.0,2,Good
BIKE_06350,SHOP_003,36.0,3,Fair
BIKE_06350,SHOP_009,36.0,2,Fair
BIKE_30621,SHOP_006,22.0,2,Fair
BIKE_25012,SHOP_009,27.0,1,Fair
BIKE_25012,SHOP_003,24.0,3,Good
BIKE_00623,SHOP_009,23.0,1,Good
BIKE_00623,SHOP_003,24.0,2,Excellent
BIKE_30585,SHOP_003,25.0,1,Excellent
BIKE_23204,SHOP_003,21.0,1,Good
BIKE_31491,SHOP_003,24.0,2,Fair
BIKE_32542,SHOP_009,30.0,3,Good
BIKE_19112,SHOP_003,35.0,3,Good
BIKE_19112,SHOP_009,34.0,3,Fair
BIKE_25729,SHOP_009,19.0,3,Good
BIKE_29846,SHOP_001,13.0,1,Excellent
BIKE_01296,SHOP_012,75.0,3,Good
BIKE_32512,SHOP_003,21.0,3,Good
BIKE_37424,SHOP_009,33.0,2,Good
BIKE_24453,SHOP_010,18.0,1,Good
BIKE_29746,SHOP_003,26.0,3,Good
BIKE_29746,SHOP_009,26.0,2,Excellent
BIKE_07438,SHOP_003,8.0,2,Excellent
BIKE_00586,SHOP_003,36.0,3,Fair
BIKE_10600,SHOP_003,27.0,1,Excellent
BIKE_10600,SHOP_009,26.0,2,Fair
BIKE_24216,SHOP_012,53.0,1,Excellent
BIKE_25334,SHOP_009,25.0,2,Good
BIKE_25334,SHOP_003,27.0,3,Excellent
BIKE_04667,SHOP_009,29.0,3,Excellent
BIKE_24239,SHOP_003,20.0,2,Good
BIKE_13033,SHOP_009,25.0,1,Good
BIKE_02578,SHOP_009,26.0,2,Good
BIKE_02578,SHOP_003,27.0,3,Good
BIKE_29876,SHOP_009,26.0,1,Good
BIKE_11015,SHOP_009,27.0,2,Good
BIKE_11015,SHOP_003,26.0,1,Good
BIKE_08156,SHOP_009,23.0,3,Fair
BIKE_10423,SHOP_009,42.0,2,Good
BIKE_10423,SHOP_003,44.0,1,Excellent
BIKE_26436,SHOP_010,20.0,3,Good
BIKE_26436,SHOP_003,22.0,3,Fair
BIKE_24225,SHOP_009,25.0,3,Good
BIKE_20086,SHOP_009,43.0,3,Excellent
BIKE_20086,SHOP_003,41.0,1,Good
BIKE_03025,SHOP_006,10.0,3,Excellent
BIKE_04058,SHOP_009,24.0,3,Good
BIKE_02091,SHOP_012,45.0,1,Fair
BIKE_32605,SHOP_006,9.0,3,Good
BIKE_11189,SHOP_003,23.0,2,Good
BIKE_35712,SHOP_009,30.0,1,Good
BIKE_35712,SHOP_003,30.0,1,Excellent
BIKE_18750,SHOP_003,36.0,2,Good
BIKE_18750,SHOP_009,35.0,3,Good
BIKE_28526,SHOP_003,24.0,2,Excellent
BIKE_11414,SHOP_007,13.0,1,Good
BIKE_22464,SHOP_001,10.0,1,Good
BIKE_22464,SHOP_003,12.0,2,Fair
BIKE_38555,SHOP_003,11.0,3,Excellent
BIKE_38555,SHOP_007,9.0,1,Good
BIKE_06549,SHOP_001,20.0,2,Good
BIKE_27865,SHOP_001,19.0,1,Good
BIKE_27865,SHOP_007,17.0,3,Fair
BIKE_36754,SHOP_009,27.0,3,Good
BIKE_36754,SHOP_003,28.0,1,Good
BIKE_22281,SHOP_007,9.0,1,Excellent
BIKE_29918,SHOP_003,32.0,1,Good
BIKE_29918,SHOP_009,29.0,2,Good
BIKE_28097,SHOP_009,30.0,3,Good
BIKE_24534,SHOP_006,21.0,2,Good
BIKE_32222,SHOP_007,8.0,2,Fair
BIKE_32222,SHOP_009,9.0,2,Fair
BIKE_27653,SHOP_009,19.0,1,Fair
BIKE_27653,SHOP_003,22.0,1,Excellent
BIKE_19442,SHOP_003,35.0,3,Good
BIKE_19442,SHOP_009,36.0,2,Fair
BIKE_34749,SHOP_003,31.0,3,Excellent
BIKE_05960,SHOP_001,23.0,1,Good
BIKE_06612,SHOP_003,40.0,3,Good
BIKE_34248,SHOP_003,21.0,1,Fair
BIKE_18685,SHOP_003,31.0,1,Fair
BIKE_13524,SHOP_001,9.0,2,Excellent
BIKE_02943,SHOP_003,50.0,1,Good
BIKE_02548,SHOP_003,27.0,1,Good
BIKE_02548,SHOP_009,29.0,1,Fair
BIKE_35890,SHOP_012,39.0,1,Good
BIKE_10339,SHOP_009,22.0,1,Excellent
BIKE_22968,SHOP_003,27.0,2,Good
BIKE_22968,SHOP_009,27.0,3,Excellent
BIKE_27780,SHOP_006,21.0,2,Good
BIKE_27780,SHOP_003,23.0,2,Fair
BIKE_34858,SHOP_009,24.0,3,Good
BIKE_34858,SHOP_003,24.0,3,Excellent
BIKE_23326,SHOP_009,25.0,2,Excellent
BIKE_19140,SHOP_009,38.0,3,Excellent
BIKE_19140,SHOP_003,37.0,2,Fair
BIKE_17190,SHOP_009,21.0,3,Fair
BIKE_25586,SHOP_009,30.0,1,Excellent
BIKE_15821,SHOP_001,20.0,2,Good
BIKE_15821,SHOP_003,19.0,3,Good
BIKE_08383,SHOP_003,10.0,1,Fair
BIKE_08383,SHOP_007,11.0,1,Good
BIKE_21905,SHOP_003,51.0,1,Good
BIKE_21905,SHOP_009,48.0,1,Excellent
BIKE_17126,SHOP_009,18.0,2,Excellent
BIKE_17126,SHOP_007,20.0,2,Good
BIKE_30317,SHOP_009,9.0,1,Good
BIKE_22148,SHOP_009,21.0,2,Good
BIKE_20912,SHOP_012,48.0,1,Good
BIKE_35577,SHOP_010,20.0,2,Good
BIKE_35577,SHOP_009,21.0,1,Fair
BIKE_33914,SHOP_003,11.0,3,Good
BIKE_33914,SHOP_009,10.0,3,Fair
BIKE_17520,SHOP_009,31.0,2,Fair
BIKE_17520,SHOP_003,30.0,2,Good
BIKE_30773,SHOP_006,9.0,3,Good
BIKE_30324,SHOP_009,31.0,3,Excellent
BIKE_30324,SHOP_003,28.0,2,Excellent
BIKE_25374,SHOP_003,28.0,2,Good
BIKE_21866,SHOP_009,25.0,3,Good
BIKE_21275,SHOP_009,44.0,2,Good
BIKE_21275,SHOP_003,44.0,2,Good
BIKE_19837,SHOP_003,47.0,2,Good
BIKE_20482,SHOP_012,71.0,3,Excellent
BIKE_30294,SHOP_006,23.0,2,Good
BIKE_30294,SHOP_009,24.0,1,Good
BIKE_19766,SHOP_006,9.0,1,Good
BIKE_11551,SHOP_009,39.0,2,Good
BIKE_11551,SHOP_003,36.0,1,Good
BIKE_02001,SHOP_003,19.0,2,Excellent
BIKE_02001,SHOP_009,19.0,3,Good
BIKE_10356,SHOP_003,29.0,3,Good
BIKE_29374,SHOP_006,20.0,2,Good
BIKE_29374,SHOP_010,20.0,2,Good
BIKE_21597,SHOP_009,28.0,3,Fair
BIKE_21597,SHOP_003,29.0,1,Good
BIKE_06914,SHOP_009,31.0,2,Good
BIKE_06914,SHOP_003,30.0,2,Excellent
BIKE_25445,SHOP_007,17.0,2,Good
BIKE_25445,SHOP_003,16.0,1,Good
BIKE_19822,SHOP_003,29.0,3,Good
BIKE_19822,SHOP_009,29.0,3,Good
BIKE_02900,SHOP_009,19.0,1,Excellent
BIKE_02900,SHOP_004,19.0,3,Good
BIKE_25744,SHOP_003,11.0,2,Good
BIKE_14668,SHOP_009,31.0,2,Excellent
BIKE_04430,SHOP_009,29.0,1,Good
BIKE_36046,SHOP_003,23.0,3,Fair
BIKE_36046,SHOP_009,21.0,2,Good
BIKE_07431,SHOP_012,45.0,3,Fair
BIKE_33773,SHOP_009,20.0,2,Good
BIKE_33773,SHOP_006,21.0,3,Fair
BIKE_13340,SHOP_009,31.0,3,Fair
BIKE_13340,SHOP_003,32.0,2,Good
BIKE_28479,SHOP_009,25.0,2,Excellent
BIKE_10994,SHOP_003,22.0,3,Excellent
BIKE_10994,SHOP_009,24.0,1,Good
BIKE_36998,SHOP_009,25.0,1,Good
BIKE_36998,SHOP_003,21.0,2,Fair
BIKE_00344,SHOP_009,35.0,3,Good
BIKE_16156,SHOP_007,19.0,3,Excellent
BIKE_13852,SHOP_003,35.0,2,Good
BIKE_13766,SHOP_003,47.0,3,Good
BIKE_13766,SHOP_009,48.0,2,Good
BIKE_35208,SHOP_003,28.0,3,Excellent
BIKE_01815,SHOP_003,11.0,1,Good
BIKE_01815,SHOP_006,10.0,3,Fair
BIKE_00139,SHOP_003,43.0,1,Good
BIKE_00139,SHOP_009,46.0,3,Good
BIKE_34878,SHOP_009,24.0,2,Fair
BIKE_22305,SHOP_009,27.0,1,Excellent
BIKE_34340,SHOP_009,25.0,3,Excellent
BIKE_34340,SHOP_003,24.0,1,Good
BIKE_26765,SHOP_009,15.0,2,Good
BIKE_10765,SHOP_007,9.0,1,Excellent
BIKE_09038,SHOP_003,22.0,2,Excellent
BIKE_38663,SHOP_003,36.0,1,Excellent
BIKE_16948,SHOP_009,24.0,2,Excellent
BIKE_16948,SHOP_003,25.0,2,Good
BIKE_32563,SHOP_009,24.0,3,Good
BIKE_32563,SHOP_003,24.0,1,Good
BIKE_06206,SHOP_003,10.0,1,Good
BIKE_36369,SHOP_001,9.0,1,Good
BIKE_36369,SHOP_007,10.0,2,Fair
BIKE_29219,SHOP_012,80.0,2,Good
BIKE_07091,SHOP_007,12.0,3,Excellent
BIKE_30415,SHOP_009,25.0,2,Good
BIKE_30415,SHOP_003,25.0,1,Good
BIKE_06646,SHOP_003,19.0,1,Good
BIKE_34528,SHOP_003,36.0,2,Fair
BIKE_34528,SHOP_009,37.0,3,Good
BIKE_23768,SHOP_001,10.0,2,Good
BIKE_23768,SHOP_009,11.0,1,Good
BIKE_18934,SHOP_003,25.0,1,Good
BIKE_14675,SHOP_012,129.0,3,Good
BIKE_24039,SHOP_006,23.0,2,Excellent
BIKE_15614,SHOP_009,9.0,3,Excellent
BIKE_15614,SHOP_006,8.0,3,Good
BIKE_24591,SHOP_009,32.0,3,Excellent
BIKE_24591,SHOP_003,30.0,2,Good
BIKE_07893,SHOP_009,30.0,2,Good
BIKE_26760,SHOP_009,27.0,3,Good
BIKE_20649,SHOP_009,28.0,2,Good
BIKE_20649,SHOP_003,28.0,3,Good
BIKE_19979,SHOP_003,28.0,3,Good
BIKE_33708,SHOP_001,8.0,2,Good
BIKE_33708,SHOP_003,11.0,1,Excellent
BIKE_36838,SHOP_009,26.0,2,Good
BIKE_01794,SHOP_003,26.0,1,Good
BIKE_01794,SHOP_009,26.0,3,Good
BIKE_18393,SHOP_010,22.0,1,Good
BIKE_37305,SHOP_009,30.0,1,Fair
BIKE_37305,SHOP_003,29.0,3,Good
BIKE_38751,SHOP_003,22.0,1,Good
BIKE_38751,SHOP_009,21.0,2,Good
BIKE_26428,SHOP_006,11.0,3,Fair
BIKE_26428,SHOP_009,9.0,2,Good
BIKE_18180,SHOP_003,11.0,2,Good
BIKE_18180,SHOP_009,12.0,2,Good
BIKE_23012,SHOP_003,41.0,3,Good
BIKE_23012,SHOP_009,39.0,1,Good
BIKE_24249,SHOP_003,24.0,3,Fair
BIKE_24249,SHOP_009,24.0,2,Good
BIKE_33677,SHOP_003,30.0,2,Good
BIKE_30261,SHOP_003,28.0,2,Fair
BIKE_04620,SHOP_001,11.0,3,Good
BIKE_04305,SHOP_009,27.0,1,Fair
BIKE_04305,SHOP_003,25.0,2,Fair
BIKE_25001,SHOP_009,19.0,1,Fair
BIKE_35505,SHOP_007,23.0,2,Excellent
BIKE_35505,SHOP_004,22.0,2,Excellent
BIKE_04579,SHOP_003,28.0,1,Good
BIKE_04579,SHOP_009,26.0,2,Fair
BIKE_07301,SHOP_009,36.0,2,Good
BIKE_07301,SHOP_003,38.0,3,Good
BIKE_14858,SHOP_009,23.0,1,Fair
BIKE_35183,SHOP_001,18.0,1,Good
BIKE_35183,SHOP_007,18.0,2,Good
BIKE_33551,SHOP_009,9.0,3,Good
BIKE_23442,SHOP_007,20.0,1,Fair
BIKE_35090,SHOP_010,20.0,2,Good
BIKE_35090,SHOP_006,20.0,2,Excellent
BIKE_27492,SHOP_001,10.0,2,Fair
BIKE_28520,SHOP_009,25.0,1,Fair
BIKE_28520,SHOP_003,25.0,2,Good
BIKE_06769,SHOP_012,46.0,3,Fair
BIKE_23261,SHOP_003,20.0,3,Fair
BIKE_09648,SHOP_006,22.0,2,Excellent
BIKE_14383,SHOP_009,44.0,3,Good
BIKE_05140,SHOP_003,31.0,2,Good
BIKE_29343,SHOP_003,22.0,3,Good
BIKE_29343,SHOP_009,23.0,3,Good
BIKE_29614,SHOP_003,37.0,3,Excellent
BIKE_34415,SHOP_009,20.0,2,Fair
BIKE_16860,SHOP_009,24.0,3,Excellent
BIKE_15673,SHOP_003,10.0,2,Good
BIKE_36169,SHOP_007,10.0,2,Good
BIKE_36169,SHOP_009,10.0,2,Good
BIKE_04159,SHOP_007,18.0,2,Good
BIKE_04159,SHOP_003,17.0,3,Excellent
BIKE_00119,SHOP_001,9.0,3,Excellent
BIKE_01534,SHOP_003,45.0,3,Good
BIKE_01534,SHOP_009,43.0,3,Excellent
BIKE_29997,SHOP_001,22.0,1,Good
BIKE_09723,SHOP_003,48.0,2,Good
BIKE_29743,SHOP_006,23.0,3,Fair
BIKE_38457,SHOP_009,29.0,1,Good
BIKE_37861,SHOP_003,31.0,3,Excellent
BIKE_02041,SHOP_001,12.0,3,Good
BIKE_02041,SHOP_009,9.0,1,Good
BIKE_19663,SHOP_004,17.0,2,Excellent
BIKE_14916,SHOP_009,44.0,2,Excellent
BIKE_14916,SHOP_003,45.0,2,Excellent
BIKE_30003,SHOP_009,37.0,1,Good
BIKE_30003,SHOP_003,35.0,3,Good
BIKE_24825,SHOP_003,9.0,2,Good
BIKE_24825,SHOP_001,10.0,1,Good
BIKE_25296,SHOP_003,45.0,3,Good
BIKE_12496,SHOP_009,23.0,3,Good
BIKE_22497,SHOP_003,10.0,2,Good
BIKE_02117,SHOP_003,26.0,3,Excellent
BIKE_24483,SHOP_003,29.0,2,Fair
BIKE_12639,SHOP_003,31.0,1,Good
BIKE_02647,SHOP_009,50.0,3,Good
BIKE_02647,SHOP_003,50.0,3,Fair
BIKE_25250,SHOP_003,21.0,3,Fair
BIKE_20642,SHOP_009,24.0,2,Excellent
BIKE_20642,SHOP_003,22.0,3,Good
BIKE_19707,SHOP_001,19.0,3,Fair
BIKE_17353,SHOP_007,10.0,2,Good
BIKE_17353,SHOP_009,13.0,2,Good
BIKE_14806,SHOP_009,21.0,3,Excellent
BIKE_14806,SHOP_003,21.0,1,Good
BIKE_07937,SHOP_009,29.0,1,Fair
BIKE_08326,SHOP_012,73.0,2,Good
BIKE_24580,SHOP_009,26.0,1,Excellent
BIKE_24580,SHOP_003,26.0,2,Good
BIKE_14501,SHOP_009,30.0,1,Good
BIKE_14501,SHOP_003,29.0,1,Fair
BIKE_18644,SHOP_009,43.0,1,Good
BIKE_24029,SHOP_003,30.0,3,Excellent
BIKE_13047,SHOP_009,22.0,2,Excellent
BIKE_10087,SHOP_003,29.0,3,Excellent
BIKE_10087,SHOP_009,31.0,2,Good
BIKE_27596,SHOP_009,36.0,2,Excellent
BIKE_27596,SHOP_003,35.0,1,Good
BIKE_26414,SHOP_007,9.0,2,Excellent
BIKE_12166,SHOP_009,23.0,1,Excellent
BIKE_12166,SHOP_003,22.0,2,Good
BIKE_05457,SHOP_009,20.0,1,Good
BIKE_05457,SHOP_003,20.0,3,Good
BIKE_13095,SHOP_009,11.0,3,Good
BIKE_04783,SHOP_003,33.0,3,Good
BIKE_04783,SHOP_009,34.0,2,Excellent
BIKE_11368,SHOP_009,30.0,2,Fair
BIKE_11368,SHOP_003,30.0,1,Good
BIKE_13270,SHOP_009,31.0,1,Good
BIKE_13270,SHOP_003,29.0,2,Good
BIKE_26084,SHOP_003,31.0,2,Fair
BIKE_07375,SHOP_003,25.0,3,Good
BIKE_07375,SHOP_004,23.0,3,Good
BIKE_01275,SHOP_009,20.0,3,Excellent
BIKE_01275,SHOP_003,20.0,2,Good
BIKE_35129,SHOP_003,33.0,1,Excellent
BIKE_24540,SHOP_003,23.0,2,Good
BIKE_00827,SHOP_009,37.0,2,Good
BIKE_16674,SHOP_003,10.0,2,Good
BIKE_04985,SHOP_009,20.0,1,Excellent
BIKE_04985,SHOP_003,24.0,3,Good
BIKE_37564,SHOP_009,30.0,2,Fair
BIKE_37564,SHOP_003,30.0,3,Good
BIKE_32487,SHOP_003,35.0,3,Good
BIKE_32487,SHOP_009,35.0,3,Fair
BIKE_29933,SHOP_012,43.0,1,Fair
BIKE_38766,SHOP_012,75.0,1,Good
BIKE_06062,SHOP_003,28.0,1,Good
BIKE_07945,SHOP_001,10.0,1,Good
BIKE_01812,SHOP_009,11.0,3,Excellent
BIKE_01812,SHOP_006,10.0,1,Good
BIKE_24479,SHOP_009,44.0,1,Good
BIKE_13028,SHOP_007,10.0,3,Excellent
BIKE_13028,SHOP_003,8.0,2,Good
BIKE_00512,SHOP_003,12.0,1,Fair
BIKE_07643,SHOP_001,9.0,3,Excellent
BIKE_07643,SHOP_003,11.0,2,Good
BIKE_22659,SHOP_010,24.0,1,Good
BIKE_05726,SHOP_009,35.0,1,Good
BIKE_33454,SHOP_009,26.0,2,Good
BIKE_05551,SHOP_003,22.0,2,Good
BIKE_05551,SHOP_009,23.0,2,Good
BIKE_33690,SHOP_009,40.0,1,Good
BIKE_33690,SHOP_003,40.0,3,Excellent
BIKE_04660,SHOP_003,33.0,1,Good
BIKE_34513,SHOP_003,22.0,1,Good
BIKE_18515,SHOP_003,13.0,2,Good
BIKE_14695,SHOP_009,28.0,2,Good
BIKE_00640,SHOP_009,42.0,2,Excellent
BIKE_21266,SHOP_001,22.0,3,Good
BIKE_28443,SHOP_009,23.0,3,Excellent
BIKE_08339,SHOP_009,11.0,3,Fair
BIKE_08339,SHOP_007,9.0,3,Good
BIKE_01456,SHOP_003,30.0,3,Good
BIKE_32825,SHOP_012,45.0,3,Excellent
BIKE_28201,SHOP_009,22.0,1,Fair
BIKE_24492,SHOP_003,21.0,3,Excellent
BIKE_15452,SHOP_009,30.0,2,Good
BIKE_26358,SHOP_012,45.0,3,Fair
BIKE_11515,SHOP_009,30.0,3,Excellent
BIKE_11515,SHOP_003,31.0,1,Good
BIKE_13984,SHOP_009,40.0,2,Good
BIKE_13984,SHOP_003,38.0,1,Good
BIKE_05697,SHOP_009,28.0,3,Fair
BIKE_24018,SHOP_012,52.0,1,Good
BIKE_32619,SHOP_009,29.0,2,Good
BIKE_32619,SHOP_003,30.0,1,Good
BIKE_22284,SHOP_007,11.0,3,Good
BIKE_31026,SHOP_012,49.0,2,Good
BIKE_32297,SHOP_009,35.0,1,Fair
BIKE_32297,SHOP_003,36.0,1,Good
BIKE_33015,SHOP_003,21.0,3,Good
BIKE_13637,SHOP_009,25.0,1,Good
BIKE_10610,SHOP_007,20.0,2,Fair
BIKE_10610,SHOP_001,20.0,3,Fair
BIKE_34791,SHOP_012,64.0,1,Fair
BIKE_20509,SHOP_003,41.0,1,Excellent
BIKE_37584,SHOP_003,20.0,2,Fair
BIKE_30715,SHOP_001,11.0,2,Good
BIKE_30715,SHOP_003,11.0,1,Good
BIKE_00241,SHOP_009,23.0,2,Good
BIKE_04170,SHOP_004,25.0,1,Fair
BIKE_04170,SHOP_001,26.0,1,Good
BIKE_14421,SHOP_012,42.0,3,Good
BIKE_32569,SHOP_007,22.0,3,Excellent
BIKE_32569,SHOP_003,23.0,1,Fair
BIKE_23361,SHOP_009,21.0,2,Fair
BIKE_23361,SHOP_003,22.0,1,Good
BIKE_23102,SHOP_003,27.0,2,Good
BIKE_23102,SHOP_009,26.0,1,Fair
BIKE_33299,SHOP_003,29.0,2,Excellent
BIKE_33299,SHOP_009,31.0,1,Fair
BIKE_09284,SHOP_003,32.0,3,Good
BIKE_14845,SHOP_006,11.0,3,Good
BIKE_14845,SHOP_009,9.0,1,Fair
BIKE_32166,SHOP_009,24.0,3,Good
BIKE_32166,SHOP_003,22.0,1,Excellent
BIKE_13452,SHOP_009,47.0,3,Good
BIKE_13452,SHOP_003,47.0,2,Excellent
BIKE_28581,SHOP_009,49.0,2,Excellent
BIKE_28581,SHOP_003,49.0,2,Fair
BIKE_18703,SHOP_009,12.0,2,Good
BIKE_36531,SHOP_003,32.0,1,Good
BIKE_21247,SHOP_009,30.0,3,Excellent
BIKE_07989,SHOP_009,18.0,3,Fair
BIKE_02638,SHOP_009,40.0,2,Good
BIKE_02638,SHOP_003,42.0,2,Good
BIKE_31993,SHOP_007,21.0,2,Good
BIKE_27337,SHOP_009,31.0,3,Good
BIKE_27337,SHOP_003,32.0,2,Good
BIKE_12947,SHOP_003,42.0,2,Excellent
BIKE_12947,SHOP_009,42.0,3,Excellent
BIKE_28950,SHOP_003,25.0,2,Good
BIKE_28950,SHOP_009,27.0,1,Fair
BIKE_33236,SHOP_003,24.0,1,Good
BIKE_33236,SHOP_009,23.0,2,Good
BIKE_03882,SHOP_003,23.0,2,Fair
BIKE_29976,SHOP_010,22.0,3,Good
BIKE_05532,SHOP_003,33.0,3,Fair
BIKE_05532,SHOP_009,31.0,1,Excellent
BIKE_34047,SHOP_007,10.0,3,Good
BIKE_34047,SHOP_006,10.0,1,Good
BIKE_15427,SHOP_009,24.0,1,Good
BIKE_15427,SHOP_003,27.0,1,Good
BIKE_06521,SHOP_009,26.0,2,Good
BIKE_06521,SHOP_003,28.0,1,Excellent
BIKE_31766,SHOP_003,25.0,2,Excellent
BIKE_31766,SHOP_009,26.0,2,Good
BIKE_24780,SHOP_007,24.0,3,Good
BIKE_37720,SHOP_003,44.0,1,Fair
BIKE_12494,SHOP_009,30.0,1,Good
BIKE_11792,SHOP_003,36.0,2,Good
BIKE_28023,SHOP_009,29.0,3,Good
BIKE_28023,SHOP_003,29.0,3,Good
BIKE_37456,SHOP_009,9.0,2,Fair
BIKE_37456,SHOP_007,9.0,3,Excellent
BIKE_22481,SHOP_006,8.0,1,Fair
BIKE_22481,SHOP_003,10.0,3,Good
BIKE_23403,SHOP_003,44.0,1,Good
BIKE_23403,SHOP_009,44.0,1,Good
BIKE_33712,SHOP_009,22.0,3,Fair
BIKE_33712,SHOP_004,24.0,3,Good
BIKE_17766,SHOP_009,26.0,1,Excellent
BIKE_17766,SHOP_003,27.0,3,Excellent
BIKE_19490,SHOP_001,11.0,3,Good
BIKE_08543,SHOP_009,23.0,1,Fair
BIKE_25065,SHOP_003,29.0,1,Good
BIKE_25065,SHOP_009,31.0,3,Fair
BIKE_29337,SHOP_009,11.0,1,Good
BIKE_11238,SHOP_003,28.0,3,Good
BIKE_11195,SHOP_009,33.0,2,Good
BIKE_11195,SHOP_003,29.0,3,Good
BIKE_32391,SHOP_009,12.0,3,Fair
BIKE_01053,SHOP_003,12.0,1,Good
BIKE_01053,SHOP_001,11.0,2,Excellent
BIKE_00902,SHOP_009,27.0,2,Fair
BIKE_07947,SHOP_009,21.0,2,Good
BIKE_03208,SHOP_003,23.0,1,Fair
BIKE_11684,SHOP_009,27.0,1,Fair
BIKE_10873,SHOP_010,22.0,3,Good
BIKE_05394,SHOP_009,19.0,2,Good
BIKE_19261,SHOP_006,25.0,2,Excellent
BIKE_26507,SHOP_006,26.0,3,Excellent
BIKE_26507,SHOP_004,24.0,1,Good
BIKE_28299,SHOP_010,19.0,1,Excellent
BIKE_21002,SHOP_003,10.0,1,Good
BIKE_21002,SHOP_001,10.0,2,Good
BIKE_12136,SHOP_007,10.0,3,Good
BIKE_12136,SHOP_001,12.0,3,Fair
BIKE_29679,SHOP_001,11.0,1,Excellent
BIKE_12971,SHOP_009,39.0,2,Good
BIKE_09165,SHOP_001,9.0,2,Fair
BIKE_09165,SHOP_003,10.0,1,Good
BIKE_07325,SHOP_012,42.0,1,Good
BIKE_02304,SHOP_003,24.0,2,Excellent
BIKE_02304,SHOP_009,25.0,3,Good
BIKE_02499,SHOP_003,34.0,2,Good
BIKE_02499,SHOP_009,32.0,2,Good
BIKE_22730,SHOP_010,17.0,2,Good
BIKE_00850,SHOP_009,32.0,2,Good
BIKE_00850,SHOP_003,31.0,3,Good
BIKE_06535,SHOP_009,27.0,2,Good
BIKE_06535,SHOP_003,28.0,3,Good
BIKE_22782,SHOP_003,23.0,3,Fair
BIKE_22782,SHOP_009,21.0,2,Good
BIKE_14756,SHOP_009,26.0,3,Fair
BIKE_14756,SHOP_003,27.0,3,Excellent
BIKE_17547,SHOP_009,24.0,1,Excellent
BIKE_17547,SHOP_001,22.0,2,Good
BIKE_34745,SHOP_003,31.0,3,Good
BIKE_05640,SHOP_007,9.0,2,Good
BIKE_20481,SHOP_012,70.0,1,Good
BIKE_15054,SHOP_009,31.0,3,Excellent
BIKE_37032,SHOP_003,30.0,1,Excellent
BIKE_00939,SHOP_009,29.0,2,Excellent
BIKE_13943,SHOP_003,26.0,2,Fair
BIKE_25366,SHOP_009,46.0,3,Good
BIKE_25366,SHOP_003,49.0,2,Good
BIKE_23607,SHOP_003,28.0,1,Fair
BIKE_31207,SHOP_009,22.0,3,Good
BIKE_20362,SHOP_004,22.0,2,Good
BIKE_33779,SHOP_009,37.0,2,Good
BIKE_07831,SHOP_009,11.0,3,Good
BIKE_07831,SHOP_003,10.0,3,Fair
BIKE_15363,SHOP_012,41.0,1,Good
BIKE_02095,SHOP_009,22.0,3,Good
BIKE_02095,SHOP_003,20.0,2,Excellent
BIKE_33874,SHOP_003,29.0,3,Fair
BIKE_33874,SHOP_009,29.0,2,Fair
BIKE_33688,SHOP_010,22.0,2,Good
BIKE_33688,SHOP_004,20.0,1,Good
BIKE_18833,SHOP_003,21.0,3,Fair
BIKE_18833,SHOP_009,22.0,2,Good
BIKE_18861,SHOP_003,37.0,3,Good
BIKE_18861,SHOP_009,36.0,1,Fair
BIKE_35792,SHOP_003,45.0,3,Good
BIKE_01994,SHOP_009,31.0,2,Excellent
BIKE_11661,SHOP_009,26.0,3,Good
BIKE_09194,SHOP_009,28.0,3,Excellent
BIKE_06865,SHOP_012,39.0,1,Fair
BIKE_22351,SHOP_007,11.0,1,Fair
BIKE_22351,SHOP_003,9.0,2,Good
BIKE_31838,SHOP_003,26.0,3,Fair
BIKE_31838,SHOP_009,27.0,3,Fair
BIKE_36579,SHOP_009,8.0,1,Excellent
BIKE_11543,SHOP_003,9.0,1,Excellent
BIKE_36280,SHOP_003,22.0,1,Fair
BIKE_01662,SHOP_007,10.0,1,Good
BIKE_04772,SHOP_009,24.0,1,Good
BIKE_04772,SHOP_006,24.0,3,Fair
BIKE_28881,SHOP_009,24.0,1,Good
BIKE_28881,SHOP_003,26.0,3,Fair
BIKE_19760,SHOP_004,22.0,1,Good
BIKE_19760,SHOP_006,20.0,3,Good
BIKE_03601,SHOP_009,44.0,1,Fair
BIKE_36863,SHOP_003,32.0,2,Good
BIKE_36863,SHOP_009,29.0,3,Good
BIKE_23971,SHOP_003,23.0,1,Fair
BIKE_23971,SHOP_009,25.0,3,Good
BIKE_24010,SHOP_003,19.0,1,Good
BIKE_12758,SHOP_009,28.0,3,Good
BIKE_12758,SHOP_003,29.0,3,Good
BIKE_13736,SHOP_009,30.0,2,Good
BIKE_13736,SHOP_003,30.0,3,Good
BIKE_33076,SHOP_003,18.0,2,Good
BIKE_33076,SHOP_009,20.0,1,Fair
BIKE_38675,SHOP_006,9.0,1,Good
BIKE_19511,SHOP_001,21.0,3,Good
BIKE_19511,SHOP_004,21.0,3,Good
BIKE_31701,SHOP_009,23.0,3,Excellent
BIKE_31701,SHOP_003,22.0,1,Good
BIKE_27450,SHOP_003,24.0,3,Excellent
BIKE_12705,SHOP_009,32.0,1,Excellent
BIKE_08270,SHOP_003,19.0,2,Good
BIKE_08270,SHOP_007,18.0,1,Fair
BIKE_29490,SHOP_009,20.0,2,Good
BIKE_29490,SHOP_003,19.0,1,Fair
BIKE_37696,SHOP_009,36.0,2,Good
BIKE_37696,SHOP_003,35.0,3,Good
BIKE_35625,SHOP_010,25.0,1,Excellent
BIKE_13667,SHOP_003,30.0,1,Excellent
BIKE_13667,SHOP_009,29.0,2,Excellent
BIKE_09056,SHOP_003,20.0,2,Excellent
BIKE_28056,SHOP_007,10.0,1,Excellent
BIKE_28056,SHOP_009,10.0,3,Good
BIKE_06870,SHOP_003,26.0,3,Fair
BIKE_06245,SHOP_006,12.0,3,Good
BIKE_14462,SHOP_009,26.0,2,Excellent
BIKE_06527,SHOP_009,23.0,3,Good
BIKE_31859,SHOP_003,39.0,2,Good
BIKE_31859,SHOP_009,41.0,1,Excellent
BIKE_27173,SHOP_001,20.0,1,Good
BIKE_27173,SHOP_010,20.0,1,Fair
BIKE_31795,SHOP_009,39.0,3,Good
BIKE_29281,SHOP_009,24.0,1,Excellent
BIKE_24384,SHOP_009,38.0,3,Fair
BIKE_24384,SHOP_003,37.0,1,Good
BIKE_33412,SHOP_009,35.0,3,Excellent
BIKE_37320,SHOP_009,26.0,1,Good
BIKE_37320,SHOP_003,27.0,1,Good
BIKE_01520,SHOP_009,23.0,2,Excellent
BIKE_25483,SHOP_001,11.0,2,Good
BIKE_25483,SHOP_006,11.0,1,Good
BIKE_01555,SHOP_007,9.0,3,Good
BIKE_33890,SHOP_003,31.0,1,Fair
BIKE_34465,SHOP_009,34.0,3,Good
BIKE_38479,SHOP_003,10.0,3,Good
BIKE_15044,SHOP_007,8.0,2,Good
BIKE_07250,SHOP_001,8.0,1,Good
BIKE_31378,SHOP_009,24.0,1,Good
BIKE_31378,SHOP_003,26.0,2,Good
BIKE_06925,SHOP_010,20.0,3,Excellent
BIKE_18684,SHOP_003,45.0,2,Good
BIKE_30219,SHOP_009,25.0,3,Good
BIKE_12642,SHOP_003,47.0,1,Good
BIKE_12642,SHOP_009,48.0,2,Good
BIKE_01114,SHOP_003,21.0,3,Good
BIKE_05821,SHOP_009,8.0,3,Good
BIKE_05821,SHOP_003,10.0,2,Good
BIKE_08596,SHOP_009,23.0,3,Fair
BIKE_08596,SHOP_003,23.0,3,Fair
BIKE_30238,SHOP_009,12.0,1,Good
BIKE_30238,SHOP_007,10.0,1,Fair
BIKE_31765,SHOP_009,28.0,1,Good
BIKE_31765,SHOP_003,28.0,3,Good
BIKE_08193,SHOP_003,36.0,1,Fair
BIKE_30300,SHOP_003,21.0,2,Excellent
BIKE_30300,SHOP_004,20.0,2,Fair
BIKE_35259,SHOP_003,38.0,2,Fair
BIKE_35259,SHOP_009,36.0,2,Excellent
BIKE_01871,SHOP_009,36.0,2,Good
BIKE_24880,SHOP_009,22.0,3,Excellent
BIKE_12181,SHOP_003,25.0,2,Good
BIKE_12181,SHOP_009,27.0,1,Fair
BIKE_36219,SHOP_009,31.0,2,Excellent
BIKE_12604,SHOP_003,26.0,3,Excellent
BIKE_12604,SHOP_009,22.0,3,Good
BIKE_17644,SHOP_010,22.0,3,Fair
BIKE_17644,SHOP_007,23.0,3,Good
BIKE_05646,SHOP_007,11.0,2,Good
BIKE_05646,SHOP_006,10.0,2,Fair
BIKE_37317,SHOP_003,37.0,1,Good
BIKE_37317,SHOP_009,36.0,2,Good
BIKE_03315,SHOP_001,22.0,2,Good
BIKE_08241,SHOP_009,9.0,3,Excellent
BIKE_27831,SHOP_001,18.0,3,Fair
BIKE_32765,SHOP_009,25.0,1,Good
BIKE_27135,SHOP_003,24.0,3,Fair
BIKE_30749,SHOP_003,28.0,1,Fair
BIKE_30749,SHOP_009,28.0,2,Excellent
BIKE_37967,SHOP_009,29.0,2,Fair
BIKE_37967,SHOP_003,32.0,2,Good
BIKE_10422,SHOP_009,21.0,3,Good
BIKE_10422,SHOP_003,21.0,2,Fair
BIKE_06890,SHOP_001,9.0,3,Excellent
BIKE_15772,SHOP_003,9.0,2,Fair
BIKE_15772,SHOP_009,8.0,2,Good
BIKE_22921,SHOP_003,28.0,3,Excellent
BIKE_22921,SHOP_009,26.0,1,Good
BIKE_25629,SHOP_003,12.0,1,Fair
BIKE_25629,SHOP_009,11.0,3,Good
BIKE_03725,SHOP_004,20.0,3,Good
BIKE_13192,SHOP_009,23.0,1,Good
BIKE_18729,SHOP_003,23.0,3,Good
BIKE_29955,SHOP_006,20.0,3,Good
BIKE_36410,SHOP_006,9.0,1,Excellent
BIKE_18400,SHOP_009,33.0,3,Good
BIKE_36706,SHOP_009,44.0,2,Good
BIKE_36706,SHOP_003,45.0,1,Good
BIKE_30953,SHOP_012,58.0,3,Fair
BIKE_36881,SHOP_010,19.0,2,Good
BIKE_25909,SHOP_009,38.0,2,Good
BIKE_11743,SHOP_009,29.0,2,Good
BIKE_11743,SHOP_003,29.0,1,Excellent
BIKE_28833,SHOP_009,39.0,2,Excellent
BIKE_20713,SHOP_003,19.0,2,Fair
BIKE_20713,SHOP_007,21.0,3,Fair
BIKE_37339,SHOP_007,12.0,3,Excellent
BIKE_00919,SHOP_003,22.0,3,Good
BIKE_00919,SHOP_004,23.0,2,Good
BIKE_16501,SHOP_003,33.0,1,Good
BIKE_16501,SHOP_009,33.0,1,Excellent
BIKE_21789,SHOP_009,24.0,1,Good
BIKE_21789,SHOP_004,26.0,3,Fair
BIKE_31554,SHOP_003,32.0,3,Good
BIKE_12119,SHOP_007,20.0,1,Good
BIKE_37309,SHOP_009,18.0,2,Fair
BIKE_19677,SHOP_003,29.0,3,Good
BIKE_19677,SHOP_009,29.0,1,Good
BIKE_20332,SHOP_003,34.0,2,Good
BIKE_20332,SHOP_009,35.0,1,Fair
BIKE_04855,SHOP_001,24.0,3,Excellent
BIKE_38075,SHOP_003,35.0,3,Fair
BIKE_30767,SHOP_009,32.0,1,Good
BIKE_30767,SHOP_003,30.0,3,Fair
BIKE_14894,SHOP_003,27.0,2,Excellent
BIKE_22344,SHOP_009,27.0,3,Good
BIKE_22344,SHOP_003,29.0,3,Good
BIKE_26142,SHOP_007,22.0,3,Good
BIKE_26142,SHOP_004,22.0,2,Good
BIKE_05152,SHOP_006,12.0,1,Excellent
BIKE_05152,SHOP_009,10.0,2,Fair
BIKE_24902,SHOP_004,25.0,1,Good
BIKE_24902,SHOP_009,24.0,2,Fair
BIKE_29668,SHOP_003,40.0,3,Excellent
BIKE_29668,SHOP_009,40.0,2,Excellent
BIKE_11935,SHOP_003,25.0,3,Good
BIKE_15743,SHOP_004,22.0,2,Good
BIKE_29029,SHOP_009,17.0,1,Excellent
BIKE_29376,SHOP_009,25.0,1,Good
BIKE_29376,SHOP_003,27.0,3,Good
BIKE_38681,SHOP_009,27.0,3,Good
BIKE_36781,SHOP_006,20.0,3,Good
BIKE_14293,SHOP_006,9.0,1,Good
BIKE_14293,SHOP_007,9.0,3,Good
BIKE_37987,SHOP_003,30.0,2,Excellent
BIKE_34770,SHOP_006,11.0,2,Good
BIKE_34770,SHOP_001,11.0,2,Good
BIKE_19720,SHOP_003,28.0,2,Fair
BIKE_19720,SHOP_009,29.0,2,Fair
BIKE_05686,SHOP_003,35.0,2,Excellent
BIKE_17367,SHOP_009,24.0,2,Good
BIKE_07212,SHOP_012,45.0,3,Fair
BIKE_04335,SHOP_003,12.0,3,Good
BIKE_26659,SHOP_001,10.0,2,Good
BIKE_26659,SHOP_009,12.0,1,Excellent
BIKE_24659,SHOP_003,22.0,1,Excellent
BIKE_24659,SHOP_009,22.0,1,Good
BIKE_19809,SHOP_003,33.0,1,Excellent
BIKE_19809,SHOP_009,30.0,1,Excellent
BIKE_38010,SHOP_003,48.0,2,Good
BIKE_38010,SHOP_009,47.0,2,Excellent
BIKE_24257,SHOP_012,41.0,1,Good
BIKE_37516,SHOP_009,32.0,2,Good
BIKE_37516,SHOP_003,35.0,2,Excellent
BIKE_11024,SHOP_004,23.0,2,Good
BIKE_11024,SHOP_010,24.0,2,Good
BIKE_04241,SHOP_003,33.0,1,Fair
BIKE_18035,SHOP_009,22.0,3,Good
BIKE_19247,SHOP_009,20.0,1,Good
BIKE_19247,SHOP_003,19.0,3,Good
BIKE_02965,SHOP_003,20.0,1,Good
BIKE_02965,SHOP_009,22.0,1,Fair
BIKE_17636,SHOP_007,9.0,2,Good
BIKE_32424,SHOP_009,21.0,1,Good
BIKE_32424,SHOP_003,19.0,2,Good
BIKE_03539,SHOP_012,48.0,3,Good
BIKE_09252,SHOP_003,41.0,2,Fair
BIKE_21588,SHOP_006,20.0,1,Good
BIKE_37542,SHOP_003,8.0,1,Good
BIKE_37542,SHOP_006,12.0,1,Good
BIKE_06809,SHOP_007,11.0,2,Good
BIKE_09798,SHOP_009,31.0,1,Excellent
BIKE_33854,SHOP_003,26.0,2,Good
BIKE_33854,SHOP_009,28.0,2,Excellent
BIKE_28121,SHOP_004,19.0,3,Good
BIKE_28121,SHOP_003,19.0,3,Excellent
BIKE_24334,SHOP_006,12.0,2,Good
BIKE_24334,SHOP_001,9.0,3,Good
BIKE_18647,SHOP_006,20.0,2,Fair
BIKE_18647,SHOP_007,19.0,2,Fair
BIKE_26602,SHOP_012,53.0,3,Excellent
BIKE_21039,SHOP_004,21.0,1,Excellent
BIKE_21039,SHOP_006,20.0,2,Fair
BIKE_18579,SHOP_010,20.0,2,Good
BIKE_18579,SHOP_004,19.0,1,Good
BIKE_14768,SHOP_009,28.0,1,Good
BIKE_24139,SHOP_010,23.0,1,Good
BIKE_24139,SHOP_003,23.0,1,Fair
BIKE_19855,SHOP_001,16.0,2,Fair
BIKE_19855,SHOP_009,18.0,2,Good
BIKE_22326,SHOP_009,30.0,1,Good
BIKE_12995,SHOP_007,24.0,2,Fair
BIKE_12995,SHOP_004,23.0,1,Good
BIKE_32546,SHOP_009,31.0,1,Excellent
BIKE_37679,SHOP_003,38.0,2,Good
BIKE_37679,SHOP_009,36.0,1,Good
BIKE_01305,SHOP_001,12.0,2,Excellent
BIKE_01305,SHOP_009,12.0,1,Good
BIKE_14044,SHOP_009,22.0,1,Excellent
BIKE_14044,SHOP_003,23.0,1,Good
BIKE_01347,SHOP_003,25.0,2,Good
BIKE_35104,SHOP_003,38.0,3,Good
BIKE_01981,SHOP_010,23.0,1,Good
BIKE_01981,SHOP_003,24.0,2,Excellent
BIKE_16872,SHOP_012,39.0,2,Excellent
BIKE_05373,SHOP_009,23.0,3,Good
BIKE_05373,SHOP_003,25.0,1,Good
BIKE_08647,SHOP_007,22.0,3,Good
BIKE_24730,SHOP_009,18.0,3,Fair
BIKE_24730,SHOP_003,18.0,1,Excellent
BIKE_34844,SHOP_001,11.0,1,Good
BIKE_34844,SHOP_007,11.0,2,Excellent
BIKE_14128,SHOP_012,188.0,3,Fair
BIKE_23433,SHOP_003,20.0,2,Fair
BIKE_23433,SHOP_009,21.0,3,Excellent
BIKE_12261,SHOP_003,30.0,3,Excellent
BIKE_28126,SHOP_003,25.0,3,Good
BIKE_28126,SHOP_009,22.0,1,Fair
BIKE_25114,SHOP_007,9.0,3,Fair
BIKE_10949,SHOP_009,20.0,3,Fair
BIKE_26350,SHOP_003,21.0,2,Excellent
BIKE_38306,SHOP_012,43.0,3,Excellent
BIKE_28787,SHOP_009,44.0,3,Excellent
BIKE_28787,SHOP_003,43.0,1,Good
BIKE_18970,SHOP_006,24.0,3,Good
BIKE_18970,SHOP_009,21.0,3,Fair
BIKE_17456,SHOP_003,51.0,3,Fair
BIKE_17456,SHOP_009,48.0,1,Excellent
BIKE_20781,SHOP_003,24.0,1,Good
BIKE_36285,SHOP_009,24.0,2,Excellent
BIKE_36285,SHOP_003,25.0,3,Excellent
BIKE_02075,SHOP_007,12.0,2,Good
BIKE_11176,SHOP_010,20.0,2,Good
BIKE_11176,SHOP_001,19.0,1,Good
BIKE_18992,SHOP_003,27.0,1,Excellent
BIKE_20647,SHOP_012,54.0,2,Fair
BIKE_24897,SHOP_007,20.0,3,Good
BIKE_24897,SHOP_006,20.0,1,Good
BIKE_36765,SHOP_003,21.0,1,Excellent
BIKE_12434,SHOP_009,35.0,3,Good
BIKE_33324,SHOP_003,23.0,3,Good
BIKE_33324,SHOP_006,23.0,1,Good
BIKE_04463,SHOP_009,32.0,3,Excellent
BIKE_04463,SHOP_003,31.0,2,Fair
BIKE_17680,SHOP_009,21.0,2,Good
BIKE_17680,SHOP_003,22.0,3,Good
BIKE_26259,SHOP_010,21.0,2,Good
BIKE_26259,SHOP_001,20.0,3,Good
BIKE_24694,SHOP_003,29.0,3,Fair
BIKE_15490,SHOP_009,29.0,1,Good
BIKE_15490,SHOP_003,31.0,1,Good
BIKE_27238,SHOP_009,23.0,3,Fair
BIKE_35598,SHOP_003,23.0,1,Good
BIKE_35598,SHOP_009,23.0,1,Fair
BIKE_15561,SHOP_003,20.0,2,Good
BIKE_15561,SHOP_010,18.0,3,Good
BIKE_12868,SHOP_009,18.0,1,Good
BIKE_21488,SHOP_003,25.0,2,Excellent
BIKE_00538,SHOP_009,29.0,3,Good
BIKE_30078,SHOP_003,42.0,2,Fair
BIKE_15291,SHOP_003,10.0,3,Excellent
BIKE_15291,SHOP_001,10.0,1,Good
BIKE_02385,SHOP_003,23.0,3,Good
BIKE_02385,SHOP_009,22.0,3,Fair
BIKE_36587,SHOP_001,24.0,2,Good
BIKE_36587,SHOP_010,23.0,1,Good
BIKE_01991,SHOP_012,60.0,1,Good
BIKE_30417,SHOP_009,29.0,2,Excellent
BIKE_30417,SHOP_003,30.0,3,Fair
BIKE_20205,SHOP_009,28.0,3,Good
BIKE_20205,SHOP_003,27.0,3,Excellent
BIKE_01029,SHOP_012,80.0,1,Fair
BIKE_09282,SHOP_004,16.0,2,Good
BIKE_10788,SHOP_009,28.0,1,Good
BIKE_23890,SHOP_006,10.0,2,Excellent
BIKE_17455,SHOP_009,22.0,3,Fair
BIKE_33196,SHOP_003,9.0,1,Good
BIKE_33196,SHOP_006,11.0,2,Excellent
BIKE_12848,SHOP_003,24.0,3,Excellent
BIKE_12848,SHOP_009,21.0,1,Good
BIKE_13506,SHOP_003,23.0,1,Fair
BIKE_19165,SHOP_009,18.0,3,Good
BIKE_19165,SHOP_007,18.0,3,Excellent
BIKE_13922,SHOP_003,24.0,2,Good
BIKE_13922,SHOP_009,24.0,3,Good
BIKE_16841,SHOP_003,26.0,1,Excellent
BIKE_20701,SHOP_003,49.0,3,Good
BIKE_38342,SHOP_007,18.0,2,Fair
BIKE_38342,SHOP_001,18.0,1,Excellent
BIKE_16441,SHOP_009,21.0,2,Fair
BIKE_16441,SHOP_001,22.0,3,Good
BIKE_12759,SHOP_003,36.0,3,Good
BIKE_11925,SHOP_001,9.0,1,Fair
BIKE_00239,SHOP_009,28.0,1,Good
BIKE_20987,SHOP_009,28.0,2,Good
BIKE_20987,SHOP_003,29.0,1,Good
BIKE_13639,SHOP_007,21.0,2,Good
BIKE_13639,SHOP_003,20.0,1,Fair
BIKE_07620,SHOP_009,26.0,1,Good
BIKE_07620,SHOP_003,27.0,2,Excellent
BIKE_27799,SHOP_012,41.0,1,Fair
BIKE_16357,SHOP_009,23.0,2,Fair
BIKE_18533,SHOP_012,60.0,3,Good
BIKE_02799,SHOP_009,29.0,1,Good
BIKE_10378,SHOP_003,24.0,3,Fair
BIKE_10378,SHOP_009,26.0,1,Good
BIKE_05936,SHOP_003,23.0,2,Excellent
BIKE_05936,SHOP_009,24.0,3,Good
BIKE_29273,SHOP_009,28.0,1,Good
BIKE_15423,SHOP_003,9.0,2,Good
BIKE_07864,SHOP_009,31.0,2,Good
BIKE_07864,SHOP_003,33.0,2,Good
BIKE_02008,SHOP_012,56.0,3,Excellent
BIKE_32734,SHOP_003,30.0,2,Excellent
BIKE_32734,SHOP_009,33.0,3,Good
BIKE_07579,SHOP_003,26.0,2,Fair
BIKE_07579,SHOP_009,23.0,1,Excellent
BIKE_21489,SHOP_006,11.0,1,Good
BIKE_21489,SHOP_001,12.0,2,Excellent
BIKE_37291,SHOP_009,28.0,2,Good
BIKE_15158,SHOP_009,21.0,2,Good
BIKE_15158,SHOP_003,21.0,1,Fair
BIKE_33664,SHOP_003,35.0,2,Good
BIKE_33664,SHOP_009,34.0,3,Fair
BIKE_02007,SHOP_009,24.0,3,Excellent
BIKE_02007,SHOP_003,25.0,3,Good
BIKE_27066,SHOP_010,20.0,3,Excellent
BIKE_07646,SHOP_006,11.0,1,Good
BIKE_34413,SHOP_001,10.0,2,Good
BIKE_05068,SHOP_003,23.0,2,Excellent
BIKE_05662,SHOP_009,30.0,3,Good
BIKE_05662,SHOP_003,28.0,3,Excellent
BIKE_18505,SHOP_003,47.0,3,Excellent
BIKE_18505,SHOP_009,48.0,1,Excellent
BIKE_15714,SHOP_003,39.0,2,Fair
BIKE_15714,SHOP_009,40.0,1,Good
BIKE_02168,SHOP_006,11.0,2,Good
BIKE_22345,SHOP_003,23.0,3,Good
BIKE_22345,SHOP_009,24.0,3,Good
BIKE_07336,SHOP_003,31.0,2,Excellent
BIKE_03555,SHOP_003,48.0,2,Good
BIKE_03555,SHOP_009,51.0,1,Good
BIKE_19150,SHOP_006,19.0,2,Good
BIKE_03697,SHOP_009,42.0,2,Good
BIKE_35216,SHOP_009,47.0,3,Good
BIKE_35216,SHOP_003,46.0,1,Good
BIKE_34650,SHOP_009,36.0,2,Fair
BIKE_24353,SHOP_003,24.0,1,Excellent
BIKE_24353,SHOP_009,23.0,3,Fair
BIKE_09073,SHOP_009,48.0,2,Excellent
BIKE_09073,SHOP_003,48.0,2,Excellent
BIKE_04724,SHOP_001,11.0,1,Good
BIKE_20277,SHOP_003,42.0,3,Fair
BIKE_36306,SHOP_009,28.0,2,Good
BIKE_09381,SHOP_001,23.0,2,Fair
BIKE_09381,SHOP_004,22.0,3,Good
BIKE_05174,SHOP_004,19.0,3,Excellent
BIKE_05174,SHOP_009,21.0,1,Good
BIKE_20889,SHOP_009,32.0,2,Fair
BIKE_04913,SHOP_009,45.0,3,Excellent
BIKE_01183,SHOP_003,31.0,1,Good
BIKE_05881,SHOP_009,26.0,2,Good
BIKE_05881,SHOP_003,26.0,3,Good
BIKE_09739,SHOP_009,20.0,3,Excellent
BIKE_09739,SHOP_006,21.0,3,Excellent
BIKE_35986,SHOP_003,28.0,1,Fair
BIKE_31445,SHOP_001,11.0,2,Good
BIKE_06760,SHOP_003,24.0,3,Good
BIKE_06760,SHOP_009,26.0,1,Good
BIKE_06081,SHOP_003,25.0,3,Fair
BIKE_06081,SHOP_009,25.0,2,Good
BIKE_31318,SHOP_003,19.0,2,Good
BIKE_35741,SHOP_006,9.0,3,Good
BIKE_35741,SHOP_001,9.0,3,Excellent
BIKE_19805,SHOP_003,21.0,3,Good
BIKE_19805,SHOP_009,22.0,2,Good
BIKE_09301,SHOP_007,18.0,2,Good
BIKE_02680,SHOP_010,23.0,1,Excellent
BIKE_02680,SHOP_007,23.0,1,Good
BIKE_17999,SHOP_001,8.0,3,Good
BIKE_17999,SHOP_007,11.0,3,Excellent
BIKE_16290,SHOP_009,33.0,3,Excellent
BIKE_16290,SHOP_003,30.0,3,Good
BIKE_25016,SHOP_006,11.0,3,Good
BIKE_09845,SHOP_003,27.0,2,Good
BIKE_02286,SHOP_003,27.0,1,Fair
BIKE_02286,SHOP_009,24.0,3,Fair
BIKE_04915,SHOP_006,20.0,2,Excellent
BIKE_04915,SHOP_003,19.0,2,Fair
BIKE_12034,SHOP_009,24.0,1,Fair
BIKE_06593,SHOP_003,34.0,3,Excellent
BIKE_06593,SHOP_009,33.0,3,Fair
BIKE_04526,SHOP_009,29.0,2,Excellent
BIKE_27732,SHOP_003,24.0,3,Good
BIKE_17964,SHOP_012,58.0,1,Good
BIKE_35147,SHOP_003,25.0,3,Good
BIKE_08285,SHOP_009,22.0,2,Excellent
BIKE_08285,SHOP_003,20.0,1,Good
BIKE_33169,SHOP_003,8.0,2,Good
BIKE_33169,SHOP_001,8.0,1,Fair
BIKE_37341,SHOP_009,31.0,1,Good
BIKE_29253,SHOP_003,25.0,2,Good
BIKE_19636,SHOP_003,37.0,3,Good
BIKE_27338,SHOP_003,23.0,1,Good
BIKE_27338,SHOP_009,22.0,2,Good
BIKE_36326,SHOP_004,12.0,2,Fair
BIKE_02119,SHOP_009,24.0,2,Good
BIKE_02119,SHOP_003,22.0,3,Good
BIKE_21981,SHOP_009,33.0,3,Good
BIKE_12350,SHOP_009,31.0,2,Good
BIKE_20296,SHOP_009,10.0,2,Excellent
BIKE_20296,SHOP_007,9.0,1,Good
BIKE_02617,SHOP_009,20.0,1,Good
BIKE_02617,SHOP_003,21.0,2,Good
BIKE_26394,SHOP_007,10.0,3,Good
BIKE_26394,SHOP_003,9.0,2,Good
BIKE_35571,SHOP_003,36.0,1,Excellent
BIKE_31761,SHOP_009,20.0,1,Fair
BIKE_31761,SHOP_004,20.0,3,Good
BIKE_08318,SHOP_009,19.0,2,Good
BIKE_08318,SHOP_007,20.0,3,Good
BIKE_30599,SHOP_004,11.0,2,Fair
BIKE_20166,SHOP_009,22.0,3,Fair
BIKE_00373,SHOP_009,41.0,2,Good
BIKE_00373,SHOP_003,40.0,2,Excellent
BIKE_20728,SHOP_003,37.0,3,Fair
BIKE_19460,SHOP_012,47.0,2,Good
BIKE_08248,SHOP_009,24.0,1,Good
BIKE_08248,SHOP_003,21.0,2,Good
BIKE_26056,SHOP_009,22.0,2,Good
BIKE_26056,SHOP_001,20.0,2,Fair
BIKE_03349,SHOP_009,24.0,3,Good
BIKE_36237,SHOP_003,24.0,3,Excellent
BIKE_25365,SHOP_009,34.0,1,Good
BIKE_25365,SHOP_003,35.0,3,Good
BIKE_33617,SHOP_003,24.0,2,Excellent
BIKE_16010,SHOP_003,34.0,1,Fair
BIKE_16010,SHOP_009,32.0,2,Excellent
BIKE_02733,SHOP_003,10.0,2,Excellent
BIKE_02733,SHOP_009,10.0,3,Fair
BIKE_34904,SHOP_003,30.0,1,Good
BIKE_34904,SHOP_009,30.0,3,Good
BIKE_12802,SHOP_003,31.0,2,Good
BIKE_12802,SHOP_009,30.0,3,Good
BIKE_20088,SHOP_012,49.0,1,Good
BIKE_25681,SHOP_003,30.0,3,Good
BIKE_25681,SHOP_009,30.0,2,Good
BIKE_09397,SHOP_003,38.0,3,Good
BIKE_09397,SHOP_009,38.0,2,Fair
BIKE_29082,SHOP_003,36.0,2,Good
BIKE_29082,SHOP_009,32.0,1,Fair
BIKE_02752,SHOP_003,22.0,2,Fair
BIKE_02752,SHOP_009,22.0,1,Good
BIKE_20468,SHOP_009,28.0,2,Good
BIKE_13762,SHOP_007,23.0,2,Good
BIKE_13762,SHOP_009,23.0,1,Good
BIKE_04605,SHOP_009,37.0,1,Fair
BIKE_12678,SHOP_003,43.0,2,Good
BIKE_12678,SHOP_009,43.0,1,Fair
BIKE_37107,SHOP_001,26.0,3,Fair
BIKE_13559,SHOP_009,18.0,2,Fair
BIKE_13559,SHOP_003,20.0,3,Good
BIKE_32629,SHOP_004,21.0,3,Excellent
BIKE_10424,SHOP_006,12.0,2,Fair
BIKE_19079,SHOP_009,43.0,2,Excellent
BIKE_13920,SHOP_003,31.0,2,Fair
BIKE_13920,SHOP_009,32.0,1,Good
BIKE_36323,SHOP_012,67.0,2,Good
BIKE_34632,SHOP_003,29.0,1,Good
BIKE_33217,SHOP_006,12.0,1,Fair
BIKE_04543,SHOP_010,20.0,1,Good
BIKE_35911,SHOP_006,18.0,2,Good
BIKE_35911,SHOP_004,20.0,2,Fair
BIKE_03386,SHOP_009,24.0,3,Fair
BIKE_03386,SHOP_003,23.0,2,Good
BIKE_10241,SHOP_003,23.0,1,Fair
BIKE_02974,SHOP_009,29.0,3,Good
BIKE_02974,SHOP_003,28.0,3,Good
BIKE_32378,SHOP_010,18.0,3,Good
BIKE_32378,SHOP_003,19.0,2,Good
BIKE_09129,SHOP_009,24.0,2,Good
BIKE_09129,SHOP_003,21.0,2,Good
BIKE_28773,SHOP_001,20.0,3,Good
BIKE_24891,SHOP_001,11.0,2,Excellent
BIKE_24891,SHOP_009,10.0,3,Fair
BIKE_32068,SHOP_012,40.0,2,Good
BIKE_28822,SHOP_009,46.0,1,Good
BIKE_36808,SHOP_003,24.0,3,Excellent
BIKE_36808,SHOP_009,22.0,1,Fair
BIKE_10183,SHOP_007,22.0,3,Excellent
BIKE_10183,SHOP_001,24.0,1,Good
BIKE_16847,SHOP_009,11.0,3,Good
BIKE_29151,SHOP_009,31.0,2,Fair
BIKE_29151,SHOP_003,30.0,2,Good
BIKE_23356,SHOP_009,28.0,3,Good
BIKE_08858,SHOP_001,25.0,2,Good
BIKE_27833,SHOP_003,31.0,2,Good
BIKE_17649,SHOP_012,46.0,3,Good
BIKE_18146,SHOP_003,27.0,3,Good
BIKE_16780,SHOP_009,11.0,3,Fair
BIKE_18367,SHOP_003,25.0,3,Fair
BIKE_18367,SHOP_009,23.0,2,Good
BIKE_02344,SHOP_009,26.0,3,Fair
BIKE_02344,SHOP_003,26.0,2,Good
BIKE_05735,SHOP_003,28.0,3,Good
BIKE_05735,SHOP_009,27.0,3,Good
BIKE_21315,SHOP_012,43.0,2,Excellent
BIKE_25418,SHOP_009,33.0,1,Excellent
BIKE_25418,SHOP_003,35.0,2,Good
BIKE_15468,SHOP_009,30.0,1,Fair
BIKE_06620,SHOP_009,44.0,3,Good
BIKE_26332,SHOP_003,27.0,1,Good
BIKE_26332,SHOP_009,28.0,3,Good
BIKE_01513,SHOP_004,18.0,3,Good
BIKE_01118,SHOP_003,29.0,3,Fair
BIKE_21345,SHOP_006,19.0,1,Good
BIKE_30412,SHOP_009,25.0,1,Good
BIKE_17185,SHOP_006,10.0,3,Good
BIKE_05092,SHOP_003,20.0,3,Good
BIKE_04751,SHOP_003,27.0,2,Fair
BIKE_00266,SHOP_009,21.0,1,Good
BIKE_31258,SHOP_003,32.0,3,Good
BIKE_31258,SHOP_009,31.0,2,Good
BIKE_15556,SHOP_007,23.0,2,Fair
BIKE_15556,SHOP_009,23.0,1,Good
BIKE_19955,SHOP_009,28.0,1,Good
BIKE_19955,SHOP_003,32.0,3,Good
BIKE_00361,SHOP_001,12.0,1,Good
BIKE_00361,SHOP_003,12.0,2,Excellent
BIKE_12784,SHOP_010,21.0,3,Fair
BIKE_02633,SHOP_006,19.0,3,Good
BIKE_18884,SHOP_006,22.0,1,Good
BIKE_18884,SHOP_003,21.0,3,Good
BIKE_15334,SHOP_003,32.0,3,Good
BIKE_15334,SHOP_009,29.0,1,Good
BIKE_00460,SHOP_001,12.0,1,Good
BIKE_00460,SHOP_006,8.0,1,Good
BIKE_07998,SHOP_009,48.0,1,Good
BIKE_07998,SHOP_003,47.0,3,Excellent
BIKE_38222,SHOP_009,23.0,1,Excellent
BIKE_38222,SHOP_003,22.0,2,Good
BIKE_35169,SHOP_003,39.0,3,Good
BIKE_35169,SHOP_009,39.0,2,Good
BIKE_35516,SHOP_004,18.0,1,Good
BIKE_35516,SHOP_003,19.0,2,Excellent
BIKE_12140,SHOP_009,26.0,2,Excellent
BIKE_34015,SHOP_003,24.0,3,Fair
BIKE_34015,SHOP_009,23.0,3,Good
BIKE_13792,SHOP_009,30.0,2,Fair
BIKE_13792,SHOP_003,29.0,2,Good
BIKE_30808,SHOP_003,28.0,1,Good
BIKE_06224,SHOP_003,30.0,2,Good
BIKE_02346,SHOP_012,57.0,1,Good
BIKE_05595,SHOP_003,29.0,3,Excellent
BIKE_05595,SHOP_009,29.0,3,Good
BIKE_04208,SHOP_009,18.0,2,Good
BIKE_28863,SHOP_003,19.0,3,Fair
BIKE_28863,SHOP_009,21.0,3,Good
BIKE_18124,SHOP_012,52.0,3,Fair
BIKE_38089,SHOP_003,25.0,3,Excellent
BIKE_06603,SHOP_003,31.0,3,Fair
BIKE_06603,SHOP_009,29.0,3,Fair
BIKE_05346,SHOP_006,21.0,1,Good
BIKE_05346,SHOP_009,19.0,1,Fair
BIKE_04636,SHOP_001,22.0,2,Excellent
BIKE_04636,SHOP_010,24.0,3,Good
BIKE_31472,SHOP_009,21.0,1,Fair
BIKE_13287,SHOP_007,14.0,2,Fair
BIKE_19113,SHOP_001,9.0,1,Good
BIKE_23808,SHOP_012,50.0,1,Good
BIKE_06888,SHOP_003,26.0,1,Good
BIKE_33254,SHOP_004,23.0,2,Good
BIKE_33254,SHOP_006,26.0,2,Good
BIKE_16170,SHOP_003,30.0,2,Good
BIKE_15922,SHOP_004,19.0,2,Good
BIKE_15922,SHOP_006,21.0,2,Good
BIKE_05157,SHOP_009,50.0,1,Fair
BIKE_11098,SHOP_009,27.0,3,Fair
BIKE_11098,SHOP_003,27.0,2,Good
BIKE_26540,SHOP_003,37.0,1,Fair
BIKE_26540,SHOP_009,40.0,3,Good
BIKE_28873,SHOP_003,41.0,1,Good
BIKE_16545,SHOP_007,11.0,2,Excellent
BIKE_26263,SHOP_009,16.0,2,Good
BIKE_26263,SHOP_006,18.0,1,Good
BIKE_35808,SHOP_003,30.0,2,Good
BIKE_35808,SHOP_009,28.0,2,Good
BIKE_09992,SHOP_001,9.0,2,Good
BIKE_22903,SHOP_009,32.0,3,Fair
BIKE_22903,SHOP_003,31.0,1,Fair
BIKE_05570,SHOP_003,22.0,2,Good
BIKE_05570,SHOP_009,20.0,3,Fair
BIKE_31522,SHOP_007,11.0,3,Good
BIKE_33886,SHOP_003,23.0,3,Good
BIKE_19484,SHOP_003,26.0,3,Good
BIKE_19484,SHOP_009,29.0,1,Good
BIKE_26793,SHOP_009,30.0,2,Good
BIKE_30093,SHOP_009,20.0,2,Good
BIKE_30093,SHOP_007,17.0,2,Good
BIKE_32618,SHOP_003,34.0,2,Good
BIKE_06326,SHOP_006,11.0,2,Excellent
BIKE_06480,SHOP_010,22.0,2,Good
BIKE_36310,SHOP_006,9.0,2,Excellent
BIKE_36310,SHOP_001,10.0,1,Good
BIKE_14272,SHOP_006,11.0,1,Fair
BIKE_36597,SHOP_009,12.0,3,Good
BIKE_36597,SHOP_007,9.0,1,Fair
BIKE_33718,SHOP_009,21.0,1,Good
BIKE_33718,SHOP_003,23.0,2,Good
BIKE_03954,SHOP_003,33.0,3,Fair
BIKE_16614,SHOP_010,21.0,2,Fair
BIKE_26221,SHOP_003,28.0,2,Good
BIKE_06943,SHOP_001,21.0,2,Good
BIKE_06943,SHOP_006,21.0,1,Good
BIKE_13267,SHOP_009,21.0,1,Good
BIKE_37495,SHOP_010,23.0,1,Good
BIKE_30213,SHOP_006,9.0,2,Good
BIKE_34894,SHOP_009,22.0,3,Good
BIKE_34894,SHOP_003,22.0,2,Fair
BIKE_28109,SHOP_009,30.0,3,Excellent
BIKE_28109,SHOP_003,29.0,2,Good
BIKE_21098,SHOP_007,19.0,2,Good
BIKE_21098,SHOP_009,19.0,1,Fair
BIKE_22271,SHOP_009,9.0,3,Good
BIKE_22271,SHOP_001,11.0,1,Good
BIKE_01905,SHOP_009,36.0,2,Good
BIKE_01905,SHOP_003,38.0,3,Good
BIKE_04571,SHOP_003,10.0,3,Fair
BIKE_04571,SHOP_001,12.0,1,Good
BIKE_38099,SHOP_006,10.0,2,Good
BIKE_18219,SHOP_012,59.0,1,Good
BIKE_18918,SHOP_009,31.0,3,Good
BIKE_04641,SHOP_009,33.0,3,Excellent
BIKE_30070,SHOP_009,22.0,1,Good
BIKE_30070,SHOP_003,23.0,3,Good
BIKE_06746,SHOP_003,26.0,3,Good
BIKE_14720,SHOP_003,34.0,1,Good
BIKE_33375,SHOP_009,26.0,1,Good
BIKE_33375,SHOP_003,26.0,1,Fair
BIKE_07323,SHOP_006,11.0,3,Good
BIKE_35492,SHOP_003,34.0,1,Excellent
BIKE_35492,SHOP_009,32.0,3,Good
BIKE_05216,SHOP_003,35.0,1,Good
BIKE_05216,SHOP_009,34.0,2,Excellent
BIKE_30700,SHOP_009,32.0,1,Excellent
BIKE_30700,SHOP_003,33.0,2,Excellent
BIKE_26510,SHOP_009,33.0,1,Good
BIKE_26510,SHOP_003,31.0,2,Good
BIKE_09072,SHOP_009,50.0,2,Good
BIKE_10369,SHOP_009,30.0,2,Fair
BIKE_32714,SHOP_003,20.0,2,Excellent
BIKE_20753,SHOP_009,25.0,2,Excellent
BIKE_16028,SHOP_009,20.0,2,Good
BIKE_28613,SHOP_003,22.0,2,Excellent
BIKE_21772,SHOP_009,37.0,2,Fair
BIKE_24320,SHOP_010,22.0,1,Good
BIKE_24320,SHOP_003,19.0,3,Fair
BIKE_24205,SHOP_003,8.0,3,Good
BIKE_30398,SHOP_003,28.0,2,Fair
BIKE_30398,SHOP_009,29.0,2,Excellent
BIKE_25721,SHOP_009,32.0,1,Good
BIKE_38035,SHOP_003,27.0,1,Good
BIKE_34102,SHOP_009,24.0,1,Excellent
BIKE_35588,SHOP_006,8.0,2,Good
BIKE_35588,SHOP_001,10.0,1,Fair
BIKE_21579,SHOP_003,34.0,1,Excellent
BIKE_20935,SHOP_006,22.0,3,Good
BIKE_30934,SHOP_012,65.0,1,Good
BIKE_05508,SHOP_009,26.0,3,Good
BIKE_22900,SHOP_009,39.0,2,Good
BIKE_22900,SHOP_003,40.0,3,Fair
BIKE_29367,SHOP_003,33.0,1,Good
BIKE_35095,SHOP_003,30.0,2,Good
BIKE_13370,SHOP_009,30.0,1,Good
BIKE_31175,SHOP_009,23.0,3,Good
BIKE_00092,SHOP_009,25.0,1,Good
BIKE_00092,SHOP_003,27.0,3,Good
BIKE_36526,SHOP_001,10.0,2,Good
BIKE_36526,SHOP_006,9.0,1,Fair
BIKE_24221,SHOP_009,23.0,2,Fair
BIKE_24221,SHOP_003,21.0,3,Excellent
BIKE_18294,SHOP_006,19.0,3,Fair
BIKE_32507,SHOP_009,11.0,2,Good
BIKE_03850,SHOP_006,10.0,3,Fair
BIKE_26383,SHOP_003,27.0,2,Good
BIKE_21394,SHOP_003,27.0,2,Good
BIKE_21394,SHOP_009,26.0,3,Good
BIKE_21028,SHOP_009,22.0,3,Good
BIKE_21028,SHOP_003,25.0,1,Fair
BIKE_07707,SHOP_003,45.0,1,Good
BIKE_32621,SHOP_003,8.0,1,Good
BIKE_16817,SHOP_007,12.0,3,Fair
BIKE_16817,SHOP_001,8.0,1,Good
BIKE_27288,SHOP_003,18.0,2,Good
BIKE_32844,SHOP_009,32.0,1,Excellent
BIKE_32844,SHOP_003,31.0,2,Excellent
BIKE_16507,SHOP_003,30.0,3,Good
BIKE_34847,SHOP_007,9.0,1,Good
BIKE_27057,SHOP_009,24.0,2,Excellent
BIKE_28143,SHOP_003,23.0,2,Good
BIKE_17318,SHOP_012,45.0,2,Good
BIKE_20928,SHOP_009,27.0,1,Good
BIKE_38004,SHOP_006,12.0,1,Good
BIKE_20163,SHOP_003,28.0,2,Excellent
BIKE_08274,SHOP_003,26.0,3,Good
BIKE_08274,SHOP_009,26.0,3,Good
BIKE_20819,SHOP_003,21.0,1,Fair
BIKE_20708,SHOP_004,16.0,1,Fair
BIKE_20708,SHOP_010,20.0,1,Excellent
BIKE_34167,SHOP_012,51.0,2,Good
BIKE_18726,SHOP_001,20.0,2,Good
BIKE_18726,SHOP_010,20.0,2,Excellent
BIKE_35767,SHOP_009,24.0,1,Good
BIKE_35767,SHOP_001,22.0,1,Good
BIKE_21165,SHOP_003,22.0,1,Fair
BIKE_23700,SHOP_009,47.0,1,Excellent
BIKE_23700,SHOP_003,47.0,2,Good
BIKE_20885,SHOP_010,18.0,3,Good
BIKE_30110,SHOP_006,22.0,2,Good
BIKE_00089,SHOP_004,20.0,3,Good
BIKE_00089,SHOP_003,21.0,2,Good
BIKE_17723,SHOP_003,23.0,1,Good
BIKE_38244,SHOP_009,11.0,3,Fair
BIKE_03035,SHOP_003,38.0,3,Good
BIKE_03035,SHOP_009,36.0,1,Good
BIKE_19943,SHOP_012,49.0,3,Fair
BIKE_06847,SHOP_009,31.0,3,Fair
BIKE_26652,SHOP_003,36.0,1,Good
BIKE_09766,SHOP_003,26.0,2,Good
BIKE_23226,SHOP_009,8.0,2,Fair
BIKE_23226,SHOP_003,9.0,2,Good
BIKE_04468,SHOP_003,26.0,1,Good
BIKE_04468,SHOP_009,26.0,3,Good
BIKE_28824,SHOP_001,21.0,1,Good
BIKE_28824,SHOP_004,22.0,2,Good
BIKE_26769,SHOP_009,26.0,3,Good
BIKE_26769,SHOP_003,25.0,1,Good
BIKE_05653,SHOP_003,33.0,1,Excellent
BIKE_05653,SHOP_009,37.0,2,Excellent
BIKE_36795,SHOP_007,22.0,1,Good
BIKE_36795,SHOP_001,24.0,1,Excellent
BIKE_34914,SHOP_009,26.0,2,Good
BIKE_36993,SHOP_003,39.0,3,Fair
BIKE_00053,SHOP_010,21.0,1,Good
BIKE_03160,SHOP_003,22.0,2,Good
BIKE_03160,SHOP_009,24.0,2,Good
BIKE_26998,SHOP_009,21.0,3,Excellent
BIKE_28325,SHOP_007,20.0,1,Good
BIKE_28325,SHOP_010,22.0,3,Good
BIKE_05484,SHOP_003,26.0,1,Excellent
BIKE_15751,SHOP_001,25.0,1,Good
BIKE_15751,SHOP_009,25.0,1,Good
BIKE_24388,SHOP_003,21.0,2,Good
BIKE_02004,SHOP_009,22.0,3,Good
BIKE_02004,SHOP_003,22.0,1,Good
BIKE_00963,SHOP_009,20.0,1,Good
BIKE_05685,SHOP_003,21.0,1,Excellent
BIKE_05685,SHOP_009,22.0,3,Good
BIKE_13058,SHOP_009,8.0,3,Fair
BIKE_13058,SHOP_003,11.0,1,Good
BIKE_33826,SHOP_004,21.0,3,Good
BIKE_33512,SHOP_009,30.0,1,Good
BIKE_33512,SHOP_003,30.0,2,Good
BIKE_16734,SHOP_001,11.0,1,Excellent
BIKE_34597,SHOP_003,27.0,2,Fair
BIKE_34597,SHOP_009,27.0,1,Good
BIKE_12083,SHOP_009,11.0,3,Good
BIKE_34259,SHOP_003,19.0,1,Good
BIKE_30048,SHOP_009,37.0,3,Good
BIKE_32433,SHOP_009,26.0,1,Excellent
BIKE_32433,SHOP_003,26.0,1,Good
BIKE_29669,SHOP_012,43.0,3,Good
BIKE_00310,SHOP_009,44.0,2,Excellent
BIKE_00310,SHOP_003,42.0,3,Good
BIKE_17931,SHOP_012,43.0,3,Good
BIKE_04589,SHOP_003,26.0,2,Good
BIKE_04589,SHOP_009,27.0,1,Good
BIKE_17475,SHOP_010,21.0,2,Fair
BIKE_17475,SHOP_007,20.0,2,Fair
BIKE_17894,SHOP_012,48.0,3,Good
BIKE_12783,SHOP_006,21.0,2,Good
BIKE_12783,SHOP_007,21.0,3,Good
BIKE_01247,SHOP_003,18.0,1,Fair
BIKE_01247,SHOP_009,19.0,1,Excellent
BIKE_04283,SHOP_003,23.0,3,Good
BIKE_14381,SHOP_009,19.0,1,Fair
BIKE_14381,SHOP_003,19.0,3,Excellent
BIKE_32055,SHOP_009,23.0,3,Good
BIKE_32055,SHOP_003,21.0,2,Good
BIKE_14401,SHOP_003,30.0,3,Good
BIKE_02731,SHOP_003,11.0,2,Good
BIKE_02731,SHOP_009,10.0,2,Good
BIKE_29094,SHOP_001,18.0,2,Excellent
BIKE_08019,SHOP_009,21.0,2,Excellent
BIKE_07822,SHOP_006,9.0,2,Fair
BIKE_07822,SHOP_001,11.0,3,Excellent
BIKE_21497,SHOP_010,23.0,1,Excellent
BIKE_08687,SHOP_003,22.0,3,Excellent
BIKE_27700,SHOP_009,27.0,2,Fair
BIKE_27700,SHOP_003,24.0,3,Good
BIKE_03085,SHOP_001,17.0,1,Good
BIKE_29527,SHOP_003,10.0,2,Good
BIKE_29527,SHOP_001,9.0,3,Good
BIKE_34487,SHOP_009,52.0,2,Excellent
BIKE_34487,SHOP_003,50.0,3,Good
BIKE_35368,SHOP_001,23.0,2,Excellent
BIKE_29107,SHOP_012,71.0,1,Good
BIKE_32738,SHOP_007,20.0,1,Good
BIKE_32738,SHOP_010,22.0,1,Good
BIKE_33762,SHOP_003,29.0,1,Good
BIKE_33762,SHOP_009,31.0,1,Fair
BIKE_20170,SHOP_003,42.0,2,Fair
BIKE_20170,SHOP_009,43.0,2,Good
BIKE_10801,SHOP_004,22.0,3,Good
BIKE_04573,SHOP_010,20.0,3,Good
BIKE_25686,SHOP_009,30.0,3,Good
BIKE_24721,SHOP_003,26.0,2,Good
BIKE_14339,SHOP_001,11.0,3,Good
BIKE_35445,SHOP_003,27.0,3,Fair
BIKE_35445,SHOP_009,26.0,3,Fair
BIKE_12630,SHOP_007,10.0,3,Good
BIKE_02969,SHOP_009,37.0,3,Good
BIKE_02969,SHOP_003,38.0,1,Fair
BIKE_03038,SHOP_009,21.0,3,Excellent
BIKE_33916,SHOP_003,34.0,1,Good
BIKE_08223,SHOP_006,19.0,3,Excellent
BIKE_08223,SHOP_010,20.0,1,Excellent
BIKE_10476,SHOP_006,8.0,2,Good
BIKE_30543,SHOP_009,47.0,3,Excellent
BIKE_30543,SHOP_003,44.0,2,Good
BIKE_37531,SHOP_003,12.0,2,Excellent
BIKE_37531,SHOP_007,9.0,1,Good
BIKE_04592,SHOP_009,21.0,1,Excellent
BIKE_19530,SHOP_001,11.0,3,Good
BIKE_19530,SHOP_007,12.0,2,Excellent
BIKE_27389,SHOP_007,9.0,1,Good
BIKE_27389,SHOP_003,10.0,3,Good
BIKE_19876,SHOP_003,28.0,1,Good
BIKE_19876,SHOP_009,27.0,1,Good
BIKE_23293,SHOP_009,25.0,3,Fair
BIKE_03781,SHOP_009,9.0,3,Excellent
BIKE_20964,SHOP_004,23.0,3,Good
BIKE_29480,SHOP_007,8.0,1,Fair
BIKE_29480,SHOP_003,9.0,2,Fair
BIKE_18087,SHOP_006,9.0,3,Fair
BIKE_18087,SHOP_001,11.0,1,Fair
BIKE_32400,SHOP_001,9.0,3,Good
BIKE_21500,SHOP_007,12.0,1,Fair
BIKE_21500,SHOP_009,8.0,1,Good
BIKE_38278,SHOP_012,98.0,2,Fair
BIKE_08615,SHOP_009,20.0,2,Good
BIKE_08615,SHOP_003,19.0,1,Good
BIKE_04140,SHOP_003,32.0,1,Excellent
BIKE_04140,SHOP_009,29.0,1,Good
BIKE_17751,SHOP_003,11.0,3,Fair
BIKE_17751,SHOP_006,9.0,1,Good
BIKE_19678,SHOP_003,48.0,3,Excellent
BIKE_11275,SHOP_003,35.0,3,Good
BIKE_18346,SHOP_009,33.0,1,Fair
BIKE_18346,SHOP_003,34.0,2,Fair
BIKE_25749,SHOP_010,20.0,3,Good
BIKE_35328,SHOP_009,20.0,1,Good
BIKE_35328,SHOP_003,21.0,2,Excellent
BIKE_19767,SHOP_003,28.0,1,Good
BIKE_19767,SHOP_009,27.0,2,Excellent
BIKE_00187,SHOP_003,25.0,3,Good
BIKE_00187,SHOP_009,23.0,3,Good
BIKE_27162,SHOP_009,29.0,1,Excellent
BIKE_00756,SHOP_012,44.0,1,Good
BIKE_10592,SHOP_001,12.0,3,Good
BIKE_19088,SHOP_003,24.0,1,Fair
BIKE_19088,SHOP_009,22.0,1,Excellent
BIKE_04638,SHOP_001,20.0,1,Good
BIKE_36293,SHOP_009,36.0,1,Good
BIKE_36293,SHOP_003,34.0,1,Good
BIKE_13062,SHOP_003,28.0,1,Fair
BIKE_22825,SHOP_003,30.0,1,Good
BIKE_16483,SHOP_003,23.0,1,Good
BIKE_16483,SHOP_009,21.0,1,Good
BIKE_16227,SHOP_012,54.0,2,Good
BIKE_33671,SHOP_003,24.0,3,Good
BIKE_35311,SHOP_003,26.0,2,Good
BIKE_35311,SHOP_009,26.0,2,Good
BIKE_15159,SHOP_009,21.0,3,Excellent
BIKE_29681,SHOP_003,28.0,1,Good
BIKE_29681,SHOP_009,29.0,2,Fair
BIKE_27075,SHOP_009,29.0,2,Good
BIKE_21982,SHOP_009,21.0,2,Fair
BIKE_18046,SHOP_003,35.0,2,Good
BIKE_37686,SHOP_004,23.0,3,Excellent
BIKE_14486,SHOP_003,32.0,3,Good
BIKE_14486,SHOP_009,31.0,2,Good
BIKE_26407,SHOP_009,24.0,3,Fair
BIKE_26407,SHOP_003,24.0,3,Good
BIKE_32686,SHOP_009,23.0,1,Excellent
BIKE_32686,SHOP_003,26.0,2,Excellent
BIKE_15415,SHOP_009,20.0,2,Good
BIKE_15415,SHOP_006,18.0,2,Excellent
BIKE_13953,SHOP_006,8.0,3,Good
BIKE_07665,SHOP_003,32.0,3,Fair
BIKE_07665,SHOP_009,32.0,1,Excellent
BIKE_08690,SHOP_003,28.0,2,Excellent
BIKE_27481,SHOP_003,29.0,2,Fair
BIKE_27481,SHOP_009,25.0,3,Good
BIKE_19449,SHOP_009,28.0,2,Good
BIKE_37765,SHOP_004,18.0,3,Good
BIKE_37765,SHOP_003,16.0,1,Excellent
BIKE_02236,SHOP_007,23.0,1,Excellent
BIKE_16086,SHOP_003,21.0,2,Good
BIKE_16086,SHOP_009,19.0,2,Good
BIKE_13352,SHOP_003,29.0,3,Good
BIKE_25539,SHOP_004,17.0,2,Excellent
BIKE_25539,SHOP_007,17.0,3,Fair
BIKE_33808,SHOP_009,25.0,2,Good
BIKE_02547,SHOP_006,20.0,2,Excellent
BIKE_02150,SHOP_003,24.0,3,Excellent
BIKE_10742,SHOP_007,10.0,3,Excellent
BIKE_10742,SHOP_001,8.0,3,Excellent
BIKE_15569,SHOP_009,26.0,1,Good
BIKE_06650,SHOP_003,29.0,3,Good
BIKE_06650,SHOP_009,28.0,3,Excellent
BIKE_35429,SHOP_012,46.0,3,Excellent
BIKE_24296,SHOP_012,41.0,2,Excellent
BIKE_13433,SHOP_009,30.0,1,Good
BIKE_13433,SHOP_003,28.0,3,Good
BIKE_22938,SHOP_009,19.0,2,Good
BIKE_22938,SHOP_006,21.0,1,Excellent
BIKE_35362,SHOP_003,44.0,1,Good
BIKE_37780,SHOP_009,33.0,2,Good
BIKE_14926,SHOP_003,47.0,2,Good
BIKE_18403,SHOP_009,22.0,2,Good
BIKE_00090,SHOP_006,22.0,2,Good
BIKE_00090,SHOP_001,22.0,3,Fair
BIKE_14647,SHOP_003,31.0,2,Excellent
BIKE_22498,SHOP_003,9.0,1,Excellent
BIKE_01131,SHOP_009,25.0,3,Good
BIKE_13906,SHOP_009,39.0,3,Good
BIKE_13906,SHOP_003,38.0,3,Fair
BIKE_31045,SHOP_003,29.0,2,Good
BIKE_25573,SHOP_003,12.0,2,Good
BIKE_14667,SHOP_009,27.0,1,Fair
BIKE_14667,SHOP_003,29.0,2,Good
BIKE_31999,SHOP_003,27.0,1,Fair
BIKE_31999,SHOP_009,24.0,3,Good
BIKE_19666,SHOP_009,26.0,3,Good
BIKE_19666,SHOP_003,27.0,2,Good
BIKE_15039,SHOP_003,25.0,2,Fair
BIKE_15039,SHOP_009,25.0,1,Good
BIKE_37684,SHOP_009,9.0,2,Good
BIKE_12725,SHOP_009,8.0,1,Fair
BIKE_12725,SHOP_007,10.0,2,Good
BIKE_26061,SHOP_009,32.0,2,Good
BIKE_26061,SHOP_003,32.0,3,Good
BIKE_00742,SHOP_003,26.0,1,Fair
BIKE_36070,SHOP_009,20.0,2,Good
BIKE_26689,SHOP_003,33.0,1,Good
BIKE_26689,SHOP_009,32.0,3,Fair
BIKE_28468,SHOP_006,21.0,2,Fair
BIKE_12082,SHOP_007,11.0,1,Fair
BIKE_12082,SHOP_001,11.0,2,Good
BIKE_28957,SHOP_012,57.0,1,Good
BIKE_13308,SHOP_003,31.0,1,Fair
BIKE_13308,SHOP_009,31.0,2,Good
BIKE_36574,SHOP_003,50.0,2,Good
BIKE_13312,SHOP_003,41.0,1,Good
BIKE_13312,SHOP_009,37.0,2,Good
BIKE_13533,SHOP_009,30.0,2,Excellent
BIKE_08124,SHOP_003,30.0,2,Good
BIKE_09382,SHOP_009,29.0,3,Fair
BIKE_09382,SHOP_003,33.0,2,Good
BIKE_15466,SHOP_006,9.0,2,Good
BIKE_15466,SHOP_007,10.0,2,Fair
BIKE_16912,SHOP_001,9.0,3,Good
BIKE_16912,SHOP_006,11.0,3,Good
BIKE_32719,SHOP_003,24.0,3,Good
BIKE_32719,SHOP_009,21.0,2,Good
BIKE_00593,SHOP_003,8.0,2,Excellent
BIKE_03761,SHOP_006,24.0,1,Good
BIKE_03761,SHOP_007,21.0,3,Good
BIKE_32912,SHOP_007,10.0,3,Good
BIKE_00873,SHOP_009,40.0,2,Fair
BIKE_00873,SHOP_003,42.0,2,Excellent
BIKE_37193,SHOP_006,22.0,1,Good
BIKE_37193,SHOP_001,22.0,1,Good
BIKE_12065,SHOP_009,30.0,3,Fair
BIKE_12065,SHOP_003,27.0,3,Good
BIKE_00334,SHOP_009,31.0,2,Good
BIKE_00334,SHOP_003,31.0,3,Fair
BIKE_00216,SHOP_012,55.0,2,Excellent
BIKE_31251,SHOP_009,32.0,3,Good
BIKE_34140,SHOP_004,20.0,1,Good
BIKE_11963,SHOP_003,24.0,2,Fair
BIKE_11963,SHOP_009,22.0,2,Good
BIKE_30942,SHOP_003,21.0,2,Fair
BIKE_05218,SHOP_010,23.0,2,Good
BIKE_17896,SHOP_003,31.0,1,Good
BIKE_17896,SHOP_009,32.0,2,Fair
BIKE_15102,SHOP_009,37.0,1,Good
BIKE_21755,SHOP_001,18.0,3,Good
BIKE_36147,SHOP_009,10.0,3,Good
BIKE_06542,SHOP_003,20.0,3,Excellent
BIKE_14469,SHOP_003,19.0,1,Good
BIKE_26782,SHOP_003,34.0,3,Excellent
BIKE_26782,SHOP_009,31.0,2,Good
BIKE_07560,SHOP_006,23.0,2,Fair
BIKE_32767,SHOP_003,40.0,2,Fair
BIKE_14880,SHOP_003,8.0,1,Excellent
BIKE_14880,SHOP_001,11.0,3,Fair
BIKE_32771,SHOP_004,15.0,3,Excellent
BIKE_32771,SHOP_009,12.0,3,Good
BIKE_18114,SHOP_003,22.0,2,Excellent
BIKE_18114,SHOP_009,21.0,1,Fair
BIKE_03578,SHOP_006,22.0,3,Excellent
BIKE_13000,SHOP_003,20.0,2,Fair
BIKE_13000,SHOP_009,19.0,1,Good
BIKE_14117,SHOP_003,43.0,1,Fair
BIKE_16144,SHOP_003,23.0,3,Good
BIKE_20822,SHOP_009,11.0,3,Fair
BIKE_20822,SHOP_007,9.0,1,Fair
BIKE_27983,SHOP_009,28.0,3,Good
BIKE_27983,SHOP_003,27.0,2,Good
BIKE_04970,SHOP_003,50.0,2,Good
BIKE_22735,SHOP_003,42.0,2,Good
BIKE_23631,SHOP_003,32.0,3,Good
BIKE_23631,SHOP_009,29.0,1,Excellent
BIKE_31569,SHOP_003,36.0,2,Good
BIKE_21552,SHOP_003,27.0,3,Good
BIKE_21464,SHOP_003,31.0,2,Excellent
BIKE_02571,SHOP_003,21.0,1,Good
BIKE_02571,SHOP_006,21.0,3,Good
BIKE_25059,SHOP_006,25.0,3,Good
BIKE_25059,SHOP_003,25.0,3,Fair
BIKE_00130,SHOP_006,11.0,1,Good
BIKE_24401,SHOP_009,26.0,2,Fair
BIKE_24401,SHOP_003,27.0,3,Fair
BIKE_22518,SHOP_003,25.0,1,Good
BIKE_22518,SHOP_009,25.0,2,Good
BIKE_30688,SHOP_001,20.0,2,Good
BIKE_09538,SHOP_003,24.0,2,Fair
BIKE_09538,SHOP_009,21.0,2,Excellent
BIKE_35782,SHOP_007,11.0,1,Fair
BIKE_35782,SHOP_001,11.0,3,Good
BIKE_04844,SHOP_009,28.0,3,Good
BIKE_04844,SHOP_003,28.0,2,Good
BIKE_36154,SHOP_012,42.0,3,Excellent
BIKE_37075,SHOP_003,23.0,1,Good
BIKE_02726,SHOP_003,31.0,1,Good
BIKE_23585,SHOP_009,23.0,1,Fair
BIKE_07600,SHOP_009,39.0,3,Good
BIKE_07600,SHOP_003,40.0,1,Good
BIKE_06742,SHOP_003,30.0,1,Good
BIKE_06742,SHOP_009,30.0,1,Good
BIKE_34780,SHOP_003,37.0,3,Good
BIKE_34780,SHOP_009,38.0,1,Excellent
BIKE_31060,SHOP_009,12.0,3,Good
BIKE_38764,SHOP_007,9.0,2,Good
BIKE_38764,SHOP_003,12.0,1,Good
BIKE_28721,SHOP_003,21.0,1,Excellent
BIKE_28721,SHOP_009,24.0,3,Good
BIKE_27277,SHOP_001,10.0,1,Good
BIKE_27277,SHOP_003,9.0,1,Good
BIKE_02834,SHOP_007,16.0,1,Good
BIKE_07330,SHOP_003,39.0,1,Fair
BIKE_34598,SHOP_003,31.0,3,Excellent
BIKE_34598,SHOP_009,28.0,1,Excellent
BIKE_25007,SHOP_003,23.0,2,Good
BIKE_25007,SHOP_009,21.0,3,Fair
BIKE_31404,SHOP_003,24.0,1,Good
BIKE_33814,SHOP_009,29.0,2,Excellent
BIKE_26313,SHOP_009,24.0,2,Good
BIKE_23354,SHOP_003,35.0,1,Good
BIKE_23354,SHOP_009,35.0,2,Excellent
BIKE_30507,SHOP_009,34.0,3,Excellent
BIKE_30507,SHOP_003,36.0,2,Excellent
BIKE_19286,SHOP_003,30.0,3,Excellent
BIKE_20524,SHOP_006,12.0,2,Excellent
BIKE_26250,SHOP_003,28.0,3,Good
BIKE_20357,SHOP_009,28.0,3,Good
BIKE_05561,SHOP_003,23.0,1,Good
BIKE_05561,SHOP_009,25.0,1,Good
BIKE_12917,SHOP_009,32.0,3,Good
BIKE_12917,SHOP_003,30.0,2,Good
BIKE_33372,SHOP_003,41.0,2,Good
BIKE_33372,SHOP_009,41.0,2,Good
BIKE_13365,SHOP_003,22.0,2,Excellent
BIKE_20326,SHOP_003,21.0,2,Fair
BIKE_20326,SHOP_009,20.0,1,Good
BIKE_36533,SHOP_009,26.0,1,Fair
BIKE_36533,SHOP_003,24.0,2,Excellent
BIKE_24068,SHOP_003,29.0,3,Excellent
BIKE_26658,SHOP_007,19.0,3,Excellent
BIKE_26658,SHOP_001,23.0,3,Good
BIKE_02931,SHOP_004,20.0,2,Excellent
BIKE_02931,SHOP_009,21.0,2,Good
BIKE_17498,SHOP_009,27.0,2,Excellent
BIKE_17498,SHOP_003,25.0,3,Good
BIKE_31892,SHOP_003,23.0,2,Good
BIKE_22338,SHOP_009,39.0,3,Good
BIKE_22338,SHOP_003,37.0,3,Excellent
BIKE_14018,SHOP_003,25.0,1,Excellent
BIKE_14612,SHOP_003,24.0,1,Good
BIKE_14612,SHOP_007,23.0,3,Good
BIKE_12508,SHOP_009,22.0,2,Fair
BIKE_35776,SHOP_003,24.0,1,Good
BIKE_35776,SHOP_009,25.0,3,Fair
BIKE_25591,SHOP_009,22.0,1,Good
BIKE_25813,SHOP_003,31.0,1,Good
BIKE_25813,SHOP_009,31.0,1,Good
BIKE_06354,SHOP_012,42.0,1,Good
BIKE_13166,SHOP_009,32.0,1,Good
BIKE_13166,SHOP_003,32.0,3,Good
BIKE_00578,SHOP_009,28.0,1,Excellent
BIKE_00578,SHOP_003,28.0,1,Good
BIKE_20687,SHOP_009,32.0,1,Good
BIKE_25336,SHOP_009,23.0,3,Good
BIKE_25336,SHOP_003,24.0,1,Fair
BIKE_06427,SHOP_009,34.0,2,Good
BIKE_32525,SHOP_009,44.0,2,Good
BIKE_32525,SHOP_003,44.0,2,Excellent
BIKE_04020,SHOP_009,31.0,2,Excellent
BIKE_04020,SHOP_003,29.0,2,Good
BIKE_21130,SHOP_003,25.0,1,Good
BIKE_13438,SHOP_009,20.0,1,Good
BIKE_06933,SHOP_003,8.0,3,Fair
BIKE_37421,SHOP_007,20.0,1,Good
BIKE_17775,SHOP_003,33.0,3,Good
BIKE_00464,SHOP_003,45.0,2,Good
BIKE_06272,SHOP_003,12.0,3,Fair
BIKE_22376,SHOP_009,29.0,1,Good
BIKE_24303,SHOP_009,28.0,3,Good
BIKE_24303,SHOP_003,27.0,2,Fair
BIKE_23220,SHOP_003,23.0,3,Good
BIKE_14326,SHOP_003,33.0,1,Excellent
BIKE_14326,SHOP_009,33.0,2,Excellent
BIKE_12461,SHOP_006,21.0,3,Excellent
BIKE_16769,SHOP_003,9.0,3,Excellent
BIKE_29507,SHOP_007,13.0,3,Good
BIKE_26597,SHOP_009,25.0,2,Good
BIKE_15356,SHOP_009,23.0,2,Good
BIKE_15356,SHOP_003,25.0,3,Excellent
BIKE_00682,SHOP_012,39.0,2,Good
BIKE_38534,SHOP_003,10.0,2,Good
BIKE_33054,SHOP_007,12.0,2,Fair
BIKE_33054,SHOP_001,11.0,3,Good
BIKE_06899,SHOP_003,24.0,1,Good
BIKE_06899,SHOP_009,24.0,1,Good
BIKE_04181,SHOP_009,26.0,1,Excellent
BIKE_04181,SHOP_003,28.0,1,Good
BIKE_21512,SHOP_003,26.0,3,Excellent
BIKE_21512,SHOP_009,26.0,2,Excellent
BIKE_23059,SHOP_001,21.0,2,Good
BIKE_23059,SHOP_004,22.0,3,Fair
BIKE_22380,SHOP_003,51.0,3,Good
BIKE_22380,SHOP_009,50.0,2,Excellent
BIKE_09163,SHOP_009,27.0,3,Excellent
BIKE_35600,SHOP_003,23.0,3,Good
BIKE_35600,SHOP_009,23.0,1,Fair
BIKE_30372,SHOP_009,36.0,1,Good
BIKE_22780,SHOP_003,21.0,3,Good
BIKE_22780,SHOP_009,24.0,3,Good
BIKE_35579,SHOP_001,11.0,3,Good
BIKE_12968,SHOP_009,49.0,3,Good
BIKE_19866,SHOP_009,25.0,1,Good
BIKE_19866,SHOP_003,25.0,3,Excellent
BIKE_25710,SHOP_003,47.0,1,Excellent
BIKE_25710,SHOP_009,45.0,1,Good
BIKE_17366,SHOP_009,35.0,3,Excellent
BIKE_17366,SHOP_003,34.0,2,Good
BIKE_37790,SHOP_009,9.0,1,Excellent
BIKE_37790,SHOP_006,11.0,1,Good
BIKE_36572,SHOP_009,33.0,1,Fair
BIKE_04877,SHOP_009,20.0,2,Good
BIKE_04877,SHOP_001,18.0,3,Fair
BIKE_34954,SHOP_009,24.0,1,Good
BIKE_22453,SHOP_003,28.0,1,Fair
BIKE_22453,SHOP_009,29.0,2,Excellent
BIKE_10012,SHOP_001,19.0,2,Good
BIKE_10012,SHOP_009,19.0,2,Good
BIKE_37110,SHOP_009,23.0,2,Excellent
BIKE_37110,SHOP_003,23.0,2,Good
BIKE_17000,SHOP_009,10.0,1,Good
BIKE_17000,SHOP_001,10.0,2,Good
BIKE_34989,SHOP_006,22.0,1,Good
BIKE_18973,SHOP_003,30.0,3,Good
BIKE_38678,SHOP_003,31.0,2,Excellent
BIKE_13477,SHOP_009,35.0,1,Excellent
BIKE_13477,SHOP_003,36.0,3,Excellent
BIKE_09647,SHOP_010,23.0,2,Excellent
BIKE_09647,SHOP_006,22.0,3,Fair
BIKE_35245,SHOP_009,23.0,1,Good
BIKE_05859,SHOP_009,48.0,1,Good
BIKE_05859,SHOP_003,47.0,3,Good
BIKE_13199,SHOP_009,30.0,2,Fair
BIKE_13199,SHOP_003,30.0,3,Good
BIKE_30101,SHOP_003,19.0,1,Fair
BIKE_30101,SHOP_009,18.0,1,Good
BIKE_14754,SHOP_007,9.0,1,Good
BIKE_14754,SHOP_009,8.0,2,Excellent
BIKE_23974,SHOP_004,19.0,3,Good
BIKE_32659,SHOP_001,17.0,2,Fair
BIKE_37488,SHOP_003,37.0,2,Good
BIKE_34902,SHOP_009,11.0,2,Good
BIKE_34902,SHOP_007,9.0,2,Good
BIKE_19006,SHOP_003,21.0,2,Good
BIKE_29247,SHOP_003,19.0,2,Fair
BIKE_29247,SHOP_009,21.0,2,Excellent
BIKE_26089,SHOP_009,27.0,2,Good
BIKE_26089,SHOP_003,26.0,3,Excellent
BIKE_12142,SHOP_001,21.0,3,Good
BIKE_12142,SHOP_009,22.0,1,Good
BIKE_19210,SHOP_009,19.0,1,Good
BIKE_05513,SHOP_003,31.0,1,Good
BIKE_11097,SHOP_003,46.0,3,Good
BIKE_09366,SHOP_009,20.0,2,Excellent
BIKE_09469,SHOP_009,18.0,3,Good
BIKE_15576,SHOP_001,21.0,1,Excellent
BIKE_15576,SHOP_010,24.0,1,Fair
BIKE_15971,SHOP_003,24.0,2,Fair
BIKE_15971,SHOP_009,22.0,1,Good
BIKE_07359,SHOP_003,10.0,3,Good
BIKE_00866,SHOP_003,20.0,3,Fair
BIKE_00866,SHOP_009,21.0,2,Good
BIKE_00479,SHOP_003,21.0,2,Good
BIKE_00479,SHOP_006,23.0,2,Good
BIKE_19234,SHOP_010,22.0,3,Good
BIKE_15931,SHOP_004,18.0,1,Fair
BIKE_08224,SHOP_007,21.0,3,Fair
BIKE_08224,SHOP_003,23.0,2,Good
BIKE_19121,SHOP_001,8.0,3,Good
BIKE_19121,SHOP_003,9.0,3,Good
BIKE_12591,SHOP_003,33.0,3,Fair
BIKE_35391,SHOP_009,39.0,2,Good
BIKE_35391,SHOP_003,38.0,3,Good
BIKE_21402,SHOP_003,34.0,3,Fair
BIKE_12066,SHOP_003,43.0,2,Good
BIKE_12066,SHOP_009,46.0,3,Fair
BIKE_30126,SHOP_009,37.0,1,Good
BIKE_12474,SHOP_001,9.0,1,Good
BIKE_21375,SHOP_007,10.0,2,Good
BIKE_30650,SHOP_009,37.0,1,Good
BIKE_30650,SHOP_003,38.0,1,Good
BIKE_08618,SHOP_007,9.0,2,Excellent
BIKE_26563,SHOP_012,48.0,2,Excellent
BIKE_32107,SHOP_003,33.0,3,Excellent
BIKE_24126,SHOP_009,9.0,3,Excellent
BIKE_02440,SHOP_003,23.0,2,Good
BIKE_02440,SHOP_010,23.0,2,Fair
BIKE_33332,SHOP_003,21.0,2,Fair
BIKE_12465,SHOP_010,21.0,2,Good
BIKE_01139,SHOP_003,25.0,2,Good
BIKE_01139,SHOP_009,23.0,1,Excellent
BIKE_26974,SHOP_007,22.0,3,Excellent
BIKE_29017,SHOP_003,31.0,3,Good
BIKE_29017,SHOP_009,29.0,2,Fair
BIKE_24635,SHOP_007,22.0,2,Good
BIKE_24635,SHOP_006,22.0,3,Good
BIKE_08569,SHOP_009,26.0,1,Good
BIKE_02174,SHOP_009,47.0,3,Good
BIKE_37052,SHOP_009,21.0,1,Good
BIKE_32025,SHOP_009,44.0,1,Good
BIKE_32025,SHOP_003,47.0,2,Good
BIKE_05864,SHOP_003,20.0,3,Good
BIKE_14736,SHOP_007,11.0,2,Good
BIKE_28200,SHOP_004,22.0,3,Good
BIKE_08034,SHOP_009,12.0,2,Good
BIKE_08034,SHOP_007,10.0,2,Good
BIKE_34504,SHOP_003,23.0,1,Good
BIKE_24588,SHOP_010,19.0,3,Excellent
BIKE_00664,SHOP_001,22.0,3,Good
BIKE_00664,SHOP_006,22.0,1,Excellent
BIKE_14765,SHOP_003,33.0,2,Fair
BIKE_14765,SHOP_009,30.0,2,Good
BIKE_02746,SHOP_001,11.0,2,Good
BIKE_05076,SHOP_009,38.0,2,Good
BIKE_05076,SHOP_003,37.0,3,Good
BIKE_20510,SHOP_003,23.0,2,Good
BIKE_20510,SHOP_009,20.0,2,Good
BIKE_00498,SHOP_012,41.0,3,Good
BIKE_06187,SHOP_009,31.0,3,Good
BIKE_06187,SHOP_003,31.0,1,Good
BIKE_12933,SHOP_003,33.0,3,Good
BIKE_02564,SHOP_009,21.0,1,Good
BIKE_02564,SHOP_007,22.0,1,Good
BIKE_21722,SHOP_006,8.0,3,Good
BIKE_21722,SHOP_001,10.0,1,Fair
BIKE_36371,SHOP_003,25.0,3,Good
BIKE_36371,SHOP_009,27.0,3,Good
BIKE_01738,SHOP_006,11.0,3,Fair
BIKE_33697,SHOP_006,9.0,2,Good
BIKE_33697,SHOP_009,10.0,3,Good
BIKE_21421,SHOP_006,10.0,2,Excellent
BIKE_08979,SHOP_007,9.0,2,Good
BIKE_05467,SHOP_003,37.0,3,Excellent
BIKE_05467,SHOP_009,38.0,2,Good
BIKE_35879,SHOP_009,20.0,1,Good
BIKE_35879,SHOP_010,21.0,3,Good
BIKE_27849,SHOP_009,26.0,1,Good
BIKE_27849,SHOP_003,25.0,2,Excellent
BIKE_28497,SHOP_003,27.0,1,Good
BIKE_12405,SHOP_009,22.0,2,Excellent
BIKE_12405,SHOP_003,21.0,2,Excellent
BIKE_26237,SHOP_003,40.0,1,Fair
BIKE_26237,SHOP_009,41.0,1,Excellent
BIKE_16431,SHOP_012,43.0,2,Good
BIKE_34685,SHOP_003,23.0,3,Good
BIKE_34685,SHOP_004,21.0,2,Good
BIKE_19220,SHOP_007,10.0,2,Fair
BIKE_01122,SHOP_003,25.0,1,Good
BIKE_01122,SHOP_009,24.0,3,Good
BIKE_30293,SHOP_009,47.0,2,Good
BIKE_30894,SHOP_009,23.0,3,Fair
BIKE_10007,SHOP_012,51.0,1,Excellent
BIKE_23458,SHOP_003,27.0,1,Good
BIKE_23458,SHOP_009,25.0,2,Good
BIKE_19066,SHOP_003,30.0,1,Excellent
BIKE_19066,SHOP_009,31.0,1,Fair
BIKE_13555,SHOP_009,31.0,1,Excellent
BIKE_13555,SHOP_003,31.0,1,Good
BIKE_21211,SHOP_003,39.0,1,Good
BIKE_21211,SHOP_009,39.0,1,Good
BIKE_03013,SHOP_003,41.0,2,Good
BIKE_03013,SHOP_009,44.0,2,Good
BIKE_03653,SHOP_003,26.0,3,Good
BIKE_03653,SHOP_009,26.0,2,Good
BIKE_12573,SHOP_001,23.0,3,Good
BIKE_30428,SHOP_009,25.0,1,Good
BIKE_31740,SHOP_006,22.0,3,Good
BIKE_31740,SHOP_009,19.0,2,Excellent
BIKE_32160,SHOP_009,31.0,3,Fair
BIKE_03893,SHOP_001,9.0,3,Fair
BIKE_03893,SHOP_003,11.0,2,Good
BIKE_23222,SHOP_009,49.0,3,Good
BIKE_23222,SHOP_003,46.0,3,Excellent
BIKE_26344,SHOP_006,12.0,1,Fair
BIKE_26344,SHOP_001,11.0,1,Good
BIKE_11048,SHOP_003,11.0,1,Good
BIKE_32499,SHOP_003,28.0,1,Good
BIKE_32499,SHOP_009,28.0,1,Fair
BIKE_27203,SHOP_010,21.0,2,Good
BIKE_27203,SHOP_007,22.0,2,Good
BIKE_28171,SHOP_003,27.0,1,Fair
BIKE_10752,SHOP_001,9.0,2,Fair
BIKE_10752,SHOP_009,10.0,2,Good
BIKE_20730,SHOP_003,19.0,2,Good
BIKE_30366,SHOP_012,49.0,3,Good
BIKE_06478,SHOP_003,35.0,2,Good
BIKE_06478,SHOP_009,35.0,3,Fair
BIKE_20761,SHOP_009,35.0,2,Excellent
BIKE_26154,SHOP_009,22.0,3,Excellent
BIKE_33088,SHOP_012,38.0,3,Good
BIKE_25631,SHOP_010,20.0,1,Fair
BIKE_25631,SHOP_009,20.0,3,Fair
BIKE_13756,SHOP_009,20.0,3,Good
BIKE_06832,SHOP_003,18.0,3,Good
BIKE_10458,SHOP_009,37.0,2,Fair
BIKE_10458,SHOP_003,37.0,1,Good
BIKE_22341,SHOP_004,21.0,1,Excellent
BIKE_22341,SHOP_009,20.0,2,Good
BIKE_09464,SHOP_004,20.0,3,Good
BIKE_21679,SHOP_009,9.0,2,Good
BIKE_26997,SHOP_001,24.0,3,Good
BIKE_26997,SHOP_007,25.0,1,Good
BIKE_14943,SHOP_010,12.0,2,Excellent
BIKE_38125,SHOP_006,23.0,3,Excellent
BIKE_38125,SHOP_007,21.0,3,Good
BIKE_12859,SHOP_003,22.0,1,Fair
BIKE_28214,SHOP_009,10.0,2,Good
BIKE_28214,SHOP_007,9.0,2,Fair
BIKE_26890,SHOP_007,24.0,3,Excellent
BIKE_26890,SHOP_010,24.0,1,Excellent
BIKE_36892,SHOP_009,44.0,1,Excellent
BIKE_16135,SHOP_009,19.0,2,Good
BIKE_07251,SHOP_001,23.0,3,Excellent
BIKE_36549,SHOP_004,22.0,2,Fair
BIKE_36549,SHOP_006,23.0,1,Good
BIKE_11958,SHOP_006,8.0,1,Good
BIKE_11958,SHOP_009,11.0,2,Excellent
BIKE_29302,SHOP_003,28.0,3,Excellent
BIKE_29302,SHOP_009,27.0,1,Good
BIKE_14229,SHOP_006,9.0,2,Good
BIKE_31872,SHOP_012,71.0,1,Good
BIKE_12135,SHOP_001,9.0,1,Excellent
BIKE_12135,SHOP_009,12.0,2,Fair
BIKE_15443,SHOP_007,20.0,2,Excellent
BIKE_20871,SHOP_009,39.0,3,Good
BIKE_20871,SHOP_003,39.0,3,Good
BIKE_05357,SHOP_012,45.0,1,Good
BIKE_12327,SHOP_012,53.0,1,Good
BIKE_19496,SHOP_003,32.0,2,Good
BIKE_12154,SHOP_003,24.0,3,Fair
BIKE_12154,SHOP_009,25.0,1,Fair
BIKE_17980,SHOP_003,26.0,3,Fair
BIKE_17980,SHOP_009,25.0,1,Good
BIKE_05331,SHOP_001,21.0,1,Excellent
BIKE_13831,SHOP_009,24.0,2,Excellent
BIKE_13831,SHOP_003,23.0,3,Fair
BIKE_10468,SHOP_003,22.0,2,Good
BIKE_10468,SHOP_009,25.0,3,Good
BIKE_01166,SHOP_006,18.0,2,Good
BIKE_27577,SHOP_009,33.0,1,Good
BIKE_33048,SHOP_003,28.0,3,Good
BIKE_16809,SHOP_003,26.0,2,Good
BIKE_16809,SHOP_009,27.0,3,Good
BIKE_28084,SHOP_009,33.0,2,Good
BIKE_34928,SHOP_009,31.0,1,Excellent
BIKE_22902,SHOP_009,26.0,3,Good
BIKE_31320,SHOP_009,48.0,3,Good
BIKE_31320,SHOP_003,49.0,3,Good
BIKE_13764,SHOP_007,24.0,2,Excellent
BIKE_35848,SHOP_009,29.0,1,Fair
BIKE_14572,SHOP_006,11.0,2,Good
BIKE_06481,SHOP_009,24.0,1,Good
BIKE_24948,SHOP_012,42.0,2,Fair
BIKE_03248,SHOP_012,43.0,3,Good
BIKE_15215,SHOP_009,28.0,2,Good
BIKE_13077,SHOP_003,30.0,1,Good
BIKE_13077,SHOP_009,30.0,3,Fair
BIKE_34526,SHOP_009,20.0,1,Excellent
BIKE_34526,SHOP_003,22.0,2,Good
BIKE_12893,SHOP_009,11.0,1,Fair
BIKE_12893,SHOP_007,10.0,3,Excellent
BIKE_13137,SHOP_004,21.0,3,Good
BIKE_13137,SHOP_009,22.0,2,Good
BIKE_33631,SHOP_009,23.0,2,Excellent
BIKE_33631,SHOP_003,23.0,3,Good
BIKE_04128,SHOP_003,29.0,3,Fair
BIKE_04128,SHOP_009,32.0,3,Good
BIKE_07686,SHOP_007,22.0,3,Good
BIKE_35884,SHOP_003,24.0,3,Good
BIKE_35884,SHOP_009,27.0,2,Excellent
BIKE_16656,SHOP_006,10.0,1,Good
BIKE_16656,SHOP_007,10.0,1,Good
BIKE_06803,SHOP_003,29.0,1,Fair
BIKE_00980,SHOP_009,9.0,3,Excellent
BIKE_06181,SHOP_003,29.0,1,Fair
BIKE_17403,SHOP_009,31.0,1,Good
BIKE_17403,SHOP_003,30.0,1,Good
BIKE_36346,SHOP_003,34.0,2,Good
BIKE_36346,SHOP_009,32.0,1,Fair
BIKE_38682,SHOP_003,26.0,3,Good
BIKE_38682,SHOP_009,26.0,1,Excellent
BIKE_22966,SHOP_003,22.0,2,Good
BIKE_22966,SHOP_009,23.0,1,Excellent
BIKE_31460,SHOP_001,16.0,2,Good
BIKE_24772,SHOP_006,10.0,3,Good
BIKE_24772,SHOP_003,10.0,2,Good
BIKE_23899,SHOP_009,23.0,1,Good
BIKE_23899,SHOP_006,22.0,2,Good
BIKE_12283,SHOP_012,40.0,1,Good
BIKE_29604,SHOP_007,18.0,2,Fair
BIKE_23670,SHOP_003,21.0,3,Good
BIKE_38168,SHOP_009,19.0,3,Good
BIKE_23725,SHOP_006,11.0,1,Excellent
BIKE_23725,SHOP_001,9.0,2,Excellent
BIKE_03058,SHOP_009,23.0,2,Good
BIKE_03058,SHOP_003,21.0,2,Good
BIKE_28695,SHOP_003,26.0,2,Good
BIKE_28998,SHOP_001,23.0,3,Fair
BIKE_32533,SHOP_009,26.0,2,Good
BIKE_38651,SHOP_006,8.0,3,Good
BIKE_36746,SHOP_007,17.0,1,Good
BIKE_25811,SHOP_009,11.0,1,Good
BIKE_22752,SHOP_009,33.0,3,Excellent
BIKE_22752,SHOP_003,33.0,2,Excellent
BIKE_33764,SHOP_003,23.0,2,Excellent
BIKE_33764,SHOP_009,21.0,3,Fair
BIKE_15268,SHOP_003,20.0,2,Good
BIKE_15268,SHOP_007,19.0,3,Good
BIKE_23739,SHOP_009,25.0,3,Fair
BIKE_23739,SHOP_003,25.0,1,Fair
BIKE_13196,SHOP_003,19.0,2,Excellent
BIKE_13196,SHOP_009,22.0,1,Fair
BIKE_05160,SHOP_009,29.0,3,Good
BIKE_29102,SHOP_003,25.0,2,Fair
BIKE_29102,SHOP_009,24.0,3,Good
BIKE_35688,SHOP_003,36.0,2,Good
BIKE_35688,SHOP_009,35.0,3,Good
BIKE_03445,SHOP_009,36.0,2,Good
BIKE_03445,SHOP_003,35.0,1,Good
BIKE_33479,SHOP_009,11.0,1,Fair
BIKE_27327,SHOP_003,22.0,2,Good
BIKE_27327,SHOP_009,24.0,2,Fair
BIKE_22737,SHOP_009,26.0,1,Good
BIKE_22737,SHOP_003,27.0,1,Excellent
BIKE_12512,SHOP_009,11.0,2,Good
BIKE_07528,SHOP_009,28.0,3,Good
BIKE_20996,SHOP_009,31.0,2,Good
BIKE_32111,SHOP_012,47.0,2,Excellent
BIKE_23471,SHOP_012,71.0,1,Fair
BIKE_23062,SHOP_009,22.0,1,Good
BIKE_23062,SHOP_003,22.0,2,Fair
BIKE_37715,SHOP_009,21.0,2,Fair
BIKE_37715,SHOP_001,19.0,1,Excellent
BIKE_06036,SHOP_009,25.0,3,Excellent
BIKE_16141,SHOP_009,48.0,3,Excellent
BIKE_14148,SHOP_003,30.0,2,Fair
BIKE_15265,SHOP_007,17.0,3,Good
BIKE_05348,SHOP_009,40.0,1,Good
BIKE_05348,SHOP_003,41.0,3,Excellent
BIKE_23463,SHOP_009,33.0,1,Fair
BIKE_23463,SHOP_003,34.0,1,Good
BIKE_20301,SHOP_003,23.0,3,Excellent
BIKE_37589,SHOP_009,25.0,3,Fair
BIKE_34031,SHOP_001,8.0,3,Good
BIKE_21549,SHOP_012,47.0,3,Excellent
BIKE_14200,SHOP_007,23.0,1,Good
BIKE_14200,SHOP_009,26.0,2,Good
BIKE_06551,SHOP_003,18.0,2,Good
BIKE_00790,SHOP_009,25.0,1,Good
BIKE_00790,SHOP_003,28.0,2,Excellent
BIKE_23846,SHOP_007,20.0,3,Good
BIKE_19411,SHOP_003,27.0,3,Excellent
BIKE_31413,SHOP_010,20.0,2,Good
BIKE_31413,SHOP_003,20.0,3,Good
BIKE_01904,SHOP_003,23.0,1,Excellent
BIKE_01904,SHOP_009,23.0,1,Excellent
BIKE_21544,SHOP_003,21.0,3,Good
BIKE_21544,SHOP_009,21.0,2,Fair
BIKE_24725,SHOP_010,18.0,1,Good
BIKE_24725,SHOP_004,20.0,3,Good
BIKE_37451,SHOP_009,20.0,1,Fair
BIKE_37451,SHOP_007,20.0,2,Fair
BIKE_01442,SHOP_009,20.0,2,Excellent
BIKE_13954,SHOP_003,8.0,1,Good
BIKE_24954,SHOP_007,9.0,3,Good
BIKE_35539,SHOP_003,27.0,2,Good
BIKE_18492,SHOP_003,18.0,3,Good
BIKE_21850,SHOP_009,28.0,1,Good
BIKE_03069,SHOP_003,45.0,2,Good
BIKE_03069,SHOP_009,45.0,2,Fair
BIKE_27720,SHOP_001,22.0,3,Excellent
BIKE_14759,SHOP_012,48.0,3,Good
BIKE_03282,SHOP_003,27.0,2,Excellent
BIKE_03282,SHOP_009,28.0,2,Excellent
BIKE_25475,SHOP_009,23.0,2,Good
BIKE_29518,SHOP_009,29.0,1,Good
BIKE_31961,SHOP_003,25.0,1,Fair
BIKE_31961,SHOP_009,27.0,1,Good
BIKE_23119,SHOP_003,12.0,2,Good
BIKE_23119,SHOP_001,11.0,3,Good
BIKE_01884,SHOP_010,22.0,2,Good
BIKE_28462,SHOP_009,25.0,3,Good
BIKE_27957,SHOP_009,39.0,2,Good
BIKE_27957,SHOP_003,39.0,1,Fair
BIKE_35289,SHOP_003,19.0,1,Good
BIKE_06596,SHOP_007,8.0,3,Good
BIKE_30814,SHOP_009,23.0,3,Fair
BIKE_30814,SHOP_003,20.0,2,Fair
BIKE_03507,SHOP_012,125.0,2,Excellent
BIKE_13375,SHOP_003,42.0,3,Good
BIKE_13375,SHOP_009,41.0,1,Good
BIKE_25747,SHOP_003,24.0,3,Good
BIKE_25747,SHOP_009,24.0,3,Good
BIKE_37655,SHOP_009,26.0,1,Good
BIKE_13914,SHOP_009,37.0,2,Excellent
BIKE_13914,SHOP_003,36.0,2,Good
BIKE_09787,SHOP_009,25.0,1,Good
BIKE_30634,SHOP_009,25.0,3,Excellent
BIKE_28288,SHOP_003,29.0,2,Excellent
BIKE_28288,SHOP_009,26.0,2,Good
BIKE_11626,SHOP_003,32.0,2,Excellent
BIKE_05582,SHOP_009,28.0,1,Good
BIKE_21060,SHOP_009,20.0,2,Good
BIKE_21060,SHOP_003,21.0,3,Fair
BIKE_31614,SHOP_007,20.0,2,Excellent
BIKE_31614,SHOP_010,20.0,2,Fair
BIKE_10689,SHOP_009,8.0,1,Good
BIKE_10689,SHOP_007,9.0,1,Fair
BIKE_06319,SHOP_012,67.0,3,Good
BIKE_03842,SHOP_003,52.0,3,Good
BIKE_12628,SHOP_003,26.0,3,Good
BIKE_12628,SHOP_009,27.0,3,Good
BIKE_30899,SHOP_009,27.0,2,Good
BIKE_30899,SHOP_003,26.0,3,Good
BIKE_09448,SHOP_003,21.0,1,Good
BIKE_09448,SHOP_009,20.0,3,Good
BIKE_05980,SHOP_003,31.0,2,Good
BIKE_05980,SHOP_009,31.0,1,Fair
BIKE_28860,SHOP_012,48.0,3,Excellent
BIKE_16186,SHOP_010,8.0,3,Good
BIKE_16186,SHOP_004,8.0,3,Good
BIKE_32879,SHOP_003,28.0,2,Good
BIKE_24641,SHOP_001,21.0,2,Fair
BIKE_25203,SHOP_001,10.0,1,Fair
BIKE_05838,SHOP_009,26.0,1,Fair
BIKE_05485,SHOP_009,26.0,3,Good
BIKE_05485,SHOP_003,28.0,2,Good
BIKE_10405,SHOP_004,24.0,1,Good
BIKE_27971,SHOP_009,11.0,2,Good
BIKE_17984,SHOP_003,26.0,3,Good
BIKE_17984,SHOP_009,27.0,2,Excellent
BIKE_23651,SHOP_006,19.0,1,Good
BIKE_23651,SHOP_001,18.0,1,Fair
BIKE_17971,SHOP_003,23.0,3,Fair
BIKE_22623,SHOP_003,11.0,3,Excellent
BIKE_22623,SHOP_007,8.0,1,Good
BIKE_03662,SHOP_007,19.0,3,Good
BIKE_23135,SHOP_001,11.0,1,Good
BIKE_35977,SHOP_003,10.0,3,Good
BIKE_35977,SHOP_001,12.0,3,Fair
BIKE_29708,SHOP_009,9.0,2,Good
BIKE_29708,SHOP_006,11.0,2,Good
BIKE_12538,SHOP_007,11.0,1,Good
BIKE_15080,SHOP_001,12.0,2,Good
BIKE_15080,SHOP_003,11.0,1,Excellent
BIKE_07613,SHOP_009,36.0,3,Excellent
BIKE_16379,SHOP_009,38.0,2,Good
BIKE_16379,SHOP_003,37.0,3,Good
BIKE_33915,SHOP_003,17.0,2,Fair
BIKE_33915,SHOP_007,19.0,2,Good
BIKE_04107,SHOP_009,21.0,3,Excellent
BIKE_20069,SHOP_003,28.0,3,Good
BIKE_14370,SHOP_003,35.0,3,Excellent
BIKE_14370,SHOP_009,36.0,3,Good
BIKE_03703,SHOP_010,21.0,2,Good
BIKE_01631,SHOP_009,25.0,1,Good
BIKE_01631,SHOP_003,24.0,3,Good
BIKE_02876,SHOP_009,21.0,2,Fair
BIKE_13238,SHOP_009,22.0,1,Good
BIKE_00890,SHOP_007,22.0,1,Good
BIKE_04322,SHOP_003,32.0,3,Excellent
BIKE_04322,SHOP_009,34.0,3,Good
BIKE_16297,SHOP_009,29.0,1,Excellent
BIKE_34179,SHOP_003,8.0,2,Good
BIKE_34179,SHOP_009,11.0,1,Good
BIKE_13642,SHOP_006,10.0,3,Excellent
BIKE_35951,SHOP_001,10.0,1,Excellent
BIKE_09722,SHOP_009,45.0,1,Good
BIKE_17344,SHOP_009,22.0,1,Good
BIKE_13542,SHOP_003,27.0,1,Good
BIKE_13542,SHOP_009,25.0,3,Excellent
BIKE_21365,SHOP_012,69.0,2,Excellent
BIKE_08140,SHOP_009,8.0,3,Fair
BIKE_21532,SHOP_009,30.0,2,Excellent
BIKE_12364,SHOP_009,26.0,2,Good
BIKE_17396,SHOP_009,38.0,3,Good
BIKE_17396,SHOP_003,41.0,1,Good
BIKE_10812,SHOP_007,21.0,2,Good
BIKE_10812,SHOP_010,21.0,3,Good
BIKE_27915,SHOP_010,19.0,3,Fair
BIKE_27915,SHOP_003,22.0,1,Good
BIKE_34021,SHOP_009,50.0,2,Good
BIKE_04457,SHOP_003,32.0,2,Excellent
BIKE_23773,SHOP_009,22.0,3,Good
BIKE_09997,SHOP_009,26.0,1,Excellent
BIKE_09997,SHOP_003,26.0,3,Good
BIKE_28110,SHOP_009,23.0,2,Good
BIKE_28110,SHOP_003,19.0,2,Excellent
BIKE_16764,SHOP_003,28.0,1,Good
BIKE_16764,SHOP_009,28.0,2,Good
BIKE_34348,SHOP_001,8.0,3,Good
BIKE_19382,SHOP_009,28.0,2,Good
BIKE_19382,SHOP_003,25.0,1,Good
BIKE_15277,SHOP_004,21.0,1,Good
BIKE_15277,SHOP_010,21.0,1,Good
BIKE_20253,SHOP_003,36.0,3,Good
BIKE_16303,SHOP_003,28.0,1,Fair
BIKE_16303,SHOP_009,27.0,2,Fair
BIKE_38433,SHOP_003,29.0,1,Fair
BIKE_11873,SHOP_006,21.0,1,Good
BIKE_11873,SHOP_009,22.0,1,Excellent
BIKE_14275,SHOP_001,11.0,1,Excellent
BIKE_14275,SHOP_009,10.0,2,Excellent
BIKE_10863,SHOP_003,9.0,2,Good
BIKE_32226,SHOP_003,23.0,3,Good
BIKE_32226,SHOP_009,23.0,3,Good
BIKE_05986,SHOP_003,18.0,3,Excellent
BIKE_19341,SHOP_009,30.0,1,Excellent
BIKE_25660,SHOP_003,46.0,2,Excellent
BIKE_07289,SHOP_009,28.0,1,Fair
BIKE_30596,SHOP_003,35.0,2,Excellent
BIKE_13420,SHOP_009,24.0,1,Fair
BIKE_13420,SHOP_003,24.0,2,Good
BIKE_17746,SHOP_009,22.0,1,Good
BIKE_17746,SHOP_004,21.0,2,Good
BIKE_19883,SHOP_007,11.0,3,Good
BIKE_12335,SHOP_003,28.0,3,Good
BIKE_11644,SHOP_009,22.0,3,Fair
BIKE_11644,SHOP_003,24.0,3,Good
BIKE_13825,SHOP_003,18.0,1,Good
BIKE_03470,SHOP_001,16.0,1,Good
BIKE_03470,SHOP_010,18.0,3,Good
BIKE_00821,SHOP_009,9.0,2,Good
BIKE_35446,SHOP_009,25.0,1,Good
BIKE_25156,SHOP_009,36.0,3,Good
BIKE_37909,SHOP_012,43.0,1,Good
BIKE_16067,SHOP_007,20.0,2,Excellent
BIKE_16067,SHOP_006,21.0,1,Excellent
BIKE_10210,SHOP_004,22.0,1,Good
BIKE_36357,SHOP_009,24.0,1,Good
BIKE_36357,SHOP_003,24.0,2,Good
BIKE_23192,SHOP_009,25.0,3,Good
BIKE_23192,SHOP_010,23.0,3,Excellent
BIKE_37745,SHOP_009,33.0,3,Excellent
BIKE_38645,SHOP_012,43.0,1,Fair
BIKE_03798,SHOP_009,32.0,2,Good
BIKE_20484,SHOP_004,22.0,1,Good
BIKE_20484,SHOP_001,22.0,2,Excellent
BIKE_21215,SHOP_009,15.0,2,Excellent
BIKE_21215,SHOP_007,15.0,2,Good
BIKE_08028,SHOP_003,24.0,1,Excellent
BIKE_08028,SHOP_009,23.0,3,Excellent
BIKE_18634,SHOP_003,25.0,1,Fair
BIKE_18634,SHOP_009,23.0,3,Good
BIKE_32090,SHOP_009,30.0,2,Good
BIKE_32090,SHOP_003,28.0,1,Excellent
BIKE_27168,SHOP_001,9.0,2,Fair
BIKE_27168,SHOP_007,8.0,3,Good
BIKE_09169,SHOP_009,30.0,2,Good
BIKE_17444,SHOP_012,69.0,3,Good
BIKE_26391,SHOP_012,40.0,3,Good
BIKE_23514,SHOP_009,33.0,2,Good
BIKE_23514,SHOP_003,34.0,1,Excellent
BIKE_37800,SHOP_009,31.0,2,Good
BIKE_37800,SHOP_003,34.0,2,Good
BIKE_10261,SHOP_003,10.0,2,Good
BIKE_10261,SHOP_007,9.0,1,Fair
BIKE_36286,SHOP_003,31.0,1,Excellent
BIKE_36286,SHOP_009,30.0,2,Good
BIKE_25290,SHOP_007,22.0,1,Fair
BIKE_19391,SHOP_003,30.0,1,Excellent
BIKE_04819,SHOP_006,10.0,3,Good
BIKE_12163,SHOP_006,21.0,3,Good
BIKE_13486,SHOP_012,62.0,1,Excellent
BIKE_05929,SHOP_009,26.0,3,Fair
BIKE_22827,SHOP_003,41.0,3,Excellent
BIKE_22827,SHOP_009,41.0,1,Fair
BIKE_08586,SHOP_003,25.0,1,Fair
BIKE_26107,SHOP_004,22.0,1,Good
BIKE_31412,SHOP_003,18.0,2,Good
BIKE_32362,SHOP_009,27.0,3,Fair
BIKE_32275,SHOP_004,20.0,1,Fair
BIKE_21696,SHOP_003,34.0,3,Good
BIKE_21696,SHOP_009,37.0,2,Good
BIKE_22701,SHOP_012,63.0,1,Fair
BIKE_10512,SHOP_009,11.0,2,Excellent
BIKE_14948,SHOP_009,24.0,3,Good
BIKE_14948,SHOP_003,21.0,2,Good
BIKE_16662,SHOP_006,13.0,2,Good
BIKE_16662,SHOP_007,13.0,2,Excellent
BIKE_21738,SHOP_007,19.0,1,Good
BIKE_21738,SHOP_004,18.0,2,Good
BIKE_29691,SHOP_009,25.0,3,Good
BIKE_29691,SHOP_003,25.0,3,Good
BIKE_13604,SHOP_009,40.0,2,Fair
BIKE_13604,SHOP_003,39.0,2,Fair
BIKE_10231,SHOP_009,35.0,1,Good
BIKE_08869,SHOP_009,31.0,2,Good
BIKE_08845,SHOP_009,31.0,1,Good
BIKE_31014,SHOP_003,29.0,3,Fair
BIKE_30021,SHOP_009,26.0,1,Good
BIKE_14989,SHOP_003,19.0,2,Excellent
BIKE_14989,SHOP_007,21.0,2,Excellent
BIKE_04419,SHOP_007,9.0,1,Good
BIKE_31465,SHOP_001,11.0,1,Good
BIKE_31465,SHOP_006,13.0,3,Good
BIKE_05572,SHOP_003,34.0,3,Excellent
BIKE_05572,SHOP_009,33.0,3,Good
BIKE_03806,SHOP_010,26.0,3,Excellent
BIKE_07401,SHOP_003,25.0,1,Good
BIKE_36629,SHOP_012,40.0,1,Good
BIKE_05121,SHOP_009,34.0,3,Good
BIKE_09311,SHOP_001,9.0,1,Excellent
BIKE_09311,SHOP_003,9.0,1,Fair
BIKE_26330,SHOP_003,34.0,1,Good
BIKE_26330,SHOP_009,34.0,3,Good
BIKE_07090,SHOP_009,29.0,3,Fair
BIKE_04653,SHOP_009,27.0,1,Excellent
BIKE_10676,SHOP_003,22.0,1,Excellent
BIKE_10676,SHOP_010,22.0,2,Good
BIKE_23536,SHOP_010,20.0,1,Good
BIKE_23536,SHOP_003,18.0,2,Good
BIKE_18479,SHOP_003,25.0,2,Good
BIKE_18479,SHOP_006,24.0,1,Excellent
BIKE_03493,SHOP_003,33.0,3,Fair
BIKE_26493,SHOP_006,20.0,2,Good
BIKE_26493,SHOP_004,18.0,3,Excellent
BIKE_17259,SHOP_010,18.0,3,Fair
BIKE_00085,SHOP_003,30.0,1,Excellent
BIKE_00085,SHOP_009,30.0,3,Good
BIKE_23927,SHOP_003,26.0,1,Good
BIKE_23927,SHOP_009,26.0,2,Excellent
BIKE_00775,SHOP_001,12.0,2,Excellent
BIKE_31142,SHOP_003,32.0,3,Good
BIKE_12898,SHOP_006,17.0,2,Good
BIKE_12898,SHOP_009,19.0,1,Good
BIKE_05085,SHOP_003,34.0,2,Good
BIKE_09887,SHOP_001,12.0,3,Good
BIKE_37413,SHOP_003,32.0,2,Good
BIKE_34703,SHOP_006,11.0,1,Excellent
BIKE_33483,SHOP_012,49.0,1,Good
BIKE_11405,SHOP_001,11.0,1,Good
BIKE_11783,SHOP_009,19.0,1,Excellent
BIKE_11783,SHOP_003,22.0,3,Fair
BIKE_22985,SHOP_003,48.0,1,Excellent
BIKE_00657,SHOP_003,37.0,2,Good
BIKE_00657,SHOP_009,38.0,3,Good
BIKE_10670,SHOP_003,31.0,2,Fair
BIKE_03091,SHOP_003,20.0,1,Good
BIKE_10840,SHOP_009,23.0,1,Good
BIKE_27842,SHOP_009,30.0,2,Good
BIKE_03941,SHOP_003,28.0,1,Good
BIKE_00579,SHOP_004,19.0,1,Excellent
BIKE_24223,SHOP_009,28.0,1,Good
BIKE_18253,SHOP_010,19.0,1,Fair
BIKE_04214,SHOP_006,21.0,3,Good
BIKE_04214,SHOP_001,24.0,2,Good
BIKE_33419,SHOP_003,33.0,2,Good
BIKE_07339,SHOP_003,29.0,2,Good
BIKE_01723,SHOP_009,8.0,3,Excellent
BIKE_08919,SHOP_009,30.0,2,Good
BIKE_27749,SHOP_009,28.0,3,Good
BIKE_31770,SHOP_009,10.0,1,Fair
BIKE_31770,SHOP_007,11.0,2,Fair
BIKE_37947,SHOP_003,30.0,1,Fair
BIKE_30829,SHOP_003,47.0,1,Good
BIKE_34855,SHOP_009,27.0,3,Good
BIKE_06633,SHOP_003,10.0,1,Good
BIKE_08786,SHOP_003,29.0,1,Excellent
BIKE_11764,SHOP_009,18.0,2,Fair
BIKE_11764,SHOP_007,19.0,3,Excellent
BIKE_24698,SHOP_003,43.0,3,Good
BIKE_24698,SHOP_009,42.0,1,Good
BIKE_11699,SHOP_003,36.0,1,Fair
BIKE_11699,SHOP_009,35.0,2,Excellent
BIKE_15388,SHOP_003,23.0,1,Good
BIKE_37940,SHOP_009,9.0,2,Excellent
BIKE_03177,SHOP_003,21.0,3,Good
BIKE_37801,SHOP_003,24.0,3,Good
BIKE_37801,SHOP_009,24.0,2,Good
BIKE_27568,SHOP_009,27.0,2,Fair
BIKE_23674,SHOP_003,31.0,2,Good
BIKE_23674,SHOP_009,32.0,1,Good
BIKE_01931,SHOP_003,34.0,1,Good
BIKE_01931,SHOP_009,34.0,1,Fair
BIKE_23566,SHOP_009,48.0,3,Good
BIKE_23566,SHOP_003,47.0,3,Fair
BIKE_36439,SHOP_001,10.0,2,Good
BIKE_35100,SHOP_003,21.0,3,Fair
BIKE_18892,SHOP_009,23.0,2,Good
BIKE_18892,SHOP_003,24.0,1,Good
BIKE_13101,SHOP_003,31.0,2,Good
BIKE_13101,SHOP_009,31.0,3,Good
BIKE_22639,SHOP_012,44.0,2,Good
BIKE_22077,SHOP_012,44.0,3,Good
BIKE_24465,SHOP_003,40.0,2,Good
BIKE_08648,SHOP_006,23.0,3,Fair
BIKE_22068,SHOP_009,15.0,2,Fair
BIKE_18127,SHOP_012,51.0,3,Good
BIKE_17056,SHOP_006,20.0,2,Good
BIKE_07724,SHOP_012,58.0,2,Good
BIKE_09444,SHOP_006,11.0,1,Excellent
BIKE_09444,SHOP_003,12.0,3,Good
BIKE_01229,SHOP_003,31.0,3,Fair
BIKE_01229,SHOP_009,30.0,1,Good
BIKE_21374,SHOP_001,11.0,1,Good
BIKE_02294,SHOP_009,30.0,1,Fair
BIKE_02294,SHOP_003,31.0,1,Fair
BIKE_24595,SHOP_009,45.0,2,Good
BIKE_19132,SHOP_001,19.0,2,Fair
BIKE_16201,SHOP_010,21.0,2,Good
BIKE_16334,SHOP_009,33.0,1,Fair
BIKE_16334,SHOP_003,31.0,1,Fair
BIKE_27687,SHOP_003,27.0,1,Good
BIKE_27687,SHOP_009,26.0,3,Fair
BIKE_19725,SHOP_009,41.0,1,Excellent
BIKE_14483,SHOP_003,38.0,2,Excellent
BIKE_20867,SHOP_009,25.0,2,Fair
BIKE_15670,SHOP_003,21.0,1,Excellent
BIKE_15670,SHOP_009,24.0,2,Good
BIKE_16134,SHOP_003,20.0,2,Good
BIKE_16134,SHOP_009,20.0,2,Good
BIKE_27101,SHOP_003,20.0,1,Good
BIKE_11269,SHOP_007,11.0,2,Excellent
BIKE_14064,SHOP_009,30.0,2,Good
BIKE_14064,SHOP_003,28.0,3,Good
BIKE_12883,SHOP_003,8.0,2,Excellent
BIKE_18264,SHOP_003,28.0,2,Excellent
BIKE_32625,SHOP_009,22.0,3,Excellent
BIKE_32625,SHOP_004,22.0,1,Excellent
BIKE_33087,SHOP_007,20.0,1,Good
BIKE_33087,SHOP_001,20.0,3,Good
BIKE_12694,SHOP_009,29.0,3,Fair
BIKE_12694,SHOP_003,27.0,1,Good
BIKE_12441,SHOP_009,22.0,3,Good
BIKE_19891,SHOP_001,19.0,2,Good
BIKE_19891,SHOP_009,19.0,1,Good
BIKE_31327,SHOP_003,21.0,1,Good
BIKE_06666,SHOP_009,9.0,1,Fair
BIKE_25042,SHOP_001,12.0,2,Fair
BIKE_35443,SHOP_003,50.0,2,Excellent
BIKE_35443,SHOP_009,50.0,3,Excellent
BIKE_00631,SHOP_003,22.0,3,Fair
BIKE_00631,SHOP_009,19.0,1,Good
BIKE_32180,SHOP_004,18.0,1,Good
BIKE_14471,SHOP_009,21.0,1,Good
BIKE_14471,SHOP_003,23.0,2,Excellent
BIKE_02856,SHOP_010,24.0,3,Excellent
BIKE_16098,SHOP_003,30.0,3,Fair
BIKE_21808,SHOP_009,23.0,3,Good
BIKE_33859,SHOP_012,40.0,1,Good
BIKE_02767,SHOP_007,11.0,2,Good
BIKE_15045,SHOP_003,21.0,3,Fair
BIKE_15045,SHOP_009,20.0,1,Good
BIKE_26848,SHOP_003,49.0,2,Fair
BIKE_28390,SHOP_003,30.0,1,Excellent
BIKE_28390,SHOP_009,31.0,1,Good
BIKE_22570,SHOP_003,26.0,3,Good
BIKE_22570,SHOP_009,26.0,1,Good
BIKE_34606,SHOP_001,12.0,1,Good
BIKE_00625,SHOP_001,9.0,2,Good
BIKE_18868,SHOP_001,12.0,2,Fair
BIKE_18868,SHOP_007,9.0,3,Good
BIKE_23676,SHOP_009,28.0,1,Good
BIKE_25427,SHOP_012,47.0,2,Excellent
BIKE_36347,SHOP_009,49.0,2,Good
BIKE_36347,SHOP_003,49.0,1,Good
BIKE_13396,SHOP_009,30.0,2,Good
BIKE_38122,SHOP_009,36.0,1,Fair
BIKE_38122,SHOP_003,36.0,3,Good
BIKE_25584,SHOP_001,20.0,3,Fair
BIKE_25584,SHOP_003,20.0,3,Good
BIKE_31694,SHOP_003,28.0,1,Good
BIKE_31694,SHOP_009,29.0,2,Good
BIKE_27642,SHOP_003,28.0,3,Good
BIKE_27642,SHOP_009,28.0,3,Fair
BIKE_05874,SHOP_003,24.0,1,Fair
BIKE_05874,SHOP_009,25.0,3,Good
BIKE_23087,SHOP_006,10.0,1,Good
BIKE_17583,SHOP_012,44.0,1,Good
BIKE_12357,SHOP_006,11.0,3,Good
BIKE_36865,SHOP_006,23.0,2,Good
BIKE_14095,SHOP_001,9.0,2,Excellent
BIKE_14095,SHOP_009,10.0,2,Good
BIKE_07003,SHOP_003,29.0,1,Good
BIKE_07003,SHOP_009,30.0,1,Excellent
BIKE_33924,SHOP_009,41.0,3,Good
BIKE_33924,SHOP_003,42.0,2,Excellent
BIKE_01530,SHOP_007,9.0,1,Fair
BIKE_01530,SHOP_003,9.0,1,Good
BIKE_32741,SHOP_009,25.0,1,Good
BIKE_32741,SHOP_003,24.0,3,Excellent
BIKE_27086,SHOP_003,26.0,3,Fair
BIKE_02929,SHOP_003,47.0,1,Fair
BIKE_18524,SHOP_006,10.0,2,Good
BIKE_18524,SHOP_003,8.0,3,Good
BIKE_19316,SHOP_006,19.0,1,Fair
BIKE_19316,SHOP_009,22.0,3,Good
BIKE_07241,SHOP_007,12.0,2,Good
BIKE_16530,SHOP_003,23.0,2,Good
BIKE_16530,SHOP_009,24.0,1,Good
BIKE_07324,SHOP_006,10.0,2,Good
BIKE_07324,SHOP_001,11.0,3,Good
BIKE_11713,SHOP_012,39.0,1,Good
BIKE_15315,SHOP_003,30.0,3,Excellent
BIKE_15315,SHOP_009,30.0,1,Good
BIKE_15143,SHOP_009,23.0,3,Fair
BIKE_15143,SHOP_003,25.0,2,Excellent
BIKE_10710,SHOP_003,35.0,2,Good
BIKE_10710,SHOP_009,35.0,2,Excellent
BIKE_35300,SHOP_009,22.0,2,Good
BIKE_35300,SHOP_003,25.0,1,Good
BIKE_07294,SHOP_006,22.0,1,Excellent
BIKE_07294,SHOP_004,23.0,2,Good
BIKE_15959,SHOP_007,23.0,3,Excellent
BIKE_18521,SHOP_001,11.0,3,Fair
BIKE_05358,SHOP_007,21.0,3,Good
BIKE_33588,SHOP_001,12.0,3,Fair
BIKE_03438,SHOP_003,51.0,2,Good
BIKE_31809,SHOP_009,44.0,2,Good
BIKE_31809,SHOP_003,44.0,2,Fair
BIKE_04738,SHOP_003,45.0,1,Excellent
BIKE_04738,SHOP_009,45.0,1,Good
BIKE_19588,SHOP_009,44.0,2,Good
BIKE_23484,SHOP_009,24.0,2,Excellent
BIKE_23484,SHOP_003,28.0,3,Good
BIKE_24668,SHOP_003,10.0,2,Good
BIKE_24668,SHOP_001,10.0,3,Good
BIKE_02306,SHOP_003,29.0,1,Good
BIKE_07679,SHOP_003,24.0,3,Fair
BIKE_07679,SHOP_009,23.0,1,Good
BIKE_23280,SHOP_010,23.0,2,Good
BIKE_09674,SHOP_003,31.0,1,Excellent
BIKE_09674,SHOP_009,30.0,2,Good
BIKE_07752,SHOP_009,20.0,2,Excellent
BIKE_07752,SHOP_003,20.0,3,Good
BIKE_31612,SHOP_010,22.0,2,Good
BIKE_31612,SHOP_006,22.0,1,Excellent
BIKE_28789,SHOP_009,41.0,3,Good
BIKE_28789,SHOP_003,44.0,3,Good
BIKE_20646,SHOP_012,45.0,1,Good
BIKE_25949,SHOP_009,30.0,2,Good
BIKE_25949,SHOP_003,31.0,2,Good
BIKE_05994,SHOP_003,45.0,1,Excellent
BIKE_05994,SHOP_009,43.0,3,Good
BIKE_21886,SHOP_007,15.0,1,Good
BIKE_21886,SHOP_010,14.0,3,Excellent
BIKE_33975,SHOP_009,32.0,3,Fair
BIKE_11527,SHOP_012,61.0,3,Fair
BIKE_18783,SHOP_007,12.0,3,Good
BIKE_21006,SHOP_009,36.0,2,Good
BIKE_21006,SHOP_003,35.0,2,Good
BIKE_35760,SHOP_009,28.0,3,Good
BIKE_09396,SHOP_003,29.0,3,Excellent
BIKE_09928,SHOP_003,31.0,3,Good
BIKE_04108,SHOP_003,30.0,1,Good
BIKE_04108,SHOP_009,30.0,2,Excellent
BIKE_10926,SHOP_006,11.0,3,Excellent
BIKE_10926,SHOP_007,10.0,3,Good
BIKE_16050,SHOP_004,18.0,3,Good
BIKE_14224,SHOP_003,34.0,2,Good
BIKE_14224,SHOP_009,37.0,2,Good
BIKE_22508,SHOP_009,31.0,2,Fair
BIKE_19458,SHOP_009,23.0,3,Good
BIKE_22894,SHOP_010,17.0,3,Good
BIKE_04061,SHOP_009,23.0,2,Good
BIKE_04061,SHOP_003,24.0,1,Good
BIKE_28688,SHOP_010,20.0,2,Good
BIKE_30906,SHOP_004,20.0,3,Good
BIKE_30906,SHOP_009,20.0,1,Fair
BIKE_00298,SHOP_003,23.0,2,Excellent
BIKE_06528,SHOP_001,12.0,1,Good
BIKE_00387,SHOP_009,45.0,1,Good
BIKE_08510,SHOP_009,31.0,2,Good
BIKE_08510,SHOP_003,33.0,1,Good
BIKE_02097,SHOP_003,32.0,3,Good
BIKE_02097,SHOP_009,33.0,3,Fair
BIKE_28877,SHOP_010,13.0,1,Excellent
BIKE_33403,SHOP_009,29.0,3,Good
BIKE_33403,SHOP_003,29.0,3,Good
BIKE_32570,SHOP_009,30.0,2,Fair
BIKE_24452,SHOP_006,9.0,2,Good
BIKE_24452,SHOP_007,10.0,1,Good
BIKE_05627,SHOP_007,24.0,2,Good
BIKE_06281,SHOP_003,28.0,3,Good
BIKE_07545,SHOP_009,27.0,3,Fair
BIKE_27669,SHOP_004,22.0,3,Good
BIKE_27669,SHOP_001,21.0,1,Fair
BIKE_20259,SHOP_009,13.0,3,Good
BIKE_23747,SHOP_006,9.0,3,Good
BIKE_23747,SHOP_001,10.0,3,Good
BIKE_28147,SHOP_004,19.0,1,Fair
BIKE_13685,SHOP_010,19.0,3,Fair
BIKE_13685,SHOP_004,19.0,3,Fair
BIKE_02498,SHOP_003,46.0,3,Excellent
BIKE_02498,SHOP_009,48.0,2,Good
BIKE_16284,SHOP_006,9.0,2,Good
BIKE_16284,SHOP_004,11.0,1,Good
BIKE_18356,SHOP_009,39.0,3,Fair
BIKE_31577,SHOP_009,23.0,2,Good
BIKE_31577,SHOP_003,22.0,3,Fair
BIKE_13133,SHOP_009,11.0,1,Good
BIKE_15633,SHOP_012,62.0,3,Good
BIKE_32725,SHOP_007,9.0,3,Excellent
BIKE_04563,SHOP_001,12.0,1,Fair
BIKE_04563,SHOP_007,8.0,2,Good
BIKE_09164,SHOP_009,29.0,2,Good
BIKE_09164,SHOP_003,29.0,1,Good
BIKE_01338,SHOP_009,11.0,2,Good
BIKE_01338,SHOP_003,8.0,2,Good
BIKE_33097,SHOP_009,22.0,1,Fair
BIKE_37359,SHOP_006,8.0,1,Excellent
BIKE_23942,SHOP_009,27.0,2,Good
BIKE_37407,SHOP_003,33.0,3,Good
BIKE_29176,SHOP_009,22.0,1,Good
BIKE_13743,SHOP_003,19.0,2,Good
BIKE_13743,SHOP_001,16.0,1,Good
BIKE_21656,SHOP_009,27.0,2,Good
BIKE_37470,SHOP_006,9.0,3,Excellent
BIKE_37470,SHOP_009,10.0,1,Good
BIKE_36515,SHOP_007,11.0,1,Good
BIKE_09353,SHOP_003,19.0,3,Good
BIKE_06863,SHOP_003,22.0,1,Fair
BIKE_11469,SHOP_003,20.0,2,Good
BIKE_13475,SHOP_007,11.0,2,Good
BIKE_14488,SHOP_001,9.0,1,Fair
BIKE_14488,SHOP_003,10.0,2,Good
BIKE_31281,SHOP_009,18.0,2,Good
BIKE_26541,SHOP_009,38.0,2,Good
BIKE_13810,SHOP_003,39.0,2,Excellent
BIKE_13810,SHOP_009,36.0,1,Good
BIKE_01441,SHOP_009,26.0,3,Good
BIKE_03434,SHOP_003,25.0,3,Fair
BIKE_03434,SHOP_009,25.0,1,Excellent
BIKE_22805,SHOP_006,18.0,1,Excellent
BIKE_22805,SHOP_003,18.0,1,Fair
BIKE_16613,SHOP_012,50.0,2,Good
BIKE_27248,SHOP_003,32.0,3,Excellent
BIKE_14324,SHOP_003,20.0,2,Good
BIKE_14324,SHOP_009,21.0,3,Good
BIKE_05144,SHOP_003,24.0,2,Good
BIKE_05144,SHOP_004,25.0,2,Fair
BIKE_14436,SHOP_003,27.0,3,Good
BIKE_13278,SHOP_001,11.0,3,Good
BIKE_13278,SHOP_007,11.0,3,Good
BIKE_34658,SHOP_001,12.0,1,Excellent
BIKE_34658,SHOP_003,11.0,3,Fair
BIKE_20303,SHOP_009,32.0,2,Fair
BIKE_25982,SHOP_006,10.0,2,Good
BIKE_25982,SHOP_003,9.0,1,Fair
BIKE_03126,SHOP_009,22.0,1,Good
BIKE_02360,SHOP_004,24.0,1,Good
BIKE_02360,SHOP_001,23.0,3,Good
BIKE_08931,SHOP_012,51.0,1,Excellent
BIKE_24757,SHOP_009,36.0,2,Good
BIKE_33939,SHOP_003,20.0,2,Good
BIKE_33939,SHOP_009,22.0,3,Good
BIKE_37051,SHOP_003,22.0,1,Good
BIKE_37051,SHOP_009,20.0,1,Good
BIKE_32030,SHOP_003,23.0,1,Good
BIKE_26960,SHOP_003,25.0,2,Fair
BIKE_07652,SHOP_003,32.0,1,Good
BIKE_23435,SHOP_009,26.0,1,Fair
BIKE_03375,SHOP_003,11.0,3,Good
BIKE_35375,SHOP_007,20.0,3,Fair
BIKE_31723,SHOP_010,22.0,1,Excellent
BIKE_31723,SHOP_001,19.0,2,Fair
BIKE_38483,SHOP_001,21.0,3,Good
BIKE_11153,SHOP_003,22.0,2,Good
BIKE_01146,SHOP_009,23.0,1,Good
BIKE_01146,SHOP_003,24.0,3,Good
BIKE_32416,SHOP_003,27.0,3,Excellent
BIKE_21913,SHOP_004,24.0,2,Good
BIKE_21913,SHOP_003,24.0,1,Excellent
BIKE_16823,SHOP_001,9.0,2,Good
BIKE_16823,SHOP_006,9.0,3,Good
BIKE_15575,SHOP_003,24.0,2,Excellent
BIKE_10290,SHOP_007,10.0,3,Good
BIKE_10290,SHOP_009,9.0,3,Good
BIKE_07149,SHOP_001,9.0,1,Good
BIKE_27366,SHOP_001,21.0,3,Good
BIKE_27366,SHOP_010,20.0,2,Good
BIKE_06095,SHOP_012,45.0,2,Good
BIKE_31124,SHOP_003,23.0,3,Fair
BIKE_31124,SHOP_001,22.0,3,Good
BIKE_19671,SHOP_009,30.0,1,Fair
BIKE_19671,SHOP_003,28.0,2,Good
BIKE_38691,SHOP_009,10.0,1,Good
BIKE_16224,SHOP_003,28.0,1,Excellent
BIKE_16224,SHOP_009,26.0,3,Excellent
BIKE_14525,SHOP_004,22.0,1,Good
BIKE_14525,SHOP_010,22.0,1,Good
BIKE_12594,SHOP_007,10.0,2,Good
BIKE_07049,SHOP_003,26.0,3,Good
BIKE_10089,SHOP_012,42.0,1,Good
BIKE_34901,SHOP_003,19.0,1,Good
BIKE_34901,SHOP_007,22.0,3,Fair
BIKE_10428,SHOP_003,21.0,3,Good
BIKE_10428,SHOP_009,19.0,3,Good
BIKE_30258,SHOP_007,10.0,3,Fair
BIKE_24959,SHOP_001,10.0,3,Fair
BIKE_37766,SHOP_010,18.0,3,Good
BIKE_18059,SHOP_003,33.0,1,Excellent
BIKE_18059,SHOP_009,37.0,3,Fair
BIKE_03289,SHOP_006,20.0,1,Fair
BIKE_27548,SHOP_010,18.0,1,Good
BIKE_38397,SHOP_009,30.0,2,Good
BIKE_14556,SHOP_012,45.0,3,Good
BIKE_33100,SHOP_009,24.0,1,Good
BIKE_33100,SHOP_003,24.0,2,Good
BIKE_23617,SHOP_012,41.0,2,Good
BIKE_26712,SHOP_007,8.0,3,Good
BIKE_03316,SHOP_007,17.0,3,Good
BIKE_03316,SHOP_004,18.0,2,Good
BIKE_32038,SHOP_010,17.0,3,Good
BIKE_15382,SHOP_009,22.0,1,Fair
BIKE_15382,SHOP_003,23.0,3,Good
BIKE_12608,SHOP_003,22.0,3,Good
BIKE_12608,SHOP_007,24.0,3,Excellent
BIKE_12372,SHOP_003,20.0,3,Good
BIKE_12372,SHOP_009,20.0,2,Good
BIKE_19908,SHOP_006,23.0,1,Good
BIKE_06747,SHOP_009,17.0,3,Good
BIKE_16624,SHOP_009,28.0,1,Good
BIKE_16624,SHOP_003,24.0,1,Fair
BIKE_30418,SHOP_001,23.0,3,Good
BIKE_30418,SHOP_007,21.0,2,Good
BIKE_24949,SHOP_003,21.0,1,Good
BIKE_24949,SHOP_009,20.0,3,Good
BIKE_18273,SHOP_003,32.0,1,Good
BIKE_18273,SHOP_009,30.0,1,Good
BIKE_38353,SHOP_009,26.0,1,Good
BIKE_38353,SHOP_003,27.0,3,Good
BIKE_08409,SHOP_004,21.0,3,Good
BIKE_08409,SHOP_003,20.0,3,Good
BIKE_10622,SHOP_009,11.0,2,Good
BIKE_13931,SHOP_012,51.0,3,Fair
BIKE_16797,SHOP_003,27.0,2,Good
BIKE_07592,SHOP_006,20.0,1,Good
BIKE_07592,SHOP_007,20.0,1,Excellent
BIKE_09736,SHOP_003,10.0,1,Good
BIKE_19138,SHOP_009,30.0,3,Good
BIKE_21610,SHOP_001,11.0,1,Good
BIKE_37416,SHOP_006,9.0,3,Fair
BIKE_37416,SHOP_003,8.0,1,Good
BIKE_18986,SHOP_003,22.0,2,Excellent
BIKE_18986,SHOP_006,21.0,3,Good
BIKE_28218,SHOP_009,21.0,2,Excellent
BIKE_28218,SHOP_003,20.0,3,Excellent
BIKE_10877,SHOP_010,23.0,2,Good
BIKE_07581,SHOP_003,20.0,3,Excellent
BIKE_04705,SHOP_003,39.0,3,Good
BIKE_31584,SHOP_012,41.0,2,Fair
BIKE_19730,SHOP_004,22.0,1,Good
BIKE_16629,SHOP_009,41.0,2,Good
BIKE_16629,SHOP_003,43.0,2,Good
BIKE_35988,SHOP_009,38.0,3,Excellent
BIKE_35988,SHOP_003,40.0,1,Good
BIKE_22618,SHOP_003,9.0,3,Good
BIKE_22618,SHOP_007,8.0,3,Excellent
BIKE_37196,SHOP_009,27.0,3,Fair
BIKE_33868,SHOP_012,57.0,3,Excellent
BIKE_23743,SHOP_009,9.0,1,Fair
BIKE_23743,SHOP_001,10.0,2,Good
BIKE_18881,SHOP_009,34.0,3,Fair
BIKE_18881,SHOP_003,34.0,2,Good
BIKE_33279,SHOP_003,28.0,2,Good
BIKE_33279,SHOP_009,30.0,1,Fair
BIKE_37254,SHOP_003,12.0,1,Fair
BIKE_27600,SHOP_009,34.0,1,Good
BIKE_27600,SHOP_003,33.0,1,Fair
BIKE_37391,SHOP_009,32.0,3,Excellent
BIKE_37645,SHOP_012,55.0,3,Fair
BIKE_29145,SHOP_009,23.0,1,Excellent
BIKE_15081,SHOP_003,21.0,1,Good
BIKE_31237,SHOP_009,26.0,2,Fair
BIKE_33260,SHOP_006,20.0,3,Good
BIKE_33260,SHOP_009,18.0,1,Excellent
BIKE_22321,SHOP_003,8.0,3,Excellent
BIKE_22321,SHOP_009,12.0,2,Fair
BIKE_02865,SHOP_003,22.0,1,Fair
BIKE_15783,SHOP_009,36.0,3,Good
BIKE_15783,SHOP_003,35.0,2,Good
BIKE_31793,SHOP_009,19.0,3,Excellent
BIKE_30269,SHOP_003,28.0,3,Good
BIKE_04562,SHOP_007,11.0,3,Good
BIKE_04562,SHOP_001,11.0,3,Fair
BIKE_24292,SHOP_003,45.0,1,Fair
BIKE_24292,SHOP_009,43.0,2,Fair
BIKE_33973,SHOP_009,38.0,1,Good
BIKE_13655,SHOP_003,24.0,3,Fair
BIKE_12708,SHOP_001,11.0,2,Fair
BIKE_12708,SHOP_010,9.0,3,Excellent
BIKE_27074,SHOP_009,30.0,3,Good
BIKE_31240,SHOP_003,25.0,3,Fair
BIKE_26098,SHOP_007,11.0,1,Fair
BIKE_26098,SHOP_001,11.0,2,Good
BIKE_26904,SHOP_003,30.0,3,Excellent
BIKE_20118,SHOP_012,70.0,3,Excellent
BIKE_25118,SHOP_003,23.0,3,Good
BIKE_25118,SHOP_006,23.0,1,Good
BIKE_37375,SHOP_012,41.0,3,Fair
BIKE_37615,SHOP_001,12.0,3,Fair
BIKE_02958,SHOP_009,24.0,2,Fair
BIKE_02958,SHOP_003,25.0,3,Good
BIKE_30228,SHOP_009,29.0,3,Fair
BIKE_28491,SHOP_003,30.0,2,Fair
BIKE_19786,SHOP_009,22.0,3,Fair
BIKE_27645,SHOP_009,22.0,1,Fair
BIKE_36218,SHOP_007,9.0,3,Good
BIKE_36218,SHOP_003,10.0,2,Good
BIKE_29944,SHOP_004,16.0,1,Fair
BIKE_29944,SHOP_001,19.0,2,Good
BIKE_21218,SHOP_003,20.0,3,Excellent
BIKE_21218,SHOP_009,23.0,2,Good
BIKE_34835,SHOP_003,33.0,3,Excellent
BIKE_20736,SHOP_009,21.0,1,Excellent
BIKE_20736,SHOP_003,21.0,2,Good
BIKE_05814,SHOP_001,12.0,3,Good
BIKE_22629,SHOP_009,32.0,1,Fair
BIKE_22629,SHOP_003,31.0,2,Good
BIKE_29900,SHOP_003,10.0,3,Fair
BIKE_29900,SHOP_007,9.0,3,Excellent
BIKE_10850,SHOP_001,21.0,3,Fair
BIKE_32758,SHOP_003,39.0,1,Good
BIKE_25175,SHOP_003,29.0,1,Good
BIKE_08777,SHOP_003,24.0,3,Excellent
BIKE_08777,SHOP_009,21.0,2,Excellent
BIKE_22199,SHOP_012,44.0,3,Good
BIKE_19664,SHOP_009,30.0,2,Good
BIKE_03915,SHOP_001,21.0,2,Good
BIKE_09061,SHOP_003,32.0,2,Fair
BIKE_09061,SHOP_009,30.0,2,Good
BIKE_27996,SHOP_003,9.0,1,Fair
BIKE_27996,SHOP_007,9.0,2,Good
BIKE_23440,SHOP_003,29.0,1,Excellent
BIKE_02697,SHOP_003,27.0,2,Good
BIKE_25856,SHOP_003,31.0,2,Excellent
BIKE_25856,SHOP_009,30.0,2,Good
BIKE_21967,SHOP_001,11.0,1,Good
BIKE_38654,SHOP_003,20.0,3,Good
BIKE_07525,SHOP_009,32.0,1,Good
BIKE_07525,SHOP_003,34.0,3,Good
BIKE_11444,SHOP_009,25.0,2,Good
BIKE_11444,SHOP_003,27.0,2,Good
BIKE_06384,SHOP_009,32.0,3,Good
BIKE_06384,SHOP_003,34.0,3,Good
BIKE_30141,SHOP_009,31.0,2,Good
BIKE_32751,SHOP_009,28.0,3,Good
BIKE_32751,SHOP_003,26.0,3,Good
BIKE_37494,SHOP_012,47.0,3,Good
BIKE_10644,SHOP_009,24.0,1,Excellent
BIKE_37164,SHOP_003,24.0,2,Good
BIKE_35502,SHOP_006,17.0,1,Good
BIKE_35502,SHOP_009,17.0,3,Fair
BIKE_28336,SHOP_003,31.0,2,Fair
BIKE_28336,SHOP_009,31.0,2,Excellent
BIKE_04028,SHOP_009,11.0,3,Good
BIKE_04028,SHOP_003,9.0,2,Good
BIKE_00459,SHOP_009,27.0,2,Excellent
BIKE_26159,SHOP_007,10.0,2,Excellent
BIKE_26159,SHOP_009,11.0,3,Excellent
BIKE_22172,SHOP_003,47.0,1,Fair
BIKE_22172,SHOP_009,47.0,2,Fair
BIKE_15451,SHOP_003,22.0,2,Good
BIKE_15451,SHOP_009,21.0,3,Excellent
BIKE_28415,SHOP_010,18.0,3,Good
BIKE_03082,SHOP_003,38.0,3,Fair
BIKE_03082,SHOP_009,40.0,2,Excellent
BIKE_32387,SHOP_003,27.0,1,Good
BIKE_32206,SHOP_009,32.0,2,Good
BIKE_32206,SHOP_003,33.0,1,Good
BIKE_22279,SHOP_007,11.0,3,Fair
BIKE_19600,SHOP_003,42.0,3,Good
BIKE_24073,SHOP_001,21.0,2,Good
BIKE_16853,SHOP_003,27.0,2,Good
BIKE_16853,SHOP_009,25.0,3,Good
BIKE_02153,SHOP_012,45.0,2,Fair
BIKE_19398,SHOP_012,41.0,2,Excellent
BIKE_21109,SHOP_009,11.0,1,Fair
BIKE_21109,SHOP_006,11.0,2,Good
BIKE_21178,SHOP_007,22.0,2,Fair
BIKE_21178,SHOP_010,21.0,3,Good
BIKE_30387,SHOP_012,38.0,3,Good
BIKE_03508,SHOP_003,21.0,1,Good
BIKE_03508,SHOP_009,24.0,3,Excellent
BIKE_17981,SHOP_006,23.0,1,Excellent
BIKE_38021,SHOP_007,20.0,1,Good
BIKE_01866,SHOP_007,19.0,2,Good
BIKE_01866,SHOP_003,17.0,3,Fair
BIKE_18458,SHOP_010,22.0,3,Good
BIKE_18458,SHOP_009,21.0,2,Good
BIKE_20879,SHOP_007,9.0,1,Good
BIKE_20879,SHOP_009,10.0,1,Good
BIKE_36390,SHOP_004,23.0,1,Good
BIKE_30955,SHOP_012,42.0,3,Good
BIKE_10727,SHOP_003,21.0,2,Excellent
BIKE_10727,SHOP_009,19.0,1,Good
BIKE_21226,SHOP_009,45.0,1,Good
BIKE_21226,SHOP_003,43.0,2,Fair
BIKE_05327,SHOP_009,33.0,1,Good
BIKE_09370,SHOP_003,17.0,2,Excellent
BIKE_09370,SHOP_006,20.0,2,Good
BIKE_16274,SHOP_009,32.0,1,Good
BIKE_16274,SHOP_003,31.0,2,Fair
BIKE_17039,SHOP_003,29.0,2,Good
BIKE_37536,SHOP_009,21.0,1,Good
BIKE_05172,SHOP_004,19.0,2,Excellent
BIKE_26279,SHOP_003,26.0,1,Excellent
BIKE_03353,SHOP_009,21.0,3,Good
BIKE_03353,SHOP_003,23.0,2,Good
BIKE_12590,SHOP_009,24.0,3,Good
BIKE_03202,SHOP_009,25.0,3,Good
BIKE_16703,SHOP_009,31.0,2,Good
BIKE_01149,SHOP_009,21.0,2,Good
BIKE_01149,SHOP_003,23.0,3,Good
BIKE_33093,SHOP_003,35.0,2,Good
BIKE_11806,SHOP_009,24.0,3,Excellent
BIKE_07911,SHOP_006,11.0,3,Good
BIKE_07911,SHOP_007,12.0,1,Good
BIKE_05563,SHOP_009,26.0,3,Good
BIKE_04384,SHOP_003,8.0,3,Good
BIKE_04384,SHOP_001,10.0,1,Good
BIKE_23362,SHOP_003,24.0,1,Good
BIKE_01385,SHOP_009,29.0,2,Good
BIKE_01385,SHOP_003,31.0,2,Excellent
BIKE_32664,SHOP_003,33.0,2,Good
BIKE_32664,SHOP_009,29.0,2,Excellent
BIKE_05963,SHOP_001,12.0,3,Excellent
BIKE_29922,SHOP_009,36.0,3,Fair
BIKE_20385,SHOP_003,21.0,3,Good
BIKE_31840,SHOP_003,25.0,3,Good
BIKE_22602,SHOP_003,32.0,2,Fair
BIKE_22871,SHOP_009,29.0,2,Good
BIKE_14514,SHOP_009,21.0,2,Fair
BIKE_14514,SHOP_003,22.0,3,Good
BIKE_33884,SHOP_003,37.0,3,Fair
BIKE_33884,SHOP_009,36.0,2,Fair
BIKE_04203,SHOP_003,25.0,1,Excellent
BIKE_04203,SHOP_009,26.0,3,Good
BIKE_12310,SHOP_007,11.0,1,Good
BIKE_12310,SHOP_001,12.0,1,Good
BIKE_00816,SHOP_009,31.0,2,Excellent
BIKE_11895,SHOP_009,26.0,2,Good
BIKE_11895,SHOP_003,29.0,2,Excellent
BIKE_06432,SHOP_009,32.0,2,Excellent
BIKE_22179,SHOP_009,24.0,2,Good
BIKE_22179,SHOP_003,25.0,3,Fair
BIKE_10853,SHOP_010,20.0,2,Fair
BIKE_26738,SHOP_009,51.0,2,Good
BIKE_26738,SHOP_003,48.0,1,Good
BIKE_33972,SHOP_009,8.0,1,Excellent
BIKE_33836,SHOP_001,10.0,3,Excellent
BIKE_38105,SHOP_003,36.0,2,Fair
BIKE_31865,SHOP_009,11.0,1,Good
BIKE_31865,SHOP_001,10.0,1,Good
BIKE_05070,SHOP_012,54.0,1,Good
BIKE_13687,SHOP_003,22.0,1,Fair
BIKE_29966,SHOP_003,21.0,1,Good
BIKE_29966,SHOP_006,21.0,2,Excellent
BIKE_07817,SHOP_003,25.0,1,Good
BIKE_07817,SHOP_009,29.0,2,Good
BIKE_24777,SHOP_009,25.0,3,Good
BIKE_07515,SHOP_007,14.0,1,Good
BIKE_36660,SHOP_009,24.0,3,Excellent
BIKE_13369,SHOP_001,10.0,1,Good
BIKE_09561,SHOP_004,24.0,3,Good
BIKE_09561,SHOP_007,24.0,3,Good
BIKE_09026,SHOP_009,21.0,2,Excellent
BIKE_09026,SHOP_004,21.0,2,Fair
BIKE_22385,SHOP_003,11.0,1,Good
BIKE_06777,SHOP_009,34.0,3,Good
BIKE_20876,SHOP_009,18.0,2,Good
BIKE_20876,SHOP_003,19.0,2,Fair
BIKE_03592,SHOP_009,19.0,2,Good
BIKE_03592,SHOP_001,18.0,3,Fair
BIKE_33420,SHOP_003,27.0,2,Good
BIKE_33420,SHOP_009,27.0,2,Excellent
BIKE_20280,SHOP_009,21.0,2,Excellent
BIKE_30008,SHOP_009,30.0,1,Good
BIKE_30327,SHOP_003,30.0,1,Excellent
BIKE_36126,SHOP_009,48.0,3,Good
BIKE_36126,SHOP_003,48.0,2,Good
BIKE_16341,SHOP_003,9.0,1,Good
BIKE_16341,SHOP_006,9.0,3,Fair
BIKE_15854,SHOP_003,42.0,2,Good
BIKE_15854,SHOP_009,41.0,3,Good
BIKE_36770,SHOP_007,17.0,3,Good
BIKE_36770,SHOP_003,16.0,2,Good
BIKE_17008,SHOP_009,28.0,1,Fair
BIKE_12105,SHOP_009,43.0,3,Excellent
BIKE_00007,SHOP_009,21.0,2,Good
BIKE_24313,SHOP_009,9.0,3,Excellent
BIKE_32069,SHOP_012,39.0,3,Excellent
BIKE_03119,SHOP_012,46.0,1,Excellent
BIKE_23498,SHOP_010,19.0,1,Good
BIKE_23498,SHOP_003,19.0,1,Good
BIKE_14300,SHOP_009,22.0,2,Good
BIKE_12518,SHOP_009,42.0,3,Fair
BIKE_12518,SHOP_003,40.0,3,Good
BIKE_24998,SHOP_009,33.0,2,Good
BIKE_24998,SHOP_003,36.0,3,Good
BIKE_20603,SHOP_009,28.0,2,Good
BIKE_35089,SHOP_007,9.0,1,Good
BIKE_25005,SHOP_003,21.0,3,Good
BIKE_13814,SHOP_009,22.0,1,Fair
BIKE_13814,SHOP_006,19.0,1,Excellent
BIKE_01143,SHOP_009,9.0,2,Good
BIKE_01143,SHOP_003,10.0,1,Fair
BIKE_02505,SHOP_012,40.0,2,Good
BIKE_02320,SHOP_003,29.0,3,Good
BIKE_35253,SHOP_003,28.0,1,Fair
BIKE_23032,SHOP_004,22.0,1,Fair
BIKE_23032,SHOP_009,20.0,2,Fair
BIKE_27820,SHOP_003,20.0,2,Good
BIKE_27820,SHOP_009,20.0,3,Good
BIKE_03122,SHOP_003,26.0,1,Good
BIKE_34116,SHOP_009,11.0,3,Good
BIKE_06425,SHOP_007,19.0,3,Good
BIKE_06425,SHOP_001,21.0,3,Good
BIKE_18849,SHOP_009,11.0,3,Excellent
BIKE_18849,SHOP_001,11.0,2,Good
BIKE_24805,SHOP_012,53.0,3,Good
BIKE_06708,SHOP_010,19.0,3,Excellent
BIKE_13995,SHOP_006,9.0,2,Good
BIKE_13995,SHOP_007,11.0,1,Good
BIKE_06576,SHOP_003,39.0,2,Good
BIKE_06576,SHOP_009,40.0,3,Excellent
BIKE_25087,SHOP_009,28.0,3,Good
BIKE_25087,SHOP_003,27.0,2,Good
BIKE_21819,SHOP_009,23.0,2,Good
BIKE_29048,SHOP_009,34.0,2,Good
BIKE_04771,SHOP_009,24.0,2,Good
BIKE_30191,SHOP_009,29.0,2,Excellent
BIKE_22070,SHOP_009,24.0,2,Excellent
BIKE_22070,SHOP_003,23.0,1,Good
BIKE_00913,SHOP_006,14.0,3,Good
BIKE_02087,SHOP_003,22.0,1,Fair
BIKE_07134,SHOP_003,27.0,2,Fair
BIKE_24375,SHOP_009,37.0,1,Fair
BIKE_08726,SHOP_006,21.0,1,Good
BIKE_08726,SHOP_004,21.0,2,Good
BIKE_08500,SHOP_003,35.0,2,Good
BIKE_08500,SHOP_009,36.0,2,Excellent
BIKE_00936,SHOP_009,21.0,3,Good
BIKE_00936,SHOP_003,20.0,1,Fair
BIKE_23637,SHOP_010,19.0,1,Excellent
BIKE_23637,SHOP_009,19.0,3,Excellent
BIKE_00673,SHOP_003,20.0,3,Excellent
BIKE_00673,SHOP_001,21.0,3,Excellent
BIKE_11583,SHOP_003,21.0,2,Fair
BIKE_10490,SHOP_009,22.0,3,Good
BIKE_15421,SHOP_006,8.0,3,Fair
BIKE_15397,SHOP_003,20.0,3,Excellent
BIKE_15397,SHOP_009,19.0,2,Fair
BIKE_15486,SHOP_001,11.0,3,Excellent
BIKE_20826,SHOP_003,19.0,1,Excellent
BIKE_20826,SHOP_009,21.0,2,Fair
BIKE_19290,SHOP_006,12.0,2,Fair
BIKE_30304,SHOP_010,17.0,2,Good
BIKE_06594,SHOP_007,12.0,1,Good
BIKE_16822,SHOP_009,8.0,1,Good
BIKE_35828,SHOP_009,8.0,2,Good
BIKE_09929,SHOP_007,20.0,2,Fair
BIKE_34168,SHOP_003,40.0,1,Good
BIKE_34168,SHOP_009,40.0,2,Good
BIKE_15875,SHOP_012,56.0,2,Excellent
BIKE_21670,SHOP_009,30.0,2,Excellent
BIKE_21670,SHOP_003,29.0,1,Fair
BIKE_38072,SHOP_003,38.0,3,Good
BIKE_38072,SHOP_009,42.0,2,Excellent
BIKE_31991,SHOP_012,42.0,1,Fair
BIKE_05770,SHOP_009,43.0,2,Excellent
BIKE_05770,SHOP_003,43.0,3,Good
BIKE_24081,SHOP_009,23.0,2,Excellent
BIKE_38643,SHOP_003,34.0,2,Fair
BIKE_38643,SHOP_009,33.0,1,Excellent
BIKE_21342,SHOP_009,28.0,2,Good
BIKE_21342,SHOP_003,28.0,2,Good
BIKE_35221,SHOP_009,26.0,2,Good
BIKE_22571,SHOP_009,28.0,1,Good
BIKE_03921,SHOP_009,26.0,1,Good
BIKE_37535,SHOP_009,23.0,1,Good
BIKE_38560,SHOP_012,49.0,2,Good
BIKE_08416,SHOP_006,20.0,1,Fair
BIKE_16345,SHOP_003,45.0,1,Fair
BIKE_16345,SHOP_009,43.0,3,Good
BIKE_04974,SHOP_010,19.0,1,Good
BIKE_04974,SHOP_009,18.0,1,Excellent
BIKE_38205,SHOP_009,21.0,3,Excellent
BIKE_14420,SHOP_009,42.0,1,Fair
BIKE_14420,SHOP_003,42.0,3,Excellent
BIKE_04346,SHOP_003,41.0,3,Good
BIKE_20410,SHOP_009,21.0,3,Good
BIKE_13950,SHOP_001,10.0,2,Good
BIKE_13244,SHOP_012,59.0,3,Good
BIKE_24344,SHOP_009,46.0,2,Good
BIKE_18941,SHOP_009,11.0,1,Good
BIKE_18941,SHOP_006,10.0,2,Good
BIKE_00438,SHOP_001,18.0,3,Good
BIKE_00438,SHOP_004,20.0,2,Good
BIKE_24687,SHOP_010,20.0,1,Excellent
BIKE_24687,SHOP_003,19.0,1,Fair
BIKE_35908,SHOP_003,25.0,2,Good
BIKE_15888,SHOP_003,29.0,3,Good
BIKE_15888,SHOP_009,30.0,2,Fair
BIKE_28973,SHOP_009,11.0,2,Good
BIKE_07915,SHOP_009,48.0,1,Fair
BIKE_04825,SHOP_003,19.0,1,Fair
BIKE_08200,SHOP_007,11.0,1,Good
BIKE_34097,SHOP_009,22.0,1,Good
BIKE_22181,SHOP_006,23.0,1,Fair
BIKE_22181,SHOP_010,22.0,1,Good
BIKE_34986,SHOP_010,21.0,3,Good
BIKE_34986,SHOP_001,23.0,1,Excellent
BIKE_10127,SHOP_009,24.0,1,Fair
BIKE_10127,SHOP_003,24.0,2,Excellent
BIKE_04972,SHOP_003,22.0,2,Excellent
BIKE_24606,SHOP_003,23.0,2,Excellent
BIKE_24606,SHOP_009,23.0,1,Fair
BIKE_12928,SHOP_009,31.0,1,Fair
BIKE_12928,SHOP_003,31.0,3,Good
BIKE_08045,SHOP_009,29.0,2,Good
BIKE_08045,SHOP_003,31.0,1,Fair
BIKE_19060,SHOP_003,24.0,1,Good
BIKE_19060,SHOP_009,26.0,3,Good
BIKE_14631,SHOP_009,36.0,3,Good
BIKE_09132,SHOP_009,26.0,3,Good
BIKE_09132,SHOP_003,26.0,3,Excellent
BIKE_05488,SHOP_003,24.0,1,Fair
BIKE_22269,SHOP_009,45.0,1,Good
BIKE_31549,SHOP_007,9.0,3,Fair
BIKE_29065,SHOP_003,23.0,2,Good
BIKE_24430,SHOP_003,29.0,1,Fair
BIKE_24430,SHOP_009,30.0,2,Excellent
BIKE_32404,SHOP_003,30.0,2,Excellent
BIKE_35746,SHOP_009,41.0,1,Good
BIKE_35746,SHOP_003,43.0,3,Fair
BIKE_13561,SHOP_009,43.0,1,Fair
BIKE_04047,SHOP_012,55.0,3,Excellent
BIKE_09317,SHOP_003,10.0,3,Good
BIKE_09317,SHOP_006,10.0,3,Good
BIKE_18332,SHOP_001,9.0,1,Good
BIKE_22850,SHOP_009,49.0,3,Excellent
BIKE_22850,SHOP_003,52.0,2,Good
BIKE_20340,SHOP_007,18.0,1,Excellent
BIKE_20340,SHOP_010,17.0,2,Good
BIKE_09645,SHOP_003,23.0,1,Good
BIKE_14918,SHOP_003,19.0,3,Good
BIKE_14918,SHOP_009,22.0,3,Good
BIKE_31271,SHOP_009,28.0,1,Fair
BIKE_16798,SHOP_003,26.0,1,Fair
BIKE_16798,SHOP_009,26.0,2,Good
BIKE_03230,SHOP_003,20.0,2,Good
BIKE_03230,SHOP_009,22.0,2,Good
BIKE_18501,SHOP_006,12.0,2,Excellent
BIKE_09051,SHOP_009,26.0,3,Good
BIKE_09051,SHOP_003,26.0,3,Good
BIKE_34361,SHOP_003,25.0,1,Good
BIKE_34361,SHOP_009,25.0,3,Excellent
BIKE_37706,SHOP_009,24.0,3,Excellent
BIKE_11671,SHOP_006,19.0,1,Good
BIKE_06604,SHOP_003,24.0,1,Good
BIKE_03852,SHOP_003,21.0,2,Excellent
BIKE_24317,SHOP_003,28.0,2,Good
BIKE_08091,SHOP_009,30.0,2,Good
BIKE_08091,SHOP_003,30.0,1,Good
BIKE_09737,SHOP_003,28.0,2,Fair
BIKE_09737,SHOP_009,27.0,1,Fair
BIKE_38366,SHOP_001,11.0,3,Good
BIKE_38366,SHOP_006,11.0,2,Good
BIKE_15433,SHOP_006,21.0,2,Good
BIKE_34290,SHOP_012,66.0,1,Good
BIKE_24755,SHOP_001,19.0,1,Good
BIKE_24755,SHOP_009,19.0,1,Good
BIKE_17873,SHOP_003,29.0,2,Good
BIKE_17873,SHOP_009,28.0,3,Good
BIKE_27295,SHOP_009,33.0,3,Good
BIKE_21733,SHOP_009,25.0,2,Good
BIKE_21733,SHOP_003,26.0,3,Fair
BIKE_22696,SHOP_009,26.0,3,Fair
BIKE_22814,SHOP_003,12.0,2,Good
BIKE_22814,SHOP_006,12.0,1,Fair
BIKE_15755,SHOP_009,9.0,3,Good
BIKE_16401,SHOP_009,21.0,3,Good
BIKE_16401,SHOP_010,20.0,1,Good
BIKE_03611,SHOP_003,20.0,2,Excellent
BIKE_03611,SHOP_007,19.0,1,Fair
BIKE_21084,SHOP_012,42.0,1,Good
BIKE_33829,SHOP_003,50.0,1,Excellent
BIKE_33829,SHOP_009,50.0,1,Good
BIKE_16429,SHOP_007,12.0,1,Excellent
BIKE_31311,SHOP_003,25.0,3,Good
BIKE_25897,SHOP_009,22.0,2,Good
BIKE_25897,SHOP_007,23.0,2,Good
BIKE_03876,SHOP_007,17.0,1,Excellent
BIKE_11427,SHOP_003,30.0,3,Excellent
BIKE_11427,SHOP_009,31.0,3,Good
BIKE_20830,SHOP_004,19.0,2,Good
BIKE_31597,SHOP_009,27.0,3,Good
BIKE_31597,SHOP_003,27.0,1,Good
BIKE_00462,SHOP_004,21.0,2,Good
BIKE_00523,SHOP_009,24.0,1,Fair
BIKE_27305,SHOP_003,25.0,3,Excellent
BIKE_27305,SHOP_009,27.0,2,Good
BIKE_28575,SHOP_009,23.0,1,Fair
BIKE_28575,SHOP_003,25.0,1,Fair
BIKE_35031,SHOP_012,46.0,2,Good
BIKE_20374,SHOP_009,23.0,2,Good
BIKE_28674,SHOP_009,23.0,1,Fair
BIKE_28674,SHOP_004,22.0,2,Good
BIKE_05427,SHOP_003,21.0,3,Good
BIKE_05875,SHOP_003,26.0,1,Excellent
BIKE_15129,SHOP_009,24.0,3,Excellent
BIKE_15129,SHOP_003,27.0,2,Fair
BIKE_00738,SHOP_012,53.0,1,Excellent
BIKE_10992,SHOP_012,51.0,3,Good
BIKE_19820,SHOP_003,32.0,2,Good
BIKE_07475,SHOP_003,43.0,3,Good
BIKE_30515,SHOP_009,21.0,1,Fair
BIKE_30515,SHOP_003,21.0,2,Fair
BIKE_04984,SHOP_003,29.0,2,Good
BIKE_25800,SHOP_009,27.0,1,Good
BIKE_32386,SHOP_003,28.0,1,Excellent
BIKE_32386,SHOP_009,30.0,3,Good
BIKE_08610,SHOP_003,11.0,1,Good
BIKE_07964,SHOP_009,26.0,2,Good
BIKE_07964,SHOP_003,24.0,2,Good
BIKE_37403,SHOP_003,33.0,3,Good
BIKE_37403,SHOP_009,34.0,3,Good
BIKE_21149,SHOP_006,12.0,1,Good
BIKE_21149,SHOP_009,13.0,1,Good
BIKE_00996,SHOP_009,23.0,2,Good
BIKE_21843,SHOP_009,27.0,1,Good
BIKE_14403,SHOP_004,17.0,2,Good
BIKE_28910,SHOP_007,11.0,3,Good
BIKE_28910,SHOP_010,10.0,3,Good
BIKE_12160,SHOP_003,11.0,2,Good
BIKE_12160,SHOP_006,10.0,1,Good
BIKE_14983,SHOP_009,33.0,3,Good
BIKE_25829,SHOP_006,10.0,1,Good
BIKE_25829,SHOP_001,8.0,2,Excellent
BIKE_25974,SHOP_009,41.0,2,Excellent
BIKE_19518,SHOP_003,43.0,3,Excellent
BIKE_19518,SHOP_009,42.0,3,Fair
BIKE_04502,SHOP_003,9.0,3,Fair
BIKE_25501,SHOP_009,24.0,3,Good
BIKE_27156,SHOP_009,21.0,2,Fair
BIKE_27156,SHOP_006,18.0,3,Good
BIKE_28079,SHOP_003,24.0,2,Good
BIKE_28079,SHOP_009,22.0,1,Good
BIKE_23066,SHOP_009,29.0,2,Good
BIKE_23066,SHOP_003,26.0,1,Good
BIKE_04246,SHOP_012,51.0,1,Good
BIKE_14463,SHOP_001,10.0,2,Good
BIKE_28476,SHOP_009,40.0,1,Good
BIKE_28476,SHOP_003,41.0,2,Good
BIKE_02012,SHOP_006,20.0,2,Good
BIKE_02012,SHOP_007,22.0,2,Excellent
BIKE_02363,SHOP_003,35.0,3,Fair
BIKE_26873,SHOP_009,42.0,2,Fair
BIKE_36728,SHOP_009,29.0,2,Good
BIKE_36728,SHOP_003,30.0,1,Good
BIKE_13466,SHOP_007,21.0,2,Good
BIKE_10741,SHOP_003,24.0,2,Good
BIKE_03362,SHOP_007,9.0,3,Good
BIKE_03362,SHOP_009,10.0,3,Excellent
BIKE_31901,SHOP_009,47.0,3,Good
BIKE_18985,SHOP_003,23.0,3,Good
BIKE_18985,SHOP_009,23.0,1,Good
BIKE_38154,SHOP_009,23.0,2,Good
BIKE_33224,SHOP_009,23.0,2,Fair
BIKE_33224,SHOP_003,24.0,3,Good
BIKE_26995,SHOP_009,25.0,3,Fair
BIKE_32906,SHOP_009,20.0,1,Fair
BIKE_32906,SHOP_001,18.0,2,Good
BIKE_11306,SHOP_012,39.0,3,Good
BIKE_09100,SHOP_004,20.0,2,Fair
BIKE_20992,SHOP_001,11.0,3,Fair
BIKE_20992,SHOP_009,11.0,3,Fair
BIKE_10042,SHOP_009,24.0,2,Good
BIKE_09206,SHOP_006,12.0,2,Good
BIKE_08920,SHOP_001,9.0,2,Good
BIKE_08920,SHOP_007,8.0,2,Good
BIKE_05763,SHOP_012,41.0,3,Excellent
BIKE_31602,SHOP_003,38.0,1,Good
BIKE_31602,SHOP_009,35.0,3,Good
BIKE_29339,SHOP_003,49.0,2,Excellent
BIKE_27204,SHOP_003,25.0,3,Good
BIKE_37094,SHOP_004,22.0,1,Good
BIKE_24554,SHOP_003,23.0,1,Good
BIKE_13544,SHOP_003,26.0,3,Excellent
BIKE_13544,SHOP_009,26.0,2,Good
BIKE_06524,SHOP_003,41.0,2,Good
BIKE_06524,SHOP_009,43.0,1,Fair
BIKE_08305,SHOP_009,28.0,2,Fair
BIKE_01281,SHOP_009,21.0,2,Good
BIKE_22059,SHOP_009,24.0,3,Good
BIKE_22059,SHOP_003,22.0,2,Excellent
BIKE_01163,SHOP_009,25.0,3,Good
BIKE_01163,SHOP_003,25.0,1,Good
BIKE_05633,SHOP_009,36.0,3,Good
BIKE_05633,SHOP_003,35.0,2,Good
BIKE_19264,SHOP_009,46.0,1,Fair
BIKE_16793,SHOP_012,47.0,1,Good
BIKE_27282,SHOP_003,30.0,2,Good
BIKE_27282,SHOP_009,30.0,2,Good
BIKE_01061,SHOP_003,23.0,2,Good
BIKE_21710,SHOP_009,29.0,1,Fair
BIKE_34401,SHOP_001,11.0,2,Excellent
BIKE_09363,SHOP_009,31.0,3,Excellent
BIKE_09363,SHOP_003,32.0,1,Good
BIKE_06219,SHOP_009,27.0,2,Fair
BIKE_06219,SHOP_003,26.0,1,Good
BIKE_01599,SHOP_009,51.0,2,Good
BIKE_06788,SHOP_007,9.0,1,Good
BIKE_06788,SHOP_003,10.0,2,Good
BIKE_02954,SHOP_003,9.0,1,Good
BIKE_02954,SHOP_009,12.0,1,Good
BIKE_09312,SHOP_003,11.0,1,Excellent
BIKE_23568,SHOP_009,24.0,2,Good
BIKE_38659,SHOP_003,31.0,3,Excellent
BIKE_38659,SHOP_009,30.0,3,Fair
BIKE_32576,SHOP_004,22.0,2,Good
BIKE_32576,SHOP_001,19.0,1,Good
BIKE_04523,SHOP_009,29.0,3,Good
BIKE_21481,SHOP_003,27.0,1,Excellent
BIKE_21481,SHOP_009,25.0,2,Good
BIKE_09235,SHOP_010,22.0,2,Good
BIKE_09235,SHOP_004,24.0,2,Fair
BIKE_31995,SHOP_007,12.0,2,Good
BIKE_09238,SHOP_003,27.0,2,Good
BIKE_09238,SHOP_009,27.0,3,Fair
BIKE_22474,SHOP_009,25.0,2,Good
BIKE_31187,SHOP_009,28.0,2,Good
BIKE_00006,SHOP_003,27.0,2,Excellent
BIKE_25622,SHOP_009,20.0,3,Good
BIKE_25622,SHOP_003,20.0,3,Good
BIKE_03272,SHOP_009,19.0,1,Good
BIKE_00023,SHOP_003,24.0,1,Good
BIKE_00023,SHOP_009,23.0,3,Good
BIKE_21766,SHOP_009,22.0,3,Good
BIKE_08321,SHOP_009,27.0,1,Excellent
BIKE_08321,SHOP_003,27.0,1,Good
BIKE_17313,SHOP_001,12.0,3,Fair
BIKE_07270,SHOP_004,21.0,3,Excellent
BIKE_21117,SHOP_001,9.0,1,Good
BIKE_18507,SHOP_009,45.0,2,Good
BIKE_18507,SHOP_003,42.0,3,Excellent
BIKE_35536,SHOP_009,41.0,1,Excellent
BIKE_35536,SHOP_003,40.0,1,Excellent
BIKE_01503,SHOP_003,24.0,3,Good
BIKE_01503,SHOP_009,25.0,3,Excellent
BIKE_30282,SHOP_003,25.0,1,Excellent
BIKE_13021,SHOP_009,22.0,1,Good
BIKE_13021,SHOP_007,21.0,2,Good
BIKE_06636,SHOP_009,26.0,1,Excellent
BIKE_06636,SHOP_003,26.0,2,Good
BIKE_15981,SHOP_004,20.0,3,Fair
BIKE_15981,SHOP_006,18.0,1,Good
BIKE_28856,SHOP_003,29.0,3,Excellent
BIKE_08622,SHOP_009,17.0,2,Excellent
BIKE_36946,SHOP_009,27.0,2,Fair
BIKE_36946,SHOP_003,25.0,2,Fair
BIKE_25846,SHOP_006,10.0,1,Good
BIKE_25846,SHOP_001,8.0,3,Excellent
BIKE_38724,SHOP_001,10.0,3,Excellent
BIKE_27554,SHOP_001,11.0,2,Good
BIKE_33745,SHOP_009,8.0,2,Good
BIKE_33745,SHOP_007,9.0,2,Good
BIKE_01698,SHOP_009,23.0,3,Good
BIKE_23468,SHOP_009,18.0,1,Fair
BIKE_10734,SHOP_004,10.0,1,Good
BIKE_10734,SHOP_010,11.0,1,Excellent
BIKE_18734,SHOP_003,28.0,2,Good
BIKE_18734,SHOP_009,30.0,2,Fair
BIKE_01103,SHOP_009,24.0,2,Fair
BIKE_07303,SHOP_006,18.0,2,Good
BIKE_07303,SHOP_001,20.0,3,Good
BIKE_38236,SHOP_003,42.0,1,Good
BIKE_38236,SHOP_009,43.0,1,Good
BIKE_21014,SHOP_001,8.0,2,Good
BIKE_21014,SHOP_006,11.0,3,Good
BIKE_29906,SHOP_003,8.0,3,Fair
BIKE_33119,SHOP_003,28.0,3,Excellent
BIKE_19966,SHOP_012,41.0,3,Fair
BIKE_18821,SHOP_010,23.0,2,Good
BIKE_37360,SHOP_003,23.0,3,Good
BIKE_37360,SHOP_009,21.0,3,Good
BIKE_38201,SHOP_003,23.0,3,Excellent
BIKE_38201,SHOP_009,22.0,1,Fair
BIKE_25802,SHOP_004,21.0,1,Excellent
BIKE_25802,SHOP_010,24.0,3,Fair
BIKE_21840,SHOP_001,20.0,3,Good
BIKE_06215,SHOP_003,21.0,1,Fair
BIKE_06215,SHOP_009,22.0,3,Excellent
BIKE_08929,SHOP_003,36.0,1,Good
BIKE_06365,SHOP_003,36.0,1,Good
BIKE_06365,SHOP_009,35.0,3,Fair
BIKE_19815,SHOP_003,22.0,3,Good
BIKE_19815,SHOP_009,22.0,1,Excellent
BIKE_18925,SHOP_007,17.0,2,Fair
BIKE_18925,SHOP_009,16.0,1,Good
BIKE_06649,SHOP_003,30.0,2,Excellent
BIKE_31963,SHOP_003,27.0,1,Excellent
BIKE_31963,SHOP_009,29.0,1,Good
BIKE_05086,SHOP_003,26.0,1,Excellent
BIKE_02932,SHOP_009,30.0,3,Good
BIKE_14774,SHOP_009,20.0,1,Good
BIKE_14774,SHOP_010,20.0,3,Good
BIKE_17744,SHOP_009,19.0,3,Fair
BIKE_12959,SHOP_006,11.0,1,Good
BIKE_12959,SHOP_009,9.0,1,Fair
BIKE_36539,SHOP_009,21.0,2,Good
BIKE_36539,SHOP_003,21.0,2,Excellent
BIKE_12637,SHOP_003,20.0,3,Fair
BIKE_34155,SHOP_003,38.0,1,Fair
BIKE_34155,SHOP_009,38.0,1,Excellent
BIKE_22660,SHOP_009,20.0,2,Excellent
BIKE_22660,SHOP_003,21.0,2,Excellent
BIKE_19964,SHOP_009,28.0,2,Fair
BIKE_14499,SHOP_009,9.0,3,Excellent
BIKE_02240,SHOP_009,39.0,1,Good
BIKE_02240,SHOP_003,39.0,1,Excellent
BIKE_12887,SHOP_004,20.0,2,Fair
BIKE_12887,SHOP_003,18.0,1,Excellent
BIKE_09205,SHOP_007,9.0,1,Good
BIKE_01255,SHOP_003,32.0,1,Excellent
BIKE_00380,SHOP_009,10.0,2,Good
BIKE_00380,SHOP_010,12.0,3,Good
BIKE_18422,SHOP_009,20.0,1,Good
BIKE_18422,SHOP_007,19.0,3,Good
BIKE_25480,SHOP_009,24.0,1,Good
BIKE_25480,SHOP_003,23.0,2,Good
BIKE_01108,SHOP_003,26.0,3,Excellent
BIKE_19754,SHOP_009,33.0,3,Excellent
BIKE_19754,SHOP_003,33.0,1,Fair
BIKE_33462,SHOP_009,38.0,3,Good
BIKE_26165,SHOP_003,43.0,3,Good
BIKE_38204,SHOP_003,10.0,1,Good
BIKE_07775,SHOP_003,23.0,2,Good
BIKE_32425,SHOP_007,20.0,1,Fair
BIKE_32425,SHOP_009,21.0,2,Good
BIKE_29060,SHOP_001,22.0,2,Fair
BIKE_13431,SHOP_003,32.0,2,Good
BIKE_13949,SHOP_001,9.0,2,Excellent
BIKE_01512,SHOP_003,30.0,3,Good
BIKE_01512,SHOP_009,29.0,2,Good
BIKE_05777,SHOP_009,29.0,1,Good
BIKE_22716,SHOP_003,29.0,1,Fair
BIKE_25756,SHOP_009,25.0,3,Good
BIKE_25756,SHOP_003,28.0,3,Good
BIKE_35246,SHOP_012,77.0,1,Good
BIKE_25554,SHOP_003,24.0,2,Good
BIKE_08957,SHOP_009,22.0,1,Good
BIKE_08957,SHOP_007,24.0,1,Excellent
BIKE_12284,SHOP_009,27.0,2,Fair
BIKE_12284,SHOP_003,27.0,1,Excellent
BIKE_10648,SHOP_009,9.0,2,Good
BIKE_10648,SHOP_001,11.0,1,Excellent
BIKE_11852,SHOP_003,44.0,1,Good
BIKE_24467,SHOP_009,19.0,1,Excellent
BIKE_08141,SHOP_003,26.0,2,Good
BIKE_34575,SHOP_009,33.0,1,Excellent
BIKE_34575,SHOP_003,30.0,2,Good
BIKE_30738,SHOP_009,31.0,2,Good
BIKE_28000,SHOP_009,40.0,2,Good
BIKE_15384,SHOP_009,27.0,1,Good
BIKE_11812,SHOP_003,27.0,3,Good
BIKE_21929,SHOP_003,30.0,3,Good
BIKE_21929,SHOP_009,30.0,3,Fair
BIKE_15546,SHOP_012,45.0,2,Good
BIKE_33423,SHOP_006,22.0,2,Excellent
BIKE_33423,SHOP_007,20.0,2,Excellent
BIKE_11472,SHOP_007,11.0,2,Fair
BIKE_11472,SHOP_001,10.0,2,Good
BIKE_07920,SHOP_009,23.0,1,Good
BIKE_07920,SHOP_003,23.0,3,Excellent
BIKE_03406,SHOP_003,26.0,1,Fair
BIKE_30142,SHOP_009,30.0,1,Good
BIKE_30142,SHOP_003,31.0,1,Excellent
BIKE_36111,SHOP_003,19.0,2,Excellent
BIKE_11105,SHOP_009,21.0,3,Good
BIKE_11105,SHOP_004,24.0,3,Good
BIKE_30896,SHOP_003,24.0,1,Good
BIKE_34509,SHOP_003,39.0,1,Good
BIKE_34062,SHOP_003,26.0,1,Good
BIKE_22983,SHOP_001,13.0,3,Good
BIKE_22983,SHOP_007,11.0,2,Good
BIKE_29880,SHOP_003,26.0,1,Excellent
BIKE_29880,SHOP_009,28.0,3,Fair
BIKE_38753,SHOP_003,32.0,1,Excellent
BIKE_38753,SHOP_009,29.0,3,Good
BIKE_11836,SHOP_009,27.0,1,Good
BIKE_11714,SHOP_009,28.0,3,Good
BIKE_11714,SHOP_003,31.0,3,Good
BIKE_26190,SHOP_009,23.0,2,Good
BIKE_16221,SHOP_003,22.0,1,Good
BIKE_21088,SHOP_003,39.0,3,Good
BIKE_21088,SHOP_009,38.0,3,Fair
BIKE_03489,SHOP_009,10.0,2,Good
BIKE_07755,SHOP_003,35.0,1,Fair
BIKE_07755,SHOP_009,36.0,2,Good
BIKE_30958,SHOP_003,45.0,2,Fair
BIKE_20824,SHOP_001,11.0,2,Excellent
BIKE_20824,SHOP_006,8.0,3,Good
BIKE_00844,SHOP_003,33.0,3,Good
BIKE_00844,SHOP_009,31.0,2,Good
BIKE_10311,SHOP_009,19.0,1,Good
BIKE_10311,SHOP_006,18.0,1,Good
BIKE_15178,SHOP_006,10.0,2,Good
BIKE_15178,SHOP_007,8.0,3,Fair
BIKE_21418,SHOP_007,10.0,3,Good
BIKE_14611,SHOP_001,11.0,3,Good
BIKE_14611,SHOP_007,9.0,2,Good
BIKE_36055,SHOP_009,22.0,2,Fair
BIKE_36055,SHOP_003,23.0,2,Good
BIKE_18979,SHOP_003,30.0,3,Good
BIKE_18979,SHOP_009,29.0,3,Excellent
BIKE_27641,SHOP_009,20.0,2,Good
BIKE_17028,SHOP_009,31.0,1,Good
BIKE_17028,SHOP_003,32.0,3,Good
BIKE_15841,SHOP_009,50.0,3,Good
BIKE_15841,SHOP_003,49.0,1,Good
BIKE_27776,SHOP_009,26.0,2,Excellent
BIKE_24201,SHOP_009,23.0,2,Good
BIKE_24201,SHOP_003,24.0,1,Excellent
BIKE_33788,SHOP_003,24.0,1,Good
BIKE_02165,SHOP_009,20.0,1,Good
BIKE_09985,SHOP_003,37.0,1,Fair
BIKE_00430,SHOP_003,21.0,3,Good
BIKE_00430,SHOP_007,20.0,2,Good
BIKE_01330,SHOP_006,25.0,3,Good
BIKE_01330,SHOP_003,23.0,1,Good
BIKE_19495,SHOP_003,30.0,3,Good
BIKE_19495,SHOP_009,30.0,1,Good
BIKE_35048,SHOP_012,101.0,3,Good
BIKE_37522,SHOP_007,15.0,1,Fair
BIKE_15394,SHOP_009,22.0,1,Good
BIKE_13413,SHOP_007,19.0,1,Excellent
BIKE_05045,SHOP_012,56.0,3,Good
BIKE_21926,SHOP_009,21.0,2,Good
BIKE_33292,SHOP_007,22.0,3,Excellent
BIKE_31161,SHOP_003,27.0,2,Excellent
BIKE_31161,SHOP_009,27.0,2,Good
BIKE_15526,SHOP_001,23.0,1,Excellent
BIKE_15526,SHOP_004,24.0,1,Excellent
BIKE_37297,SHOP_009,23.0,3,Good
BIKE_37297,SHOP_003,24.0,1,Good
BIKE_17317,SHOP_009,22.0,2,Excellent
BIKE_21096,SHOP_009,29.0,2,Excellent
BIKE_21096,SHOP_003,28.0,2,Fair
BIKE_14890,SHOP_007,20.0,2,Good
BIKE_14890,SHOP_003,20.0,2,Fair
BIKE_08975,SHOP_003,38.0,3,Excellent
BIKE_08975,SHOP_009,41.0,3,Good
BIKE_21171,SHOP_003,47.0,2,Good
BIKE_11448,SHOP_007,13.0,2,Excellent
BIKE_11448,SHOP_003,13.0,2,Good
BIKE_09090,SHOP_003,28.0,1,Good
BIKE_30432,SHOP_009,26.0,2,Good
BIKE_23242,SHOP_009,10.0,2,Fair
BIKE_26828,SHOP_001,13.0,2,Excellent
BIKE_14664,SHOP_012,50.0,2,Good
BIKE_07815,SHOP_009,12.0,3,Good
BIKE_37371,SHOP_009,23.0,1,Excellent
BIKE_37371,SHOP_003,21.0,1,Good
BIKE_09701,SHOP_009,19.0,3,Excellent
BIKE_16765,SHOP_003,22.0,1,Good
BIKE_16765,SHOP_009,22.0,2,Fair
BIKE_18716,SHOP_009,49.0,3,Good
BIKE_18716,SHOP_003,48.0,2,Good
BIKE_18896,SHOP_003,30.0,2,Excellent
BIKE_06892,SHOP_003,26.0,2,Good
BIKE_15902,SHOP_006,23.0,3,Fair
BIKE_15902,SHOP_001,19.0,1,Excellent
BIKE_24308,SHOP_003,26.0,2,Good
BIKE_35160,SHOP_003,34.0,3,Good
BIKE_25770,SHOP_009,49.0,1,Good
BIKE_25770,SHOP_003,46.0,2,Good
BIKE_29282,SHOP_012,57.0,3,Excellent
BIKE_35545,SHOP_003,25.0,3,Good
BIKE_35545,SHOP_009,24.0,3,Fair
BIKE_05575,SHOP_009,26.0,2,Excellent
BIKE_05575,SHOP_003,25.0,1,Good
BIKE_31211,SHOP_003,22.0,3,Good
BIKE_31211,SHOP_009,23.0,2,Good
BIKE_34969,SHOP_009,10.0,1,Fair
BIKE_34969,SHOP_003,10.0,1,Good
BIKE_10552,SHOP_009,41.0,2,Good
BIKE_27738,SHOP_009,43.0,3,Excellent
BIKE_19753,SHOP_004,21.0,2,Excellent
BIKE_19753,SHOP_009,19.0,3,Good
BIKE_22632,SHOP_006,22.0,1,Fair
BIKE_22632,SHOP_007,24.0,2,Good
BIKE_32140,SHOP_003,22.0,1,Good
BIKE_32140,SHOP_009,22.0,2,Good
BIKE_12246,SHOP_003,28.0,1,Good
BIKE_23717,SHOP_009,51.0,1,Good
BIKE_23717,SHOP_003,52.0,1,Good
BIKE_10091,SHOP_003,33.0,2,Good
BIKE_10091,SHOP_009,30.0,3,Good
BIKE_19062,SHOP_012,82.0,3,Excellent
BIKE_14132,SHOP_001,17.0,2,Good
BIKE_14132,SHOP_003,16.0,1,Good
BIKE_10628,SHOP_010,19.0,1,Excellent
BIKE_10628,SHOP_001,20.0,3,Good
BIKE_25456,SHOP_003,26.0,3,Good
BIKE_17053,SHOP_009,23.0,3,Excellent
BIKE_17053,SHOP_003,24.0,2,Good
BIKE_27494,SHOP_003,36.0,3,Good
BIKE_22822,SHOP_003,26.0,2,Excellent
BIKE_22822,SHOP_009,27.0,2,Good
BIKE_25720,SHOP_003,36.0,2,Good
BIKE_25720,SHOP_009,38.0,1,Good
BIKE_29461,SHOP_003,11.0,2,Fair
BIKE_29461,SHOP_007,12.0,3,Good
BIKE_05548,SHOP_003,21.0,2,Fair
BIKE_05548,SHOP_006,21.0,1,Good
BIKE_33552,SHOP_007,10.0,3,Good
BIKE_22854,SHOP_009,27.0,2,Excellent
BIKE_22854,SHOP_003,26.0,3,Fair
BIKE_17914,SHOP_003,20.0,2,Fair
BIKE_25422,SHOP_012,116.0,3,Excellent
BIKE_24055,SHOP_009,21.0,2,Good
BIKE_15777,SHOP_003,24.0,1,Excellent
BIKE_15777,SHOP_009,24.0,1,Good
BIKE_29665,SHOP_009,29.0,1,Good
BIKE_29665,SHOP_003,32.0,1,Good
BIKE_30768,SHOP_004,13.0,3,Good
BIKE_30768,SHOP_007,12.0,1,Good
BIKE_04817,SHOP_003,29.0,2,Good
BIKE_04817,SHOP_009,29.0,1,Good
BIKE_18134,SHOP_006,20.0,1,Good
BIKE_18134,SHOP_007,22.0,1,Fair
BIKE_14478,SHOP_009,20.0,3,Good
BIKE_23668,SHOP_009,25.0,2,Good
BIKE_23668,SHOP_003,22.0,2,Good
BIKE_28210,SHOP_010,25.0,1,Good
BIKE_29460,SHOP_003,25.0,2,Excellent
BIKE_14828,SHOP_006,9.0,3,Excellent
BIKE_14828,SHOP_009,11.0,3,Good
BIKE_01660,SHOP_003,21.0,3,Good
BIKE_12800,SHOP_007,22.0,1,Fair
BIKE_04201,SHOP_001,23.0,3,Excellent
BIKE_09499,SHOP_003,31.0,1,Good
BIKE_09499,SHOP_009,33.0,1,Good
BIKE_21245,SHOP_003,25.0,2,Good
BIKE_07578,SHOP_003,21.0,2,Fair
BIKE_02758,SHOP_001,9.0,2,Good
BIKE_02758,SHOP_009,11.0,3,Good
BIKE_07448,SHOP_003,29.0,1,Excellent
BIKE_19294,SHOP_003,27.0,1,Good
BIKE_19294,SHOP_009,24.0,1,Good
BIKE_17516,SHOP_003,28.0,1,Fair
BIKE_12761,SHOP_004,20.0,1,Excellent
BIKE_12761,SHOP_009,22.0,2,Good
BIKE_35372,SHOP_003,21.0,3,Good
BIKE_12805,SHOP_006,11.0,2,Fair
BIKE_30273,SHOP_009,45.0,1,Good
BIKE_30273,SHOP_003,44.0,2,Excellent
BIKE_00793,SHOP_009,27.0,2,Good
BIKE_00793,SHOP_003,26.0,2,Good
BIKE_04945,SHOP_001,12.0,2,Excellent
BIKE_04945,SHOP_009,12.0,1,Fair
BIKE_04266,SHOP_010,22.0,1,Excellent
BIKE_17882,SHOP_012,44.0,3,Fair
BIKE_14181,SHOP_003,44.0,1,Fair
BIKE_36748,SHOP_003,33.0,2,Good
BIKE_36748,SHOP_009,33.0,2,Good
BIKE_07416,SHOP_009,25.0,3,Fair
BIKE_07416,SHOP_003,24.0,1,Good
BIKE_35892,SHOP_006,13.0,2,Good
BIKE_35892,SHOP_004,11.0,3,Fair
BIKE_25725,SHOP_003,22.0,3,Good
BIKE_27726,SHOP_003,38.0,2,Excellent
BIKE_27726,SHOP_009,38.0,1,Good
BIKE_33117,SHOP_001,9.0,2,Fair
BIKE_33117,SHOP_006,11.0,2,Excellent
BIKE_06127,SHOP_007,18.0,3,Excellent
BIKE_06127,SHOP_004,20.0,1,Good
BIKE_24840,SHOP_007,10.0,1,Good
BIKE_03687,SHOP_009,33.0,1,Good
BIKE_07948,SHOP_003,21.0,2,Good
BIKE_07948,SHOP_009,20.0,1,Excellent
BIKE_35940,SHOP_003,21.0,1,Excellent
BIKE_17474,SHOP_003,30.0,3,Excellent
BIKE_17474,SHOP_009,32.0,3,Fair
BIKE_33368,SHOP_003,22.0,2,Good
BIKE_05129,SHOP_009,28.0,2,Excellent
BIKE_07123,SHOP_003,29.0,3,Good
BIKE_21628,SHOP_009,28.0,2,Excellent
BIKE_30275,SHOP_009,49.0,2,Excellent
BIKE_31574,SHOP_009,30.0,1,Good
BIKE_35384,SHOP_003,38.0,2,Good
BIKE_04962,SHOP_006,12.0,3,Good
BIKE_35623,SHOP_003,32.0,2,Excellent
BIKE_18697,SHOP_012,44.0,2,Good
BIKE_13032,SHOP_009,23.0,2,Good
BIKE_37135,SHOP_009,42.0,2,Good
BIKE_28348,SHOP_009,31.0,3,Fair
BIKE_35322,SHOP_006,20.0,1,Good
BIKE_31210,SHOP_009,37.0,1,Good
BIKE_31210,SHOP_003,35.0,3,Good
BIKE_03047,SHOP_012,45.0,3,Excellent
BIKE_10125,SHOP_009,37.0,2,Good
BIKE_18233,SHOP_001,8.0,3,Good
BIKE_18233,SHOP_003,10.0,3,Excellent
BIKE_36464,SHOP_003,27.0,1,Good
BIKE_22828,SHOP_003,42.0,1,Excellent
BIKE_22828,SHOP_009,43.0,2,Good
BIKE_27415,SHOP_003,24.0,1,Good
BIKE_27415,SHOP_009,27.0,2,Excellent
BIKE_02585,SHOP_009,37.0,3,Good
BIKE_06392,SHOP_009,22.0,1,Good
BIKE_06392,SHOP_003,25.0,2,Good
BIKE_13086,SHOP_006,15.0,3,Excellent
BIKE_18314,SHOP_003,38.0,3,Good
BIKE_18314,SHOP_009,36.0,1,Good
BIKE_29251,SHOP_009,23.0,2,Excellent
BIKE_29251,SHOP_007,22.0,2,Good
BIKE_26085,SHOP_009,26.0,2,Fair
BIKE_29655,SHOP_009,31.0,3,Good
BIKE_29655,SHOP_003,30.0,2,Good
BIKE_26427,SHOP_001,15.0,1,Excellent
BIKE_26427,SHOP_010,14.0,3,Good
BIKE_27538,SHOP_003,22.0,1,Fair
BIKE_22477,SHOP_004,21.0,2,Fair
BIKE_22690,SHOP_009,26.0,3,Fair
BIKE_22690,SHOP_003,26.0,2,Good
BIKE_18208,SHOP_009,33.0,1,Fair
BIKE_18208,SHOP_003,36.0,3,Good
BIKE_07524,SHOP_009,31.0,1,Good
BIKE_07524,SHOP_003,34.0,2,Excellent
BIKE_16106,SHOP_003,35.0,1,Good
BIKE_16106,SHOP_009,33.0,3,Good
BIKE_10827,SHOP_003,18.0,3,Good
BIKE_10827,SHOP_009,18.0,2,Good
BIKE_37160,SHOP_003,29.0,2,Good
BIKE_37160,SHOP_009,31.0,3,Excellent
BIKE_05925,SHOP_003,46.0,1,Good
BIKE_05925,SHOP_009,50.0,1,Fair
BIKE_20052,SHOP_003,35.0,2,Excellent
BIKE_20052,SHOP_009,34.0,2,Good
BIKE_09057,SHOP_012,80.0,3,Good
BIKE_01516,SHOP_003,22.0,1,Good
BIKE_05523,SHOP_003,27.0,1,Good
BIKE_05523,SHOP_009,26.0,2,Fair
BIKE_23552,SHOP_006,10.0,1,Fair
BIKE_23552,SHOP_009,10.0,2,Good
BIKE_26134,SHOP_001,10.0,3,Good
BIKE_16621,SHOP_004,22.0,3,Good
BIKE_16930,SHOP_009,30.0,2,Good
BIKE_20098,SHOP_009,22.0,3,Good
BIKE_20098,SHOP_003,21.0,2,Excellent
BIKE_08821,SHOP_003,36.0,1,Good
BIKE_08821,SHOP_009,37.0,2,Good
BIKE_03113,SHOP_001,10.0,2,Excellent
BIKE_25878,SHOP_001,12.0,3,Fair
BIKE_25878,SHOP_006,11.0,3,Good
BIKE_31500,SHOP_010,24.0,1,Excellent
BIKE_31500,SHOP_001,24.0,3,Good
BIKE_37234,SHOP_003,23.0,2,Good
BIKE_08122,SHOP_003,25.0,1,Fair
BIKE_28771,SHOP_009,23.0,1,Good
BIKE_28771,SHOP_004,23.0,3,Excellent
BIKE_38400,SHOP_009,19.0,1,Good
BIKE_38400,SHOP_003,19.0,3,Excellent
BIKE_20496,SHOP_009,47.0,2,Good
BIKE_20496,SHOP_003,47.0,1,Fair
BIKE_08517,SHOP_009,44.0,1,Good
BIKE_08517,SHOP_003,42.0,2,Good
BIKE_37400,SHOP_009,21.0,2,Excellent
BIKE_37400,SHOP_003,19.0,2,Good
BIKE_18175,SHOP_009,26.0,1,Excellent
BIKE_18175,SHOP_003,28.0,3,Good
BIKE_13827,SHOP_009,19.0,3,Excellent
BIKE_13827,SHOP_003,20.0,2,Good
BIKE_06725,SHOP_003,44.0,2,Excellent
BIKE_37748,SHOP_009,29.0,1,Good
BIKE_37748,SHOP_003,32.0,2,Excellent
BIKE_35379,SHOP_004,23.0,2,Excellent
BIKE_35379,SHOP_006,23.0,1,Good
BIKE_35849,SHOP_003,10.0,3,Good
BIKE_26626,SHOP_003,38.0,1,Good
BIKE_00127,SHOP_001,11.0,1,Fair
BIKE_38245,SHOP_009,21.0,3,Good
BIKE_11547,SHOP_009,28.0,3,Excellent
BIKE_24630,SHOP_003,10.0,3,Good
BIKE_24630,SHOP_007,9.0,3,Excellent
BIKE_25978,SHOP_003,23.0,2,Good
BIKE_25978,SHOP_007,20.0,3,Good
BIKE_33611,SHOP_009,23.0,2,Good
BIKE_38492,SHOP_009,36.0,2,Good
BIKE_38492,SHOP_003,34.0,3,Good
BIKE_06657,SHOP_009,17.0,2,Good
BIKE_06657,SHOP_001,17.0,1,Fair
BIKE_24100,SHOP_009,31.0,2,Good
BIKE_24100,SHOP_003,28.0,1,Good
BIKE_28660,SHOP_012,40.0,1,Fair
BIKE_38186,SHOP_007,9.0,1,Excellent
BIKE_35363,SHOP_003,11.0,1,Good
BIKE_10986,SHOP_009,35.0,3,Good
BIKE_10986,SHOP_003,35.0,1,Good
BIKE_33968,SHOP_012,59.0,3,Good
BIKE_10930,SHOP_009,40.0,1,Good
BIKE_10930,SHOP_003,39.0,3,Good
BIKE_17020,SHOP_003,22.0,3,Good
BIKE_00729,SHOP_001,23.0,3,Good
BIKE_37479,SHOP_009,10.0,1,Excellent
BIKE_12058,SHOP_006,19.0,2,Excellent
BIKE_31669,SHOP_003,26.0,3,Good
BIKE_31669,SHOP_009,27.0,1,Fair
BIKE_08602,SHOP_003,42.0,3,Fair
BIKE_08602,SHOP_009,41.0,1,Excellent
BIKE_31560,SHOP_004,20.0,1,Fair
BIKE_23189,SHOP_003,35.0,3,Good
BIKE_18525,SHOP_001,11.0,1,Good
BIKE_22267,SHOP_001,10.0,2,Good
BIKE_22267,SHOP_009,11.0,2,Good
BIKE_29745,SHOP_009,26.0,1,Fair
BIKE_29745,SHOP_003,26.0,1,Good
BIKE_02678,SHOP_009,26.0,2,Good
BIKE_02678,SHOP_004,24.0,1,Fair
BIKE_35001,SHOP_009,28.0,1,Good
BIKE_35001,SHOP_003,29.0,3,Good
BIKE_04977,SHOP_003,32.0,1,Good
BIKE_17646,SHOP_001,20.0,2,Good
BIKE_17646,SHOP_003,17.0,1,Fair
BIKE_29690,SHOP_009,31.0,3,Good
BIKE_25528,SHOP_003,47.0,2,Fair
BIKE_25528,SHOP_009,47.0,2,Good
BIKE_35120,SHOP_003,37.0,3,Good
BIKE_04565,SHOP_003,47.0,3,Good
BIKE_15444,SHOP_003,31.0,2,Good
BIKE_15444,SHOP_009,33.0,2,Fair
BIKE_18598,SHOP_003,29.0,3,Good
BIKE_19419,SHOP_009,50.0,3,Fair
BIKE_19419,SHOP_003,51.0,1,Fair
BIKE_15694,SHOP_003,28.0,3,Good
BIKE_15694,SHOP_009,28.0,1,Excellent
BIKE_23623,SHOP_003,28.0,1,Good
BIKE_28208,SHOP_009,23.0,2,Fair
BIKE_28208,SHOP_003,25.0,2,Fair
BIKE_34335,SHOP_003,8.0,2,Excellent
BIKE_20097,SHOP_009,25.0,3,Fair
BIKE_20097,SHOP_003,28.0,2,Excellent
BIKE_14783,SHOP_009,19.0,1,Excellent
BIKE_23410,SHOP_003,22.0,3,Fair
BIKE_23410,SHOP_009,20.0,2,Good
BIKE_08986,SHOP_009,20.0,1,Good
BIKE_33026,SHOP_009,22.0,2,Excellent
BIKE_27901,SHOP_009,21.0,2,Good
BIKE_12472,SHOP_009,8.0,1,Fair
BIKE_03456,SHOP_003,33.0,2,Good
BIKE_03456,SHOP_009,34.0,2,Excellent
BIKE_15953,SHOP_001,10.0,2,Excellent
BIKE_33363,SHOP_009,22.0,3,Good
BIKE_12825,SHOP_003,35.0,1,Good
BIKE_10990,SHOP_012,52.0,2,Good
BIKE_25313,SHOP_009,29.0,3,Fair
BIKE_25313,SHOP_003,30.0,1,Good
BIKE_31268,SHOP_006,22.0,1,Excellent
BIKE_31268,SHOP_003,24.0,1,Good
BIKE_07162,SHOP_003,35.0,3,Good
BIKE_07162,SHOP_009,35.0,3,Fair
BIKE_28017,SHOP_009,21.0,2,Good
BIKE_28017,SHOP_010,18.0,3,Good
BIKE_19717,SHOP_004,25.0,1,Fair
BIKE_19717,SHOP_003,25.0,3,Good
BIKE_28951,SHOP_012,48.0,2,Good
BIKE_13713,SHOP_012,68.0,2,Good
BIKE_14839,SHOP_009,22.0,3,Good
BIKE_18661,SHOP_003,32.0,2,Fair
BIKE_18661,SHOP_009,29.0,2,Good
BIKE_29803,SHOP_010,21.0,3,Good
BIKE_29803,SHOP_001,23.0,2,Good
BIKE_11476,SHOP_012,57.0,2,Excellent
BIKE_37469,SHOP_003,28.0,1,Good
BIKE_37469,SHOP_009,26.0,3,Fair
BIKE_12662,SHOP_003,30.0,2,Excellent
BIKE_12662,SHOP_009,27.0,3,Excellent
BIKE_08317,SHOP_007,24.0,2,Good
BIKE_08317,SHOP_001,23.0,1,Good
BIKE_08022,SHOP_003,10.0,2,Fair
BIKE_23976,SHOP_001,20.0,1,Fair
BIKE_23976,SHOP_003,18.0,2,Good
BIKE_18154,SHOP_003,22.0,3,Good
BIKE_18154,SHOP_004,20.0,3,Good
BIKE_29081,SHOP_001,21.0,2,Excellent
BIKE_29081,SHOP_007,22.0,2,Good
BIKE_36738,SHOP_012,77.0,3,Good
BIKE_32810,SHOP_009,11.0,1,Good
BIKE_29940,SHOP_009,34.0,1,Good
BIKE_29940,SHOP_003,35.0,1,Fair
BIKE_31489,SHOP_003,23.0,2,Good
BIKE_31489,SHOP_009,25.0,2,Good
BIKE_02318,SHOP_003,33.0,1,Good
BIKE_02318,SHOP_009,31.0,2,Fair
BIKE_11060,SHOP_006,11.0,2,Excellent
BIKE_11060,SHOP_003,9.0,3,Good
BIKE_25320,SHOP_003,23.0,3,Fair
BIKE_25320,SHOP_009,23.0,3,Good
BIKE_31434,SHOP_012,50.0,1,Good
BIKE_11081,SHOP_009,32.0,3,Fair
BIKE_11081,SHOP_003,32.0,1,Good
BIKE_05038,SHOP_009,24.0,2,Fair
BIKE_05038,SHOP_003,26.0,1,Good
BIKE_12733,SHOP_009,22.0,2,Excellent
BIKE_12733,SHOP_003,20.0,1,Fair
BIKE_07718,SHOP_009,27.0,1,Good
BIKE_29090,SHOP_003,11.0,2,Good
BIKE_29090,SHOP_006,11.0,1,Excellent
BIKE_06679,SHOP_001,25.0,2,Good
BIKE_06679,SHOP_003,22.0,1,Fair
BIKE_32199,SHOP_010,22.0,1,Good
BIKE_32197,SHOP_009,27.0,2,Fair
BIKE_10520,SHOP_003,31.0,1,Fair
BIKE_10520,SHOP_009,31.0,3,Good
BIKE_12821,SHOP_009,21.0,3,Good
BIKE_15590,SHOP_006,21.0,3,Good
BIKE_15590,SHOP_010,21.0,3,Good
BIKE_15306,SHOP_001,23.0,2,Good
BIKE_15306,SHOP_007,21.0,3,Good
BIKE_35041,SHOP_003,32.0,3,Good
BIKE_30628,SHOP_007,20.0,1,Fair
BIKE_26244,SHOP_009,26.0,3,Excellent
BIKE_26244,SHOP_003,28.0,3,Good
BIKE_16000,SHOP_001,9.0,1,Good
BIKE_06399,SHOP_003,23.0,1,Fair
BIKE_06399,SHOP_009,23.0,1,Good
BIKE_31143,SHOP_003,23.0,2,Excellent
BIKE_31143,SHOP_009,23.0,2,Fair
BIKE_16710,SHOP_006,23.0,1,Good
BIKE_16710,SHOP_010,20.0,3,Good
BIKE_12895,SHOP_006,8.0,2,Excellent
BIKE_12895,SHOP_007,9.0,3,Good
BIKE_13367,SHOP_007,10.0,3,Good
BIKE_11893,SHOP_003,10.0,2,Fair
BIKE_11893,SHOP_001,12.0,2,Good
BIKE_06013,SHOP_009,27.0,3,Fair
BIKE_18152,SHOP_009,29.0,2,Fair
BIKE_30629,SHOP_004,20.0,2,Fair
BIKE_23735,SHOP_003,32.0,2,Excellent
BIKE_23735,SHOP_009,33.0,3,Good
BIKE_05225,SHOP_003,24.0,1,Excellent
BIKE_05225,SHOP_009,23.0,1,Good
BIKE_21890,SHOP_009,21.0,1,Fair
BIKE_29452,SHOP_001,9.0,3,Good
BIKE_29452,SHOP_009,10.0,2,Good
BIKE_12430,SHOP_006,24.0,3,Good
BIKE_10876,SHOP_007,10.0,3,Good
BIKE_31023,SHOP_009,49.0,2,Fair
BIKE_33091,SHOP_003,34.0,1,Good
BIKE_33091,SHOP_009,34.0,3,Good
BIKE_22882,SHOP_004,11.0,1,Fair
BIKE_22882,SHOP_007,10.0,3,Excellent
BIKE_18725,SHOP_003,29.0,1,Good
BIKE_05040,SHOP_009,24.0,1,Good
BIKE_05040,SHOP_003,21.0,2,Good
BIKE_19533,SHOP_007,20.0,3,Good
BIKE_18536,SHOP_003,35.0,1,Good
BIKE_31326,SHOP_001,10.0,3,Good
BIKE_31326,SHOP_009,9.0,3,Fair
BIKE_08147,SHOP_003,22.0,3,Excellent
BIKE_08147,SHOP_004,22.0,3,Excellent
BIKE_16580,SHOP_006,22.0,1,Good
BIKE_23258,SHOP_003,31.0,1,Good
BIKE_10436,SHOP_009,25.0,3,Good
BIKE_35703,SHOP_006,11.0,1,Fair
BIKE_27580,SHOP_009,31.0,3,Excellent
BIKE_27580,SHOP_003,31.0,2,Fair
BIKE_32175,SHOP_006,11.0,1,Good
BIKE_32175,SHOP_009,13.0,3,Good
BIKE_07680,SHOP_009,23.0,3,Good
BIKE_09044,SHOP_009,30.0,2,Excellent
BIKE_09044,SHOP_003,31.0,3,Excellent
BIKE_09211,SHOP_009,26.0,1,Good
BIKE_23751,SHOP_010,19.0,2,Good
BIKE_23751,SHOP_007,18.0,1,Excellent
BIKE_15528,SHOP_009,28.0,2,Fair
BIKE_15528,SHOP_003,26.0,3,Excellent
BIKE_24382,SHOP_007,20.0,1,Good
BIKE_24382,SHOP_009,21.0,1,Good
BIKE_22272,SHOP_006,24.0,1,Excellent
BIKE_23987,SHOP_009,19.0,3,Good
BIKE_23987,SHOP_004,18.0,3,Good
BIKE_16584,SHOP_009,41.0,1,Excellent
BIKE_16584,SHOP_003,41.0,2,Excellent
BIKE_04461,SHOP_003,35.0,1,Fair
BIKE_27226,SHOP_003,39.0,1,Good
BIKE_09960,SHOP_001,22.0,3,Good
BIKE_22680,SHOP_003,10.0,3,Good
BIKE_22680,SHOP_007,12.0,1,Good
BIKE_20820,SHOP_006,11.0,1,Excellent
BIKE_08564,SHOP_003,31.0,2,Excellent
BIKE_03382,SHOP_003,23.0,2,Good
BIKE_01888,SHOP_009,23.0,3,Fair
BIKE_01888,SHOP_003,22.0,3,Good
BIKE_14335,SHOP_012,61.0,3,Good
BIKE_25597,SHOP_012,47.0,3,Fair
BIKE_33231,SHOP_009,32.0,2,Good
BIKE_33231,SHOP_003,31.0,2,Good
BIKE_14782,SHOP_003,49.0,2,Good
BIKE_35209,SHOP_003,23.0,2,Good
BIKE_21741,SHOP_003,30.0,2,Fair
BIKE_21741,SHOP_009,29.0,2,Good
BIKE_09577,SHOP_001,19.0,2,Good
BIKE_09577,SHOP_007,20.0,2,Good
BIKE_04222,SHOP_003,24.0,1,Good
BIKE_04222,SHOP_009,26.0,1,Good
BIKE_23982,SHOP_003,28.0,3,Fair
BIKE_14365,SHOP_007,19.0,2,Excellent
BIKE_14365,SHOP_009,21.0,3,Good
BIKE_27852,SHOP_003,23.0,1,Good
BIKE_00644,SHOP_009,9.0,1,Fair
BIKE_00644,SHOP_003,8.0,2,Fair
BIKE_33673,SHOP_003,22.0,3,Good
BIKE_33673,SHOP_009,23.0,2,Good
BIKE_01819,SHOP_007,23.0,1,Good
BIKE_01819,SHOP_009,23.0,2,Good
BIKE_33518,SHOP_012,44.0,1,Good
BIKE_20576,SHOP_003,33.0,1,Good
BIKE_20576,SHOP_009,32.0,3,Good
BIKE_08288,SHOP_009,24.0,1,Good
BIKE_08288,SHOP_003,22.0,1,Good
BIKE_13066,SHOP_009,26.0,1,Good
BIKE_13066,SHOP_003,23.0,1,Fair
BIKE_08939,SHOP_009,32.0,2,Excellent
BIKE_08939,SHOP_003,34.0,1,Good
BIKE_33262,SHOP_009,32.0,3,Fair
BIKE_31123,SHOP_009,39.0,1,Good
BIKE_31123,SHOP_003,39.0,1,Excellent
BIKE_38127,SHOP_001,10.0,3,Good
BIKE_11321,SHOP_003,35.0,3,Fair
BIKE_11321,SHOP_009,37.0,1,Good
BIKE_37551,SHOP_003,9.0,1,Fair
BIKE_19824,SHOP_009,26.0,2,Excellent
BIKE_19824,SHOP_003,26.0,3,Fair
BIKE_24396,SHOP_009,25.0,3,Fair
BIKE_24396,SHOP_003,24.0,3,Excellent
BIKE_10036,SHOP_001,12.0,3,Fair
BIKE_05354,SHOP_009,25.0,1,Good
BIKE_05354,SHOP_003,28.0,3,Fair
BIKE_02406,SHOP_006,9.0,3,Excellent
BIKE_33527,SHOP_003,14.0,1,Fair
BIKE_33527,SHOP_009,16.0,2,Good
BIKE_37829,SHOP_003,11.0,1,Good
BIKE_25900,SHOP_009,10.0,2,Excellent
BIKE_25900,SHOP_003,11.0,2,Good
BIKE_13202,SHOP_009,23.0,3,Good
BIKE_31909,SHOP_003,19.0,2,Good
BIKE_20279,SHOP_006,24.0,3,Excellent
BIKE_37179,SHOP_003,40.0,2,Good
BIKE_37179,SHOP_009,40.0,2,Good
BIKE_03839,SHOP_003,40.0,3,Good
BIKE_32929,SHOP_003,24.0,2,Fair
BIKE_05436,SHOP_003,11.0,3,Excellent
BIKE_36982,SHOP_003,27.0,1,Excellent
BIKE_36982,SHOP_009,30.0,1,Good
BIKE_05031,SHOP_007,23.0,3,Fair
BIKE_05031,SHOP_004,22.0,3,Excellent
BIKE_07346,SHOP_009,26.0,1,Fair
BIKE_06316,SHOP_003,22.0,1,Good
BIKE_12147,SHOP_001,11.0,2,Good
BIKE_12147,SHOP_007,12.0,2,Good
BIKE_00408,SHOP_003,10.0,3,Good
BIKE_01039,SHOP_004,21.0,3,Good
BIKE_06897,SHOP_003,28.0,2,Excellent
BIKE_06897,SHOP_009,28.0,2,Excellent
BIKE_27786,SHOP_009,45.0,1,Excellent
BIKE_25940,SHOP_012,41.0,1,Good
BIKE_35809,SHOP_007,22.0,1,Excellent
BIKE_35809,SHOP_009,23.0,1,Good
BIKE_22802,SHOP_009,20.0,2,Good
BIKE_34270,SHOP_004,22.0,1,Excellent
BIKE_34270,SHOP_003,23.0,2,Fair
BIKE_26938,SHOP_010,24.0,2,Good
BIKE_26938,SHOP_009,24.0,2,Good
BIKE_05511,SHOP_003,34.0,2,Excellent
BIKE_05511,SHOP_009,34.0,3,Good
BIKE_28993,SHOP_009,25.0,2,Good
BIKE_28993,SHOP_003,26.0,1,Excellent
BIKE_12480,SHOP_009,25.0,1,Fair
BIKE_28802,SHOP_003,24.0,1,Good
BIKE_13656,SHOP_003,27.0,1,Excellent
BIKE_28046,SHOP_009,34.0,3,Excellent
BIKE_26642,SHOP_003,28.0,3,Excellent
BIKE_08761,SHOP_003,9.0,1,Good
BIKE_20387,SHOP_009,8.0,1,Good
BIKE_20387,SHOP_001,11.0,3,Good
BIKE_11124,SHOP_009,11.0,1,Good
BIKE_13005,SHOP_006,9.0,2,Good
BIKE_38449,SHOP_009,10.0,1,Excellent
BIKE_38449,SHOP_006,10.0,1,Good
BIKE_34581,SHOP_009,29.0,3,Excellent
BIKE_34581,SHOP_003,29.0,2,Good
BIKE_33232,SHOP_003,24.0,2,Good
BIKE_33232,SHOP_009,23.0,1,Good
BIKE_20327,SHOP_009,26.0,2,Good
BIKE_11355,SHOP_006,19.0,2,Good
BIKE_11355,SHOP_007,18.0,3,Good
BIKE_08049,SHOP_006,8.0,2,Good
BIKE_08049,SHOP_001,10.0,2,Good
BIKE_01712,SHOP_009,42.0,1,Good
BIKE_01712,SHOP_003,41.0,1,Excellent
BIKE_36893,SHOP_003,44.0,2,Good
BIKE_36893,SHOP_009,46.0,1,Good
BIKE_13458,SHOP_003,30.0,3,Excellent
BIKE_13458,SHOP_009,30.0,1,Good
BIKE_03655,SHOP_009,38.0,3,Good
BIKE_24460,SHOP_007,11.0,1,Good
BIKE_17436,SHOP_009,24.0,1,Excellent
BIKE_17436,SHOP_003,21.0,1,Excellent
BIKE_19839,SHOP_009,47.0,2,Good
BIKE_19839,SHOP_003,49.0,3,Fair
BIKE_31813,SHOP_012,45.0,1,Excellent
BIKE_01918,SHOP_003,22.0,1,Good
BIKE_01918,SHOP_009,21.0,2,Excellent
BIKE_09975,SHOP_012,59.0,3,Good
BIKE_02109,SHOP_003,26.0,2,Fair
BIKE_30223,SHOP_003,28.0,3,Good
BIKE_15243,SHOP_006,10.0,3,Good
BIKE_15243,SHOP_007,12.0,3,Good
BIKE_28317,SHOP_009,9.0,2,Fair
BIKE_28317,SHOP_007,10.0,3,Good
BIKE_19321,SHOP_003,40.0,2,Good
BIKE_19321,SHOP_009,43.0,3,Fair
BIKE_20798,SHOP_003,11.0,2,Good
BIKE_01097,SHOP_012,44.0,2,Good
BIKE_13834,SHOP_003,37.0,3,Good
BIKE_13834,SHOP_009,39.0,3,Good
BIKE_28623,SHOP_001,11.0,2,Fair
BIKE_32632,SHOP_003,24.0,2,Good
BIKE_32632,SHOP_009,23.0,1,Excellent
BIKE_08404,SHOP_009,20.0,1,Fair
BIKE_15631,SHOP_007,13.0,3,Fair
BIKE_15631,SHOP_003,10.0,1,Excellent
BIKE_15558,SHOP_012,53.0,1,Good
BIKE_04165,SHOP_003,22.0,3,Fair
BIKE_04165,SHOP_009,23.0,1,Good
BIKE_26352,SHOP_003,19.0,2,Excellent
BIKE_26352,SHOP_009,19.0,1,Good
BIKE_21761,SHOP_007,11.0,3,Good
BIKE_21761,SHOP_009,9.0,1,Fair
BIKE_32797,SHOP_009,41.0,1,Good
BIKE_32797,SHOP_003,41.0,1,Excellent
BIKE_19913,SHOP_006,10.0,1,Excellent
BIKE_17247,SHOP_009,46.0,2,Good
BIKE_03287,SHOP_006,22.0,2,Good
BIKE_23640,SHOP_009,8.0,1,Good
BIKE_23640,SHOP_006,10.0,2,Fair
BIKE_27919,SHOP_001,21.0,3,Good
BIKE_34003,SHOP_009,21.0,3,Fair
BIKE_23307,SHOP_007,21.0,1,Good
BIKE_23307,SHOP_004,21.0,1,Excellent
BIKE_04730,SHOP_009,27.0,2,Excellent
BIKE_36074,SHOP_009,23.0,2,Good
BIKE_36074,SHOP_003,26.0,3,Excellent
BIKE_23444,SHOP_006,22.0,3,Good
BIKE_23444,SHOP_007,22.0,3,Excellent
BIKE_30913,SHOP_009,23.0,1,Good
BIKE_30913,SHOP_003,21.0,1,Good
BIKE_27671,SHOP_006,10.0,1,Excellent
BIKE_27671,SHOP_001,8.0,2,Fair
BIKE_22807,SHOP_003,31.0,1,Excellent
BIKE_22807,SHOP_009,32.0,2,Excellent
BIKE_36374,SHOP_007,10.0,1,Good
BIKE_25127,SHOP_009,33.0,1,Fair
BIKE_25127,SHOP_003,32.0,1,Excellent
BIKE_20153,SHOP_012,51.0,2,Excellent
BIKE_30289,SHOP_006,10.0,1,Excellent
BIKE_19044,SHOP_003,20.0,1,Good
BIKE_07223,SHOP_004,18.0,2,Fair
BIKE_35862,SHOP_001,22.0,3,Excellent
BIKE_31965,SHOP_003,38.0,3,Excellent
BIKE_31965,SHOP_009,38.0,1,Fair
BIKE_29170,SHOP_003,23.0,3,Good
BIKE_32453,SHOP_007,11.0,1,Excellent
BIKE_32453,SHOP_001,11.0,2,Good
BIKE_22101,SHOP_006,25.0,1,Excellent
BIKE_22101,SHOP_004,23.0,2,Excellent
BIKE_28148,SHOP_009,45.0,2,Good
BIKE_27377,SHOP_003,38.0,3,Good
BIKE_30855,SHOP_006,8.0,2,Good
BIKE_30855,SHOP_009,11.0,3,Good
BIKE_37831,SHOP_003,28.0,2,Good
BIKE_37831,SHOP_009,28.0,2,Excellent
BIKE_16917,SHOP_009,31.0,2,Good
BIKE_20070,SHOP_003,27.0,1,Good
BIKE_20070,SHOP_009,28.0,3,Good
BIKE_21027,SHOP_004,19.0,3,Good
BIKE_35755,SHOP_003,11.0,2,Fair
BIKE_35755,SHOP_001,8.0,3,Good
BIKE_11711,SHOP_001,23.0,2,Excellent
BIKE_11711,SHOP_009,24.0,1,Good
BIKE_30186,SHOP_003,23.0,3,Good
BIKE_33980,SHOP_006,9.0,2,Good
BIKE_33980,SHOP_001,9.0,3,Good
BIKE_28107,SHOP_009,24.0,2,Good
BIKE_28107,SHOP_003,27.0,3,Good
BIKE_23504,SHOP_009,19.0,1,Good
BIKE_29389,SHOP_006,11.0,3,Good
BIKE_06271,SHOP_003,21.0,3,Good
BIKE_11474,SHOP_009,26.0,3,Good
BIKE_11474,SHOP_003,25.0,3,Good
BIKE_19034,SHOP_007,10.0,2,Fair
BIKE_08279,SHOP_009,21.0,1,Fair
BIKE_02140,SHOP_003,32.0,2,Fair
BIKE_12553,SHOP_003,17.0,3,Fair
BIKE_12553,SHOP_006,20.0,2,Good
BIKE_19513,SHOP_012,45.0,2,Good
BIKE_09806,SHOP_009,21.0,1,Fair
BIKE_09806,SHOP_003,24.0,3,Good
BIKE_21667,SHOP_009,42.0,3,Excellent
BIKE_16723,SHOP_003,34.0,2,Excellent
BIKE_16723,SHOP_009,34.0,2,Fair
BIKE_13549,SHOP_009,28.0,2,Fair
BIKE_13549,SHOP_003,28.0,3,Good
BIKE_21433,SHOP_009,26.0,2,Excellent
BIKE_21433,SHOP_003,25.0,3,Good
BIKE_06053,SHOP_004,23.0,2,Good
BIKE_28698,SHOP_009,26.0,3,Good
BIKE_28698,SHOP_003,26.0,1,Fair
BIKE_29713,SHOP_009,46.0,1,Good
BIKE_29713,SHOP_003,46.0,2,Good
BIKE_02923,SHOP_003,43.0,3,Fair
BIKE_02923,SHOP_009,44.0,1,Good
BIKE_23883,SHOP_003,38.0,2,Good
BIKE_23883,SHOP_009,38.0,2,Good
BIKE_16871,SHOP_012,39.0,3,Excellent
BIKE_18399,SHOP_003,26.0,1,Good
BIKE_09562,SHOP_009,27.0,2,Fair
BIKE_06263,SHOP_001,19.0,1,Fair
BIKE_06263,SHOP_003,21.0,1,Good
BIKE_18090,SHOP_003,24.0,2,Good
BIKE_24529,SHOP_003,25.0,2,Good
BIKE_25148,SHOP_003,35.0,3,Fair
BIKE_32611,SHOP_009,45.0,2,Good
BIKE_32611,SHOP_003,43.0,3,Good
BIKE_33020,SHOP_001,23.0,1,Fair
BIKE_10783,SHOP_001,8.0,1,Good
BIKE_31527,SHOP_009,25.0,3,Excellent
BIKE_31527,SHOP_003,28.0,3,Good
BIKE_12358,SHOP_003,27.0,1,Good
BIKE_12358,SHOP_009,27.0,1,Excellent
BIKE_07033,SHOP_003,11.0,3,Excellent
BIKE_07033,SHOP_009,11.0,1,Good
BIKE_08879,SHOP_007,11.0,3,Good
BIKE_06268,SHOP_003,29.0,1,Good
BIKE_06988,SHOP_003,27.0,2,Good
BIKE_06988,SHOP_009,23.0,1,Good
BIKE_01366,SHOP_003,27.0,2,Good
BIKE_17390,SHOP_003,33.0,2,Fair
BIKE_25810,SHOP_007,19.0,2,Excellent
BIKE_16716,SHOP_009,31.0,3,Fair
BIKE_25481,SHOP_006,8.0,3,Fair
BIKE_08013,SHOP_009,30.0,1,Excellent
BIKE_08013,SHOP_003,30.0,2,Good
BIKE_01901,SHOP_003,11.0,3,Good
BIKE_25755,SHOP_001,18.0,2,Good
BIKE_25755,SHOP_003,18.0,2,Good
BIKE_07779,SHOP_003,26.0,3,Good
BIKE_20450,SHOP_003,44.0,1,Good
BIKE_20450,SHOP_009,44.0,2,Good
BIKE_03448,SHOP_003,31.0,1,Excellent
BIKE_31247,SHOP_009,10.0,1,Fair
BIKE_31718,SHOP_012,42.0,2,Excellent
BIKE_14575,SHOP_009,36.0,1,Good
BIKE_14575,SHOP_003,36.0,2,Good
BIKE_04625,SHOP_001,8.0,2,Good
BIKE_19608,SHOP_003,27.0,2,Good
BIKE_19608,SHOP_009,25.0,1,Fair
BIKE_33421,SHOP_001,10.0,2,Good
BIKE_18461,SHOP_009,40.0,1,Good
BIKE_18461,SHOP_003,38.0,3,Good
BIKE_12687,SHOP_003,28.0,3,Good
BIKE_12687,SHOP_009,29.0,2,Good
BIKE_05148,SHOP_009,26.0,1,Good
BIKE_05148,SHOP_003,24.0,3,Good
BIKE_32034,SHOP_003,28.0,2,Good
BIKE_30413,SHOP_003,33.0,1,Good
BIKE_30413,SHOP_009,31.0,1,Excellent
BIKE_28501,SHOP_003,20.0,3,Fair
BIKE_12138,SHOP_003,23.0,2,Good
BIKE_12138,SHOP_009,25.0,2,Good
BIKE_26755,SHOP_009,29.0,3,Excellent
BIKE_28137,SHOP_001,10.0,3,Fair
BIKE_28137,SHOP_007,10.0,1,Good
BIKE_18912,SHOP_003,41.0,1,Good
BIKE_22012,SHOP_007,11.0,3,Excellent
BIKE_22012,SHOP_003,8.0,3,Good
BIKE_35331,SHOP_009,34.0,1,Fair
BIKE_35331,SHOP_003,32.0,3,Good
BIKE_16264,SHOP_009,10.0,1,Good
BIKE_16264,SHOP_007,12.0,2,Good
BIKE_04387,SHOP_009,27.0,2,Good
BIKE_17258,SHOP_003,26.0,3,Good
BIKE_17258,SHOP_009,27.0,1,Good
BIKE_06857,SHOP_010,21.0,1,Excellent
BIKE_31989,SHOP_007,9.0,2,Good
BIKE_31989,SHOP_001,11.0,2,Fair
BIKE_09103,SHOP_010,23.0,2,Fair
BIKE_24516,SHOP_009,45.0,1,Good
BIKE_27363,SHOP_003,27.0,2,Good
BIKE_27363,SHOP_009,27.0,3,Good
BIKE_30481,SHOP_001,10.0,1,Good
BIKE_14085,SHOP_012,42.0,3,Good
BIKE_33560,SHOP_009,21.0,3,Fair
BIKE_33560,SHOP_007,20.0,1,Excellent
BIKE_12799,SHOP_010,23.0,2,Fair
BIKE_12799,SHOP_001,23.0,1,Good
BIKE_31227,SHOP_006,18.0,2,Good
BIKE_31227,SHOP_004,20.0,2,Good
BIKE_29634,SHOP_003,26.0,2,Excellent
BIKE_25983,SHOP_007,8.0,3,Fair
BIKE_22282,SHOP_009,24.0,2,Fair
BIKE_06456,SHOP_003,29.0,1,Good
BIKE_06456,SHOP_009,29.0,1,Good
BIKE_27579,SHOP_003,42.0,2,Good
BIKE_35109,SHOP_007,11.0,2,Good
BIKE_04342,SHOP_003,33.0,2,Fair
BIKE_30371,SHOP_003,49.0,3,Good
BIKE_30975,SHOP_003,24.0,3,Good
BIKE_30975,SHOP_009,22.0,3,Good
BIKE_25455,SHOP_009,26.0,2,Fair
BIKE_25455,SHOP_003,26.0,1,Excellent
BIKE_24577,SHOP_003,48.0,3,Fair
BIKE_13215,SHOP_001,9.0,1,Good
BIKE_13215,SHOP_007,10.0,1,Excellent
BIKE_26860,SHOP_009,25.0,3,Excellent
BIKE_30918,SHOP_009,11.0,2,Good
BIKE_03997,SHOP_009,20.0,2,Excellent
BIKE_03397,SHOP_009,31.0,1,Fair
BIKE_03397,SHOP_003,30.0,2,Good
BIKE_12425,SHOP_001,19.0,3,Excellent
BIKE_12425,SHOP_009,22.0,3,Good
BIKE_06410,SHOP_003,25.0,3,Good
BIKE_06410,SHOP_009,26.0,3,Good
BIKE_00904,SHOP_010,20.0,1,Excellent
BIKE_00904,SHOP_004,19.0,3,Good
BIKE_38319,SHOP_003,29.0,2,Good
BIKE_38319,SHOP_009,27.0,2,Excellent
BIKE_29202,SHOP_003,26.0,3,Good
BIKE_29202,SHOP_009,26.0,3,Good
BIKE_11430,SHOP_003,20.0,1,Good
BIKE_00989,SHOP_003,26.0,1,Good
BIKE_00989,SHOP_009,26.0,2,Good
BIKE_02280,SHOP_007,10.0,3,Good
BIKE_02280,SHOP_006,10.0,1,Good
BIKE_03694,SHOP_009,28.0,2,Excellent
BIKE_16695,SHOP_007,11.0,2,Good
BIKE_16695,SHOP_006,10.0,2,Fair
BIKE_02393,SHOP_009,18.0,2,Good
BIKE_02393,SHOP_003,20.0,1,Good
BIKE_12524,SHOP_006,20.0,3,Good
BIKE_12524,SHOP_009,19.0,2,Good
BIKE_29555,SHOP_012,51.0,3,Good
BIKE_07183,SHOP_009,31.0,2,Excellent
BIKE_08358,SHOP_007,10.0,2,Fair
BIKE_08358,SHOP_009,10.0,1,Good
BIKE_10879,SHOP_007,8.0,1,Excellent
BIKE_10879,SHOP_010,10.0,3,Good
BIKE_35514,SHOP_003,31.0,2,Excellent
BIKE_16862,SHOP_003,23.0,3,Fair
BIKE_16862,SHOP_009,21.0,1,Fair
BIKE_20881,SHOP_003,31.0,3,Excellent
BIKE_23427,SHOP_009,24.0,1,Fair
BIKE_21910,SHOP_009,12.0,1,Excellent
BIKE_21910,SHOP_006,10.0,1,Excellent
BIKE_19329,SHOP_009,10.0,2,Good
BIKE_00313,SHOP_004,20.0,1,Fair
BIKE_00313,SHOP_001,18.0,3,Good
BIKE_07653,SHOP_007,11.0,2,Good
BIKE_07653,SHOP_006,9.0,1,Good
BIKE_05836,SHOP_009,29.0,3,Fair
BIKE_07980,SHOP_012,89.0,1,Good
BIKE_10527,SHOP_007,9.0,3,Excellent
BIKE_10527,SHOP_001,10.0,2,Good
BIKE_14822,SHOP_007,9.0,3,Good
BIKE_18391,SHOP_010,22.0,1,Good
BIKE_18391,SHOP_006,21.0,3,Good
BIKE_36004,SHOP_009,11.0,2,Good
BIKE_36004,SHOP_007,10.0,2,Good
BIKE_19279,SHOP_003,41.0,3,Good
BIKE_19279,SHOP_009,42.0,2,Good
BIKE_13282,SHOP_007,10.0,3,Excellent
BIKE_00894,SHOP_012,50.0,1,Good
BIKE_12629,SHOP_009,20.0,1,Good
BIKE_12629,SHOP_003,19.0,1,Good
BIKE_11477,SHOP_009,39.0,2,Excellent
BIKE_11477,SHOP_003,40.0,2,Good
BIKE_02903,SHOP_009,37.0,2,Fair
BIKE_32039,SHOP_012,54.0,3,Good
BIKE_37539,SHOP_009,22.0,3,Good
BIKE_37539,SHOP_003,22.0,2,Good
BIKE_19106,SHOP_003,26.0,1,Fair
BIKE_19106,SHOP_009,28.0,2,Good
BIKE_20630,SHOP_009,21.0,1,Good
BIKE_05223,SHOP_003,25.0,2,Good
BIKE_05223,SHOP_009,24.0,1,Good
BIKE_19940,SHOP_003,9.0,1,Good
BIKE_16291,SHOP_010,21.0,3,Good
BIKE_01647,SHOP_006,19.0,3,Good
BIKE_01647,SHOP_001,20.0,2,Fair
BIKE_01087,SHOP_009,23.0,1,Fair
BIKE_01087,SHOP_003,22.0,2,Good
BIKE_25867,SHOP_009,42.0,1,Good
BIKE_25867,SHOP_003,39.0,1,Good
BIKE_01370,SHOP_001,11.0,3,Good
BIKE_34845,SHOP_006,11.0,1,Excellent
BIKE_34845,SHOP_003,10.0,2,Good
BIKE_07364,SHOP_003,27.0,2,Good
BIKE_07364,SHOP_009,27.0,1,Excellent
BIKE_31198,SHOP_012,42.0,3,Excellent
BIKE_13484,SHOP_009,30.0,1,Good
BIKE_23256,SHOP_012,48.0,3,Good
BIKE_27899,SHOP_004,21.0,1,Excellent
BIKE_27899,SHOP_010,23.0,3,Fair
BIKE_24531,SHOP_009,22.0,2,Excellent
BIKE_24531,SHOP_007,24.0,1,Fair
BIKE_02725,SHOP_001,24.0,1,Excellent
BIKE_10289,SHOP_003,38.0,2,Excellent
BIKE_31868,SHOP_004,20.0,3,Good
BIKE_33865,SHOP_007,19.0,1,Good
BIKE_33865,SHOP_003,17.0,3,Good
BIKE_34862,SHOP_007,19.0,3,Excellent
BIKE_34537,SHOP_003,31.0,2,Good
BIKE_34537,SHOP_009,32.0,1,Fair
BIKE_01215,SHOP_003,26.0,3,Good
BIKE_01215,SHOP_009,27.0,3,Fair
BIKE_13108,SHOP_007,21.0,3,Good
BIKE_13108,SHOP_006,20.0,3,Good
BIKE_00346,SHOP_012,44.0,3,Good
BIKE_23272,SHOP_009,26.0,3,Excellent
BIKE_01204,SHOP_007,23.0,3,Good
BIKE_01204,SHOP_010,21.0,3,Fair
BIKE_10324,SHOP_003,12.0,3,Good
BIKE_21539,SHOP_003,33.0,3,Good
BIKE_27629,SHOP_003,8.0,3,Good
BIKE_11682,SHOP_003,22.0,3,Fair
BIKE_38193,SHOP_003,28.0,2,Fair
BIKE_38193,SHOP_009,31.0,3,Fair
BIKE_36806,SHOP_003,29.0,1,Good
BIKE_36806,SHOP_009,29.0,2,Good
BIKE_07743,SHOP_003,28.0,1,Good
BIKE_36544,SHOP_009,28.0,1,Good
BIKE_21785,SHOP_003,41.0,2,Good
BIKE_35206,SHOP_003,21.0,1,Good
BIKE_35206,SHOP_009,19.0,3,Good
BIKE_37611,SHOP_009,19.0,1,Good
BIKE_37611,SHOP_001,20.0,3,Fair
BIKE_27674,SHOP_003,35.0,1,Excellent
BIKE_27674,SHOP_009,34.0,3,Fair
BIKE_22533,SHOP_009,12.0,3,Good
BIKE_25572,SHOP_006,10.0,2,Good
BIKE_15747,SHOP_009,30.0,2,Excellent
BIKE_15747,SHOP_003,29.0,3,Good
BIKE_26629,SHOP_003,10.0,1,Excellent
BIKE_26629,SHOP_001,12.0,1,Good
BIKE_01231,SHOP_007,23.0,2,Excellent
BIKE_01231,SHOP_010,24.0,3,Good
BIKE_20915,SHOP_001,20.0,1,Fair
BIKE_04937,SHOP_003,21.0,2,Fair
BIKE_29719,SHOP_009,29.0,1,Good
BIKE_29719,SHOP_003,31.0,1,Excellent
BIKE_24696,SHOP_009,28.0,1,Good
BIKE_24696,SHOP_003,26.0,1,Good
BIKE_33253,SHOP_003,36.0,3,Good
BIKE_33253,SHOP_009,36.0,2,Good
BIKE_22975,SHOP_009,30.0,2,Good
BIKE_05810,SHOP_003,45.0,2,Good
BIKE_14658,SHOP_003,38.0,3,Good
BIKE_14658,SHOP_009,39.0,3,Fair
BIKE_18363,SHOP_009,25.0,2,Good
BIKE_18363,SHOP_003,25.0,2,Good
BIKE_18308,SHOP_003,27.0,3,Fair
BIKE_18308,SHOP_009,24.0,1,Excellent
BIKE_29581,SHOP_003,20.0,2,Fair
BIKE_29581,SHOP_010,22.0,1,Good
BIKE_31516,SHOP_012,43.0,2,Excellent
BIKE_24520,SHOP_009,29.0,2,Good
BIKE_24520,SHOP_003,27.0,1,Good
BIKE_03290,SHOP_007,20.0,3,Good
BIKE_12858,SHOP_001,11.0,3,Good
BIKE_12858,SHOP_009,11.0,3,Good
BIKE_34322,SHOP_009,29.0,2,Good
BIKE_04480,SHOP_003,43.0,2,Good
BIKE_04480,SHOP_009,43.0,2,Good
BIKE_12263,SHOP_003,27.0,2,Good
BIKE_12263,SHOP_009,28.0,1,Good
BIKE_36524,SHOP_004,22.0,2,Good
BIKE_36524,SHOP_006,19.0,2,Excellent
BIKE_20228,SHOP_003,18.0,3,Fair
BIKE_30176,SHOP_003,24.0,3,Fair
BIKE_15337,SHOP_009,25.0,3,Good
BIKE_29209,SHOP_009,25.0,2,Excellent
BIKE_08310,SHOP_003,30.0,3,Good
BIKE_16300,SHOP_001,11.0,3,Good
BIKE_16300,SHOP_006,9.0,1,Good
BIKE_02527,SHOP_003,27.0,1,Excellent
BIKE_02527,SHOP_009,24.0,3,Good
BIKE_25665,SHOP_001,22.0,2,Good
BIKE_03808,SHOP_003,28.0,2,Fair
BIKE_03808,SHOP_009,25.0,3,Good
BIKE_02222,SHOP_009,38.0,3,Good
BIKE_02222,SHOP_003,38.0,3,Good
BIKE_05170,SHOP_009,25.0,3,Fair
BIKE_35901,SHOP_003,47.0,3,Good
BIKE_20520,SHOP_009,37.0,3,Good
BIKE_20520,SHOP_003,39.0,2,Good
BIKE_18843,SHOP_009,24.0,2,Good
BIKE_18843,SHOP_003,22.0,3,Good
BIKE_28167,SHOP_003,26.0,3,Good
BIKE_28167,SHOP_009,27.0,2,Good
BIKE_13632,SHOP_003,27.0,3,Excellent
BIKE_33031,SHOP_009,26.0,1,Good
BIKE_29871,SHOP_009,22.0,2,Excellent
BIKE_29871,SHOP_001,21.0,2,Good
BIKE_36999,SHOP_009,25.0,3,Good
BIKE_36999,SHOP_003,25.0,1,Fair
BIKE_35237,SHOP_003,24.0,2,Good
BIKE_35237,SHOP_009,24.0,3,Good
BIKE_37751,SHOP_003,19.0,3,Good
BIKE_26239,SHOP_003,20.0,1,Good
BIKE_26239,SHOP_009,20.0,2,Excellent
BIKE_02278,SHOP_009,22.0,1,Fair
BIKE_08350,SHOP_004,24.0,1,Excellent
BIKE_14074,SHOP_003,22.0,2,Fair
BIKE_32291,SHOP_003,10.0,3,Good
BIKE_32291,SHOP_006,12.0,1,Fair
BIKE_02374,SHOP_003,20.0,3,Good
BIKE_02374,SHOP_010,20.0,3,Good
BIKE_04106,SHOP_004,20.0,1,Good
BIKE_15146,SHOP_001,22.0,3,Fair
BIKE_15146,SHOP_003,19.0,3,Good
BIKE_22171,SHOP_009,18.0,1,Good
BIKE_18237,SHOP_010,18.0,3,Good
BIKE_31794,SHOP_001,23.0,2,Good
BIKE_27859,SHOP_012,97.0,1,Good
BIKE_29817,SHOP_009,27.0,3,Fair
BIKE_31743,SHOP_009,20.0,2,Good
BIKE_38613,SHOP_009,21.0,3,Fair
BIKE_38613,SHOP_003,23.0,2,Fair
BIKE_24461,SHOP_009,29.0,3,Good
BIKE_24461,SHOP_003,26.0,1,Good
BIKE_05847,SHOP_003,24.0,3,Good
BIKE_05847,SHOP_009,23.0,2,Good
BIKE_38701,SHOP_009,49.0,1,Good
BIKE_18084,SHOP_003,25.0,1,Excellent
BIKE_18084,SHOP_009,26.0,2,Good
BIKE_35184,SHOP_006,25.0,3,Good
BIKE_35184,SHOP_003,26.0,3,Good
BIKE_02507,SHOP_003,28.0,1,Fair
BIKE_02507,SHOP_009,28.0,3,Fair
BIKE_08153,SHOP_006,22.0,2,Fair
BIKE_08153,SHOP_010,25.0,3,Fair
BIKE_05124,SHOP_003,23.0,2,Good
BIKE_21948,SHOP_003,27.0,3,Good
BIKE_21948,SHOP_009,26.0,2,Good
BIKE_30788,SHOP_003,47.0,3,Good
BIKE_30788,SHOP_009,48.0,2,Fair
BIKE_15822,SHOP_004,24.0,2,Good
BIKE_15822,SHOP_010,22.0,3,Good
BIKE_30179,SHOP_009,21.0,2,Good
BIKE_31916,SHOP_006,10.0,3,Good
BIKE_25874,SHOP_012,55.0,2,Good
BIKE_06607,SHOP_009,23.0,2,Good
BIKE_18930,SHOP_009,45.0,1,Good
BIKE_18930,SHOP_003,45.0,3,Good
BIKE_22729,SHOP_003,28.0,1,Fair
BIKE_33839,SHOP_009,26.0,3,Good
BIKE_33839,SHOP_003,25.0,1,Excellent
BIKE_14583,SHOP_001,10.0,3,Fair
BIKE_14583,SHOP_006,9.0,3,Good
BIKE_12133,SHOP_009,42.0,2,Excellent
BIKE_12133,SHOP_003,43.0,3,Excellent
BIKE_36080,SHOP_012,60.0,2,Good
BIKE_19245,SHOP_009,22.0,2,Good
BIKE_19245,SHOP_003,20.0,2,Good
BIKE_35352,SHOP_009,24.0,2,Fair
BIKE_31644,SHOP_004,20.0,1,Good
BIKE_31644,SHOP_006,21.0,3,Fair
BIKE_21465,SHOP_009,35.0,1,Good
BIKE_21465,SHOP_003,33.0,2,Good
BIKE_22408,SHOP_003,22.0,1,Good
BIKE_22408,SHOP_009,23.0,1,Excellent
BIKE_19046,SHOP_012,67.0,1,Good
BIKE_11749,SHOP_003,26.0,3,Excellent
BIKE_11749,SHOP_009,26.0,2,Good
BIKE_06361,SHOP_004,22.0,3,Good
BIKE_06361,SHOP_003,22.0,1,Fair
BIKE_31107,SHOP_003,24.0,1,Good
BIKE_13118,SHOP_006,9.0,3,Good
BIKE_13118,SHOP_001,11.0,3,Excellent
BIKE_20476,SHOP_009,24.0,3,Excellent
BIKE_21654,SHOP_009,22.0,1,Good
BIKE_16233,SHOP_009,25.0,1,Excellent
BIKE_16233,SHOP_003,23.0,3,Excellent
BIKE_25503,SHOP_009,9.0,2,Fair
BIKE_25503,SHOP_003,9.0,3,Good
BIKE_02269,SHOP_003,36.0,2,Good
BIKE_14295,SHOP_003,38.0,2,Good
BIKE_14295,SHOP_009,35.0,1,Excellent
BIKE_03441,SHOP_003,22.0,3,Fair
BIKE_03441,SHOP_004,20.0,1,Good
BIKE_00274,SHOP_007,20.0,2,Good
BIKE_00274,SHOP_009,20.0,1,Good
BIKE_10323,SHOP_003,43.0,1,Good
BIKE_37552,SHOP_009,28.0,3,Excellent
BIKE_37552,SHOP_003,27.0,2,Good
BIKE_11163,SHOP_009,26.0,1,Good
BIKE_11163,SHOP_003,26.0,1,Good
BIKE_28320,SHOP_003,22.0,1,Good
BIKE_08925,SHOP_009,40.0,3,Fair
BIKE_08925,SHOP_003,41.0,1,Good
BIKE_31151,SHOP_009,51.0,3,Good
BIKE_07984,SHOP_012,48.0,1,Excellent
BIKE_33427,SHOP_007,9.0,3,Good
BIKE_33427,SHOP_003,12.0,3,Fair
BIKE_09403,SHOP_003,30.0,3,Good
BIKE_09403,SHOP_009,29.0,3,Good
BIKE_26356,SHOP_003,23.0,1,Excellent
BIKE_26356,SHOP_009,25.0,1,Good
BIKE_09351,SHOP_010,19.0,3,Good
BIKE_09351,SHOP_006,19.0,3,Excellent
BIKE_25871,SHOP_003,27.0,1,Good
BIKE_13804,SHOP_006,11.0,3,Fair
BIKE_13804,SHOP_009,10.0,2,Fair
BIKE_16825,SHOP_003,21.0,2,Good
BIKE_38719,SHOP_007,21.0,1,Fair
BIKE_19750,SHOP_009,29.0,2,Good
BIKE_19750,SHOP_003,28.0,1,Good
BIKE_12378,SHOP_006,11.0,2,Good
BIKE_31643,SHOP_012,50.0,2,Excellent
BIKE_15481,SHOP_009,34.0,1,Good
BIKE_15481,SHOP_003,33.0,3,Excellent
BIKE_05252,SHOP_003,11.0,1,Fair
BIKE_05252,SHOP_006,12.0,2,Good
BIKE_33912,SHOP_009,11.0,2,Excellent
BIKE_33912,SHOP_003,11.0,1,Good
BIKE_35383,SHOP_009,42.0,2,Good
BIKE_35383,SHOP_003,45.0,2,Excellent
BIKE_04679,SHOP_007,8.0,2,Fair
BIKE_04679,SHOP_001,8.0,3,Good
BIKE_14752,SHOP_006,11.0,2,Good
BIKE_14752,SHOP_003,10.0,3,Good
BIKE_25925,SHOP_003,27.0,1,Fair
BIKE_25925,SHOP_009,25.0,3,Good
BIKE_26459,SHOP_001,20.0,2,Good
BIKE_26459,SHOP_004,23.0,3,Excellent
BIKE_35886,SHOP_007,9.0,1,Excellent
BIKE_36279,SHOP_009,34.0,1,Fair
BIKE_36279,SHOP_003,32.0,1,Good
BIKE_08238,SHOP_004,21.0,2,Good
BIKE_08238,SHOP_006,18.0,2,Good
BIKE_17210,SHOP_003,28.0,1,Good
BIKE_17210,SHOP_009,26.0,1,Fair
BIKE_22241,SHOP_009,29.0,3,Good
BIKE_19007,SHOP_009,21.0,2,Good
BIKE_38545,SHOP_007,24.0,1,Excellent
BIKE_05282,SHOP_006,8.0,2,Good
BIKE_27232,SHOP_007,9.0,3,Excellent
BIKE_01676,SHOP_003,44.0,1,Good
BIKE_13590,SHOP_009,28.0,2,Good
BIKE_08057,SHOP_003,28.0,2,Fair
BIKE_08057,SHOP_009,28.0,3,Excellent
BIKE_34438,SHOP_009,31.0,1,Excellent
BIKE_34438,SHOP_003,28.0,2,Fair
BIKE_08188,SHOP_012,51.0,3,Good
BIKE_05689,SHOP_009,22.0,2,Excellent
BIKE_29429,SHOP_009,21.0,2,Good
BIKE_13022,SHOP_009,30.0,1,Fair
BIKE_13022,SHOP_003,31.0,2,Good
BIKE_09987,SHOP_012,46.0,3,Excellent
BIKE_03829,SHOP_009,40.0,3,Excellent
BIKE_03829,SHOP_003,38.0,3,Excellent
BIKE_22609,SHOP_003,10.0,2,Excellent
BIKE_22609,SHOP_001,13.0,3,Fair
BIKE_29131,SHOP_003,46.0,2,Excellent
BIKE_29131,SHOP_009,45.0,2,Good
BIKE_07714,SHOP_007,11.0,2,Good
BIKE_07714,SHOP_003,10.0,3,Good
BIKE_03753,SHOP_009,51.0,2,Good
BIKE_03753,SHOP_003,49.0,3,Good
BIKE_10365,SHOP_003,44.0,2,Good
BIKE_21190,SHOP_009,34.0,3,Good
BIKE_21190,SHOP_003,35.0,1,Good
BIKE_04064,SHOP_003,20.0,1,Good
BIKE_33344,SHOP_009,19.0,1,Good
BIKE_34137,SHOP_003,30.0,2,Fair
BIKE_34137,SHOP_009,32.0,3,Excellent
BIKE_38574,SHOP_007,22.0,2,Good
BIKE_38574,SHOP_004,23.0,1,Good
BIKE_24560,SHOP_003,28.0,3,Excellent
BIKE_14786,SHOP_003,32.0,1,Excellent
BIKE_14786,SHOP_009,32.0,1,Good
BIKE_02081,SHOP_003,31.0,1,Good
BIKE_32760,SHOP_007,19.0,1,Good
BIKE_32760,SHOP_003,23.0,1,Good
BIKE_25434,SHOP_009,25.0,2,Good
BIKE_25434,SHOP_003,25.0,3,Good
BIKE_33744,SHOP_007,9.0,1,Good
BIKE_33744,SHOP_009,11.0,3,Excellent
BIKE_33696,SHOP_004,11.0,1,Fair
BIKE_33696,SHOP_003,11.0,2,Fair
BIKE_32065,SHOP_007,12.0,2,Fair
BIKE_02626,SHOP_003,30.0,3,Good
BIKE_02626,SHOP_009,30.0,1,Good
BIKE_03910,SHOP_009,50.0,3,Good
BIKE_03910,SHOP_003,48.0,3,Good
BIKE_11216,SHOP_009,23.0,1,Good
BIKE_11216,SHOP_003,22.0,2,Good
BIKE_11198,SHOP_003,30.0,2,Good
BIKE_11198,SHOP_009,32.0,2,Good
BIKE_33128,SHOP_009,42.0,3,Good
BIKE_05345,SHOP_009,32.0,2,Excellent
BIKE_05345,SHOP_003,31.0,1,Fair
BIKE_35910,SHOP_003,9.0,2,Excellent
BIKE_35910,SHOP_007,10.0,3,Good
BIKE_18900,SHOP_003,26.0,1,Fair
BIKE_18900,SHOP_009,29.0,1,Good
BIKE_01851,SHOP_009,31.0,2,Excellent
BIKE_01851,SHOP_003,33.0,1,Good
BIKE_28811,SHOP_001,21.0,1,Good
BIKE_28811,SHOP_003,20.0,1,Good
BIKE_24807,SHOP_009,28.0,2,Good
BIKE_24807,SHOP_003,26.0,2,Good
BIKE_31021,SHOP_003,20.0,3,Excellent
BIKE_26923,SHOP_003,25.0,2,Excellent
BIKE_26923,SHOP_009,24.0,2,Good
BIKE_17899,SHOP_003,20.0,3,Good
BIKE_06395,SHOP_001,11.0,1,Good
BIKE_35812,SHOP_001,8.0,2,Fair
BIKE_35812,SHOP_003,8.0,3,Excellent
BIKE_10598,SHOP_001,8.0,2,Good
BIKE_10598,SHOP_003,11.0,3,Good
BIKE_28512,SHOP_007,22.0,3,Good
BIKE_28512,SHOP_004,22.0,3,Good
BIKE_18334,SHOP_003,28.0,1,Fair
BIKE_18334,SHOP_009,27.0,1,Good
BIKE_26480,SHOP_009,33.0,2,Good
BIKE_30948,SHOP_003,37.0,1,Fair
BIKE_30948,SHOP_009,36.0,2,Good
BIKE_18999,SHOP_009,26.0,3,Good
BIKE_38543,SHOP_007,19.0,3,Good
BIKE_12724,SHOP_009,23.0,1,Fair
BIKE_29274,SHOP_006,11.0,1,Good
BIKE_14680,SHOP_009,25.0,2,Excellent
BIKE_14680,SHOP_003,25.0,3,Excellent
BIKE_08671,SHOP_003,22.0,2,Good
BIKE_08671,SHOP_009,22.0,1,Fair
BIKE_01684,SHOP_010,24.0,3,Good
BIKE_35217,SHOP_003,36.0,1,Good
BIKE_03108,SHOP_009,50.0,2,Good
BIKE_03108,SHOP_003,50.0,1,Good
BIKE_10090,SHOP_009,32.0,2,Good
BIKE_29497,SHOP_009,24.0,2,Excellent
BIKE_29497,SHOP_003,23.0,1,Good
BIKE_07900,SHOP_003,25.0,2,Fair
BIKE_07900,SHOP_009,22.0,2,Good
BIKE_07341,SHOP_003,35.0,1,Good
BIKE_07341,SHOP_009,36.0,3,Good
BIKE_18511,SHOP_007,10.0,1,Good
BIKE_18511,SHOP_001,11.0,3,Good
BIKE_26968,SHOP_009,22.0,2,Excellent
BIKE_10277,SHOP_009,21.0,2,Fair
BIKE_10608,SHOP_009,29.0,2,Excellent
BIKE_10608,SHOP_003,30.0,1,Excellent
BIKE_30626,SHOP_003,25.0,2,Excellent
BIKE_30626,SHOP_009,27.0,1,Good
BIKE_29158,SHOP_009,20.0,2,Good
BIKE_21331,SHOP_003,23.0,3,Fair
BIKE_18092,SHOP_003,25.0,2,Good
BIKE_02492,SHOP_009,29.0,1,Good
BIKE_02492,SHOP_003,31.0,2,Good
BIKE_00772,SHOP_009,28.0,2,Good
BIKE_00772,SHOP_003,30.0,3,Fair
BIKE_32124,SHOP_009,31.0,3,Good
BIKE_25271,SHOP_007,19.0,2,Fair
BIKE_00857,SHOP_007,21.0,3,Good
BIKE_25841,SHOP_003,26.0,3,Fair
BIKE_25841,SHOP_009,25.0,2,Excellent
BIKE_21041,SHOP_007,9.0,2,Good
BIKE_21041,SHOP_009,9.0,2,Fair
BIKE_38057,SHOP_009,10.0,2,Good
BIKE_38057,SHOP_007,9.0,1,Fair
BIKE_37346,SHOP_003,30.0,1,Fair
BIKE_37346,SHOP_009,27.0,2,Good
BIKE_04120,SHOP_007,21.0,2,Excellent
BIKE_04120,SHOP_001,20.0,3,Excellent
BIKE_32782,SHOP_009,28.0,3,Excellent
BIKE_18714,SHOP_001,9.0,3,Fair
BIKE_02414,SHOP_012,41.0,1,Good
BIKE_37437,SHOP_003,21.0,2,Fair
BIKE_19662,SHOP_003,22.0,2,Good
BIKE_24147,SHOP_009,33.0,2,Good
BIKE_24147,SHOP_003,33.0,3,Good
BIKE_21934,SHOP_009,28.0,1,Fair
BIKE_21934,SHOP_003,28.0,2,Good
BIKE_33952,SHOP_003,30.0,1,Excellent
BIKE_33952,SHOP_009,29.0,1,Good
BIKE_17442,SHOP_009,38.0,2,Good
BIKE_31264,SHOP_003,9.0,2,Good
BIKE_12403,SHOP_012,42.0,2,Excellent
BIKE_04339,SHOP_001,24.0,3,Fair
BIKE_04339,SHOP_007,23.0,3,Good
BIKE_36175,SHOP_003,49.0,2,Good
BIKE_36175,SHOP_009,50.0,2,Excellent
BIKE_03580,SHOP_003,31.0,3,Excellent
BIKE_07144,SHOP_003,22.0,1,Good
BIKE_34502,SHOP_009,21.0,3,Good
BIKE_01968,SHOP_003,25.0,2,Excellent
BIKE_35655,SHOP_009,24.0,2,Fair
BIKE_19845,SHOP_009,44.0,1,Fair
BIKE_16794,SHOP_012,50.0,1,Good
BIKE_37512,SHOP_003,23.0,2,Good
BIKE_08725,SHOP_009,21.0,3,Good
BIKE_33725,SHOP_006,20.0,2,Good
BIKE_21415,SHOP_006,8.0,3,Excellent
BIKE_21415,SHOP_007,9.0,1,Fair
BIKE_27681,SHOP_003,37.0,2,Good
BIKE_27681,SHOP_009,38.0,1,Excellent
BIKE_21443,SHOP_003,33.0,3,Excellent
BIKE_24114,SHOP_003,28.0,3,Good
BIKE_26136,SHOP_009,23.0,1,Good
BIKE_23167,SHOP_001,9.0,2,Good
BIKE_21629,SHOP_009,19.0,3,Good
BIKE_26565,SHOP_003,18.0,2,Good
BIKE_28945,SHOP_001,10.0,1,Good
BIKE_08023,SHOP_006,12.0,1,Good
BIKE_24620,SHOP_009,9.0,1,Good
BIKE_24620,SHOP_003,12.0,3,Good
BIKE_08639,SHOP_009,28.0,1,Good
BIKE_08639,SHOP_003,25.0,1,Good
BIKE_02540,SHOP_009,32.0,1,Fair
BIKE_02540,SHOP_003,31.0,3,Fair
BIKE_37582,SHOP_010,19.0,1,Fair
BIKE_37582,SHOP_009,20.0,1,Good
BIKE_30545,SHOP_003,28.0,3,Good
BIKE_30545,SHOP_009,28.0,3,Fair
BIKE_13310,SHOP_003,26.0,1,Fair
BIKE_15984,SHOP_001,12.0,3,Fair
BIKE_00927,SHOP_009,21.0,3,Good
BIKE_00927,SHOP_003,20.0,1,Good
BIKE_02009,SHOP_009,37.0,1,Fair
BIKE_22461,SHOP_012,48.0,2,Excellent
BIKE_12650,SHOP_004,19.0,2,Good
BIKE_12650,SHOP_007,20.0,2,Good
BIKE_09793,SHOP_009,30.0,1,Good
BIKE_09793,SHOP_003,30.0,2,Excellent
BIKE_14979,SHOP_003,29.0,3,Fair
BIKE_24988,SHOP_004,13.0,2,Fair
BIKE_24988,SHOP_001,13.0,3,Good
BIKE_14981,SHOP_006,9.0,1,Good
BIKE_14981,SHOP_009,9.0,1,Excellent
BIKE_27816,SHOP_009,23.0,1,Good
BIKE_27816,SHOP_003,25.0,2,Good
BIKE_19577,SHOP_009,42.0,2,Good
BIKE_36018,SHOP_012,49.0,1,Excellent
BIKE_08814,SHOP_009,23.0,2,Excellent
BIKE_08814,SHOP_003,24.0,1,Excellent
BIKE_37663,SHOP_009,37.0,3,Good
BIKE_09473,SHOP_003,46.0,3,Fair
BIKE_30923,SHOP_012,42.0,3,Good
BIKE_02322,SHOP_003,24.0,3,Good
BIKE_01568,SHOP_007,19.0,1,Good
BIKE_16068,SHOP_003,36.0,2,Good
BIKE_24506,SHOP_007,12.0,1,Good
BIKE_33171,SHOP_007,8.0,1,Excellent
BIKE_33171,SHOP_001,11.0,3,Excellent
BIKE_14946,SHOP_004,24.0,1,Fair
BIKE_17956,SHOP_012,50.0,2,Excellent
BIKE_30769,SHOP_003,38.0,1,Fair
BIKE_30769,SHOP_009,39.0,3,Excellent
BIKE_14600,SHOP_006,11.0,2,Good
BIKE_24091,SHOP_003,12.0,3,Good
BIKE_36827,SHOP_003,26.0,2,Excellent
BIKE_12383,SHOP_006,9.0,2,Good
BIKE_25309,SHOP_009,30.0,3,Good
BIKE_25309,SHOP_003,32.0,3,Fair
BIKE_08552,SHOP_006,9.0,1,Fair
BIKE_38391,SHOP_007,21.0,2,Good
BIKE_38391,SHOP_003,22.0,3,Excellent
BIKE_33522,SHOP_006,9.0,3,Good
BIKE_33522,SHOP_009,9.0,3,Good
BIKE_29847,SHOP_003,12.0,2,Good
BIKE_29847,SHOP_010,11.0,2,Fair
BIKE_18534,SHOP_003,21.0,1,Fair
BIKE_30123,SHOP_003,27.0,2,Good
BIKE_27743,SHOP_009,19.0,2,Good
BIKE_27743,SHOP_003,22.0,3,Excellent
BIKE_38259,SHOP_006,8.0,1,Fair
BIKE_38259,SHOP_009,11.0,2,Fair
BIKE_13339,SHOP_006,10.0,3,Good
BIKE_38469,SHOP_004,24.0,1,Good
BIKE_38469,SHOP_003,23.0,1,Good
BIKE_11473,SHOP_012,47.0,1,Excellent
BIKE_14237,SHOP_003,41.0,3,Good
BIKE_14237,SHOP_009,44.0,1,Good
BIKE_37901,SHOP_003,8.0,2,Excellent
BIKE_37901,SHOP_006,9.0,3,Good
BIKE_27930,SHOP_009,27.0,2,Fair
BIKE_27930,SHOP_003,26.0,2,Good
BIKE_17686,SHOP_009,48.0,1,Excellent
BIKE_17686,SHOP_003,51.0,2,Good
BIKE_18455,SHOP_009,26.0,1,Good
BIKE_18076,SHOP_003,9.0,2,Fair
BIKE_25319,SHOP_007,9.0,2,Excellent
BIKE_25319,SHOP_006,9.0,1,Excellent
BIKE_32850,SHOP_003,37.0,3,Good
BIKE_28032,SHOP_006,20.0,3,Good
BIKE_31447,SHOP_012,50.0,3,Good
BIKE_05787,SHOP_003,28.0,2,Good
BIKE_22459,SHOP_006,10.0,3,Excellent
BIKE_24404,SHOP_001,24.0,3,Good
BIKE_32622,SHOP_012,47.0,2,Good
BIKE_14867,SHOP_003,19.0,3,Good
BIKE_14867,SHOP_009,20.0,1,Good
BIKE_01060,SHOP_001,18.0,3,Good
BIKE_01060,SHOP_009,18.0,3,Good
BIKE_26504,SHOP_003,36.0,3,Good
BIKE_26504,SHOP_009,36.0,2,Good
BIKE_27787,SHOP_003,35.0,2,Good
BIKE_27787,SHOP_009,36.0,3,Good
BIKE_06956,SHOP_012,46.0,3,Good
BIKE_17944,SHOP_003,27.0,2,Good
BIKE_17944,SHOP_009,26.0,3,Good
BIKE_16051,SHOP_007,20.0,3,Fair
BIKE_16051,SHOP_001,22.0,3,Good
BIKE_32838,SHOP_012,42.0,2,Good
BIKE_10646,SHOP_010,22.0,3,Excellent
BIKE_06662,SHOP_009,9.0,1,Good
BIKE_06662,SHOP_001,9.0,2,Fair
BIKE_07825,SHOP_012,58.0,2,Good
BIKE_37955,SHOP_009,45.0,1,Good
BIKE_34451,SHOP_003,40.0,1,Good
BIKE_34451,SHOP_009,40.0,2,Excellent
BIKE_16906,SHOP_003,28.0,1,Good
BIKE_24155,SHOP_009,21.0,2,Good
BIKE_24155,SHOP_004,21.0,1,Excellent
BIKE_16757,SHOP_009,22.0,2,Good
BIKE_37888,SHOP_003,32.0,1,Good
BIKE_37888,SHOP_009,30.0,3,Good
BIKE_28124,SHOP_001,18.0,2,Good
BIKE_28124,SHOP_003,18.0,1,Good
BIKE_19806,SHOP_009,29.0,1,Excellent
BIKE_19806,SHOP_003,29.0,1,Good
BIKE_03588,SHOP_001,10.0,3,Fair
BIKE_38082,SHOP_003,11.0,2,Excellent
BIKE_27851,SHOP_012,51.0,2,Good
BIKE_09419,SHOP_009,21.0,2,Excellent
BIKE_08435,SHOP_009,29.0,2,Fair
BIKE_08435,SHOP_003,26.0,3,Good
BIKE_01937,SHOP_012,43.0,2,Good
BIKE_37284,SHOP_003,32.0,2,Excellent
BIKE_37284,SHOP_009,31.0,3,Good
BIKE_28131,SHOP_009,33.0,1,Good
BIKE_28131,SHOP_003,29.0,2,Fair
BIKE_21780,SHOP_007,20.0,3,Good
BIKE_00549,SHOP_012,45.0,1,Good
BIKE_01974,SHOP_009,25.0,3,Good
BIKE_18304,SHOP_003,27.0,2,Fair
BIKE_18304,SHOP_009,27.0,1,Good
BIKE_35277,SHOP_003,27.0,2,Fair
BIKE_35277,SHOP_009,25.0,3,Fair
BIKE_29824,SHOP_009,31.0,1,Good
BIKE_29824,SHOP_003,30.0,1,Excellent
BIKE_21122,SHOP_009,24.0,3,Good
BIKE_04341,SHOP_007,19.0,1,Good
BIKE_08410,SHOP_001,20.0,3,Good
BIKE_08410,SHOP_003,23.0,3,Good
BIKE_09303,SHOP_009,23.0,1,Good
BIKE_09303,SHOP_003,23.0,1,Excellent
BIKE_05915,SHOP_009,24.0,1,Excellent
BIKE_05915,SHOP_003,27.0,1,Good
BIKE_01467,SHOP_003,36.0,3,Fair
BIKE_23983,SHOP_009,26.0,3,Excellent
BIKE_23983,SHOP_003,29.0,3,Fair
BIKE_37795,SHOP_003,51.0,2,Good
BIKE_37795,SHOP_009,50.0,3,Good
BIKE_38370,SHOP_001,11.0,2,Good
BIKE_04645,SHOP_010,20.0,1,Good
BIKE_04645,SHOP_006,18.0,3,Fair
BIKE_23746,SHOP_003,39.0,3,Good
BIKE_23746,SHOP_009,41.0,2,Good
BIKE_12668,SHOP_003,9.0,3,Good
BIKE_36744,SHOP_007,17.0,2,Good
BIKE_36744,SHOP_006,16.0,2,Good
BIKE_32485,SHOP_009,39.0,1,Good
BIKE_33485,SHOP_004,24.0,3,Excellent
BIKE_33485,SHOP_003,23.0,3,Good
BIKE_12033,SHOP_009,36.0,3,Fair
BIKE_05652,SHOP_009,21.0,1,Excellent
BIKE_15986,SHOP_009,30.0,3,Good
BIKE_15986,SHOP_003,32.0,2,Excellent
BIKE_11807,SHOP_009,27.0,1,Good
BIKE_12362,SHOP_003,29.0,1,Excellent
BIKE_12362,SHOP_009,31.0,1,Good
BIKE_02942,SHOP_009,20.0,2,Excellent
BIKE_02942,SHOP_003,21.0,2,Good
BIKE_22624,SHOP_001,18.0,3,Good
BIKE_00345,SHOP_009,31.0,3,Good
BIKE_23107,SHOP_001,15.0,1,Good
BIKE_23107,SHOP_003,12.0,2,Fair
BIKE_10533,SHOP_009,23.0,2,Good
BIKE_35466,SHOP_003,29.0,3,Fair
BIKE_35466,SHOP_009,29.0,1,Good
BIKE_25513,SHOP_003,42.0,3,Excellent
BIKE_30910,SHOP_009,10.0,3,Good
BIKE_25608,SHOP_003,38.0,2,Excellent
BIKE_25608,SHOP_009,35.0,2,Good
BIKE_29318,SHOP_007,9.0,3,Good
BIKE_31441,SHOP_009,20.0,2,Good
BIKE_31441,SHOP_003,21.0,3,Good
BIKE_16541,SHOP_001,14.0,2,Good
BIKE_16541,SHOP_004,15.0,3,Excellent
BIKE_24380,SHOP_006,10.0,2,Good
BIKE_04665,SHOP_004,19.0,2,Good
BIKE_04665,SHOP_006,16.0,1,Good
BIKE_02195,SHOP_012,43.0,1,Excellent
BIKE_03746,SHOP_010,21.0,3,Excellent
BIKE_18801,SHOP_009,35.0,3,Good
BIKE_18801,SHOP_003,36.0,1,Fair
BIKE_15406,SHOP_012,50.0,1,Excellent
BIKE_07688,SHOP_003,20.0,1,Good
BIKE_31775,SHOP_009,34.0,2,Good
BIKE_27171,SHOP_009,29.0,3,Good
BIKE_27171,SHOP_003,28.0,3,Fair
BIKE_35199,SHOP_004,22.0,2,Excellent
BIKE_16899,SHOP_009,29.0,3,Good
BIKE_33273,SHOP_009,35.0,1,Good
BIKE_33273,SHOP_003,35.0,2,Good
BIKE_21138,SHOP_003,30.0,1,Good
BIKE_29261,SHOP_007,21.0,3,Fair
BIKE_02501,SHOP_001,25.0,3,Good
BIKE_02501,SHOP_007,26.0,3,Excellent
BIKE_06291,SHOP_003,40.0,3,Good
BIKE_23292,SHOP_009,10.0,2,Excellent
BIKE_23292,SHOP_007,9.0,1,Excellent
BIKE_29687,SHOP_006,10.0,1,Fair
BIKE_29687,SHOP_001,8.0,3,Good
BIKE_22294,SHOP_012,75.0,3,Excellent
BIKE_24985,SHOP_009,30.0,1,Good
BIKE_24985,SHOP_003,29.0,1,Good
BIKE_26752,SHOP_003,37.0,2,Good
BIKE_07785,SHOP_009,42.0,3,Fair
BIKE_07785,SHOP_003,40.0,2,Fair
BIKE_21655,SHOP_003,28.0,3,Excellent
BIKE_21655,SHOP_009,30.0,1,Fair
BIKE_33336,SHOP_009,49.0,3,Fair
BIKE_33336,SHOP_003,48.0,2,Good
BIKE_24391,SHOP_007,9.0,1,Fair
BIKE_10601,SHOP_003,8.0,1,Good
BIKE_10601,SHOP_007,11.0,1,Excellent
BIKE_07249,SHOP_003,11.0,2,Excellent
BIKE_07249,SHOP_009,10.0,2,Excellent
BIKE_23827,SHOP_001,11.0,2,Fair
BIKE_23827,SHOP_009,11.0,2,Good
BIKE_34331,SHOP_003,24.0,1,Fair
BIKE_05460,SHOP_009,24.0,2,Fair
BIKE_05460,SHOP_003,27.0,1,Fair
BIKE_18670,SHOP_012,45.0,3,Good
BIKE_04680,SHOP_004,21.0,2,Good
BIKE_28518,SHOP_003,28.0,2,Good
BIKE_28518,SHOP_009,28.0,2,Good
BIKE_29582,SHOP_012,45.0,1,Fair
BIKE_09008,SHOP_012,73.0,3,Good
BIKE_11922,SHOP_009,24.0,3,Excellent
BIKE_23780,SHOP_003,32.0,3,Good
BIKE_23780,SHOP_009,34.0,2,Excellent
BIKE_13326,SHOP_003,28.0,1,Good
BIKE_13326,SHOP_009,26.0,3,Excellent
BIKE_12896,SHOP_009,22.0,3,Good
BIKE_19016,SHOP_007,21.0,3,Good
BIKE_19016,SHOP_001,18.0,2,Good
BIKE_36553,SHOP_009,19.0,2,Fair
BIKE_04330,SHOP_009,28.0,3,Good
BIKE_08867,SHOP_009,39.0,2,Good
BIKE_15469,SHOP_009,32.0,2,Good
BIKE_31487,SHOP_003,21.0,1,Good
BIKE_11082,SHOP_012,73.0,2,Good
BIKE_23181,SHOP_003,29.0,2,Good
BIKE_23181,SHOP_009,31.0,2,Good
BIKE_31558,SHOP_010,18.0,1,Excellent
BIKE_00388,SHOP_009,29.0,2,Excellent
BIKE_22503,SHOP_009,30.0,3,Excellent
BIKE_31799,SHOP_009,28.0,3,Good
BIKE_31799,SHOP_003,28.0,3,Good
BIKE_29912,SHOP_009,26.0,1,Good
BIKE_29912,SHOP_003,24.0,3,Good
BIKE_31212,SHOP_009,29.0,2,Excellent
BIKE_04450,SHOP_003,21.0,3,Good
BIKE_04450,SHOP_009,22.0,3,Fair
BIKE_15912,SHOP_003,21.0,3,Good
BIKE_15912,SHOP_009,19.0,2,Fair
BIKE_35417,SHOP_007,11.0,2,Good
BIKE_08018,SHOP_003,37.0,1,Fair
BIKE_08018,SHOP_009,35.0,3,Good
BIKE_25260,SHOP_003,9.0,1,Excellent
BIKE_25260,SHOP_001,8.0,1,Good
BIKE_19954,SHOP_009,29.0,1,Good
BIKE_04143,SHOP_007,8.0,2,Good
BIKE_13144,SHOP_010,11.0,3,Fair
BIKE_13144,SHOP_007,12.0,1,Excellent
BIKE_37508,SHOP_003,17.0,2,Good
BIKE_37508,SHOP_001,18.0,1,Good
BIKE_16381,SHOP_003,21.0,2,Excellent
BIKE_16381,SHOP_009,21.0,3,Excellent
BIKE_07293,SHOP_001,10.0,1,Good
BIKE_07293,SHOP_006,11.0,3,Excellent
BIKE_32917,SHOP_012,51.0,2,Fair
BIKE_25632,SHOP_003,45.0,3,Excellent
BIKE_18160,SHOP_003,32.0,2,Good
BIKE_13941,SHOP_003,22.0,2,Fair
BIKE_34852,SHOP_012,40.0,3,Good
BIKE_14268,SHOP_003,26.0,3,Good
BIKE_14268,SHOP_009,26.0,2,Good
BIKE_01277,SHOP_001,17.0,2,Fair
BIKE_01277,SHOP_003,19.0,3,Good
BIKE_27857,SHOP_003,28.0,2,Good
BIKE_27857,SHOP_009,28.0,3,Fair
BIKE_25078,SHOP_009,24.0,3,Excellent
BIKE_25078,SHOP_003,23.0,2,Excellent
BIKE_26534,SHOP_006,9.0,1,Good
BIKE_13488,SHOP_009,33.0,1,Fair
BIKE_13488,SHOP_003,36.0,2,Good
BIKE_00819,SHOP_003,20.0,2,Good
BIKE_00819,SHOP_009,21.0,3,Excellent
BIKE_00046,SHOP_004,21.0,3,Good
BIKE_00046,SHOP_001,23.0,1,Good
BIKE_10508,SHOP_003,30.0,1,Fair
BIKE_30241,SHOP_009,22.0,2,Excellent
BIKE_30241,SHOP_003,23.0,1,Excellent
BIKE_22445,SHOP_009,49.0,3,Fair
BIKE_23026,SHOP_007,18.0,3,Good
BIKE_23026,SHOP_006,19.0,1,Good
BIKE_16721,SHOP_012,51.0,1,Good
BIKE_29436,SHOP_003,25.0,3,Good
BIKE_29436,SHOP_009,26.0,2,Good
BIKE_16539,SHOP_009,27.0,1,Good
BIKE_12921,SHOP_009,40.0,3,Fair
BIKE_31729,SHOP_001,9.0,2,Good
BIKE_32136,SHOP_010,18.0,3,Good
BIKE_32136,SHOP_007,20.0,1,Good
BIKE_01065,SHOP_003,29.0,1,Fair
BIKE_02664,SHOP_009,30.0,3,Good
BIKE_02664,SHOP_003,31.0,1,Good
BIKE_38359,SHOP_009,28.0,3,Good
BIKE_38359,SHOP_003,25.0,2,Fair
BIKE_22678,SHOP_003,32.0,1,Fair
BIKE_33590,SHOP_009,31.0,2,Excellent
BIKE_33590,SHOP_003,32.0,3,Fair
BIKE_01610,SHOP_009,34.0,1,Good
BIKE_01610,SHOP_003,37.0,2,Good
BIKE_00222,SHOP_009,27.0,3,Good
BIKE_28204,SHOP_009,31.0,3,Fair
BIKE_21458,SHOP_004,20.0,1,Good
BIKE_12522,SHOP_009,39.0,3,Good
BIKE_12522,SHOP_003,37.0,1,Excellent
BIKE_12220,SHOP_003,25.0,1,Good
BIKE_12220,SHOP_009,26.0,2,Good
BIKE_04989,SHOP_007,21.0,2,Good
BIKE_10999,SHOP_001,10.0,2,Good
BIKE_00397,SHOP_009,40.0,1,Good
BIKE_10721,SHOP_009,25.0,1,Fair
BIKE_10721,SHOP_003,24.0,3,Excellent
BIKE_02129,SHOP_009,36.0,1,Excellent
BIKE_02129,SHOP_003,38.0,3,Good
BIKE_33447,SHOP_009,36.0,1,Good
BIKE_33447,SHOP_003,34.0,3,Good
BIKE_12732,SHOP_006,21.0,2,Fair
BIKE_16785,SHOP_009,36.0,1,Good
BIKE_06567,SHOP_009,29.0,2,Good
BIKE_06567,SHOP_003,27.0,2,Fair
BIKE_25922,SHOP_009,33.0,2,Fair
BIKE_25922,SHOP_003,30.0,1,Good
BIKE_06484,SHOP_003,49.0,2,Fair
BIKE_09517,SHOP_003,28.0,3,Fair
BIKE_09517,SHOP_009,30.0,3,Excellent
BIKE_03504,SHOP_009,31.0,2,Good
BIKE_03504,SHOP_003,31.0,2,Fair
BIKE_23250,SHOP_003,28.0,2,Fair
BIKE_23250,SHOP_009,27.0,2,Good
BIKE_30033,SHOP_009,40.0,3,Good
BIKE_04936,SHOP_012,43.0,3,Good
BIKE_26795,SHOP_003,31.0,3,Good
BIKE_26795,SHOP_009,33.0,3,Fair
BIKE_12027,SHOP_003,39.0,2,Good
BIKE_12027,SHOP_009,40.0,3,Good
BIKE_19048,SHOP_009,26.0,1,Fair
BIKE_35670,SHOP_009,30.0,2,Good
BIKE_35670,SHOP_003,29.0,3,Excellent
BIKE_28987,SHOP_009,22.0,2,Good
BIKE_28987,SHOP_003,23.0,2,Good
BIKE_26410,SHOP_012,50.0,3,Excellent
BIKE_08471,SHOP_003,25.0,3,Fair
BIKE_14169,SHOP_009,33.0,1,Good
BIKE_14169,SHOP_003,31.0,3,Good
BIKE_09685,SHOP_012,41.0,3,Fair
BIKE_21123,SHOP_003,27.0,3,Good
BIKE_21123,SHOP_009,28.0,1,Excellent
BIKE_17161,SHOP_003,29.0,1,Good
BIKE_17161,SHOP_009,29.0,2,Good
BIKE_08282,SHOP_012,45.0,1,Good
BIKE_26612,SHOP_009,25.0,2,Good
BIKE_16177,SHOP_006,10.0,2,Good
BIKE_35519,SHOP_003,21.0,1,Good
BIKE_35115,SHOP_009,47.0,1,Good
BIKE_36391,SHOP_009,32.0,3,Good
BIKE_30786,SHOP_009,36.0,3,Good
BIKE_12347,SHOP_003,19.0,1,Good
BIKE_12347,SHOP_009,20.0,2,Excellent
BIKE_06522,SHOP_003,27.0,3,Good
BIKE_38518,SHOP_003,25.0,2,Excellent
BIKE_36190,SHOP_009,44.0,3,Good
BIKE_36044,SHOP_003,39.0,1,Good
BIKE_36044,SHOP_009,38.0,1,Good
BIKE_20488,SHOP_010,20.0,2,Good
BIKE_20488,SHOP_009,17.0,3,Fair
BIKE_29530,SHOP_009,25.0,3,Good
BIKE_29530,SHOP_003,26.0,1,Good
BIKE_35371,SHOP_003,31.0,1,Good
BIKE_04812,SHOP_007,13.0,1,Good
BIKE_10735,SHOP_009,13.0,1,Good
BIKE_10735,SHOP_010,13.0,3,Excellent
BIKE_30557,SHOP_004,20.0,3,Good
BIKE_35469,SHOP_009,20.0,3,Good
BIKE_03394,SHOP_003,28.0,2,Good
BIKE_03394,SHOP_009,26.0,3,Good
BIKE_12068,SHOP_003,27.0,3,Good
BIKE_06974,SHOP_003,25.0,1,Fair
BIKE_38129,SHOP_009,23.0,3,Excellent
BIKE_10496,SHOP_009,37.0,3,Good
BIKE_11601,SHOP_003,26.0,3,Excellent
BIKE_15109,SHOP_012,50.0,3,Good
BIKE_32368,SHOP_003,29.0,2,Good
BIKE_27806,SHOP_001,19.0,2,Good
BIKE_27806,SHOP_010,18.0,3,Good
BIKE_38261,SHOP_003,22.0,1,Good
BIKE_38261,SHOP_009,26.0,2,Fair
BIKE_16915,SHOP_006,21.0,3,Fair
BIKE_16915,SHOP_010,23.0,3,Excellent
BIKE_33385,SHOP_009,25.0,1,Fair
BIKE_33385,SHOP_003,24.0,3,Good
BIKE_07247,SHOP_012,43.0,1,Good
BIKE_04505,SHOP_001,21.0,2,Fair
BIKE_04505,SHOP_007,23.0,3,Fair
BIKE_17149,SHOP_009,29.0,2,Good
BIKE_17149,SHOP_003,31.0,2,Good
BIKE_20036,SHOP_007,18.0,3,Good
BIKE_33663,SHOP_009,22.0,1,Fair
BIKE_10454,SHOP_003,27.0,3,Good
BIKE_33931,SHOP_012,40.0,1,Excellent
BIKE_06770,SHOP_003,41.0,1,Excellent
BIKE_10470,SHOP_009,24.0,1,Fair
BIKE_10470,SHOP_003,23.0,1,Good
BIKE_36916,SHOP_009,36.0,2,Excellent
BIKE_36916,SHOP_003,38.0,3,Good
BIKE_25837,SHOP_003,27.0,2,Excellent
BIKE_15842,SHOP_006,21.0,2,Good
BIKE_34697,SHOP_003,32.0,3,Excellent
BIKE_34697,SHOP_009,33.0,1,Good
BIKE_07599,SHOP_003,42.0,2,Excellent
BIKE_31712,SHOP_006,10.0,2,Fair
BIKE_31712,SHOP_009,12.0,1,Good
BIKE_09702,SHOP_003,50.0,2,Fair
BIKE_09702,SHOP_009,49.0,2,Good
BIKE_13912,SHOP_009,26.0,1,Good
BIKE_07698,SHOP_003,26.0,3,Good
BIKE_11149,SHOP_003,40.0,3,Good
BIKE_11149,SHOP_009,43.0,2,Good
BIKE_02975,SHOP_009,38.0,3,Good
BIKE_04467,SHOP_003,35.0,2,Good
BIKE_16728,SHOP_003,21.0,3,Good
BIKE_16728,SHOP_009,21.0,1,Good
BIKE_26269,SHOP_006,18.0,1,Excellent
BIKE_26466,SHOP_001,9.0,2,Fair
BIKE_11905,SHOP_003,22.0,1,Good
BIKE_33034,SHOP_003,21.0,1,Good
BIKE_00383,SHOP_010,17.0,2,Good
BIKE_33851,SHOP_009,29.0,2,Excellent
BIKE_19110,SHOP_003,25.0,3,Good
BIKE_19110,SHOP_009,27.0,2,Good
BIKE_11670,SHOP_006,20.0,2,Good
BIKE_11670,SHOP_003,22.0,2,Excellent
BIKE_06562,SHOP_003,30.0,1,Good
BIKE_32974,SHOP_003,26.0,2,Good
BIKE_32974,SHOP_009,23.0,1,Good
BIKE_14442,SHOP_003,39.0,2,Good
BIKE_14442,SHOP_009,40.0,2,Good
BIKE_00267,SHOP_001,21.0,3,Good
BIKE_00267,SHOP_007,18.0,1,Excellent
BIKE_09830,SHOP_009,34.0,1,Good
BIKE_35738,SHOP_003,27.0,2,Fair
BIKE_35738,SHOP_009,28.0,1,Good
BIKE_01152,SHOP_009,27.0,3,Good
BIKE_16328,SHOP_012,42.0,1,Good
BIKE_34066,SHOP_004,21.0,2,Good
BIKE_34118,SHOP_007,8.0,1,Good
BIKE_22327,SHOP_007,10.0,2,Good
BIKE_30556,SHOP_001,22.0,2,Good
BIKE_13259,SHOP_009,10.0,2,Excellent
BIKE_13259,SHOP_001,10.0,3,Good
BIKE_09548,SHOP_003,43.0,3,Excellent
BIKE_34111,SHOP_003,27.0,2,Good
BIKE_34111,SHOP_009,27.0,3,Good
BIKE_34201,SHOP_003,35.0,1,Fair
BIKE_34201,SHOP_009,34.0,1,Good
BIKE_32139,SHOP_009,12.0,1,Fair
BIKE_25565,SHOP_009,31.0,1,Excellent
BIKE_25565,SHOP_003,31.0,1,Good
BIKE_03379,SHOP_009,27.0,2,Good
BIKE_25814,SHOP_003,28.0,1,Fair
BIKE_29694,SHOP_003,21.0,2,Good
BIKE_24049,SHOP_003,24.0,3,Excellent
BIKE_12407,SHOP_003,35.0,1,Good
BIKE_12407,SHOP_009,34.0,1,Excellent
BIKE_09097,SHOP_003,22.0,3,Good
BIKE_09097,SHOP_009,22.0,2,Good
BIKE_35074,SHOP_003,32.0,2,Good
BIKE_38533,SHOP_003,29.0,2,Good
BIKE_27143,SHOP_009,27.0,3,Fair
BIKE_33460,SHOP_003,38.0,2,Excellent
BIKE_33460,SHOP_009,37.0,1,Excellent
BIKE_35903,SHOP_009,23.0,2,Excellent
BIKE_35903,SHOP_003,23.0,2,Good
BIKE_31350,SHOP_003,10.0,1,Good
BIKE_23603,SHOP_009,34.0,1,Good
BIKE_23603,SHOP_003,31.0,2,Excellent
BIKE_19387,SHOP_003,32.0,2,Good
BIKE_19387,SHOP_009,31.0,2,Good
BIKE_12152,SHOP_007,10.0,2,Good
BIKE_12152,SHOP_009,10.0,1,Good
BIKE_14789,SHOP_009,11.0,2,Excellent
BIKE_26364,SHOP_003,27.0,1,Excellent
BIKE_06232,SHOP_009,45.0,2,Good
BIKE_21716,SHOP_009,45.0,2,Good
BIKE_30057,SHOP_003,29.0,2,Good
BIKE_23320,SHOP_003,19.0,1,Good
BIKE_00272,SHOP_007,25.0,3,Fair
BIKE_00272,SHOP_010,25.0,1,Good
BIKE_00813,SHOP_009,39.0,1,Good
BIKE_00813,SHOP_003,39.0,1,Good
BIKE_21216,SHOP_003,20.0,1,Good
BIKE_21216,SHOP_009,20.0,2,Good
BIKE_18470,SHOP_003,19.0,3,Good
BIKE_18470,SHOP_009,22.0,2,Excellent
BIKE_06195,SHOP_003,28.0,1,Excellent
BIKE_07628,SHOP_009,25.0,3,Excellent
BIKE_04084,SHOP_012,49.0,2,Good
BIKE_16513,SHOP_003,31.0,1,Fair
BIKE_16513,SHOP_009,30.0,1,Good
BIKE_25505,SHOP_009,9.0,1,Good
BIKE_20401,SHOP_001,12.0,1,Excellent
BIKE_20401,SHOP_007,12.0,3,Good
BIKE_14771,SHOP_009,22.0,1,Excellent
BIKE_14771,SHOP_003,21.0,2,Good
BIKE_15483,SHOP_001,12.0,1,Good
BIKE_15483,SHOP_006,10.0,1,Fair
BIKE_33465,SHOP_009,24.0,2,Excellent
BIKE_19645,SHOP_009,33.0,2,Fair
BIKE_19645,SHOP_003,35.0,2,Excellent
BIKE_21437,SHOP_009,41.0,3,Fair
BIKE_29718,SHOP_001,9.0,2,Good
BIKE_28946,SHOP_009,20.0,2,Good
BIKE_20148,SHOP_003,31.0,2,Good
BIKE_08960,SHOP_010,19.0,1,Good
BIKE_08960,SHOP_001,21.0,2,Good
BIKE_03341,SHOP_009,24.0,2,Excellent
BIKE_05550,SHOP_009,21.0,2,Good
BIKE_13744,SHOP_010,19.0,2,Fair
BIKE_13744,SHOP_004,21.0,1,Good
BIKE_13128,SHOP_009,8.0,1,Fair
BIKE_20443,SHOP_007,12.0,1,Good
BIKE_19108,SHOP_003,22.0,3,Fair
BIKE_19108,SHOP_009,23.0,3,Excellent
BIKE_36787,SHOP_003,30.0,2,Excellent
BIKE_36787,SHOP_009,29.0,3,Good
BIKE_11821,SHOP_001,21.0,2,Good
BIKE_08541,SHOP_009,36.0,1,Excellent
BIKE_08541,SHOP_003,36.0,3,Good
BIKE_38750,SHOP_009,26.0,3,Excellent
BIKE_09192,SHOP_012,71.0,2,Good
BIKE_19788,SHOP_009,21.0,1,Excellent
BIKE_10240,SHOP_007,20.0,1,Good
BIKE_10240,SHOP_006,20.0,2,Fair
BIKE_22363,SHOP_009,37.0,3,Good
BIKE_21807,SHOP_003,25.0,2,Excellent
BIKE_01686,SHOP_003,48.0,2,Fair
BIKE_01686,SHOP_009,48.0,2,Good
BIKE_34283,SHOP_007,25.0,2,Good
BIKE_34283,SHOP_010,25.0,1,Good
BIKE_18929,SHOP_003,21.0,3,Fair
BIKE_32281,SHOP_006,9.0,2,Fair
BIKE_32687,SHOP_004,19.0,1,Good
BIKE_10389,SHOP_012,63.0,3,Fair
BIKE_34452,SHOP_003,26.0,3,Good
BIKE_34452,SHOP_009,26.0,2,Fair
BIKE_08909,SHOP_003,32.0,1,Fair
BIKE_37340,SHOP_009,25.0,2,Fair
BIKE_37340,SHOP_003,25.0,1,Excellent
BIKE_35615,SHOP_009,21.0,1,Good
BIKE_26692,SHOP_003,21.0,1,Good
BIKE_26692,SHOP_009,20.0,3,Good
BIKE_10146,SHOP_003,44.0,3,Excellent
BIKE_29577,SHOP_003,25.0,2,Excellent
BIKE_33341,SHOP_003,47.0,1,Excellent
BIKE_33341,SHOP_009,45.0,2,Excellent
BIKE_04728,SHOP_003,33.0,2,Good
BIKE_16064,SHOP_003,28.0,2,Good
BIKE_16064,SHOP_009,29.0,2,Excellent
BIKE_13724,SHOP_003,23.0,1,Fair
BIKE_13724,SHOP_009,21.0,3,Excellent
BIKE_11658,SHOP_001,11.0,1,Excellent
BIKE_14445,SHOP_003,29.0,1,Good
BIKE_04534,SHOP_006,20.0,3,Fair
BIKE_36054,SHOP_009,24.0,1,Excellent
BIKE_34362,SHOP_003,45.0,1,Fair
BIKE_08440,SHOP_003,21.0,3,Fair
BIKE_27292,SHOP_009,31.0,2,Good
BIKE_18267,SHOP_003,22.0,1,Good
BIKE_33444,SHOP_003,29.0,2,Good
BIKE_33444,SHOP_009,26.0,3,Good
BIKE_08113,SHOP_003,29.0,1,Good
BIKE_08113,SHOP_009,30.0,3,Fair
BIKE_37821,SHOP_009,26.0,2,Good
BIKE_33439,SHOP_003,26.0,1,Fair
BIKE_33439,SHOP_009,26.0,3,Good
BIKE_25648,SHOP_003,10.0,3,Fair
BIKE_34253,SHOP_006,13.0,1,Good
BIKE_32260,SHOP_003,23.0,2,Good
BIKE_10198,SHOP_001,18.0,2,Fair
BIKE_10198,SHOP_010,20.0,3,Good
BIKE_05464,SHOP_003,20.0,2,Good
BIKE_36358,SHOP_009,27.0,3,Fair
BIKE_29469,SHOP_006,19.0,2,Good
BIKE_34680,SHOP_009,27.0,3,Good
BIKE_12609,SHOP_003,21.0,2,Fair
BIKE_12609,SHOP_009,22.0,2,Fair
BIKE_10632,SHOP_010,22.0,2,Fair
BIKE_10632,SHOP_001,24.0,2,Good
BIKE_17813,SHOP_006,11.0,3,Fair
BIKE_17813,SHOP_003,9.0,2,Good
BIKE_30584,SHOP_009,26.0,2,Fair
BIKE_32470,SHOP_001,9.0,3,Good
BIKE_29533,SHOP_007,20.0,1,Fair
BIKE_29533,SHOP_006,20.0,2,Good
BIKE_18502,SHOP_003,36.0,3,Good
BIKE_22776,SHOP_006,10.0,3,Good
BIKE_22776,SHOP_003,11.0,2,Excellent
BIKE_14217,SHOP_009,30.0,3,Good
BIKE_14217,SHOP_003,30.0,2,Excellent
BIKE_26807,SHOP_001,18.0,2,Good
BIKE_26807,SHOP_010,18.0,1,Good
BIKE_35557,SHOP_007,22.0,3,Good
BIKE_37601,SHOP_007,21.0,3,Fair
BIKE_06965,SHOP_003,28.0,3,Good
BIKE_15140,SHOP_007,9.0,2,Good
BIKE_15140,SHOP_006,10.0,1,Excellent
BIKE_19147,SHOP_009,49.0,3,Excellent
BIKE_13841,SHOP_006,19.0,3,Excellent
BIKE_13841,SHOP_009,20.0,3,Fair
BIKE_33942,SHOP_012,60.0,1,Excellent
BIKE_33656,SHOP_009,21.0,1,Good
BIKE_33656,SHOP_003,19.0,1,Fair
BIKE_10843,SHOP_003,29.0,2,Excellent
BIKE_10843,SHOP_009,31.0,2,Fair
BIKE_24108,SHOP_009,49.0,1,Good
BIKE_24108,SHOP_003,50.0,1,Good
BIKE_16975,SHOP_009,11.0,2,Good
BIKE_16975,SHOP_006,9.0,2,Good
BIKE_03357,SHOP_009,29.0,2,Excellent
BIKE_38710,SHOP_004,20.0,3,Good
BIKE_38710,SHOP_007,20.0,1,Good
BIKE_34527,SHOP_003,20.0,2,Good
BIKE_32143,SHOP_003,38.0,3,Good
BIKE_32143,SHOP_009,39.0,1,Good
BIKE_28598,SHOP_003,23.0,1,Excellent
BIKE_28598,SHOP_009,24.0,3,Excellent
BIKE_37555,SHOP_003,16.0,1,Excellent
BIKE_37555,SHOP_009,17.0,2,Fair
BIKE_00630,SHOP_003,23.0,1,Good
BIKE_28558,SHOP_006,12.0,3,Fair
BIKE_12649,SHOP_009,20.0,1,Good
BIKE_36970,SHOP_003,26.0,3,Good
BIKE_12536,SHOP_009,19.0,1,Good
BIKE_20094,SHOP_009,21.0,3,Excellent
BIKE_20094,SHOP_003,22.0,2,Excellent
BIKE_31448,SHOP_012,47.0,2,Excellent
BIKE_16425,SHOP_003,10.0,2,Good
BIKE_16425,SHOP_009,9.0,1,Good
BIKE_19512,SHOP_009,11.0,2,Good
BIKE_03964,SHOP_009,49.0,2,Fair
BIKE_02855,SHOP_003,45.0,2,Good
BIKE_06626,SHOP_003,31.0,1,Good
BIKE_24400,SHOP_001,21.0,2,Good
BIKE_13710,SHOP_009,24.0,1,Good
BIKE_13710,SHOP_003,27.0,2,Good
BIKE_10539,SHOP_004,19.0,2,Excellent
BIKE_10539,SHOP_007,19.0,3,Excellent
BIKE_23271,SHOP_009,17.0,2,Good
BIKE_23271,SHOP_007,18.0,2,Good
BIKE_29954,SHOP_003,38.0,3,Good
BIKE_29954,SHOP_009,37.0,3,Excellent
BIKE_20994,SHOP_003,23.0,2,Good
BIKE_01527,SHOP_003,9.0,2,Fair
BIKE_24575,SHOP_003,9.0,3,Excellent
BIKE_24575,SHOP_006,11.0,2,Good
BIKE_28917,SHOP_001,23.0,3,Excellent
BIKE_28917,SHOP_010,22.0,1,Good
BIKE_24701,SHOP_012,70.0,2,Excellent
BIKE_04744,SHOP_003,33.0,3,Good
BIKE_04744,SHOP_009,32.0,2,Good
BIKE_03610,SHOP_003,32.0,1,Good
BIKE_03610,SHOP_009,35.0,1,Excellent
BIKE_28418,SHOP_003,23.0,3,Fair
BIKE_37852,SHOP_012,42.0,2,Good
BIKE_10287,SHOP_003,25.0,2,Good
BIKE_30363,SHOP_007,11.0,3,Excellent
BIKE_13468,SHOP_012,51.0,2,Excellent
BIKE_25044,SHOP_007,12.0,1,Good
BIKE_12653,SHOP_012,171.0,2,Good
BIKE_09430,SHOP_012,44.0,1,Good
BIKE_34638,SHOP_003,33.0,3,Excellent
BIKE_34638,SHOP_009,32.0,3,Fair
BIKE_02764,SHOP_009,27.0,3,Excellent
BIKE_27130,SHOP_009,38.0,3,Good
BIKE_15022,SHOP_012,48.0,2,Good
BIKE_14535,SHOP_012,41.0,1,Fair
BIKE_07742,SHOP_003,49.0,3,Fair
BIKE_13177,SHOP_003,23.0,1,Good
BIKE_23224,SHOP_009,10.0,2,Good
BIKE_23224,SHOP_001,10.0,3,Fair
BIKE_27308,SHOP_009,21.0,3,Excellent
BIKE_27308,SHOP_010,22.0,1,Fair
BIKE_33674,SHOP_009,44.0,3,Good
BIKE_10050,SHOP_009,22.0,1,Good
BIKE_06156,SHOP_003,28.0,2,Good
BIKE_05711,SHOP_003,42.0,3,Fair
BIKE_05711,SHOP_009,43.0,3,Good
BIKE_26590,SHOP_009,43.0,3,Excellent
BIKE_26590,SHOP_003,42.0,3,Excellent
BIKE_15625,SHOP_003,23.0,2,Good
BIKE_15625,SHOP_009,23.0,2,Fair
BIKE_10963,SHOP_001,10.0,3,Fair
BIKE_24441,SHOP_003,26.0,3,Good
BIKE_31355,SHOP_012,65.0,3,Good
BIKE_00736,SHOP_009,33.0,2,Good
BIKE_19936,SHOP_010,21.0,3,Good
BIKE_19936,SHOP_006,25.0,2,Good
BIKE_12272,SHOP_009,25.0,3,Good
BIKE_25893,SHOP_012,62.0,1,Good
BIKE_10084,SHOP_003,29.0,1,Good
BIKE_30656,SHOP_009,26.0,3,Excellent
BIKE_13624,SHOP_003,23.0,1,Good
BIKE_35332,SHOP_003,29.0,3,Good
BIKE_35332,SHOP_009,28.0,3,Good
BIKE_30789,SHOP_009,22.0,1,Good
BIKE_30789,SHOP_006,22.0,2,Excellent
BIKE_16079,SHOP_009,25.0,1,Good
BIKE_16079,SHOP_003,24.0,1,Good
BIKE_17196,SHOP_003,20.0,3,Excellent
BIKE_17196,SHOP_009,20.0,2,Good
BIKE_28330,SHOP_012,97.0,3,Good
BIKE_00841,SHOP_001,20.0,2,Fair
BIKE_23771,SHOP_009,20.0,2,Excellent
BIKE_18789,SHOP_009,49.0,1,Fair
BIKE_18789,SHOP_003,51.0,3,Good
BIKE_37988,SHOP_009,31.0,2,Good
BIKE_37988,SHOP_003,31.0,3,Excellent
BIKE_12969,SHOP_003,32.0,1,Good
BIKE_12969,SHOP_009,31.0,2,Excellent
BIKE_03918,SHOP_006,19.0,1,Good
BIKE_37270,SHOP_009,24.0,3,Good
BIKE_04220,SHOP_003,40.0,2,Fair
BIKE_04220,SHOP_009,40.0,3,Good
BIKE_02545,SHOP_003,18.0,2,Fair
BIKE_01482,SHOP_006,10.0,2,Good
BIKE_35138,SHOP_003,31.0,2,Fair
BIKE_14458,SHOP_009,32.0,3,Excellent
BIKE_14874,SHOP_003,21.0,2,Fair
BIKE_12880,SHOP_009,30.0,3,Good
BIKE_12063,SHOP_003,39.0,3,Good
BIKE_22691,SHOP_009,23.0,1,Excellent
BIKE_22691,SHOP_003,25.0,3,Good
BIKE_04540,SHOP_003,38.0,2,Good
BIKE_02950,SHOP_012,77.0,1,Excellent
BIKE_07510,SHOP_003,22.0,3,Good
BIKE_06804,SHOP_003,22.0,1,Excellent
BIKE_07834,SHOP_007,22.0,1,Good
BIKE_26633,SHOP_006,10.0,1,Good
BIKE_26633,SHOP_009,11.0,3,Fair
BIKE_17539,SHOP_007,9.0,3,Good
BIKE_31457,SHOP_001,9.0,1,Good
BIKE_04496,SHOP_009,33.0,2,Excellent
BIKE_38696,SHOP_006,21.0,2,Good
BIKE_36856,SHOP_009,26.0,2,Fair
BIKE_12950,SHOP_009,23.0,2,Excellent
BIKE_23068,SHOP_003,10.0,1,Good
BIKE_23068,SHOP_001,10.0,3,Fair
BIKE_10623,SHOP_009,50.0,1,Excellent
BIKE_10623,SHOP_003,48.0,1,Good
BIKE_25751,SHOP_009,22.0,1,Fair
BIKE_30864,SHOP_003,30.0,1,Excellent
BIKE_30864,SHOP_009,31.0,3,Fair
BIKE_26577,SHOP_003,41.0,2,Fair
BIKE_26577,SHOP_009,38.0,1,Excellent
BIKE_00762,SHOP_012,88.0,3,Excellent
BIKE_37993,SHOP_009,30.0,3,Good
BIKE_01280,SHOP_009,21.0,3,Good
BIKE_17470,SHOP_009,31.0,1,Good
BIKE_15974,SHOP_009,21.0,3,Good
BIKE_15974,SHOP_004,20.0,1,Good
BIKE_00423,SHOP_009,35.0,3,Good
BIKE_00423,SHOP_003,36.0,1,Good
BIKE_22997,SHOP_009,32.0,3,Good
BIKE_22997,SHOP_003,31.0,3,Fair
BIKE_02104,SHOP_003,11.0,3,Good
BIKE_02104,SHOP_006,11.0,1,Fair
BIKE_02292,SHOP_006,20.0,3,Good
BIKE_02292,SHOP_007,19.0,2,Excellent
BIKE_29696,SHOP_004,21.0,3,Excellent
BIKE_21093,SHOP_003,35.0,1,Good
BIKE_14218,SHOP_003,24.0,3,Good
BIKE_02973,SHOP_003,23.0,2,Good
BIKE_11843,SHOP_003,25.0,2,Excellent
BIKE_35207,SHOP_003,23.0,3,Fair
BIKE_35207,SHOP_009,24.0,2,Good
BIKE_12555,SHOP_009,23.0,1,Good
BIKE_01977,SHOP_009,21.0,1,Good
BIKE_06045,SHOP_012,42.0,2,Good
BIKE_36540,SHOP_009,21.0,3,Fair
BIKE_31147,SHOP_003,29.0,3,Excellent
BIKE_31147,SHOP_009,29.0,3,Good
BIKE_21419,SHOP_003,29.0,2,Excellent
BIKE_21419,SHOP_009,28.0,1,Good
BIKE_37028,SHOP_009,35.0,3,Excellent
BIKE_37028,SHOP_003,34.0,1,Good
BIKE_08923,SHOP_003,13.0,1,Excellent
BIKE_08923,SHOP_006,12.0,3,Fair
BIKE_11717,SHOP_003,12.0,1,Excellent
BIKE_31637,SHOP_009,20.0,1,Good
BIKE_31637,SHOP_003,20.0,2,Good
BIKE_01838,SHOP_003,26.0,2,Fair
BIKE_35273,SHOP_009,30.0,3,Fair
BIKE_35273,SHOP_003,32.0,3,Excellent
BIKE_17935,SHOP_009,41.0,3,Good
BIKE_17935,SHOP_003,42.0,1,Good
BIKE_08184,SHOP_007,20.0,1,Good
BIKE_05527,SHOP_001,13.0,1,Good
BIKE_19770,SHOP_007,20.0,2,Fair
BIKE_19770,SHOP_001,21.0,1,Excellent
BIKE_20416,SHOP_003,32.0,1,Fair
BIKE_20416,SHOP_009,29.0,1,Excellent
BIKE_08470,SHOP_009,47.0,2,Good
BIKE_02927,SHOP_003,10.0,3,Good
BIKE_03313,SHOP_009,34.0,1,Excellent
BIKE_11014,SHOP_009,21.0,1,Good
BIKE_11014,SHOP_003,22.0,2,Excellent
BIKE_21720,SHOP_003,28.0,2,Good
BIKE_28622,SHOP_009,22.0,3,Fair
BIKE_32198,SHOP_009,28.0,2,Good
BIKE_36499,SHOP_003,26.0,1,Good
BIKE_27811,SHOP_007,18.0,3,Excellent
BIKE_27811,SHOP_009,19.0,2,Good
BIKE_03427,SHOP_003,38.0,2,Fair
BIKE_37230,SHOP_009,29.0,1,Fair
BIKE_31374,SHOP_009,25.0,3,Good
BIKE_31374,SHOP_003,25.0,2,Good
BIKE_07395,SHOP_009,28.0,1,Fair
BIKE_07395,SHOP_003,26.0,3,Good
BIKE_01458,SHOP_006,20.0,3,Good
BIKE_01458,SHOP_007,19.0,3,Good
BIKE_10917,SHOP_012,50.0,3,Excellent
BIKE_14936,SHOP_003,24.0,2,Fair
BIKE_15101,SHOP_003,41.0,3,Fair
BIKE_14682,SHOP_003,28.0,3,Good
BIKE_14682,SHOP_009,25.0,1,Fair
BIKE_11470,SHOP_003,19.0,1,Excellent
BIKE_11470,SHOP_009,21.0,3,Excellent
BIKE_32886,SHOP_009,22.0,1,Good
BIKE_32886,SHOP_003,23.0,1,Good
BIKE_24383,SHOP_001,13.0,3,Excellent
BIKE_24383,SHOP_006,9.0,3,Fair
BIKE_32244,SHOP_003,34.0,2,Good
BIKE_31520,SHOP_009,21.0,2,Excellent
BIKE_31520,SHOP_003,23.0,2,Fair
BIKE_09925,SHOP_009,30.0,2,Good
BIKE_09925,SHOP_003,31.0,3,Excellent
BIKE_20395,SHOP_009,30.0,3,Good
BIKE_19771,SHOP_010,20.0,2,Good
BIKE_19771,SHOP_001,19.0,1,Good
BIKE_36433,SHOP_003,30.0,2,Fair
BIKE_36433,SHOP_009,30.0,2,Fair
BIKE_23943,SHOP_003,27.0,2,Excellent
BIKE_23943,SHOP_009,27.0,3,Excellent
BIKE_31150,SHOP_009,23.0,3,Good
BIKE_06494,SHOP_009,25.0,3,Excellent
BIKE_03234,SHOP_006,9.0,3,Good
BIKE_03234,SHOP_001,9.0,3,Good
BIKE_25328,SHOP_006,22.0,2,Good
BIKE_09025,SHOP_003,30.0,1,Fair
BIKE_19269,SHOP_003,28.0,3,Good
BIKE_19269,SHOP_009,27.0,3,Excellent
BIKE_06715,SHOP_009,39.0,2,Good
BIKE_06715,SHOP_003,37.0,3,Good
BIKE_31636,SHOP_009,24.0,1,Excellent
BIKE_31636,SHOP_003,25.0,1,Excellent
BIKE_06848,SHOP_003,25.0,3,Good
BIKE_06848,SHOP_009,23.0,2,Fair
BIKE_01003,SHOP_003,42.0,1,Good
BIKE_04774,SHOP_003,21.0,2,Good
BIKE_04774,SHOP_009,20.0,2,Good
BIKE_17212,SHOP_003,21.0,3,Good
BIKE_17212,SHOP_009,23.0,1,Excellent
BIKE_31605,SHOP_003,26.0,2,Excellent
BIKE_03874,SHOP_003,18.0,1,Fair
BIKE_03874,SHOP_006,19.0,2,Good
BIKE_35846,SHOP_003,28.0,2,Good
BIKE_35846,SHOP_009,29.0,2,Good
BIKE_17683,SHOP_009,25.0,1,Good
BIKE_17683,SHOP_003,26.0,2,Excellent
BIKE_32285,SHOP_009,31.0,2,Good
BIKE_32819,SHOP_009,29.0,1,Excellent
BIKE_32819,SHOP_003,28.0,3,Good
BIKE_13302,SHOP_003,21.0,1,Excellent
BIKE_27410,SHOP_003,39.0,3,Good
BIKE_14216,SHOP_003,23.0,3,Good
BIKE_09021,SHOP_009,25.0,1,Good
BIKE_09021,SHOP_003,22.0,3,Good
BIKE_07570,SHOP_003,25.0,1,Good
BIKE_26513,SHOP_009,45.0,3,Good
BIKE_26513,SHOP_003,45.0,2,Good
BIKE_23441,SHOP_007,9.0,3,Excellent
BIKE_23441,SHOP_003,11.0,2,Fair
BIKE_07889,SHOP_003,20.0,2,Fair
BIKE_15877,SHOP_012,40.0,1,Fair
BIKE_06419,SHOP_003,28.0,3,Good
BIKE_06419,SHOP_009,30.0,2,Good
BIKE_28286,SHOP_009,11.0,1,Excellent
BIKE_03500,SHOP_009,28.0,1,Excellent
BIKE_36704,SHOP_007,20.0,3,Fair
BIKE_36704,SHOP_003,18.0,1,Excellent
BIKE_29091,SHOP_003,11.0,1,Good
BIKE_06934,SHOP_003,25.0,3,Excellent
BIKE_06934,SHOP_009,26.0,2,Excellent
BIKE_36064,SHOP_012,54.0,3,Good
BIKE_05337,SHOP_003,27.0,3,Excellent
BIKE_32187,SHOP_001,10.0,1,Fair
BIKE_32187,SHOP_006,12.0,2,Good
BIKE_05540,SHOP_009,38.0,2,Good
BIKE_05540,SHOP_003,38.0,3,Good
BIKE_34082,SHOP_012,41.0,2,Good
BIKE_12301,SHOP_006,18.0,1,Good
BIKE_16601,SHOP_003,33.0,2,Good
BIKE_25754,SHOP_009,28.0,2,Good
BIKE_25754,SHOP_003,30.0,3,Good
BIKE_08591,SHOP_012,46.0,1,Good
BIKE_22934,SHOP_003,21.0,1,Good
BIKE_28092,SHOP_003,46.0,2,Excellent
BIKE_32354,SHOP_006,20.0,2,Good
BIKE_32354,SHOP_007,20.0,3,Good
BIKE_31384,SHOP_009,12.0,3,Fair
BIKE_31384,SHOP_003,10.0,3,Good
BIKE_11808,SHOP_009,29.0,2,Good
BIKE_35249,SHOP_009,10.0,1,Fair
BIKE_02707,SHOP_009,23.0,2,Good
BIKE_02127,SHOP_003,21.0,1,Excellent
BIKE_02127,SHOP_009,21.0,3,Excellent
BIKE_04252,SHOP_009,27.0,3,Good
BIKE_32740,SHOP_012,44.0,1,Fair
BIKE_06128,SHOP_003,41.0,3,Good
BIKE_10890,SHOP_009,8.0,2,Good
BIKE_10890,SHOP_006,11.0,1,Good
BIKE_02572,SHOP_003,33.0,2,Fair
BIKE_02572,SHOP_009,32.0,3,Good
BIKE_14004,SHOP_009,24.0,3,Fair
BIKE_27009,SHOP_009,41.0,3,Good
BIKE_27009,SHOP_003,41.0,3,Fair
BIKE_25482,SHOP_003,26.0,1,Fair
BIKE_31736,SHOP_009,9.0,1,Good
BIKE_08151,SHOP_003,30.0,3,Fair
BIKE_08151,SHOP_009,32.0,1,Good
BIKE_02052,SHOP_009,43.0,3,Good
BIKE_02052,SHOP_003,42.0,2,Good
BIKE_10045,SHOP_001,9.0,3,Good
BIKE_10045,SHOP_009,12.0,1,Fair
BIKE_08165,SHOP_009,20.0,1,Excellent
BIKE_30735,SHOP_009,35.0,2,Good
BIKE_23626,SHOP_009,22.0,2,Fair
BIKE_31368,SHOP_009,29.0,2,Excellent
BIKE_08146,SHOP_010,19.0,2,Fair
BIKE_08146,SHOP_009,19.0,1,Fair
BIKE_29317,SHOP_003,20.0,1,Good
BIKE_05168,SHOP_009,24.0,2,Good
BIKE_05168,SHOP_003,23.0,3,Good
BIKE_07178,SHOP_003,21.0,3,Good
BIKE_07178,SHOP_009,22.0,3,Good
BIKE_28750,SHOP_003,34.0,1,Good
BIKE_28750,SHOP_009,31.0,3,Good
BIKE_36417,SHOP_001,19.0,3,Fair
BIKE_36417,SHOP_010,18.0,1,Good
BIKE_36327,SHOP_009,32.0,1,Good
BIKE_14076,SHOP_009,20.0,3,Good
BIKE_10035,SHOP_003,32.0,2,Good
BIKE_10035,SHOP_009,31.0,1,Good
BIKE_26961,SHOP_009,25.0,2,Good
BIKE_26961,SHOP_003,27.0,3,Fair
BIKE_12701,SHOP_012,51.0,2,Good
BIKE_37777,SHOP_009,29.0,2,Good
BIKE_15253,SHOP_009,34.0,3,Good
BIKE_02476,SHOP_009,9.0,3,Fair
BIKE_24567,SHOP_003,40.0,3,Good
BIKE_24494,SHOP_007,10.0,2,Good
BIKE_36202,SHOP_003,22.0,3,Excellent
BIKE_28240,SHOP_009,10.0,1,Fair
BIKE_29236,SHOP_007,11.0,3,Good
BIKE_16229,SHOP_009,18.0,1,Fair
BIKE_16229,SHOP_003,20.0,3,Good
BIKE_27467,SHOP_003,36.0,1,Good
BIKE_27467,SHOP_009,38.0,2,Excellent
BIKE_31649,SHOP_001,20.0,1,Good
BIKE_12730,SHOP_010,18.0,3,Good
BIKE_12730,SHOP_003,17.0,2,Good
BIKE_19431,SHOP_003,25.0,3,Good
BIKE_11191,SHOP_007,18.0,3,Excellent
BIKE_11191,SHOP_006,21.0,2,Good
BIKE_33023,SHOP_004,19.0,2,Excellent
BIKE_33023,SHOP_007,21.0,2,Fair
BIKE_31741,SHOP_009,31.0,3,Excellent
BIKE_31741,SHOP_003,30.0,2,Good
BIKE_37647,SHOP_012,49.0,2,Good
BIKE_32833,SHOP_007,9.0,1,Excellent
BIKE_32833,SHOP_001,9.0,1,Good
BIKE_28338,SHOP_003,12.0,3,Fair
BIKE_07011,SHOP_003,30.0,1,Excellent
BIKE_07011,SHOP_009,28.0,1,Good
BIKE_32881,SHOP_007,16.0,3,Fair
BIKE_04822,SHOP_003,24.0,3,Good
BIKE_38444,SHOP_003,9.0,1,Good
BIKE_25624,SHOP_009,25.0,2,Good
BIKE_25624,SHOP_003,23.0,3,Good
BIKE_07063,SHOP_003,25.0,3,Good
BIKE_09049,SHOP_007,19.0,1,Fair
BIKE_35784,SHOP_009,27.0,2,Good
BIKE_19969,SHOP_009,26.0,1,Excellent
BIKE_19969,SHOP_003,28.0,3,Good
BIKE_19205,SHOP_006,18.0,3,Good
BIKE_19205,SHOP_004,20.0,2,Good
BIKE_26951,SHOP_009,28.0,3,Good
BIKE_26951,SHOP_003,28.0,3,Excellent
BIKE_34772,SHOP_009,8.0,2,Good
BIKE_31454,SHOP_009,19.0,1,Good
BIKE_16228,SHOP_003,29.0,1,Good
BIKE_17698,SHOP_003,18.0,3,Good
BIKE_17698,SHOP_010,18.0,2,Good
BIKE_27950,SHOP_003,30.0,2,Good
BIKE_27950,SHOP_009,26.0,3,Excellent
BIKE_35113,SHOP_009,34.0,1,Excellent
BIKE_35113,SHOP_003,32.0,3,Good
BIKE_07898,SHOP_009,36.0,3,Good
BIKE_07898,SHOP_003,33.0,2,Good
BIKE_34352,SHOP_010,23.0,1,Excellent
BIKE_34352,SHOP_001,21.0,3,Fair
BIKE_06126,SHOP_009,29.0,2,Good
BIKE_06126,SHOP_003,25.0,2,Fair
BIKE_33565,SHOP_009,24.0,1,Good
BIKE_33565,SHOP_003,25.0,1,Good
BIKE_32794,SHOP_009,20.0,1,Fair
BIKE_27119,SHOP_006,19.0,3,Good
BIKE_27119,SHOP_010,20.0,3,Good
BIKE_13985,SHOP_009,20.0,3,Fair
BIKE_13985,SHOP_004,18.0,1,Excellent
BIKE_27591,SHOP_012,45.0,2,Good
BIKE_13735,SHOP_009,24.0,2,Good
BIKE_13735,SHOP_003,23.0,1,Good
BIKE_21126,SHOP_009,35.0,2,Excellent
BIKE_21126,SHOP_003,36.0,1,Good
BIKE_36353,SHOP_004,18.0,1,Good
BIKE_10803,SHOP_009,11.0,1,Excellent
BIKE_10803,SHOP_007,11.0,3,Good
BIKE_16966,SHOP_003,35.0,3,Good
BIKE_08133,SHOP_006,12.0,2,Fair
BIKE_28768,SHOP_009,21.0,2,Good
BIKE_07204,SHOP_009,23.0,2,Fair
BIKE_28711,SHOP_003,26.0,2,Fair
BIKE_28711,SHOP_009,24.0,2,Good
BIKE_26909,SHOP_009,20.0,2,Fair
BIKE_18603,SHOP_003,39.0,3,Excellent
BIKE_18603,SHOP_009,38.0,2,Good
BIKE_11635,SHOP_009,28.0,3,Fair
BIKE_31722,SHOP_009,25.0,3,Good
BIKE_31722,SHOP_003,26.0,1,Good
BIKE_35485,SHOP_003,21.0,1,Good
BIKE_35485,SHOP_006,21.0,3,Good
BIKE_03639,SHOP_012,73.0,3,Excellent
BIKE_06502,SHOP_009,18.0,3,Good
BIKE_23980,SHOP_003,31.0,2,Good
BIKE_19722,SHOP_003,20.0,3,Fair
BIKE_27635,SHOP_003,21.0,3,Fair
BIKE_27635,SHOP_009,19.0,1,Good
BIKE_22452,SHOP_003,24.0,3,Good
BIKE_20196,SHOP_009,26.0,2,Good
BIKE_34980,SHOP_009,32.0,2,Good
BIKE_34980,SHOP_003,32.0,2,Good
BIKE_33557,SHOP_009,46.0,2,Fair
BIKE_33557,SHOP_003,44.0,2,Good
BIKE_30817,SHOP_003,22.0,2,Good
BIKE_30817,SHOP_009,23.0,3,Excellent
BIKE_30633,SHOP_003,32.0,3,Good
BIKE_32884,SHOP_003,28.0,1,Good
BIKE_32884,SHOP_009,24.0,2,Excellent
BIKE_26635,SHOP_009,21.0,2,Good
BIKE_26635,SHOP_003,21.0,2,Good
BIKE_18665,SHOP_003,20.0,3,Good
BIKE_09747,SHOP_010,18.0,1,Excellent
BIKE_10413,SHOP_009,24.0,3,Fair
BIKE_15685,SHOP_012,71.0,2,Fair
BIKE_17416,SHOP_003,30.0,1,Excellent
BIKE_00575,SHOP_012,55.0,1,Excellent
BIKE_22521,SHOP_009,28.0,2,Good
BIKE_22521,SHOP_003,28.0,1,Good
BIKE_04189,SHOP_006,10.0,1,Fair
BIKE_04189,SHOP_009,11.0,2,Good
BIKE_20001,SHOP_009,45.0,1,Good
BIKE_34930,SHOP_010,20.0,2,Fair
BIKE_03036,SHOP_012,50.0,2,Excellent
BIKE_05604,SHOP_003,31.0,1,Fair
BIKE_09661,SHOP_009,44.0,3,Good
BIKE_22739,SHOP_007,18.0,1,Good
BIKE_22739,SHOP_003,20.0,1,Good
BIKE_19698,SHOP_003,30.0,2,Good
BIKE_19698,SHOP_009,30.0,1,Good
BIKE_33426,SHOP_003,28.0,3,Good
BIKE_18380,SHOP_009,20.0,3,Good
BIKE_18380,SHOP_003,22.0,1,Good
BIKE_36497,SHOP_009,27.0,1,Good
BIKE_09392,SHOP_009,20.0,3,Fair
BIKE_04209,SHOP_007,13.0,3,Good
BIKE_04209,SHOP_009,13.0,1,Good
BIKE_04475,SHOP_009,27.0,2,Good
BIKE_04475,SHOP_003,25.0,2,Good
BIKE_23213,SHOP_003,38.0,3,Excellent
BIKE_27614,SHOP_009,36.0,3,Good
BIKE_11119,SHOP_009,21.0,3,Fair
BIKE_11119,SHOP_003,18.0,1,Fair
BIKE_17735,SHOP_009,24.0,1,Good
BIKE_17735,SHOP_003,25.0,2,Good
BIKE_35718,SHOP_009,21.0,3,Good
BIKE_35718,SHOP_003,22.0,2,Excellent
BIKE_33644,SHOP_001,22.0,2,Fair
BIKE_33644,SHOP_010,19.0,2,Good
BIKE_19789,SHOP_009,22.0,1,Good
BIKE_19789,SHOP_003,24.0,1,Good
BIKE_09591,SHOP_009,27.0,2,Excellent
BIKE_00099,SHOP_003,33.0,3,Good
BIKE_21541,SHOP_003,27.0,1,Excellent
BIKE_14427,SHOP_009,23.0,3,Excellent
BIKE_16904,SHOP_003,33.0,3,Fair
BIKE_16904,SHOP_009,31.0,2,Good
BIKE_14584,SHOP_006,11.0,1,Excellent
BIKE_14584,SHOP_001,10.0,1,Good
BIKE_20873,SHOP_004,19.0,3,Fair
BIKE_11607,SHOP_001,10.0,1,Good
BIKE_13415,SHOP_009,49.0,1,Good
BIKE_13415,SHOP_003,49.0,1,Good
BIKE_34740,SHOP_001,11.0,1,Good
BIKE_08220,SHOP_006,9.0,1,Good
BIKE_08220,SHOP_001,11.0,3,Good
BIKE_20129,SHOP_012,45.0,3,Fair
BIKE_12257,SHOP_007,10.0,3,Good
BIKE_12257,SHOP_006,12.0,1,Good
BIKE_35928,SHOP_006,9.0,3,Good
BIKE_10829,SHOP_003,11.0,2,Excellent
BIKE_10829,SHOP_009,10.0,3,Good
BIKE_22349,SHOP_003,31.0,3,Excellent
BIKE_29132,SHOP_007,9.0,1,Good
BIKE_29132,SHOP_003,11.0,2,Good
BIKE_06867,SHOP_009,32.0,2,Good
BIKE_30172,SHOP_004,19.0,2,Good
BIKE_30172,SHOP_007,17.0,2,Excellent
BIKE_03772,SHOP_003,11.0,3,Fair
BIKE_05658,SHOP_012,43.0,2,Good
BIKE_03787,SHOP_009,26.0,3,Good
BIKE_20653,SHOP_001,8.0,2,Good
BIKE_04688,SHOP_012,43.0,3,Good
BIKE_31759,SHOP_009,41.0,1,Good
BIKE_31759,SHOP_003,41.0,1,Good
BIKE_05155,SHOP_009,28.0,3,Good
BIKE_18328,SHOP_003,34.0,2,Good
BIKE_23724,SHOP_009,12.0,3,Good
BIKE_21835,SHOP_007,11.0,3,Good
BIKE_21835,SHOP_001,10.0,2,Good
BIKE_04399,SHOP_009,23.0,3,Good
BIKE_33369,SHOP_009,24.0,1,Good
BIKE_33369,SHOP_003,22.0,1,Fair
BIKE_09152,SHOP_010,19.0,3,Excellent
BIKE_22325,SHOP_001,23.0,3,Fair
BIKE_12216,SHOP_009,26.0,1,Good
BIKE_12216,SHOP_003,24.0,3,Good
BIKE_10226,SHOP_009,29.0,1,Fair
BIKE_10226,SHOP_003,28.0,3,Fair
BIKE_16338,SHOP_003,9.0,3,Excellent
BIKE_10865,SHOP_003,18.0,2,Good
BIKE_10865,SHOP_009,17.0,1,Fair
BIKE_29152,SHOP_003,26.0,2,Good
BIKE_29152,SHOP_009,28.0,2,Good
BIKE_22176,SHOP_009,24.0,3,Good
BIKE_26538,SHOP_009,36.0,1,Good
BIKE_26538,SHOP_003,39.0,3,Excellent
BIKE_17511,SHOP_009,27.0,2,Good
BIKE_31133,SHOP_009,45.0,2,Good
BIKE_31133,SHOP_003,45.0,2,Good
BIKE_27688,SHOP_006,18.0,2,Good
BIKE_27688,SHOP_003,20.0,2,Good
BIKE_13082,SHOP_001,12.0,2,Excellent
BIKE_38762,SHOP_001,10.0,2,Fair
BIKE_38762,SHOP_006,12.0,3,Fair
BIKE_09273,SHOP_009,20.0,1,Good
BIKE_11574,SHOP_003,24.0,3,Excellent
BIKE_26668,SHOP_012,43.0,1,Good
BIKE_01635,SHOP_003,23.0,2,Excellent
BIKE_01226,SHOP_007,20.0,3,Excellent
BIKE_01226,SHOP_009,21.0,1,Fair
BIKE_01008,SHOP_001,17.0,1,Fair
BIKE_08866,SHOP_001,17.0,2,Good
BIKE_05477,SHOP_007,11.0,1,Good
BIKE_19124,SHOP_004,17.0,3,Fair
BIKE_32863,SHOP_012,41.0,1,Good
BIKE_07574,SHOP_003,32.0,3,Good
BIKE_29355,SHOP_009,25.0,3,Good
BIKE_29355,SHOP_003,24.0,3,Good
BIKE_25144,SHOP_003,11.0,2,Fair
BIKE_19914,SHOP_006,10.0,1,Fair
BIKE_25196,SHOP_009,12.0,3,Fair
BIKE_19734,SHOP_006,17.0,3,Excellent
BIKE_19734,SHOP_003,19.0,2,Good
BIKE_25306,SHOP_009,20.0,2,Good
BIKE_30088,SHOP_009,27.0,1,Good
BIKE_30088,SHOP_003,25.0,2,Fair
BIKE_25357,SHOP_003,26.0,2,Fair
BIKE_25180,SHOP_003,24.0,2,Good
BIKE_25180,SHOP_009,24.0,3,Good
BIKE_37264,SHOP_012,65.0,2,Fair
BIKE_17909,SHOP_003,25.0,2,Excellent
BIKE_36826,SHOP_001,10.0,2,Good
BIKE_22747,SHOP_003,19.0,1,Good
BIKE_22747,SHOP_004,17.0,2,Good
BIKE_22979,SHOP_009,45.0,3,Excellent
BIKE_27024,SHOP_007,9.0,3,Good
BIKE_27024,SHOP_006,9.0,1,Excellent
BIKE_35154,SHOP_009,32.0,3,Good
BIKE_23900,SHOP_001,22.0,2,Good
BIKE_25324,SHOP_003,24.0,1,Good
BIKE_24589,SHOP_009,37.0,1,Good
BIKE_19379,SHOP_006,9.0,3,Good
BIKE_24961,SHOP_009,29.0,1,Fair
BIKE_24961,SHOP_003,25.0,2,Good
BIKE_10904,SHOP_009,26.0,2,Good
BIKE_10904,SHOP_003,25.0,2,Excellent
BIKE_21993,SHOP_001,21.0,2,Good
BIKE_21993,SHOP_010,22.0,2,Good
BIKE_27003,SHOP_009,42.0,2,Good
BIKE_27003,SHOP_003,43.0,1,Fair
BIKE_16298,SHOP_009,25.0,1,Good
BIKE_16298,SHOP_003,24.0,3,Good
BIKE_36161,SHOP_009,25.0,3,Good
BIKE_36161,SHOP_003,27.0,2,Good
BIKE_03714,SHOP_012,48.0,2,Good
BIKE_26830,SHOP_001,10.0,1,Good
BIKE_32889,SHOP_009,29.0,3,Excellent
BIKE_14528,SHOP_004,21.0,1,Excellent
BIKE_03560,SHOP_009,29.0,3,Good
BIKE_05139,SHOP_003,33.0,1,Fair
BIKE_17581,SHOP_003,27.0,1,Good
BIKE_10714,SHOP_003,19.0,3,Good
BIKE_10714,SHOP_009,22.0,1,Good
BIKE_07924,SHOP_009,21.0,1,Fair
BIKE_16100,SHOP_003,28.0,1,Fair
BIKE_00243,SHOP_003,27.0,2,Good
BIKE_31567,SHOP_007,18.0,3,Good
BIKE_31567,SHOP_010,20.0,2,Good
BIKE_25269,SHOP_009,23.0,2,Fair
BIKE_25269,SHOP_003,23.0,3,Fair
BIKE_16505,SHOP_006,9.0,2,Good
BIKE_26919,SHOP_003,21.0,1,Good
BIKE_01859,SHOP_009,29.0,2,Fair
BIKE_01859,SHOP_003,30.0,3,Good
BIKE_28925,SHOP_009,23.0,3,Good
BIKE_17585,SHOP_003,28.0,2,Fair
BIKE_03989,SHOP_003,21.0,2,Excellent
BIKE_30582,SHOP_003,24.0,3,Fair
BIKE_32119,SHOP_009,19.0,3,Good
BIKE_19240,SHOP_009,10.0,3,Excellent
BIKE_19240,SHOP_003,9.0,1,Good
BIKE_06148,SHOP_009,32.0,2,Good
BIKE_24823,SHOP_003,22.0,3,Fair
BIKE_24823,SHOP_006,19.0,2,Good
BIKE_14023,SHOP_003,30.0,2,Good
BIKE_11096,SHOP_003,30.0,3,Excellent
BIKE_09801,SHOP_009,29.0,2,Good
BIKE_12395,SHOP_003,34.0,2,Good
BIKE_12395,SHOP_009,36.0,1,Fair
BIKE_05416,SHOP_001,20.0,1,Good
BIKE_05416,SHOP_007,21.0,3,Good
BIKE_35012,SHOP_003,9.0,1,Good
BIKE_03294,SHOP_009,30.0,1,Fair
BIKE_21763,SHOP_009,19.0,3,Excellent
BIKE_14003,SHOP_009,20.0,3,Good
BIKE_28093,SHOP_003,33.0,3,Good
BIKE_28093,SHOP_009,34.0,1,Good
BIKE_07495,SHOP_003,24.0,3,Good
BIKE_07022,SHOP_007,11.0,1,Good
BIKE_33567,SHOP_009,25.0,2,Good
BIKE_33567,SHOP_003,28.0,3,Fair
BIKE_07103,SHOP_004,24.0,2,Excellent
BIKE_07103,SHOP_007,25.0,3,Good
BIKE_03496,SHOP_009,21.0,1,Fair
BIKE_03496,SHOP_003,20.0,2,Excellent
BIKE_02449,SHOP_009,24.0,3,Good
BIKE_16735,SHOP_003,10.0,3,Good
BIKE_16735,SHOP_001,9.0,3,Good
BIKE_24432,SHOP_009,19.0,2,Fair
BIKE_04524,SHOP_003,24.0,2,Fair
BIKE_04524,SHOP_009,24.0,3,Good
BIKE_30803,SHOP_009,27.0,1,Excellent
BIKE_18519,SHOP_009,36.0,1,Fair
BIKE_18519,SHOP_003,37.0,3,Fair
BIKE_15785,SHOP_009,29.0,2,Good
BIKE_15785,SHOP_003,31.0,3,Good
BIKE_23298,SHOP_012,53.0,1,Good
BIKE_16437,SHOP_009,27.0,1,Good
BIKE_38421,SHOP_003,32.0,1,Good
BIKE_21989,SHOP_009,24.0,3,Fair
BIKE_21989,SHOP_003,24.0,2,Excellent
BIKE_19695,SHOP_001,11.0,2,Fair
BIKE_05514,SHOP_003,35.0,2,Good
BIKE_05514,SHOP_009,36.0,2,Good
BIKE_01406,SHOP_003,25.0,2,Good
BIKE_24515,SHOP_007,10.0,3,Excellent
BIKE_24515,SHOP_003,12.0,2,Excellent
BIKE_03637,SHOP_007,21.0,1,Good
BIKE_03637,SHOP_004,22.0,2,Good
BIKE_26846,SHOP_003,8.0,3,Fair
BIKE_26846,SHOP_009,11.0,1,Good
BIKE_12064,SHOP_009,45.0,1,Good
BIKE_04759,SHOP_006,10.0,2,Fair
BIKE_11903,SHOP_001,20.0,1,Good
BIKE_35329,SHOP_009,30.0,1,Good
BIKE_35329,SHOP_003,32.0,3,Good
BIKE_16599,SHOP_009,34.0,3,Good
BIKE_16599,SHOP_003,36.0,2,Fair
BIKE_26717,SHOP_003,19.0,3,Good
BIKE_26717,SHOP_007,21.0,1,Fair
BIKE_24164,SHOP_009,23.0,3,Good
BIKE_34329,SHOP_009,30.0,1,Fair
BIKE_38732,SHOP_003,28.0,1,Excellent
BIKE_37426,SHOP_006,24.0,3,Good
BIKE_37426,SHOP_004,21.0,3,Good
BIKE_05317,SHOP_012,76.0,2,Good
BIKE_07080,SHOP_009,16.0,3,Good
BIKE_30443,SHOP_006,9.0,3,Excellent
BIKE_02536,SHOP_009,27.0,1,Excellent
BIKE_02536,SHOP_003,27.0,2,Excellent
BIKE_33386,SHOP_001,10.0,2,Good
BIKE_07118,SHOP_009,9.0,3,Excellent
BIKE_07118,SHOP_007,11.0,2,Good
BIKE_04716,SHOP_003,23.0,1,Good
BIKE_04716,SHOP_009,24.0,3,Fair
BIKE_36929,SHOP_009,28.0,2,Fair
BIKE_36929,SHOP_003,30.0,1,Good
BIKE_06872,SHOP_003,24.0,3,Excellent
BIKE_06872,SHOP_009,22.0,2,Fair
BIKE_32236,SHOP_012,44.0,2,Excellent
BIKE_05472,SHOP_003,30.0,3,Fair
BIKE_12845,SHOP_009,33.0,2,Good
BIKE_12845,SHOP_003,33.0,1,Excellent
BIKE_25119,SHOP_012,43.0,3,Good
BIKE_12885,SHOP_003,13.0,2,Good
BIKE_12885,SHOP_006,15.0,2,Excellent
BIKE_07917,SHOP_009,38.0,3,Good
BIKE_07917,SHOP_003,41.0,3,Fair
BIKE_17236,SHOP_003,38.0,2,Good
BIKE_19143,SHOP_003,31.0,3,Good
BIKE_19143,SHOP_009,31.0,2,Good
BIKE_28738,SHOP_006,8.0,1,Good
BIKE_28738,SHOP_007,10.0,1,Good
BIKE_21798,SHOP_009,24.0,1,Good
BIKE_21798,SHOP_003,28.0,2,Good
BIKE_33007,SHOP_006,10.0,3,Fair
BIKE_33007,SHOP_010,10.0,3,Excellent
BIKE_31295,SHOP_003,36.0,3,Good
BIKE_31295,SHOP_009,36.0,3,Good
BIKE_27601,SHOP_001,23.0,1,Good
BIKE_27601,SHOP_006,25.0,2,Good
BIKE_31659,SHOP_003,26.0,3,Good
BIKE_29778,SHOP_009,32.0,1,Good
BIKE_29778,SHOP_003,30.0,2,Good
BIKE_27544,SHOP_009,35.0,1,Good
BIKE_28304,SHOP_007,11.0,2,Fair
BIKE_25784,SHOP_009,28.0,2,Good
BIKE_09062,SHOP_010,16.0,3,Good
BIKE_09062,SHOP_007,14.0,3,Good
BIKE_33200,SHOP_003,24.0,2,Good
BIKE_15885,SHOP_007,9.0,2,Good
BIKE_15885,SHOP_009,10.0,3,Excellent
BIKE_21715,SHOP_007,18.0,1,Good
BIKE_23948,SHOP_009,32.0,1,Good
BIKE_06455,SHOP_009,11.0,2,Good
BIKE_01923,SHOP_009,22.0,1,Fair
BIKE_08478,SHOP_003,23.0,2,Fair
BIKE_08478,SHOP_009,23.0,3,Excellent
BIKE_14083,SHOP_009,29.0,1,Good
BIKE_14083,SHOP_003,28.0,2,Good
BIKE_20894,SHOP_012,104.0,3,Fair
BIKE_38269,SHOP_010,21.0,1,Good
BIKE_38269,SHOP_009,18.0,1,Good
BIKE_11990,SHOP_003,28.0,3,Excellent
BIKE_08014,SHOP_009,33.0,2,Good
BIKE_08014,SHOP_003,31.0,3,Good
BIKE_04614,SHOP_009,20.0,3,Good
BIKE_04614,SHOP_003,23.0,3,Good
BIKE_04109,SHOP_009,18.0,2,Good
BIKE_37958,SHOP_009,25.0,1,Excellent
BIKE_23686,SHOP_003,34.0,2,Excellent
BIKE_06355,SHOP_012,42.0,2,Good
BIKE_35035,SHOP_004,8.0,1,Good
BIKE_35035,SHOP_003,12.0,2,Good
BIKE_13529,SHOP_007,22.0,2,Excellent
BIKE_26509,SHOP_003,10.0,1,Excellent
BIKE_26509,SHOP_001,12.0,1,Good
BIKE_33601,SHOP_003,24.0,3,Good
BIKE_08292,SHOP_007,21.0,2,Good
BIKE_08292,SHOP_001,19.0,2,Good
BIKE_14976,SHOP_009,23.0,3,Good
BIKE_31430,SHOP_003,9.0,2,Excellent
BIKE_31430,SHOP_007,10.0,3,Good
BIKE_10708,SHOP_003,39.0,3,Fair
BIKE_10708,SHOP_009,37.0,1,Fair
BIKE_32334,SHOP_009,22.0,1,Good
BIKE_32334,SHOP_003,22.0,2,Excellent
BIKE_04121,SHOP_009,22.0,2,Fair
BIKE_36314,SHOP_007,9.0,2,Good
BIKE_36314,SHOP_003,12.0,3,Excellent
BIKE_29859,SHOP_006,20.0,3,Fair
BIKE_35302,SHOP_007,9.0,3,Fair
BIKE_07075,SHOP_007,9.0,1,Good
BIKE_07075,SHOP_001,10.0,1,Excellent
BIKE_02033,SHOP_003,20.0,2,Good
BIKE_29995,SHOP_004,21.0,2,Excellent
BIKE_29995,SHOP_003,20.0,3,Good
BIKE_14748,SHOP_006,20.0,3,Fair
BIKE_14748,SHOP_010,21.0,2,Good
BIKE_33106,SHOP_006,22.0,1,Excellent
BIKE_00685,SHOP_001,8.0,1,Fair
BIKE_04375,SHOP_003,21.0,2,Excellent
BIKE_04375,SHOP_009,21.0,3,Good
BIKE_14121,SHOP_009,47.0,1,Excellent
BIKE_11212,SHOP_007,12.0,1,Excellent
BIKE_31189,SHOP_003,27.0,3,Good
BIKE_34146,SHOP_009,23.0,1,Excellent
BIKE_34146,SHOP_003,25.0,3,Good
BIKE_33945,SHOP_009,38.0,1,Good
BIKE_33945,SHOP_003,39.0,2,Good
BIKE_38501,SHOP_010,22.0,1,Good
BIKE_38501,SHOP_003,21.0,3,Good
BIKE_20532,SHOP_003,24.0,1,Good
BIKE_20532,SHOP_009,23.0,2,Good
BIKE_08344,SHOP_009,19.0,3,Good
BIKE_08344,SHOP_003,21.0,3,Good
BIKE_07136,SHOP_003,29.0,1,Good
BIKE_09851,SHOP_003,32.0,3,Good
BIKE_09851,SHOP_009,30.0,1,Good
BIKE_06248,SHOP_009,41.0,3,Fair
BIKE_26670,SHOP_003,28.0,2,Good
BIKE_26670,SHOP_009,28.0,2,Good
BIKE_25165,SHOP_003,21.0,3,Good
BIKE_07850,SHOP_003,11.0,2,Good
BIKE_02375,SHOP_009,25.0,1,Good
BIKE_27725,SHOP_009,44.0,3,Good
BIKE_27725,SHOP_003,45.0,3,Good
BIKE_03517,SHOP_003,27.0,1,Good
BIKE_16643,SHOP_009,11.0,2,Excellent
BIKE_33630,SHOP_003,30.0,1,Good
BIKE_33630,SHOP_009,28.0,2,Good
BIKE_12267,SHOP_003,27.0,1,Excellent
BIKE_19553,SHOP_003,20.0,2,Good
BIKE_27768,SHOP_003,29.0,1,Good
BIKE_27768,SHOP_009,29.0,3,Good
BIKE_02361,SHOP_003,29.0,1,Fair
BIKE_02361,SHOP_009,27.0,1,Excellent
BIKE_03480,SHOP_003,23.0,1,Excellent
BIKE_06758,SHOP_003,32.0,1,Good
BIKE_27824,SHOP_012,39.0,1,Good
BIKE_37384,SHOP_001,21.0,1,Fair
BIKE_20705,SHOP_009,32.0,1,Fair
BIKE_01336,SHOP_003,32.0,1,Fair
BIKE_01336,SHOP_009,33.0,2,Fair
BIKE_15322,SHOP_009,42.0,2,Good
BIKE_15322,SHOP_003,40.0,3,Good
BIKE_17080,SHOP_003,9.0,1,Good
BIKE_30909,SHOP_003,34.0,2,Good
BIKE_30909,SHOP_009,34.0,3,Good
BIKE_17841,SHOP_001,10.0,1,Fair
BIKE_17841,SHOP_003,10.0,2,Good
BIKE_02201,SHOP_009,21.0,1,Good
BIKE_09237,SHOP_003,47.0,2,Good
BIKE_09237,SHOP_009,48.0,2,Good
BIKE_22803,SHOP_003,43.0,1,Excellent
BIKE_27158,SHOP_003,48.0,3,Good
BIKE_27158,SHOP_009,47.0,3,Excellent
BIKE_10092,SHOP_009,10.0,2,Excellent
BIKE_10092,SHOP_003,11.0,1,Excellent
BIKE_04982,SHOP_003,31.0,2,Good
BIKE_17282,SHOP_006,12.0,1,Good
BIKE_17282,SHOP_003,11.0,2,Fair
BIKE_01655,SHOP_009,25.0,3,Good
BIKE_10312,SHOP_003,35.0,1,Excellent
BIKE_10312,SHOP_009,38.0,2,Good
BIKE_38460,SHOP_012,48.0,2,Good
BIKE_12528,SHOP_003,27.0,2,Good
BIKE_12528,SHOP_009,24.0,3,Good
BIKE_37849,SHOP_003,44.0,2,Fair
BIKE_37849,SHOP_009,41.0,2,Good
BIKE_26176,SHOP_003,25.0,3,Good
BIKE_26176,SHOP_009,25.0,3,Fair
BIKE_00177,SHOP_007,9.0,3,Fair
BIKE_13204,SHOP_010,20.0,1,Good
BIKE_13204,SHOP_003,22.0,3,Good
BIKE_09761,SHOP_003,27.0,3,Good
BIKE_22158,SHOP_010,22.0,3,Good
BIKE_19357,SHOP_009,24.0,2,Excellent
BIKE_19357,SHOP_010,24.0,2,Good
BIKE_02059,SHOP_006,9.0,1,Excellent
BIKE_08459,SHOP_003,32.0,2,Good
BIKE_08459,SHOP_009,31.0,1,Good
BIKE_16421,SHOP_007,22.0,3,Fair
BIKE_16421,SHOP_010,19.0,3,Good
BIKE_27803,SHOP_003,49.0,1,Good
BIKE_27803,SHOP_009,48.0,3,Excellent
BIKE_19638,SHOP_003,10.0,3,Fair
BIKE_19299,SHOP_009,27.0,3,Good
BIKE_19299,SHOP_003,27.0,1,Good
BIKE_32027,SHOP_004,22.0,3,Excellent
BIKE_32027,SHOP_003,21.0,2,Good
BIKE_09779,SHOP_003,21.0,2,Excellent
BIKE_09779,SHOP_009,22.0,1,Excellent
BIKE_23577,SHOP_003,33.0,2,Good
BIKE_23577,SHOP_009,33.0,2,Good
BIKE_04842,SHOP_012,43.0,1,Good
BIKE_33583,SHOP_003,11.0,1,Fair
BIKE_17418,SHOP_003,11.0,1,Fair
BIKE_17418,SHOP_001,11.0,3,Good
BIKE_20214,SHOP_003,20.0,3,Excellent
BIKE_19700,SHOP_009,33.0,3,Good
BIKE_05135,SHOP_009,31.0,2,Good
BIKE_07768,SHOP_009,23.0,1,Good
BIKE_24947,SHOP_003,30.0,1,Good
BIKE_33237,SHOP_003,31.0,3,Good
BIKE_31015,SHOP_003,32.0,1,Good
BIKE_11568,SHOP_003,31.0,1,Excellent
BIKE_17902,SHOP_003,28.0,2,Good
BIKE_17902,SHOP_009,27.0,1,Excellent
BIKE_09880,SHOP_006,11.0,3,Good
BIKE_09880,SHOP_003,11.0,3,Excellent
BIKE_16200,SHOP_009,26.0,1,Good
BIKE_16200,SHOP_003,24.0,2,Good
BIKE_13325,SHOP_009,27.0,1,Excellent
BIKE_13325,SHOP_003,28.0,1,Excellent
BIKE_33585,SHOP_003,24.0,2,Excellent
BIKE_15057,SHOP_009,18.0,1,Good
BIKE_15057,SHOP_010,19.0,1,Good
BIKE_33165,SHOP_006,11.0,2,Good
BIKE_33165,SHOP_009,9.0,2,Excellent
BIKE_09667,SHOP_009,11.0,3,Fair
BIKE_09667,SHOP_007,9.0,2,Fair
BIKE_14969,SHOP_009,9.0,2,Good
BIKE_03198,SHOP_009,32.0,2,Fair
BIKE_04304,SHOP_003,25.0,1,Excellent
BIKE_09767,SHOP_009,28.0,2,Good
BIKE_09767,SHOP_003,28.0,3,Good
BIKE_09565,SHOP_009,10.0,1,Good
BIKE_09565,SHOP_007,9.0,2,Good
BIKE_37021,SHOP_009,29.0,1,Excellent
BIKE_37021,SHOP_003,29.0,1,Good
BIKE_29574,SHOP_009,51.0,1,Good
BIKE_29574,SHOP_003,48.0,3,Good
BIKE_22045,SHOP_007,9.0,2,Good
BIKE_22045,SHOP_003,12.0,1,Fair
BIKE_06876,SHOP_010,22.0,2,Good
BIKE_22607,SHOP_003,21.0,1,Fair
BIKE_00622,SHOP_009,37.0,1,Good
BIKE_22001,SHOP_004,20.0,3,Good
BIKE_22001,SHOP_003,19.0,3,Fair
BIKE_19676,SHOP_001,9.0,2,Good
BIKE_19676,SHOP_009,12.0,1,Good
BIKE_38183,SHOP_003,29.0,2,Good
BIKE_38183,SHOP_009,28.0,3,Good
BIKE_25076,SHOP_001,12.0,3,Good
BIKE_28070,SHOP_003,33.0,2,Good
BIKE_33101,SHOP_003,20.0,1,Good
BIKE_33101,SHOP_009,24.0,2,Good
BIKE_07284,SHOP_003,21.0,3,Good
BIKE_10888,SHOP_003,11.0,1,Good
BIKE_10888,SHOP_007,12.0,2,Fair
BIKE_18003,SHOP_009,42.0,3,Good
BIKE_18003,SHOP_003,41.0,1,Good
BIKE_06896,SHOP_003,51.0,3,Good
BIKE_21391,SHOP_003,21.0,2,Excellent
BIKE_14129,SHOP_003,24.0,2,Good
BIKE_08514,SHOP_006,9.0,3,Fair
BIKE_07916,SHOP_009,22.0,3,Good
BIKE_07916,SHOP_006,21.0,1,Good
BIKE_12369,SHOP_001,20.0,1,Excellent
BIKE_35215,SHOP_003,42.0,2,Good
BIKE_35215,SHOP_009,41.0,2,Good
BIKE_06178,SHOP_009,48.0,3,Good
BIKE_06178,SHOP_003,48.0,2,Fair
BIKE_35427,SHOP_003,26.0,2,Fair
BIKE_35427,SHOP_009,23.0,3,Good
BIKE_03690,SHOP_003,43.0,1,Good
BIKE_03690,SHOP_009,42.0,2,Good
BIKE_27838,SHOP_006,11.0,1,Good
BIKE_27838,SHOP_003,10.0,2,Good
BIKE_10919,SHOP_009,30.0,2,Fair
BIKE_09042,SHOP_009,47.0,1,Fair
BIKE_09042,SHOP_003,44.0,3,Fair
BIKE_36906,SHOP_012,39.0,2,Good
BIKE_10726,SHOP_003,9.0,2,Good
BIKE_02208,SHOP_003,10.0,1,Good
BIKE_06436,SHOP_010,22.0,2,Fair
BIKE_06436,SHOP_009,20.0,3,Good
BIKE_32380,SHOP_012,40.0,2,Good
BIKE_37481,SHOP_006,8.0,3,Good
BIKE_20199,SHOP_009,30.0,2,Good
BIKE_18674,SHOP_009,24.0,2,Good
BIKE_18674,SHOP_003,21.0,1,Good
BIKE_36529,SHOP_009,37.0,3,Good
BIKE_36529,SHOP_003,38.0,1,Good
BIKE_02298,SHOP_009,29.0,2,Excellent
BIKE_02298,SHOP_003,26.0,1,Good
BIKE_22726,SHOP_001,21.0,3,Good
BIKE_22726,SHOP_003,20.0,3,Fair
BIKE_11904,SHOP_001,11.0,2,Excellent
BIKE_11904,SHOP_009,11.0,3,Good
BIKE_13364,SHOP_007,22.0,1,Excellent
BIKE_19224,SHOP_009,34.0,1,Good
BIKE_19224,SHOP_003,34.0,2,Good
BIKE_06992,SHOP_006,23.0,2,Excellent
BIKE_06992,SHOP_001,21.0,3,Fair
BIKE_02388,SHOP_009,20.0,2,Good
BIKE_27133,SHOP_009,31.0,2,Fair
BIKE_05556,SHOP_003,20.0,3,Good
BIKE_05556,SHOP_009,20.0,1,Good
BIKE_36857,SHOP_009,29.0,1,Good
BIKE_28617,SHOP_003,24.0,1,Good
BIKE_11146,SHOP_003,22.0,3,Good
BIKE_26395,SHOP_003,30.0,1,Good
BIKE_32465,SHOP_003,10.0,2,Good
BIKE_32465,SHOP_009,11.0,2,Fair
BIKE_36717,SHOP_006,11.0,2,Good
BIKE_36717,SHOP_001,9.0,2,Excellent
BIKE_17561,SHOP_003,23.0,2,Fair
BIKE_06067,SHOP_012,51.0,1,Fair
BIKE_08094,SHOP_006,11.0,3,Good
BIKE_36206,SHOP_009,20.0,2,Excellent
BIKE_13198,SHOP_009,24.0,3,Fair
BIKE_19892,SHOP_006,9.0,1,Good
BIKE_19892,SHOP_003,11.0,1,Fair
BIKE_34045,SHOP_009,10.0,3,Fair
BIKE_33876,SHOP_003,28.0,3,Fair
BIKE_33876,SHOP_009,28.0,2,Excellent
BIKE_29893,SHOP_012,52.0,2,Good
BIKE_01928,SHOP_009,23.0,1,Good
BIKE_01928,SHOP_003,27.0,2,Excellent
BIKE_28723,SHOP_003,24.0,1,Good
BIKE_28723,SHOP_009,25.0,2,Fair
BIKE_08928,SHOP_009,11.0,1,Fair
BIKE_07801,SHOP_003,26.0,1,Good
BIKE_11994,SHOP_003,36.0,1,Excellent
BIKE_11994,SHOP_009,35.0,1,Excellent
BIKE_13837,SHOP_003,9.0,3,Good
BIKE_11313,SHOP_004,24.0,1,Good
BIKE_11313,SHOP_006,24.0,2,Good
BIKE_32468,SHOP_009,48.0,2,Good
BIKE_32468,SHOP_003,45.0,2,Excellent
BIKE_02404,SHOP_003,33.0,2,Good
BIKE_05716,SHOP_009,31.0,2,Good
BIKE_05716,SHOP_003,30.0,2,Good
BIKE_22364,SHOP_009,46.0,2,Good
BIKE_08180,SHOP_003,23.0,2,Good
BIKE_06578,SHOP_009,30.0,3,Good
BIKE_31874,SHOP_001,13.0,3,Fair
BIKE_27550,SHOP_003,30.0,3,Good
BIKE_27550,SHOP_009,28.0,3,Excellent
BIKE_01009,SHOP_003,20.0,3,Good
BIKE_01009,SHOP_009,19.0,1,Excellent
BIKE_33329,SHOP_003,25.0,3,Good
BIKE_33121,SHOP_009,28.0,3,Good
BIKE_36724,SHOP_003,19.0,2,Good
BIKE_36724,SHOP_009,21.0,1,Good
BIKE_36538,SHOP_003,22.0,3,Good
BIKE_34239,SHOP_009,8.0,1,Fair
BIKE_34239,SHOP_003,11.0,3,Good
BIKE_14313,SHOP_009,28.0,2,Excellent
BIKE_02884,SHOP_003,9.0,3,Fair
BIKE_02884,SHOP_009,9.0,3,Good
BIKE_32000,SHOP_009,36.0,1,Excellent
BIKE_32000,SHOP_003,36.0,2,Good
BIKE_00878,SHOP_009,23.0,3,Fair
BIKE_24001,SHOP_009,43.0,3,Good
BIKE_24001,SHOP_003,43.0,1,Excellent
BIKE_24788,SHOP_003,27.0,3,Good
BIKE_24788,SHOP_009,26.0,2,Good
BIKE_17021,SHOP_003,36.0,2,Good
BIKE_17021,SHOP_009,37.0,2,Fair
BIKE_23337,SHOP_009,24.0,1,Fair
BIKE_23337,SHOP_003,21.0,1,Good
BIKE_07767,SHOP_009,22.0,3,Fair
BIKE_18411,SHOP_003,30.0,3,Excellent
BIKE_33216,SHOP_003,29.0,3,Good
BIKE_26218,SHOP_009,30.0,3,Good
BIKE_08525,SHOP_001,22.0,3,Good
BIKE_08525,SHOP_010,21.0,3,Good
BIKE_13014,SHOP_003,23.0,1,Good
BIKE_13014,SHOP_009,22.0,2,Excellent
BIKE_31603,SHOP_003,25.0,3,Excellent
BIKE_31603,SHOP_009,26.0,2,Excellent
BIKE_00359,SHOP_003,30.0,2,Good
BIKE_32283,SHOP_007,9.0,2,Good
BIKE_32283,SHOP_003,10.0,3,Good
BIKE_28161,SHOP_003,10.0,3,Fair
BIKE_03132,SHOP_009,28.0,3,Good
BIKE_29649,SHOP_009,30.0,1,Excellent
BIKE_32305,SHOP_003,12.0,1,Excellent
BIKE_32305,SHOP_001,8.0,2,Fair
BIKE_18955,SHOP_003,35.0,2,Fair
BIKE_37257,SHOP_009,25.0,3,Good
BIKE_37257,SHOP_003,24.0,1,Excellent
BIKE_18902,SHOP_009,24.0,2,Good
BIKE_28680,SHOP_009,35.0,3,Good
BIKE_26271,SHOP_003,28.0,1,Good
BIKE_26271,SHOP_009,28.0,3,Fair
BIKE_29121,SHOP_003,22.0,1,Excellent
BIKE_21931,SHOP_006,9.0,1,Good
BIKE_11497,SHOP_003,26.0,2,Excellent
BIKE_11497,SHOP_009,25.0,2,Excellent
BIKE_18192,SHOP_003,19.0,3,Excellent
BIKE_18192,SHOP_006,20.0,1,Good
BIKE_36366,SHOP_003,26.0,1,Good
BIKE_27320,SHOP_009,33.0,3,Good
BIKE_27320,SHOP_003,33.0,1,Good
BIKE_01328,SHOP_012,78.0,3,Excellent
BIKE_13517,SHOP_009,36.0,1,Good
BIKE_21167,SHOP_009,21.0,2,Good
BIKE_24634,SHOP_009,12.0,2,Excellent
BIKE_34918,SHOP_003,32.0,1,Good
BIKE_34918,SHOP_009,31.0,2,Excellent
BIKE_10153,SHOP_009,22.0,2,Excellent
BIKE_10153,SHOP_003,22.0,3,Good
BIKE_06951,SHOP_003,20.0,3,Excellent
BIKE_24607,SHOP_003,35.0,3,Fair
BIKE_02796,SHOP_003,23.0,1,Fair
BIKE_02796,SHOP_009,21.0,1,Excellent
BIKE_21276,SHOP_003,29.0,3,Good
BIKE_21276,SHOP_009,29.0,3,Fair
BIKE_35007,SHOP_009,11.0,1,Excellent
BIKE_31967,SHOP_003,25.0,1,Fair
BIKE_14672,SHOP_003,31.0,2,Good
BIKE_13539,SHOP_009,19.0,1,Good
BIKE_05706,SHOP_003,29.0,2,Fair
BIKE_05706,SHOP_009,26.0,1,Excellent
BIKE_26303,SHOP_006,9.0,1,Fair
BIKE_26303,SHOP_001,12.0,1,Good
BIKE_37793,SHOP_010,17.0,2,Good
BIKE_37793,SHOP_001,18.0,1,Good
BIKE_19746,SHOP_006,17.0,2,Fair
BIKE_19746,SHOP_007,18.0,2,Good
BIKE_01356,SHOP_009,27.0,1,Fair
BIKE_01356,SHOP_003,27.0,3,Good
BIKE_37083,SHOP_009,18.0,1,Good
BIKE_27063,SHOP_009,32.0,3,Excellent
BIKE_27063,SHOP_003,28.0,3,Good
BIKE_29659,SHOP_009,29.0,3,Good
BIKE_29659,SHOP_003,29.0,1,Good
BIKE_27618,SHOP_012,40.0,3,Good
BIKE_11813,SHOP_009,28.0,1,Good
BIKE_11813,SHOP_003,30.0,2,Good
BIKE_13586,SHOP_009,27.0,2,Good
BIKE_22204,SHOP_003,11.0,2,Good
BIKE_22204,SHOP_009,12.0,3,Good
BIKE_00286,SHOP_001,11.0,3,Fair
BIKE_00286,SHOP_003,10.0,1,Good
BIKE_32456,SHOP_012,119.0,2,Good
BIKE_26228,SHOP_001,9.0,1,Good
BIKE_26228,SHOP_009,9.0,3,Good
BIKE_33382,SHOP_003,32.0,3,Excellent
BIKE_33382,SHOP_009,29.0,1,Good
BIKE_32773,SHOP_003,26.0,1,Fair
BIKE_13641,SHOP_007,9.0,3,Good
BIKE_17972,SHOP_009,33.0,2,Excellent
BIKE_16953,SHOP_009,18.0,3,Good
BIKE_25454,SHOP_009,25.0,2,Good
BIKE_25454,SHOP_003,25.0,3,Fair
BIKE_14913,SHOP_009,27.0,2,Fair
BIKE_14459,SHOP_003,27.0,2,Good
BIKE_14459,SHOP_009,25.0,1,Good
BIKE_25960,SHOP_003,26.0,3,Fair
BIKE_31959,SHOP_003,28.0,1,Good
BIKE_31959,SHOP_009,28.0,1,Good
BIKE_12250,SHOP_006,12.0,2,Good
BIKE_32639,SHOP_003,25.0,3,Good
BIKE_21286,SHOP_006,19.0,1,Good
BIKE_21286,SHOP_009,18.0,1,Fair
BIKE_19148,SHOP_009,44.0,1,Good
BIKE_19148,SHOP_003,45.0,2,Fair
BIKE_09532,SHOP_009,50.0,3,Excellent
BIKE_29275,SHOP_003,24.0,3,Good
BIKE_07164,SHOP_009,36.0,1,Good
BIKE_33005,SHOP_009,38.0,1,Good
BIKE_33005,SHOP_003,39.0,1,Good
BIKE_13933,SHOP_003,10.0,3,Excellent
BIKE_09738,SHOP_009,26.0,1,Fair
BIKE_09738,SHOP_003,28.0,3,Good
BIKE_18735,SHOP_009,45.0,2,Excellent
BIKE_20490,SHOP_003,19.0,1,Good
BIKE_20490,SHOP_001,20.0,2,Good
BIKE_20023,SHOP_006,18.0,1,Fair
BIKE_20023,SHOP_003,18.0,2,Good
BIKE_04119,SHOP_003,24.0,2,Good
BIKE_04119,SHOP_009,25.0,3,Good
BIKE_09477,SHOP_009,28.0,1,Good
BIKE_15181,SHOP_006,23.0,1,Good
BIKE_09068,SHOP_012,42.0,2,Fair
BIKE_10186,SHOP_003,30.0,1,Good
BIKE_10186,SHOP_009,30.0,1,Good
BIKE_25450,SHOP_003,27.0,3,Fair
BIKE_36364,SHOP_012,44.0,3,Good
BIKE_28963,SHOP_010,21.0,1,Good
BIKE_05844,SHOP_003,19.0,3,Good
BIKE_07348,SHOP_007,22.0,2,Good
BIKE_07348,SHOP_006,21.0,3,Good
BIKE_06300,SHOP_012,47.0,1,Excellent
BIKE_13019,SHOP_009,9.0,3,Good
BIKE_19032,SHOP_009,24.0,3,Fair
BIKE_19032,SHOP_003,24.0,1,Good
BIKE_24462,SHOP_009,19.0,1,Good
BIKE_24462,SHOP_003,21.0,1,Fair
BIKE_16366,SHOP_001,24.0,3,Excellent
BIKE_09641,SHOP_009,22.0,3,Good
BIKE_09641,SHOP_003,20.0,3,Good
BIKE_20562,SHOP_007,11.0,3,Fair
BIKE_20572,SHOP_010,9.0,1,Good
BIKE_25489,SHOP_009,21.0,3,Good
BIKE_25489,SHOP_003,21.0,1,Excellent
BIKE_31232,SHOP_009,11.0,2,Good
BIKE_02054,SHOP_001,11.0,3,Fair
BIKE_02054,SHOP_009,10.0,1,Excellent
BIKE_04880,SHOP_009,49.0,3,Good
BIKE_04880,SHOP_003,51.0,2,Good
BIKE_33178,SHOP_003,28.0,2,Good
BIKE_34126,SHOP_007,16.0,1,Good
BIKE_34126,SHOP_001,17.0,1,Excellent
BIKE_05860,SHOP_007,9.0,3,Good
BIKE_08213,SHOP_003,46.0,2,Fair
BIKE_08213,SHOP_009,43.0,1,Good
BIKE_33793,SHOP_003,12.0,1,Good
BIKE_04254,SHOP_009,29.0,2,Excellent
BIKE_04254,SHOP_003,29.0,3,Fair
BIKE_09085,SHOP_009,41.0,3,Good
BIKE_09085,SHOP_003,43.0,3,Good
BIKE_35338,SHOP_009,32.0,2,Excellent
BIKE_13154,SHOP_003,37.0,1,Good
BIKE_15709,SHOP_009,32.0,3,Good
BIKE_15709,SHOP_003,34.0,3,Fair
BIKE_22583,SHOP_003,26.0,3,Good
BIKE_22583,SHOP_009,29.0,3,Good
BIKE_00677,SHOP_003,32.0,3,Fair
BIKE_00677,SHOP_009,34.0,2,Fair
BIKE_20663,SHOP_007,10.0,3,Good
BIKE_20663,SHOP_009,10.0,1,Excellent
BIKE_06341,SHOP_006,9.0,1,Good
BIKE_06341,SHOP_009,11.0,2,Excellent
BIKE_05414,SHOP_003,28.0,3,Good
BIKE_05414,SHOP_009,27.0,1,Excellent
BIKE_29178,SHOP_003,29.0,3,Good
BIKE_29178,SHOP_009,30.0,2,Fair
BIKE_14075,SHOP_007,21.0,3,Good
BIKE_37759,SHOP_012,41.0,1,Good
BIKE_16969,SHOP_009,32.0,2,Excellent
BIKE_18145,SHOP_009,34.0,1,Excellent
BIKE_19161,SHOP_009,47.0,3,Excellent
BIKE_02616,SHOP_003,23.0,1,Excellent
BIKE_04525,SHOP_004,10.0,2,Good
BIKE_04525,SHOP_009,14.0,2,Fair
BIKE_13356,SHOP_009,29.0,2,Good
BIKE_13356,SHOP_003,30.0,2,Good
BIKE_20775,SHOP_003,26.0,2,Good
BIKE_15130,SHOP_006,24.0,3,Good
BIKE_15130,SHOP_004,24.0,2,Excellent
BIKE_36117,SHOP_006,20.0,3,Good
BIKE_02584,SHOP_003,24.0,1,Good
BIKE_16410,SHOP_003,29.0,3,Good
BIKE_16410,SHOP_009,29.0,3,Excellent
BIKE_24844,SHOP_001,9.0,1,Good
BIKE_24844,SHOP_003,8.0,2,Good
BIKE_02425,SHOP_012,55.0,1,Fair
BIKE_37956,SHOP_007,10.0,3,Good
BIKE_37956,SHOP_003,9.0,3,Fair
BIKE_22926,SHOP_009,24.0,1,Good
BIKE_22926,SHOP_003,24.0,1,Good
BIKE_18420,SHOP_003,29.0,2,Fair
BIKE_22224,SHOP_009,25.0,1,Good
BIKE_22224,SHOP_003,28.0,2,Excellent
BIKE_28344,SHOP_009,25.0,2,Fair
BIKE_22514,SHOP_003,27.0,2,Good
BIKE_22514,SHOP_009,26.0,1,Good
BIKE_24132,SHOP_009,11.0,1,Excellent
BIKE_09792,SHOP_009,22.0,3,Good
BIKE_05634,SHOP_009,31.0,3,Excellent
BIKE_05634,SHOP_003,31.0,3,Excellent
BIKE_12548,SHOP_001,9.0,3,Fair
BIKE_12548,SHOP_003,11.0,2,Good
BIKE_22972,SHOP_003,27.0,2,Fair
BIKE_22972,SHOP_009,24.0,3,Good
BIKE_23507,SHOP_012,42.0,1,Fair
BIKE_10026,SHOP_003,34.0,1,Good
BIKE_34316,SHOP_009,10.0,1,Good
BIKE_21005,SHOP_009,23.0,1,Good
BIKE_21005,SHOP_003,24.0,1,Good
BIKE_28475,SHOP_001,10.0,2,Good
BIKE_28475,SHOP_006,11.0,3,Good
BIKE_05132,SHOP_009,9.0,3,Excellent
BIKE_09802,SHOP_009,19.0,3,Good
BIKE_09802,SHOP_003,20.0,2,Excellent
BIKE_23415,SHOP_006,11.0,2,Fair
BIKE_08825,SHOP_003,20.0,3,Good
BIKE_02715,SHOP_003,26.0,1,Fair
BIKE_02715,SHOP_009,27.0,3,Excellent
BIKE_19847,SHOP_009,32.0,1,Fair
BIKE_19847,SHOP_003,35.0,1,Good
BIKE_06422,SHOP_003,21.0,2,Good
BIKE_06422,SHOP_009,21.0,2,Fair
BIKE_05133,SHOP_001,12.0,1,Good
BIKE_08511,SHOP_001,13.0,1,Good
BIKE_08511,SHOP_007,13.0,1,Good
BIKE_35998,SHOP_003,28.0,1,Good
BIKE_35998,SHOP_009,27.0,1,Good
BIKE_02211,SHOP_009,29.0,2,Good
BIKE_04832,SHOP_001,20.0,1,Excellent
BIKE_13793,SHOP_012,40.0,1,Good
BIKE_22919,SHOP_003,36.0,3,Good
BIKE_02918,SHOP_003,28.0,1,Excellent
BIKE_33599,SHOP_006,19.0,3,Good
BIKE_32788,SHOP_001,9.0,2,Good
BIKE_32788,SHOP_009,10.0,2,Good
BIKE_29501,SHOP_007,17.0,1,Excellent
BIKE_29501,SHOP_010,18.0,3,Good
BIKE_02533,SHOP_003,39.0,3,Fair
BIKE_02533,SHOP_009,41.0,2,Excellent
BIKE_00017,SHOP_009,32.0,3,Fair
BIKE_34615,SHOP_004,22.0,3,Good
BIKE_18210,SHOP_003,40.0,3,Good
BIKE_18210,SHOP_009,39.0,3,Good
BIKE_12830,SHOP_009,22.0,1,Good
BIKE_12830,SHOP_010,23.0,3,Good
BIKE_17268,SHOP_003,35.0,2,Excellent
BIKE_28051,SHOP_009,24.0,3,Good
BIKE_28976,SHOP_004,21.0,2,Excellent
BIKE_29517,SHOP_003,10.0,2,Good
BIKE_15288,SHOP_006,11.0,1,Good
BIKE_22984,SHOP_009,25.0,3,Good
BIKE_22984,SHOP_003,24.0,2,Good
BIKE_35491,SHOP_001,21.0,1,Excellent
BIKE_35491,SHOP_010,22.0,2,Good
BIKE_34642,SHOP_003,12.0,2,Good
BIKE_25011,SHOP_009,30.0,3,Good
BIKE_25011,SHOP_003,28.0,2,Good
BIKE_18025,SHOP_006,22.0,2,Excellent
BIKE_18025,SHOP_009,24.0,1,Excellent
BIKE_04590,SHOP_009,29.0,3,Fair
BIKE_10354,SHOP_009,44.0,1,Fair
BIKE_35555,SHOP_003,34.0,2,Good
BIKE_20685,SHOP_007,23.0,1,Fair
BIKE_20685,SHOP_010,21.0,1,Fair
BIKE_16752,SHOP_009,23.0,1,Good
BIKE_16752,SHOP_003,21.0,3,Fair
BIKE_34781,SHOP_012,67.0,2,Excellent
BIKE_34821,SHOP_007,9.0,3,Fair
BIKE_32192,SHOP_009,33.0,2,Good
BIKE_32192,SHOP_003,34.0,1,Excellent
BIKE_25997,SHOP_003,21.0,3,Good
BIKE_25997,SHOP_009,21.0,3,Fair
BIKE_33360,SHOP_004,22.0,3,Good
BIKE_30422,SHOP_004,23.0,2,Good
BIKE_00297,SHOP_003,40.0,3,Good
BIKE_08487,SHOP_007,10.0,2,Good
BIKE_08487,SHOP_003,11.0,2,Good
BIKE_30489,SHOP_007,25.0,1,Fair
BIKE_30489,SHOP_006,23.0,1,Good
BIKE_02497,SHOP_009,20.0,2,Excellent
BIKE_00250,SHOP_009,11.0,2,Good
BIKE_13061,SHOP_009,28.0,1,Fair
BIKE_13061,SHOP_003,29.0,3,Good
BIKE_08518,SHOP_003,28.0,3,Excellent
BIKE_03103,SHOP_012,40.0,2,Good
BIKE_16293,SHOP_009,25.0,3,Good
BIKE_10463,SHOP_003,34.0,2,Fair
BIKE_37324,SHOP_009,26.0,3,Good
BIKE_37324,SHOP_003,27.0,3,Excellent
BIKE_00900,SHOP_006,24.0,1,Good
BIKE_00900,SHOP_004,24.0,1,Good
BIKE_09682,SHOP_009,44.0,1,Good
BIKE_22482,SHOP_003,41.0,2,Excellent
BIKE_22482,SHOP_009,42.0,2,Good
BIKE_33899,SHOP_003,27.0,2,Fair
BIKE_33025,SHOP_006,19.0,1,Good
BIKE_33025,SHOP_001,19.0,2,Excellent
BIKE_25598,SHOP_007,26.0,3,Fair
BIKE_25598,SHOP_006,23.0,3,Good
BIKE_31066,SHOP_001,12.0,3,Fair
BIKE_03120,SHOP_009,23.0,3,Excellent
BIKE_03120,SHOP_003,24.0,2,Fair
BIKE_09167,SHOP_012,44.0,2,Fair
BIKE_17356,SHOP_009,10.0,2,Good
BIKE_17356,SHOP_003,10.0,2,Fair
BIKE_32033,SHOP_004,14.0,3,Good
BIKE_32033,SHOP_003,10.0,2,Good
BIKE_31405,SHOP_009,20.0,3,Good
BIKE_31405,SHOP_003,21.0,2,Good
BIKE_31396,SHOP_009,22.0,2,Good
BIKE_36581,SHOP_009,22.0,1,Fair
BIKE_36581,SHOP_003,20.0,1,Good
BIKE_12788,SHOP_001,10.0,2,Good
BIKE_12788,SHOP_009,12.0,1,Excellent
BIKE_31702,SHOP_010,23.0,2,Fair
BIKE_01650,SHOP_003,31.0,2,Excellent
BIKE_01650,SHOP_009,29.0,1,Excellent
BIKE_18765,SHOP_001,24.0,1,Good
BIKE_15503,SHOP_009,35.0,1,Fair
BIKE_15503,SHOP_003,32.0,1,Good
BIKE_09146,SHOP_012,49.0,1,Fair
BIKE_30983,SHOP_012,38.0,2,Good
BIKE_15236,SHOP_009,21.0,3,Excellent
BIKE_15236,SHOP_003,21.0,1,Good
BIKE_24478,SHOP_001,19.0,3,Excellent
BIKE_24478,SHOP_006,20.0,1,Excellent
BIKE_12157,SHOP_009,40.0,2,Good
BIKE_20075,SHOP_009,21.0,2,Good
BIKE_20075,SHOP_003,20.0,2,Good
BIKE_24025,SHOP_009,27.0,3,Good
BIKE_24025,SHOP_003,26.0,3,Good
BIKE_13802,SHOP_009,21.0,3,Good
BIKE_01956,SHOP_003,40.0,3,Good
BIKE_01956,SHOP_009,41.0,2,Good
BIKE_35316,SHOP_003,21.0,3,Good
BIKE_26152,SHOP_006,9.0,1,Excellent
BIKE_08943,SHOP_009,8.0,1,Good
BIKE_08943,SHOP_003,10.0,2,Fair
BIKE_37185,SHOP_003,24.0,3,Fair
BIKE_37185,SHOP_009,25.0,1,Good
BIKE_29347,SHOP_001,11.0,1,Good
BIKE_30787,SHOP_009,35.0,2,Good
BIKE_30787,SHOP_003,37.0,2,Excellent
BIKE_19376,SHOP_004,17.0,2,Good
BIKE_07387,SHOP_003,31.0,3,Excellent
BIKE_07387,SHOP_009,33.0,2,Fair
BIKE_31519,SHOP_003,20.0,3,Excellent
BIKE_31519,SHOP_009,19.0,1,Good
BIKE_08468,SHOP_007,25.0,2,Fair
BIKE_08468,SHOP_003,25.0,2,Good
BIKE_21044,SHOP_009,32.0,3,Fair
BIKE_21044,SHOP_003,33.0,3,Good
BIKE_36948,SHOP_003,25.0,2,Good
BIKE_17989,SHOP_003,35.0,1,Good
BIKE_17989,SHOP_009,35.0,2,Good
BIKE_31381,SHOP_009,21.0,3,Excellent
BIKE_22332,SHOP_001,9.0,1,Good
BIKE_04813,SHOP_007,9.0,3,Good
BIKE_36288,SHOP_003,34.0,1,Excellent
BIKE_36288,SHOP_009,35.0,1,Good
BIKE_29138,SHOP_003,28.0,1,Fair
BIKE_18629,SHOP_003,31.0,2,Good
BIKE_18629,SHOP_009,32.0,3,Good
BIKE_23334,SHOP_006,23.0,2,Fair
BIKE_13924,SHOP_009,25.0,2,Good
BIKE_03618,SHOP_012,39.0,2,Good
BIKE_00121,SHOP_003,10.0,2,Good
BIKE_00121,SHOP_001,9.0,3,Good
BIKE_04577,SHOP_003,28.0,2,Excellent
BIKE_11131,SHOP_006,12.0,1,Good
BIKE_11131,SHOP_007,12.0,1,Good
BIKE_01148,SHOP_003,20.0,1,Fair
BIKE_01148,SHOP_004,21.0,1,Good
BIKE_03547,SHOP_003,11.0,3,Good
BIKE_03547,SHOP_001,12.0,2,Good
BIKE_23934,SHOP_012,39.0,3,Good
BIKE_31619,SHOP_009,19.0,2,Good
BIKE_02376,SHOP_009,28.0,2,Good
BIKE_02376,SHOP_003,30.0,2,Excellent
BIKE_14777,SHOP_012,45.0,2,Good
BIKE_27004,SHOP_001,8.0,1,Good
BIKE_27004,SHOP_009,9.0,3,Excellent
BIKE_30547,SHOP_001,22.0,2,Excellent
BIKE_02493,SHOP_009,28.0,3,Good
BIKE_26294,SHOP_009,28.0,1,Excellent
BIKE_34729,SHOP_003,19.0,2,Excellent
BIKE_14957,SHOP_010,22.0,3,Excellent
BIKE_14957,SHOP_003,20.0,3,Good
BIKE_25804,SHOP_012,62.0,3,Good
BIKE_19277,SHOP_009,30.0,1,Fair
BIKE_15441,SHOP_009,26.0,2,Good
BIKE_15441,SHOP_003,26.0,3,Good
BIKE_08138,SHOP_009,34.0,3,Good
BIKE_25222,SHOP_003,34.0,2,Good
BIKE_25222,SHOP_009,35.0,1,Excellent
BIKE_02937,SHOP_007,24.0,1,Good
BIKE_02937,SHOP_009,22.0,2,Good
BIKE_27325,SHOP_006,10.0,2,Good
BIKE_27325,SHOP_001,11.0,2,Good
BIKE_08134,SHOP_009,9.0,1,Good
BIKE_14124,SHOP_007,23.0,1,Excellent
BIKE_14124,SHOP_006,19.0,3,Fair
BIKE_03528,SHOP_009,19.0,2,Excellent
BIKE_03528,SHOP_003,20.0,2,Good
BIKE_08870,SHOP_009,23.0,1,Good
BIKE_08870,SHOP_003,22.0,1,Good
BIKE_36480,SHOP_009,11.0,3,Fair
BIKE_14188,SHOP_009,18.0,1,Good
BIKE_04097,SHOP_003,44.0,2,Good
BIKE_04097,SHOP_009,44.0,2,Good
BIKE_07708,SHOP_001,23.0,1,Fair
BIKE_07708,SHOP_004,20.0,2,Fair
BIKE_27033,SHOP_009,10.0,3,Excellent
BIKE_27033,SHOP_007,10.0,1,Good
BIKE_37537,SHOP_003,21.0,3,Good
BIKE_07793,SHOP_003,23.0,3,Good
BIKE_07793,SHOP_009,23.0,1,Good
BIKE_09743,SHOP_009,9.0,2,Fair
BIKE_28329,SHOP_010,23.0,2,Fair
BIKE_36921,SHOP_003,21.0,3,Good
BIKE_36921,SHOP_009,21.0,3,Fair
BIKE_31541,SHOP_009,42.0,1,Good
BIKE_15661,SHOP_009,20.0,1,Fair
BIKE_15661,SHOP_003,22.0,3,Excellent
BIKE_06807,SHOP_009,18.0,1,Fair
BIKE_06807,SHOP_003,18.0,1,Good
BIKE_06258,SHOP_001,18.0,2,Good
BIKE_06258,SHOP_010,18.0,3,Good
BIKE_30408,SHOP_004,20.0,2,Excellent
BIKE_30408,SHOP_003,22.0,1,Good
BIKE_26388,SHOP_004,21.0,1,Good
BIKE_00520,SHOP_009,47.0,1,Good
BIKE_27754,SHOP_001,23.0,3,Excellent
BIKE_27754,SHOP_003,22.0,1,Good
BIKE_27506,SHOP_007,10.0,1,Good
BIKE_38528,SHOP_004,20.0,1,Excellent
BIKE_28580,SHOP_009,25.0,2,Good
BIKE_28580,SHOP_003,27.0,3,Good
BIKE_30168,SHOP_001,9.0,2,Good
BIKE_20989,SHOP_010,10.0,3,Excellent
BIKE_28566,SHOP_009,46.0,1,Excellent
BIKE_28566,SHOP_003,44.0,1,Good
BIKE_03579,SHOP_009,24.0,3,Good
BIKE_03579,SHOP_003,23.0,3,Good
BIKE_27612,SHOP_009,35.0,3,Good
BIKE_23731,SHOP_012,88.0,2,Good
BIKE_14563,SHOP_012,54.0,1,Good
BIKE_31193,SHOP_001,8.0,2,Excellent
BIKE_31193,SHOP_009,8.0,1,Good
BIKE_01117,SHOP_001,24.0,3,Good
BIKE_01117,SHOP_004,24.0,2,Good
BIKE_29908,SHOP_003,43.0,2,Good
BIKE_29908,SHOP_009,46.0,1,Good
BIKE_03994,SHOP_003,30.0,1,Good
BIKE_04749,SHOP_009,27.0,2,Good
BIKE_04749,SHOP_003,27.0,2,Good
BIKE_02878,SHOP_009,26.0,3,Fair
BIKE_02878,SHOP_003,28.0,1,Good
BIKE_37204,SHOP_003,25.0,1,Excellent
BIKE_00348,SHOP_003,25.0,1,Good
BIKE_00348,SHOP_009,25.0,2,Good
BIKE_04847,SHOP_003,35.0,3,Fair
BIKE_14299,SHOP_003,38.0,2,Excellent
BIKE_03469,SHOP_009,19.0,2,Excellent
BIKE_10593,SHOP_004,26.0,1,Good
BIKE_10593,SHOP_009,24.0,1,Fair
BIKE_22023,SHOP_009,35.0,2,Good
BIKE_03706,SHOP_001,17.0,3,Good
BIKE_26129,SHOP_004,21.0,1,Fair
BIKE_26129,SHOP_010,24.0,3,Good
BIKE_29419,SHOP_007,9.0,2,Good
BIKE_17092,SHOP_009,29.0,2,Good
BIKE_17092,SHOP_003,29.0,3,Good
BIKE_00214,SHOP_009,21.0,1,Good
BIKE_00214,SHOP_003,22.0,2,Fair
BIKE_03634,SHOP_006,24.0,3,Excellent
BIKE_04072,SHOP_009,24.0,2,Excellent
BIKE_17704,SHOP_009,29.0,2,Fair
BIKE_17704,SHOP_003,31.0,2,Excellent
BIKE_38627,SHOP_003,32.0,1,Good
BIKE_38627,SHOP_009,31.0,2,Excellent
BIKE_01664,SHOP_003,32.0,2,Fair
BIKE_01664,SHOP_009,31.0,3,Good
BIKE_02842,SHOP_003,9.0,2,Fair
BIKE_02842,SHOP_001,9.0,2,Good
BIKE_19463,SHOP_003,20.0,2,Fair
BIKE_34337,SHOP_003,30.0,2,Good
BIKE_22661,SHOP_003,25.0,2,Good
BIKE_01450,SHOP_004,18.0,3,Good
BIKE_01450,SHOP_009,18.0,1,Good
BIKE_35685,SHOP_001,9.0,3,Good
BIKE_24361,SHOP_003,22.0,2,Excellent
BIKE_24361,SHOP_009,24.0,1,Good
BIKE_20752,SHOP_010,23.0,1,Excellent
BIKE_20752,SHOP_001,23.0,2,Good
BIKE_34294,SHOP_001,20.0,3,Excellent
BIKE_34294,SHOP_003,20.0,2,Good
BIKE_30991,SHOP_006,11.0,3,Good
BIKE_30318,SHOP_003,21.0,2,Good
BIKE_29529,SHOP_009,25.0,3,Good
BIKE_29529,SHOP_003,24.0,3,Good
BIKE_26864,SHOP_001,20.0,3,Good
BIKE_30182,SHOP_003,30.0,3,Good
BIKE_30182,SHOP_009,32.0,1,Good
BIKE_12781,SHOP_007,12.0,1,Good
BIKE_12781,SHOP_006,12.0,3,Good
BIKE_04343,SHOP_009,25.0,1,Good
BIKE_04343,SHOP_003,25.0,3,Fair
BIKE_29552,SHOP_006,10.0,3,Fair
BIKE_29552,SHOP_003,11.0,3,Fair
BIKE_17134,SHOP_001,24.0,3,Excellent
BIKE_03116,SHOP_003,31.0,1,Good
BIKE_03116,SHOP_009,31.0,2,Good
BIKE_26008,SHOP_009,28.0,2,Excellent
BIKE_07137,SHOP_012,49.0,1,Good
BIKE_27466,SHOP_003,26.0,2,Fair
BIKE_27466,SHOP_009,26.0,3,Excellent
BIKE_00513,SHOP_009,26.0,1,Good
BIKE_13610,SHOP_003,8.0,2,Good
BIKE_13610,SHOP_007,12.0,3,Good
BIKE_20268,SHOP_003,29.0,1,Good
BIKE_20268,SHOP_009,26.0,2,Excellent
BIKE_15289,SHOP_006,11.0,3,Excellent
BIKE_15289,SHOP_009,11.0,3,Good
BIKE_29188,SHOP_003,47.0,2,Excellent
BIKE_29188,SHOP_009,46.0,3,Good
BIKE_05823,SHOP_003,32.0,3,Good
BIKE_33950,SHOP_009,29.0,1,Good
BIKE_07751,SHOP_003,20.0,1,Fair
BIKE_11997,SHOP_009,25.0,2,Fair
BIKE_27698,SHOP_009,27.0,3,Good
BIKE_27698,SHOP_003,27.0,2,Good
BIKE_33212,SHOP_007,19.0,1,Good
BIKE_11243,SHOP_003,28.0,3,Fair
BIKE_28370,SHOP_003,25.0,3,Good
BIKE_28370,SHOP_009,27.0,2,Good
BIKE_34424,SHOP_003,11.0,1,Good
BIKE_34424,SHOP_001,11.0,1,Good
BIKE_04216,SHOP_003,31.0,3,Excellent
BIKE_04216,SHOP_009,31.0,3,Good
BIKE_16286,SHOP_007,19.0,3,Fair
BIKE_16286,SHOP_010,19.0,2,Fair
BIKE_08574,SHOP_003,27.0,1,Fair
BIKE_22038,SHOP_003,9.0,3,Fair
BIKE_21439,SHOP_009,29.0,2,Good
BIKE_14019,SHOP_003,23.0,1,Good
BIKE_29519,SHOP_007,10.0,3,Excellent
BIKE_29519,SHOP_009,9.0,3,Fair
BIKE_38048,SHOP_009,28.0,1,Good
BIKE_06352,SHOP_003,26.0,2,Fair
BIKE_06352,SHOP_009,25.0,1,Good
BIKE_06561,SHOP_009,24.0,2,Good
BIKE_18805,SHOP_009,49.0,1,Excellent
BIKE_20715,SHOP_003,28.0,1,Good
BIKE_20715,SHOP_009,31.0,2,Good
BIKE_07275,SHOP_009,35.0,2,Good
BIKE_07275,SHOP_003,36.0,1,Excellent
BIKE_14942,SHOP_009,29.0,1,Good
BIKE_05528,SHOP_001,12.0,2,Good
BIKE_05528,SHOP_003,13.0,2,Excellent
BIKE_04282,SHOP_009,38.0,2,Good
BIKE_08542,SHOP_009,27.0,1,Fair
BIKE_22296,SHOP_003,27.0,1,Good
BIKE_22296,SHOP_009,27.0,2,Good
BIKE_29254,SHOP_009,30.0,3,Excellent
BIKE_29254,SHOP_003,32.0,3,Good
BIKE_31771,SHOP_001,11.0,2,Good
BIKE_31771,SHOP_009,9.0,2,Good
BIKE_31383,SHOP_009,20.0,3,Good
BIKE_05665,SHOP_003,20.0,2,Good
BIKE_03984,SHOP_006,8.0,3,Fair
BIKE_07185,SHOP_003,25.0,3,Good
BIKE_07185,SHOP_009,24.0,2,Good
BIKE_37159,SHOP_003,25.0,2,Good
BIKE_35606,SHOP_009,33.0,3,Fair
BIKE_35606,SHOP_003,33.0,1,Fair
BIKE_19723,SHOP_009,31.0,2,Good
BIKE_19723,SHOP_003,31.0,1,Good
BIKE_10506,SHOP_009,8.0,2,Good
BIKE_10506,SHOP_007,10.0,3,Good
BIKE_33185,SHOP_006,12.0,3,Good
BIKE_33185,SHOP_009,9.0,1,Good
BIKE_00401,SHOP_007,22.0,3,Fair
BIKE_00401,SHOP_006,23.0,3,Good
BIKE_19959,SHOP_003,29.0,2,Excellent
BIKE_28031,SHOP_010,19.0,1,Good
BIKE_20957,SHOP_003,27.0,2,Good
BIKE_04546,SHOP_009,25.0,3,Fair
BIKE_25896,SHOP_007,12.0,2,Good
BIKE_25896,SHOP_001,12.0,3,Good
BIKE_17265,SHOP_009,29.0,3,Good
BIKE_17265,SHOP_003,28.0,2,Good
BIKE_26117,SHOP_003,43.0,1,Good
BIKE_26117,SHOP_009,44.0,1,Good
BIKE_00810,SHOP_009,22.0,1,Fair
BIKE_36693,SHOP_007,11.0,2,Excellent
BIKE_36693,SHOP_003,8.0,2,Good
BIKE_10499,SHOP_003,28.0,2,Good
BIKE_10499,SHOP_009,24.0,1,Good
BIKE_06906,SHOP_003,21.0,1,Good
BIKE_36186,SHOP_009,46.0,2,Fair
BIKE_09498,SHOP_009,33.0,1,Good
BIKE_09498,SHOP_003,32.0,3,Good
BIKE_14709,SHOP_001,17.0,1,Good
BIKE_17287,SHOP_009,23.0,1,Excellent
BIKE_24839,SHOP_003,41.0,1,Good
BIKE_24839,SHOP_009,39.0,3,Fair
BIKE_11450,SHOP_012,41.0,1,Excellent
BIKE_13114,SHOP_003,34.0,3,Fair
BIKE_13114,SHOP_009,34.0,2,Good
BIKE_30895,SHOP_009,33.0,2,Fair
BIKE_27448,SHOP_009,25.0,3,Good
BIKE_21585,SHOP_003,21.0,3,Fair
BIKE_19334,SHOP_001,23.0,3,Good
BIKE_07828,SHOP_001,19.0,2,Good
BIKE_07828,SHOP_010,19.0,2,Excellent
BIKE_12978,SHOP_009,22.0,2,Good
BIKE_12978,SHOP_003,23.0,1,Fair
BIKE_15016,SHOP_009,12.0,1,Excellent
BIKE_15016,SHOP_006,9.0,2,Good
BIKE_22249,SHOP_006,23.0,2,Fair
BIKE_22249,SHOP_009,21.0,1,Good
BIKE_12184,SHOP_009,19.0,2,Good
BIKE_00292,SHOP_006,11.0,2,Excellent
BIKE_00292,SHOP_007,9.0,1,Excellent
BIKE_13681,SHOP_003,29.0,1,Good
BIKE_27245,SHOP_006,20.0,1,Good
BIKE_27245,SHOP_010,20.0,3,Good
BIKE_29864,SHOP_009,43.0,2,Excellent
BIKE_20155,SHOP_003,31.0,2,Good
BIKE_20155,SHOP_009,30.0,2,Excellent
BIKE_15207,SHOP_003,28.0,3,Good
BIKE_37995,SHOP_009,8.0,2,Good
BIKE_35163,SHOP_003,31.0,1,Good
BIKE_07451,SHOP_004,20.0,3,Good
BIKE_07451,SHOP_003,21.0,2,Good
BIKE_35132,SHOP_003,11.0,3,Excellent
BIKE_03740,SHOP_006,20.0,2,Fair
BIKE_03740,SHOP_001,21.0,1,Good
BIKE_10126,SHOP_003,22.0,3,Good
BIKE_10126,SHOP_009,20.0,1,Excellent
BIKE_07209,SHOP_003,28.0,3,Excellent
BIKE_07209,SHOP_009,25.0,1,Excellent
BIKE_36627,SHOP_003,33.0,3,Good
BIKE_36627,SHOP_009,36.0,3,Fair
BIKE_11854,SHOP_003,46.0,1,Good
BIKE_11854,SHOP_009,46.0,1,Good
BIKE_06983,SHOP_009,25.0,3,Fair
BIKE_06983,SHOP_003,25.0,3,Good
BIKE_01997,SHOP_003,8.0,3,Good
BIKE_01997,SHOP_006,10.0,2,Good
BIKE_10020,SHOP_009,24.0,1,Good
BIKE_10020,SHOP_003,26.0,2,Good
BIKE_20383,SHOP_012,40.0,3,Good
BIKE_33125,SHOP_004,18.0,1,Good
BIKE_27524,SHOP_010,21.0,1,Excellent
BIKE_19962,SHOP_009,29.0,1,Excellent
BIKE_19962,SHOP_003,28.0,1,Excellent
BIKE_12728,SHOP_009,11.0,3,Excellent
BIKE_12728,SHOP_007,13.0,2,Good
BIKE_07010,SHOP_009,20.0,3,Excellent
BIKE_07010,SHOP_003,21.0,2,Excellent
BIKE_10989,SHOP_012,57.0,3,Fair
BIKE_37690,SHOP_009,24.0,1,Fair
BIKE_12353,SHOP_003,24.0,3,Fair
BIKE_26068,SHOP_009,32.0,2,Good
BIKE_15175,SHOP_003,27.0,1,Excellent
BIKE_17054,SHOP_003,27.0,1,Excellent
BIKE_17054,SHOP_009,30.0,2,Fair
BIKE_26468,SHOP_003,41.0,1,Good
BIKE_03014,SHOP_003,16.0,3,Good
BIKE_03344,SHOP_009,31.0,2,Good
BIKE_03344,SHOP_003,33.0,1,Good
BIKE_35645,SHOP_009,9.0,2,Good
BIKE_33850,SHOP_001,11.0,3,Good
BIKE_20727,SHOP_003,36.0,3,Fair
BIKE_28634,SHOP_003,12.0,3,Fair
BIKE_28634,SHOP_007,11.0,1,Good
BIKE_38172,SHOP_003,19.0,1,Good
BIKE_31435,SHOP_003,22.0,2,Excellent
BIKE_31435,SHOP_009,22.0,2,Good
BIKE_26291,SHOP_009,11.0,3,Good
BIKE_11263,SHOP_009,48.0,3,Good
BIKE_32657,SHOP_003,11.0,2,Fair
BIKE_32657,SHOP_006,10.0,3,Good
BIKE_36637,SHOP_009,31.0,2,Fair
BIKE_36739,SHOP_003,26.0,1,Excellent
BIKE_06117,SHOP_003,25.0,1,Good
BIKE_25253,SHOP_012,55.0,1,Good
BIKE_26881,SHOP_009,29.0,1,Fair
BIKE_13401,SHOP_009,10.0,1,Good
BIKE_05047,SHOP_009,39.0,1,Good
BIKE_27913,SHOP_007,17.0,3,Good
BIKE_27913,SHOP_010,18.0,1,Good
BIKE_32856,SHOP_009,19.0,1,Good
BIKE_32856,SHOP_003,20.0,3,Good
BIKE_24646,SHOP_003,9.0,2,Fair
BIKE_24646,SHOP_009,9.0,2,Excellent
BIKE_07696,SHOP_012,44.0,2,Fair
BIKE_05679,SHOP_009,23.0,3,Good
BIKE_29235,SHOP_009,20.0,3,Fair
BIKE_29235,SHOP_007,20.0,1,Excellent
BIKE_35626,SHOP_009,20.0,1,Good
BIKE_35626,SHOP_003,21.0,1,Good
BIKE_20201,SHOP_007,21.0,1,Good
BIKE_23372,SHOP_003,22.0,2,Excellent
BIKE_23372,SHOP_009,22.0,3,Good
BIKE_37858,SHOP_007,21.0,1,Good
BIKE_14565,SHOP_003,31.0,3,Good
BIKE_34418,SHOP_003,37.0,1,Excellent
BIKE_07978,SHOP_009,20.0,1,Excellent
BIKE_36665,SHOP_012,54.0,2,Excellent
BIKE_18560,SHOP_003,25.0,1,Excellent
BIKE_18560,SHOP_006,24.0,3,Fair
BIKE_20314,SHOP_007,18.0,2,Good
BIKE_13988,SHOP_001,21.0,2,Good
BIKE_14524,SHOP_003,51.0,3,Good
BIKE_14524,SHOP_009,52.0,1,Good
BIKE_29854,SHOP_010,23.0,1,Fair
BIKE_25845,SHOP_003,32.0,3,Excellent
BIKE_25845,SHOP_009,32.0,1,Excellent
BIKE_01818,SHOP_009,38.0,3,Good
BIKE_01818,SHOP_003,37.0,2,Good
BIKE_21298,SHOP_006,12.0,3,Excellent
BIKE_21298,SHOP_007,10.0,2,Fair
BIKE_18879,SHOP_003,19.0,1,Fair
BIKE_18879,SHOP_006,21.0,1,Good
BIKE_05862,SHOP_003,39.0,1,Good
BIKE_05862,SHOP_009,36.0,3,Good
BIKE_13501,SHOP_009,30.0,3,Good
BIKE_13501,SHOP_003,32.0,1,Fair
BIKE_35778,SHOP_009,25.0,1,Good
BIKE_35778,SHOP_003,25.0,2,Excellent
BIKE_01321,SHOP_006,9.0,3,Fair
BIKE_00747,SHOP_007,11.0,1,Excellent
BIKE_00747,SHOP_009,10.0,3,Good
BIKE_09836,SHOP_009,26.0,1,Fair
BIKE_33256,SHOP_003,45.0,2,Good
BIKE_33256,SHOP_009,45.0,3,Fair
BIKE_30359,SHOP_003,24.0,2,Excellent
BIKE_30359,SHOP_009,25.0,2,Good
BIKE_21344,SHOP_009,35.0,2,Good
BIKE_21344,SHOP_003,35.0,3,Fair
BIKE_13214,SHOP_007,11.0,2,Fair
BIKE_32763,SHOP_009,42.0,1,Good
BIKE_22220,SHOP_003,23.0,3,Excellent
BIKE_22220,SHOP_009,21.0,3,Excellent
BIKE_33318,SHOP_001,10.0,3,Fair
BIKE_33318,SHOP_007,11.0,2,Good
BIKE_21745,SHOP_010,12.0,1,Excellent
BIKE_21745,SHOP_009,12.0,3,Excellent
BIKE_01921,SHOP_009,43.0,1,Good
BIKE_01921,SHOP_003,42.0,1,Fair
BIKE_20716,SHOP_003,29.0,3,Good
BIKE_02467,SHOP_009,26.0,3,Good
BIKE_02467,SHOP_003,25.0,3,Good
BIKE_17714,SHOP_009,27.0,2,Good
BIKE_03268,SHOP_009,29.0,3,Excellent
BIKE_02873,SHOP_007,10.0,2,Fair
BIKE_31069,SHOP_004,21.0,2,Good
BIKE_31069,SHOP_003,22.0,2,Good
BIKE_08590,SHOP_012,44.0,1,Good
BIKE_27060,SHOP_006,25.0,2,Good
BIKE_27060,SHOP_004,25.0,1,Fair
BIKE_15914,SHOP_009,9.0,2,Fair
BIKE_15914,SHOP_001,11.0,3,Good
BIKE_07530,SHOP_003,27.0,1,Good
BIKE_38413,SHOP_009,33.0,1,Good
BIKE_38413,SHOP_003,30.0,1,Good
BIKE_28224,SHOP_003,29.0,1,Good
BIKE_28224,SHOP_009,26.0,2,Good
BIKE_11973,SHOP_012,42.0,1,Good
BIKE_00101,SHOP_009,20.0,1,Good
BIKE_00101,SHOP_003,21.0,2,Good
BIKE_15214,SHOP_003,32.0,2,Good
BIKE_25723,SHOP_001,11.0,3,Fair
BIKE_25723,SHOP_003,10.0,2,Good
BIKE_00063,SHOP_009,22.0,3,Good
BIKE_00063,SHOP_003,22.0,2,Good
BIKE_13299,SHOP_003,38.0,2,Good
BIKE_13299,SHOP_009,40.0,3,Good
BIKE_02604,SHOP_003,8.0,1,Good
BIKE_02604,SHOP_009,10.0,3,Good
BIKE_28845,SHOP_003,50.0,3,Good
BIKE_28845,SHOP_009,50.0,2,Excellent
BIKE_25924,SHOP_003,26.0,3,Fair
BIKE_25924,SHOP_009,27.0,1,Good
BIKE_26669,SHOP_003,29.0,1,Good
BIKE_05224,SHOP_003,23.0,3,Fair
BIKE_18773,SHOP_009,28.0,3,Fair
BIKE_11501,SHOP_003,9.0,3,Good
BIKE_11501,SHOP_006,10.0,3,Good
BIKE_04391,SHOP_003,44.0,1,Excellent
BIKE_20737,SHOP_003,24.0,3,Good
BIKE_20737,SHOP_009,22.0,1,Good
BIKE_10279,SHOP_006,11.0,2,Excellent
BIKE_10279,SHOP_009,8.0,2,Excellent
BIKE_25350,SHOP_003,29.0,1,Good
BIKE_05138,SHOP_006,13.0,3,Good
BIKE_05138,SHOP_007,11.0,3,Excellent
BIKE_06463,SHOP_007,13.0,1,Fair
BIKE_06463,SHOP_009,13.0,1,Good
BIKE_34601,SHOP_003,33.0,1,Good
BIKE_34601,SHOP_009,29.0,1,Fair
BIKE_11262,SHOP_009,33.0,2,Excellent
BIKE_11262,SHOP_003,32.0,1,Good
BIKE_11265,SHOP_003,9.0,1,Good
BIKE_11265,SHOP_006,10.0,3,Excellent
BIKE_35458,SHOP_009,21.0,1,Excellent
BIKE_27839,SHOP_009,11.0,3,Good
BIKE_27839,SHOP_007,12.0,1,Excellent
BIKE_14156,SHOP_009,26.0,3,Excellent
BIKE_07107,SHOP_009,29.0,3,Good
BIKE_38420,SHOP_003,40.0,2,Excellent
BIKE_09902,SHOP_003,46.0,3,Fair
BIKE_21899,SHOP_009,25.0,3,Fair
BIKE_27981,SHOP_012,47.0,3,Good
BIKE_16317,SHOP_009,42.0,1,Excellent
BIKE_16317,SHOP_003,44.0,2,Fair
BIKE_18837,SHOP_003,33.0,3,Fair
BIKE_18837,SHOP_009,32.0,2,Good
BIKE_09302,SHOP_009,30.0,2,Good
BIKE_09302,SHOP_003,28.0,1,Fair
BIKE_28774,SHOP_009,27.0,1,Good
BIKE_28774,SHOP_003,26.0,1,Excellent
BIKE_18552,SHOP_003,23.0,1,Good
BIKE_24096,SHOP_003,25.0,3,Good
BIKE_24096,SHOP_009,27.0,1,Good
BIKE_09333,SHOP_010,24.0,1,Good
BIKE_09333,SHOP_004,21.0,3,Excellent
BIKE_12051,SHOP_007,12.0,3,Fair
BIKE_15219,SHOP_009,23.0,1,Excellent
BIKE_14505,SHOP_006,10.0,3,Good
BIKE_25504,SHOP_003,18.0,3,Fair
BIKE_38593,SHOP_009,45.0,3,Good
BIKE_01715,SHOP_009,17.0,2,Good
BIKE_24298,SHOP_007,21.0,2,Excellent
BIKE_24298,SHOP_009,20.0,3,Good
BIKE_18239,SHOP_007,19.0,2,Good
BIKE_19509,SHOP_009,43.0,1,Good
BIKE_19509,SHOP_003,41.0,1,Good
BIKE_36899,SHOP_003,47.0,2,Good
BIKE_36899,SHOP_009,44.0,3,Fair
BIKE_13694,SHOP_003,40.0,2,Good
BIKE_13694,SHOP_009,39.0,3,Good
BIKE_17641,SHOP_003,24.0,3,Excellent
BIKE_17641,SHOP_009,23.0,1,Good
BIKE_11674,SHOP_009,27.0,1,Good
BIKE_11674,SHOP_003,28.0,2,Excellent
BIKE_05220,SHOP_003,23.0,2,Fair
BIKE_05220,SHOP_009,26.0,2,Excellent
BIKE_36179,SHOP_009,26.0,3,Fair
BIKE_31270,SHOP_009,21.0,1,Fair
BIKE_31270,SHOP_003,21.0,3,Good
BIKE_12093,SHOP_009,32.0,3,Good
BIKE_12093,SHOP_003,33.0,3,Fair
BIKE_00795,SHOP_007,24.0,2,Good
BIKE_00795,SHOP_009,22.0,1,Good
BIKE_30785,SHOP_009,35.0,1,Excellent
BIKE_02157,SHOP_012,44.0,3,Excellent
BIKE_05673,SHOP_009,20.0,1,Good
BIKE_05673,SHOP_004,20.0,2,Good
BIKE_16922,SHOP_003,36.0,1,Good
BIKE_16922,SHOP_009,38.0,2,Good
BIKE_18286,SHOP_003,19.0,2,Good
BIKE_26883,SHOP_009,21.0,1,Fair
BIKE_26883,SHOP_003,24.0,2,Excellent
BIKE_20122,SHOP_007,24.0,3,Fair
BIKE_20122,SHOP_001,24.0,2,Excellent
BIKE_12900,SHOP_001,20.0,1,Good
BIKE_29216,SHOP_006,22.0,2,Good
BIKE_05417,SHOP_003,20.0,3,Good
BIKE_05417,SHOP_009,20.0,1,Fair
BIKE_06445,SHOP_009,25.0,3,Good
BIKE_06445,SHOP_003,25.0,3,Good
BIKE_24397,SHOP_009,29.0,3,Good
BIKE_22529,SHOP_003,9.0,2,Good
BIKE_25181,SHOP_009,47.0,3,Fair
BIKE_25181,SHOP_003,48.0,1,Good
BIKE_30379,SHOP_009,31.0,2,Good
BIKE_30379,SHOP_003,32.0,1,Good
BIKE_05145,SHOP_003,26.0,1,Good
BIKE_31568,SHOP_006,21.0,3,Fair
BIKE_14576,SHOP_009,28.0,2,Excellent
BIKE_14576,SHOP_003,28.0,2,Excellent
BIKE_17055,SHOP_003,24.0,1,Good
BIKE_17055,SHOP_009,26.0,3,Excellent
BIKE_00971,SHOP_003,25.0,1,Good
BIKE_00971,SHOP_009,24.0,2,Fair
BIKE_00892,SHOP_003,20.0,2,Excellent
BIKE_33012,SHOP_009,28.0,1,Fair
BIKE_23826,SHOP_006,22.0,2,Good
BIKE_23826,SHOP_003,21.0,3,Good
BIKE_20404,SHOP_009,52.0,3,Good
BIKE_30312,SHOP_009,49.0,1,Good
BIKE_30312,SHOP_003,50.0,3,Fair
BIKE_27368,SHOP_009,32.0,2,Good
BIKE_04953,SHOP_009,25.0,1,Good
BIKE_22987,SHOP_009,32.0,1,Good
BIKE_31933,SHOP_003,44.0,1,Good
BIKE_31933,SHOP_009,42.0,2,Good
BIKE_10217,SHOP_009,41.0,2,Good
BIKE_04612,SHOP_009,21.0,3,Good
BIKE_04612,SHOP_003,22.0,1,Good
BIKE_24004,SHOP_012,40.0,1,Excellent
BIKE_37218,SHOP_003,24.0,2,Good
BIKE_35641,SHOP_003,21.0,3,Good
BIKE_27030,SHOP_009,27.0,2,Good
BIKE_27030,SHOP_003,30.0,3,Fair
BIKE_17213,SHOP_003,8.0,2,Good
BIKE_27343,SHOP_003,27.0,1,Good
BIKE_27343,SHOP_009,25.0,2,Good
BIKE_17518,SHOP_012,65.0,2,Good
BIKE_23692,SHOP_003,29.0,3,Fair
BIKE_23692,SHOP_009,26.0,2,Good
BIKE_20790,SHOP_009,36.0,1,Good
BIKE_20790,SHOP_003,36.0,3,Good
BIKE_31171,SHOP_006,11.0,3,Excellent
BIKE_20564,SHOP_009,26.0,1,Excellent
BIKE_17252,SHOP_009,43.0,2,Good
BIKE_25182,SHOP_007,12.0,2,Good
BIKE_28772,SHOP_003,23.0,3,Good
BIKE_20731,SHOP_003,25.0,3,Good
BIKE_20731,SHOP_009,25.0,2,Fair
BIKE_06011,SHOP_007,23.0,1,Excellent
BIKE_06011,SHOP_009,21.0,1,Fair
BIKE_12600,SHOP_001,20.0,3,Excellent
BIKE_09807,SHOP_012,60.0,2,Fair
BIKE_38217,SHOP_004,22.0,2,Excellent
BIKE_03125,SHOP_003,37.0,3,Good
BIKE_03125,SHOP_009,37.0,3,Fair
BIKE_31905,SHOP_004,19.0,1,Fair
BIKE_31905,SHOP_006,21.0,1,Fair
BIKE_06977,SHOP_009,28.0,2,Good
BIKE_06977,SHOP_003,28.0,3,Fair
BIKE_22655,SHOP_003,30.0,2,Good
BIKE_17626,SHOP_009,23.0,3,Good
BIKE_17626,SHOP_003,22.0,1,Excellent
BIKE_02264,SHOP_001,9.0,1,Excellent
BIKE_23125,SHOP_006,8.0,3,Fair
BIKE_04831,SHOP_003,39.0,3,Good
BIKE_00142,SHOP_009,48.0,2,Good
BIKE_29316,SHOP_004,13.0,2,Good
BIKE_29316,SHOP_007,13.0,2,Excellent
BIKE_07267,SHOP_009,28.0,2,Good
BIKE_14660,SHOP_001,9.0,2,Good
BIKE_24044,SHOP_003,23.0,1,Good
BIKE_03179,SHOP_009,24.0,3,Excellent
BIKE_03179,SHOP_003,25.0,3,Excellent
BIKE_33070,SHOP_003,19.0,1,Excellent
BIKE_38329,SHOP_012,44.0,2,Good
BIKE_04101,SHOP_012,43.0,2,Fair
BIKE_18453,SHOP_009,27.0,3,Fair
BIKE_18453,SHOP_003,28.0,2,Good
BIKE_25091,SHOP_003,23.0,2,Good
BIKE_31154,SHOP_009,42.0,2,Fair
BIKE_36527,SHOP_009,19.0,1,Good
BIKE_09414,SHOP_003,31.0,2,Good
BIKE_08425,SHOP_003,10.0,1,Good
BIKE_08425,SHOP_001,10.0,2,Good
BIKE_26706,SHOP_003,24.0,3,Excellent
BIKE_26706,SHOP_009,24.0,1,Excellent
BIKE_06070,SHOP_003,18.0,1,Excellent
BIKE_02090,SHOP_009,32.0,2,Good
BIKE_35791,SHOP_010,20.0,2,Good
BIKE_35791,SHOP_001,21.0,1,Good
BIKE_32273,SHOP_007,21.0,2,Fair
BIKE_32273,SHOP_006,18.0,2,Excellent
BIKE_07051,SHOP_009,19.0,3,Good
BIKE_36698,SHOP_009,25.0,2,Good
BIKE_36698,SHOP_003,29.0,2,Good
BIKE_30743,SHOP_007,8.0,3,Fair
BIKE_03901,SHOP_003,25.0,3,Good
BIKE_03901,SHOP_009,29.0,2,Fair
BIKE_38499,SHOP_001,9.0,2,Excellent
BIKE_15370,SHOP_012,108.0,2,Fair
BIKE_27841,SHOP_009,28.0,3,Fair
BIKE_27841,SHOP_003,27.0,3,Fair
BIKE_34694,SHOP_003,25.0,2,Good
BIKE_31776,SHOP_010,21.0,3,Good
BIKE_18736,SHOP_001,23.0,3,Good
BIKE_38437,SHOP_012,51.0,1,Good
BIKE_05628,SHOP_007,12.0,3,Fair
BIKE_06234,SHOP_004,22.0,3,Good
BIKE_06234,SHOP_007,25.0,1,Fair
BIKE_09625,SHOP_009,21.0,2,Excellent
BIKE_09625,SHOP_003,19.0,2,Good
BIKE_20297,SHOP_009,23.0,2,Good
BIKE_20297,SHOP_003,25.0,3,Good
BIKE_34892,SHOP_001,18.0,2,Fair
BIKE_34892,SHOP_007,18.0,2,Fair
BIKE_36707,SHOP_003,41.0,1,Excellent
BIKE_07534,SHOP_006,12.0,2,Good
BIKE_26631,SHOP_003,27.0,3,Fair
BIKE_10331,SHOP_004,22.0,3,Good
BIKE_02141,SHOP_003,23.0,2,Fair
BIKE_36272,SHOP_003,25.0,3,Fair
BIKE_36272,SHOP_009,27.0,1,Good
BIKE_27091,SHOP_007,22.0,1,Excellent
BIKE_14825,SHOP_003,21.0,2,Good
BIKE_38367,SHOP_010,20.0,2,Fair
BIKE_35126,SHOP_009,29.0,1,Good
BIKE_35126,SHOP_003,28.0,2,Fair
BIKE_36334,SHOP_001,14.0,1,Good
BIKE_18965,SHOP_009,40.0,1,Good
BIKE_18478,SHOP_003,8.0,1,Good
BIKE_34755,SHOP_009,37.0,1,Good
BIKE_24275,SHOP_009,19.0,2,Good
BIKE_24275,SHOP_006,20.0,2,Excellent
BIKE_14107,SHOP_009,22.0,1,Good
BIKE_14107,SHOP_003,19.0,2,Good
BIKE_03383,SHOP_009,35.0,2,Good
BIKE_03383,SHOP_003,33.0,3,Excellent
BIKE_31618,SHOP_009,22.0,1,Good
BIKE_31618,SHOP_003,21.0,2,Good
BIKE_29892,SHOP_009,35.0,1,Fair
BIKE_08370,SHOP_003,19.0,1,Good
BIKE_08370,SHOP_010,20.0,1,Good
BIKE_02435,SHOP_009,28.0,2,Good
BIKE_22330,SHOP_003,23.0,1,Fair
BIKE_28649,SHOP_003,22.0,1,Fair
BIKE_28649,SHOP_009,22.0,2,Excellent
BIKE_27730,SHOP_009,39.0,2,Excellent
BIKE_27730,SHOP_003,40.0,1,Good
BIKE_08579,SHOP_009,51.0,1,Fair
BIKE_08579,SHOP_003,49.0,1,Fair
BIKE_27013,SHOP_006,20.0,3,Good
BIKE_33649,SHOP_004,19.0,2,Fair
BIKE_35887,SHOP_010,21.0,3,Fair
BIKE_35887,SHOP_003,20.0,3,Fair
BIKE_21496,SHOP_009,35.0,3,Good
BIKE_21496,SHOP_003,34.0,3,Excellent
BIKE_00718,SHOP_009,23.0,3,Good
BIKE_27121,SHOP_001,12.0,3,Fair
BIKE_25830,SHOP_009,23.0,1,Good
BIKE_25830,SHOP_003,23.0,2,Fair
BIKE_02789,SHOP_003,18.0,2,Excellent
BIKE_17425,SHOP_009,29.0,2,Good
BIKE_17425,SHOP_003,26.0,3,Fair
BIKE_16354,SHOP_003,23.0,3,Fair
BIKE_16354,SHOP_009,23.0,3,Good
BIKE_24764,SHOP_009,23.0,3,Good
BIKE_16701,SHOP_009,26.0,2,Good
BIKE_30892,SHOP_009,27.0,1,Good
BIKE_30892,SHOP_003,28.0,2,Excellent
BIKE_06176,SHOP_006,26.0,2,Fair
BIKE_06176,SHOP_010,25.0,3,Good
BIKE_25259,SHOP_003,26.0,3,Excellent
BIKE_06712,SHOP_004,21.0,2,Fair
BIKE_27746,SHOP_007,21.0,3,Excellent
BIKE_27746,SHOP_006,23.0,2,Excellent
BIKE_33131,SHOP_003,23.0,2,Good
BIKE_33131,SHOP_009,22.0,2,Excellent
BIKE_24352,SHOP_003,29.0,2,Excellent
BIKE_24352,SHOP_009,27.0,1,Good
BIKE_31930,SHOP_009,12.0,3,Good
BIKE_31930,SHOP_007,10.0,3,Good
BIKE_04659,SHOP_009,21.0,1,Fair
BIKE_04659,SHOP_003,23.0,2,Excellent
BIKE_05568,SHOP_009,35.0,3,Good
BIKE_21482,SHOP_001,19.0,1,Good
BIKE_21482,SHOP_010,22.0,3,Excellent
BIKE_05934,SHOP_009,24.0,2,Fair
BIKE_20370,SHOP_003,39.0,3,Excellent
BIKE_15639,SHOP_009,22.0,2,Excellent
BIKE_15639,SHOP_007,20.0,3,Good
BIKE_15027,SHOP_004,23.0,2,Good
BIKE_07823,SHOP_003,24.0,3,Good
BIKE_15825,SHOP_003,39.0,1,Excellent
BIKE_27239,SHOP_010,23.0,3,Good
BIKE_01598,SHOP_003,39.0,2,Good
BIKE_27219,SHOP_003,29.0,1,Good
BIKE_27219,SHOP_009,28.0,2,Good
BIKE_23520,SHOP_006,18.0,3,Good
BIKE_27648,SHOP_007,23.0,1,Good
BIKE_20777,SHOP_003,37.0,2,Good
BIKE_20777,SHOP_009,36.0,3,Excellent
BIKE_16990,SHOP_009,29.0,2,Fair
BIKE_18769,SHOP_007,10.0,3,Excellent
BIKE_14163,SHOP_012,76.0,1,Good
BIKE_25145,SHOP_010,22.0,3,Good
BIKE_25145,SHOP_001,21.0,3,Fair
BIKE_08779,SHOP_003,12.0,1,Good
BIKE_17306,SHOP_003,27.0,3,Fair
BIKE_31767,SHOP_009,30.0,2,Good
BIKE_37108,SHOP_012,45.0,3,Fair
BIKE_20570,SHOP_012,52.0,3,Good
BIKE_02132,SHOP_010,17.0,3,Good
BIKE_02132,SHOP_006,19.0,1,Good
BIKE_17777,SHOP_012,42.0,2,Good
BIKE_20345,SHOP_012,43.0,1,Excellent
BIKE_08240,SHOP_009,35.0,1,Good
BIKE_09198,SHOP_009,36.0,1,Good
