vehicle_id,brand,model,engine_type,cc_battery,horsepower,top_speed_kmh,accel_0_100,torque,fuel_type,seats,color,price_usd,vehicle_category,vehicle_type
CAR_0000,Ferrari,Sf90 Stradale,V8,3990 cc,963.0,340.0,2.5 sec,800 Nm,Plug-in Hybrid,2.0,Black,1100000.0,Ultra-Luxury,car
CAR_0001,Rolls Royce,Phantom,V12,6749 cc,563.0,250.0,5.3 sec,900 Nm,Petrol,5.0,Grey,460000.0,Ultra-Luxury,car
CAR_0002,Rolls Royce,Phantom,V12,6749 cc,563.0,250.0,5.3 sec,900 Nm,Petrol,5.0,Brown,460000.0,Ultra-Luxury,car
CAR_0003,Rolls Royce,Phantom,V12,6749 cc,563.0,250.0,5.3 sec,900 Nm,Petrol,5.0,Silver,460000.0,Ultra-Luxury,car
CAR_0004,Ford,Ka+,1.2L Petrol,"1,200 cc",70.0,165.0,10.5 sec,100 - 140 Nm,Petrol,5.0,Orange,13500.0,Budget,car
CAR_0005,Mercedes,Gt 63 S,V8,"3,982 cc",630.0,250.0,3.2 sec,900 Nm,Petrol,4.0,Brown,161000.0,Ultra-Luxury,car
CAR_0006,Audi,Audi R8 Gt,V10,"5,204 cc",602.0,320.0,3.6 sec,560 Nm,Petrol,2.0,Black,253290.0,Ultra-Luxury,car
CAR_0007,Bmw,Mclaren 720S,V8,"3,994 cc",710.0,341.0,2.9 sec,770 Nm,Petrol,2.0,Orange,499000.0,Ultra-Luxury,car
CAR_0008,Aston Martin,Vantage F1,V8,"3,982 cc",656.0,314.0,3.6 sec,685 Nm,Petrol,2.0,Grey,193440.0,Ultra-Luxury,car
CAR_0009,Bentley,Continental Gt Azure,V8,"3,996 cc",550.0,318.0,4.0 sec,900 Nm,Petrol,4.0,Red,311000.0,Ultra-Luxury,car
CAR_0010,Lamborghini,Veneno Roadster,V12,"6,498 cc",750.0,356.0,2.9 sec,690 Nm,Petrol,2.0,Red,4500000.0,Ultra-Luxury,car
CAR_0011,Lamborghini,Veneno Roadster,V12,"6,498 cc",750.0,356.0,2.9 sec,690 Nm,Petrol,2.0,Silver,4500000.0,Ultra-Luxury,car
CAR_0012,Lamborghini,Veneno Roadster,V12,"6,498 cc",750.0,356.0,2.9 sec,690 Nm,Petrol,2.0,Grey,4500000.0,Ultra-Luxury,car
CAR_0013,Ferrari,F8 Tributo,V8,"3,900 cc",710.0,340.0,2.9 sec,770 Nm,Petrol,2.0,White,280000.0,Ultra-Luxury,car
CAR_0014,Ferrari,F8 Tributo,V8,"3,900 cc",710.0,340.0,2.9 sec,770 Nm,Petrol,2.0,Brown,280000.0,Ultra-Luxury,car
CAR_0015,Ferrari,F8 Tributo,V8,"3,900 cc",710.0,340.0,2.9 sec,770 Nm,Petrol,2.0,Green,280000.0,Ultra-Luxury,car
CAR_0016,Ferrari,812 Gts,V12,6496 cc,789.0,340.0,2.9 sec,718 Nm,Petrol,2.0,Blue,350000.0,Ultra-Luxury,car
CAR_0017,Ferrari,Portofino,V8,"3,900 cc",592.0,320.0,3.2 sec,760 Nm,Petrol,2.0,Brown,210000.0,Ultra-Luxury,car
CAR_0018,Ferrari,Portofino,V8,"3,900 cc",592.0,320.0,3.2 sec,760 Nm,Petrol,2.0,Red,210000.0,Ultra-Luxury,car
CAR_0019,Ferrari,Portofino,V8,"3,900 cc",592.0,320.0,3.2 sec,760 Nm,Petrol,2.0,Black,210000.0,Ultra-Luxury,car
CAR_0020,Ferrari,Roma,V8,"3,900 cc",612.0,320.0,3.4 sec,760 Nm,Petrol,2.0,Orange,230000.0,Ultra-Luxury,car
CAR_0021,Ferrari,Monza Sp2,V12,"6,496 cc",789.0,340.0,2.9 sec,719 Nm,Petrol,2.0,Red,1700000.0,Ultra-Luxury,car
CAR_0022,Ferrari,F8 Spider,V8,"3,900 cc",710.0,340.0,2.9 sec,770 Nm,Petrol,2.0,Grey,280000.0,Ultra-Luxury,car
CAR_0023,Ferrari,Portofino M,V8,"3,900 cc",612.0,320.0,3.2 sec,760 Nm,Petrol,2.0,White,220000.0,Ultra-Luxury,car
CAR_0024,Ferrari,Portofino M,V8,"3,900 cc",612.0,320.0,3.2 sec,760 Nm,Petrol,2.0,Grey,220000.0,Ultra-Luxury,car
CAR_0025,Ferrari,Portofino M,V8,"3,900 cc",612.0,320.0,3.2 sec,760 Nm,Petrol,2.0,Brown,220000.0,Ultra-Luxury,car
CAR_0026,Ferrari,Roma Spider,V8,"3,900 cc",612.0,320.0,3.4 sec,760 Nm,Petrol,2.0,Red,240000.0,Ultra-Luxury,car
CAR_0027,Toyota,Gr Supra,I4,"2,998 cc",382.0,250.0,4.1 sec,500 Nm,Petrol,2.0,Blue,53900.0,Mid-Range,car
CAR_0028,Toyota,Gr Supra,I4,"2,998 cc",382.0,250.0,4.1 sec,500 Nm,Petrol,2.0,Grey,53900.0,Mid-Range,car
CAR_0029,Toyota,Gr Supra,I4,"2,998 cc",382.0,250.0,4.1 sec,500 Nm,Petrol,2.0,Red,53900.0,Mid-Range,car
CAR_0030,Toyota,Toyota 86,BOXER-4,"1,998 cc",205.0,226.0,6.4 sec,205 Nm,Petrol,2.0,Brown,27000.0,Budget,car
CAR_0031,Toyota,Toyota  Gr86,BOXER-4,"2,387 cc",228.0,226.0,5.6 sec,250 Nm,Petrol,4.0,Orange,30000.0,Mid-Range,car
CAR_0032,Toyota,Toyota Land Cruiser,V8,"5,663 cc",381.0,220.0,6.7 sec,500 Nm,Diesel,7.0,Yellow,85000.0,Luxury,car
CAR_0033,Toyota,Toyota Sequoia,V8,"5,663 cc",381.0,200.0,6.9 sec,651 Nm,Petrol,7.0,Orange,50000.0,Mid-Range,car
CAR_0034,Toyota,Toyota Sequoia,V8,"5,663 cc",381.0,200.0,6.9 sec,651 Nm,Petrol,7.0,Grey,50000.0,Mid-Range,car
CAR_0035,Toyota,Toyota Sequoia,V8,"5,663 cc",381.0,200.0,6.9 sec,651 Nm,Petrol,7.0,Blue,50000.0,Mid-Range,car
CAR_0036,Nissan,Gt-R,V6,"3,799 cc",600.0,315.0,2.9 sec,637 Nm,Petrol,4.0,Grey,113000.0,Luxury,car
CAR_0037,Nissan,370Z,V6,"3,696 cc",332.0,250.0,4.7 sec,366 Nm,Petrol,2.0,Blue,30000.0,Mid-Range,car
CAR_0038,Nissan,Z Proto,V6,"2,998 cc",400.0,290.0,4.1 sec,475 Nm,Petrol,2.0,Red,40000.0,Mid-Range,car
CAR_0039,Nissan,Altima,I4,"2,488 cc",188.0,225.0,7.3 sec,380 Nm,Petrol,5.0,Grey,25000.0,Budget,car
CAR_0040,Nissan,Altima,I4,"2,488 cc",188.0,225.0,7.3 sec,380 Nm,Petrol,5.0,Yellow,25000.0,Budget,car
CAR_0041,Nissan,Altima,I4,"2,488 cc",188.0,225.0,7.3 sec,380 Nm,Petrol,5.0,Green,25000.0,Budget,car
CAR_0042,Nissan,Maxima,V6,"3,498 cc",300.0,240.0,5.8 sec,354 Nm,Petrol,5.0,Silver,35000.0,Mid-Range,car
CAR_0043,Nissan,Sentra,I4,"1,998 cc",149.0,200.0,8.2 sec,240 Nm,Petrol,5.0,Orange,20000.0,Budget,car
CAR_0044,Nissan,Rogue,I4,"2,488 cc",201.0,200.0,7.5 sec,270 Nm,Petrol,5.0,Grey,28000.0,Budget,car
CAR_0045,Nissan,Rogue,I4,"2,488 cc",201.0,200.0,7.5 sec,270 Nm,Petrol,5.0,Silver,28000.0,Budget,car
CAR_0046,Nissan,Rogue,I4,"2,488 cc",201.0,200.0,7.5 sec,270 Nm,Petrol,5.0,Yellow,28000.0,Budget,car
CAR_0047,Nissan,Pathfinder,V6,"3,498 cc",284.0,225.0,6.5 sec,351 Nm,Petrol,7.0,Black,35000.0,Mid-Range,car
CAR_0048,Nissan,Frontier,V6,"3,799 cc",310.0,180.0,6.8 sec,381 Nm,Petrol,5.0,Silver,30000.0,Mid-Range,car
CAR_0049,Nissan,Titan,V8,"5,598 cc",400.0,200.0,5.9 sec,560 Nm,Petrol,5.0,Green,40000.0,Mid-Range,car
CAR_0050,Aston Martin,Valkyrie,V12,"6,496 cc",1160.0,402.0,2.5 sec,900 Nm,Hybrid,2.0,Green,3200000.0,Ultra-Luxury,car
CAR_0051,Aston Martin,Valhalla,V8,"3,996 cc",1000.0,362.0,2.5 sec,1000 Nm,Hybrid,2.0,White,1100000.0,Ultra-Luxury,car
CAR_0052,Aston Martin,Dbs Superleggera,V12,"5,204 cc",715.0,340.0,3.4 sec,900 Nm,Petrol,2.0,Red,316000.0,Ultra-Luxury,car
CAR_0053,Aston Martin,Db11,V12,"5,204 cc",600.0,322.0,3.9 sec,700 Nm,Petrol,4.0,Yellow,208000.0,Ultra-Luxury,car
CAR_0054,Aston Martin,Vantage,V8,"3,996 cc",503.0,313.0,3.6 sec,685 Nm,Petrol,2.0,Orange,142000.0,Luxury,car
CAR_0055,Aston Martin,Vantage,V8,"3,996 cc",503.0,313.0,3.6 sec,685 Nm,Petrol,2.0,Silver,142000.0,Luxury,car
CAR_0056,Aston Martin,Vantage,V8,"3,996 cc",503.0,313.0,3.6 sec,685 Nm,Petrol,2.0,White,142000.0,Luxury,car
CAR_0057,Aston Martin,Dbx,V8,"3,996 cc",542.0,291.0,4.5 sec,700 Nm,Petrol,5.0,Orange,189000.0,Ultra-Luxury,car
CAR_0058,Aston Martin,Dbx,V8,"3,996 cc",542.0,291.0,4.5 sec,700 Nm,Petrol,5.0,Grey,189000.0,Ultra-Luxury,car
CAR_0059,Aston Martin,Dbx,V8,"3,996 cc",542.0,291.0,4.5 sec,700 Nm,Petrol,5.0,Silver,189000.0,Ultra-Luxury,car
CAR_0060,Aston Martin,Rapide Amr,V12,"5,935 cc",580.0,328.0,4.2 sec,630 Nm,Petrol,4.0,Silver,240000.0,Ultra-Luxury,car
CAR_0061,Aston Martin,Rapide Amr,V12,"5,935 cc",580.0,328.0,4.2 sec,630 Nm,Petrol,4.0,Orange,240000.0,Ultra-Luxury,car
CAR_0062,Aston Martin,Rapide Amr,V12,"5,935 cc",580.0,328.0,4.2 sec,630 Nm,Petrol,4.0,Black,240000.0,Ultra-Luxury,car
CAR_0063,Aston Martin,Vanquish,V12,"5,935 cc",580.0,324.0,3.6 sec,630 Nm,Petrol,2.0,Blue,294000.0,Ultra-Luxury,car
CAR_0064,Aston Martin,Lagonda Taraf,V12,"5,935 cc",540.0,314.0,4.2 sec,630 Nm,Petrol,4.0,Grey,1100000.0,Ultra-Luxury,car
CAR_0065,Aston Martin,Lagonda Taraf,V12,"5,935 cc",540.0,314.0,4.2 sec,630 Nm,Petrol,4.0,Black,1100000.0,Ultra-Luxury,car
CAR_0066,Aston Martin,Lagonda Taraf,V12,"5,935 cc",540.0,314.0,4.2 sec,630 Nm,Petrol,4.0,Brown,1100000.0,Ultra-Luxury,car
CAR_0067,Aston Martin,Victor,V12,"5,204 cc",836.0,320.0,2.8 sec,821 Nm,Petrol,2.0,White,1300000.0,Ultra-Luxury,car
CAR_0068,Lamborghini,Sian,V12,"6,498 cc",819.0,350.0,2.8 sec,720 Nm,Hybrid,2.0,Silver,2800000.0,Ultra-Luxury,car
CAR_0069,Lamborghini,Aventador Svj,V12,"6,498 cc",759.0,350.0,2.8 sec,720 Nm,Petrol,2.0,Orange,518000.0,Ultra-Luxury,car
CAR_0070,Lamborghini,Aventador Svj,V12,"6,498 cc",759.0,350.0,2.8 sec,720 Nm,Petrol,2.0,Green,518000.0,Ultra-Luxury,car
CAR_0071,Lamborghini,Aventador Svj,V12,"6,498 cc",759.0,350.0,2.8 sec,720 Nm,Petrol,2.0,Grey,518000.0,Ultra-Luxury,car
CAR_0072,Lamborghini,Huracan Performante,V10,"5,204 cc",640.0,325.0,2.9 sec,600 Nm,Petrol,2.0,Grey,274000.0,Ultra-Luxury,car
CAR_0073,Lamborghini,Huracan Evo,V10,"5,204 cc",640.0,325.0,2.9 sec,600 Nm,Petrol,2.0,Yellow,261000.0,Ultra-Luxury,car
CAR_0074,Lamborghini,Huracan Evo,V10,"5,204 cc",640.0,325.0,2.9 sec,600 Nm,Petrol,2.0,Orange,261000.0,Ultra-Luxury,car
CAR_0075,Lamborghini,Huracan Evo,V10,"5,204 cc",640.0,325.0,2.9 sec,600 Nm,Petrol,2.0,Brown,261000.0,Ultra-Luxury,car
CAR_0076,Lamborghini,Aventador Sv,V12,"6,498 cc",740.0,350.0,2.8 sec,690 Nm,Petrol,2.0,Grey,493000.0,Ultra-Luxury,car
CAR_0077,Lamborghini,Urus,V8,"3,996 cc",641.0,305.0,3.6 sec,850 Nm,Petrol,5.0,White,211000.0,Ultra-Luxury,car
CAR_0078,Lamborghini,Huracan Spyder,V10,"5,204 cc",610.0,325.0,3.4 sec,600 Nm,Petrol,2.0,Brown,287000.0,Ultra-Luxury,car
CAR_0079,Lamborghini,Aventador Roadster,V12,"6,498 cc",700.0,350.0,3.0 sec,690 Nm,Petrol,2.0,Grey,445000.0,Ultra-Luxury,car
CAR_0080,Lamborghini,Huracan  Performante Spyder,V10,"5,204 cc",640.0,325.0,3.1 sec,600 Nm,Petrol,2.0,Grey,308000.0,Ultra-Luxury,car
CAR_0081,Lamborghini,Aventador S,V12,"6,498 cc",740.0,350.0,2.9 sec,690 Nm,Petrol,2.0,Black,421000.0,Ultra-Luxury,car
CAR_0082,Lamborghini,Huracan Evo Spyder,V10,"5,204 cc",640.0,325.0,3.1 sec,600 Nm,Petrol,2.0,White,287000.0,Ultra-Luxury,car
CAR_0083,Lamborghini,Huracan Evo Spyder,V10,"5,204 cc",640.0,325.0,3.1 sec,600 Nm,Petrol,2.0,Orange,287000.0,Ultra-Luxury,car
CAR_0084,Lamborghini,Huracan Evo Spyder,V10,"5,204 cc",640.0,325.0,3.1 sec,600 Nm,Petrol,2.0,Grey,287000.0,Ultra-Luxury,car
CAR_0085,Lamborghini,Urus Performante,V8,"3,996 cc",641.0,305.0,3.3 sec,850 Nm,Petrol,5.0,Yellow,242000.0,Ultra-Luxury,car
CAR_0086,Lamborghini,Urus Performante,V8,"3,996 cc",641.0,305.0,3.3 sec,850 Nm,Petrol,5.0,Grey,242000.0,Ultra-Luxury,car
CAR_0087,Lamborghini,Urus Performante,V8,"3,996 cc",641.0,305.0,3.3 sec,850 Nm,Petrol,5.0,Silver,242000.0,Ultra-Luxury,car
CAR_0088,Lamborghini,Aventador Ultimae,V12,"6,498 cc",769.0,355.0,2.8 sec,720 Nm,Petrol,2.0,Brown,545000.0,Ultra-Luxury,car
CAR_0089,Lamborghini,Huracan Evo Rwd,V10,"5,204 cc",610.0,325.0,3.3 sec,560 Nm,Petrol,2.0,Grey,258000.0,Ultra-Luxury,car
CAR_0090,Lamborghini,Aventador Svj Roadster,V12,"6,498 cc",759.0,350.0,2.9 sec,720 Nm,Petrol,2.0,Blue,573000.0,Ultra-Luxury,car
CAR_0091,Lamborghini,Urus S,V8,"3,996 cc",671.0,305.0,3.3 sec,850 Nm,Petrol,5.0,White,263000.0,Ultra-Luxury,car
CAR_0092,Lamborghini,Huracan Sto,V10,"5,204 cc",640.0,325.0,3.0 sec,565 Nm,Petrol,2.0,Green,327000.0,Ultra-Luxury,car
CAR_0093,Lamborghini,Aventador Lp 780-4 Ultimate,V12,"6,498 cc",769.0,355.0,2.8 sec,720 Nm,Petrol,2.0,White,545000.0,Ultra-Luxury,car
CAR_0094,Lamborghini,Aventador Lp 780-4 Ultimate,V12,"6,498 cc",769.0,355.0,2.8 sec,720 Nm,Petrol,2.0,Grey,545000.0,Ultra-Luxury,car
CAR_0095,Lamborghini,Aventador Lp 780-4 Ultimate,V12,"6,498 cc",769.0,355.0,2.8 sec,720 Nm,Petrol,2.0,Orange,545000.0,Ultra-Luxury,car
CAR_0096,Lamborghini,Huracan Evo Rwd Spyder,V10,"5,204 cc",610.0,325.0,3.3 sec,600 Nm,Petrol,2.0,Orange,273000.0,Ultra-Luxury,car
CAR_0097,Lamborghini,Aventador Svj Xago,V12,"6,498 cc",759.0,350.0,2.9 sec,720 Nm,Petrol,2.0,Green,603000.0,Ultra-Luxury,car
CAR_0098,Lamborghini,Urus Graphite Capsule,V8,"3,998 cc",641.0,305.0,3.3 sec,850 Nm,Petrol,5.0,Yellow,253000.0,Ultra-Luxury,car
CAR_0099,Lamborghini,Urus Graphite Capsule,V8,"3,998 cc",641.0,305.0,3.3 sec,850 Nm,Petrol,5.0,Grey,253000.0,Ultra-Luxury,car
CAR_0100,Lamborghini,Urus Graphite Capsule,V8,"3,998 cc",641.0,305.0,3.3 sec,850 Nm,Petrol,5.0,White,253000.0,Ultra-Luxury,car
CAR_0101,Lamborghini,Huracan Sto Evo,V10,"5,204 cc",640.0,325.0,3.0 sec,565 Nm,Petrol,2.0,Orange,342000.0,Ultra-Luxury,car
CAR_0102,Lamborghini,Aventador Lp 780-4 Ultimate Roadster,V12,"6,498 cc",769.0,355.0,2.8 sec,720 Nm,Petrol,2.0,Black,573000.0,Ultra-Luxury,car
CAR_0103,Rolls Royce,Ghost,V12,"6,592 cc",591.0,250.0,4.8 sec,850 Nm,Petrol,5.0,Yellow,332000.0,Ultra-Luxury,car
CAR_0104,Rolls Royce,Wraith,V12,"6,592 cc",624.0,250.0,4.4 sec,870 Nm,Petrol,4.0,Green,330000.0,Ultra-Luxury,car
CAR_0105,Rolls Royce,Dawn,V12,"6,592 cc",624.0,250.0,4.9 sec,870 Nm,Petrol,4.0,Red,360000.0,Ultra-Luxury,car
CAR_0106,Rolls Royce,Cullinan,V12,"6,749 cc",563.0,250.0,5.2 sec,850 Nm,Petrol,5.0,Yellow,325000.0,Ultra-Luxury,car
CAR_0107,Rolls Royce,Phantom Extended,V12,"6,749 cc",563.0,250.0,5.3 sec,900 Nm,Petrol,5.0,Brown,500000.0,Ultra-Luxury,car
CAR_0108,Rolls Royce,Ghost Extended,V12,"6,592 cc",591.0,250.0,4.8 sec,850 Nm,Petrol,5.0,Black,370000.0,Ultra-Luxury,car
CAR_0109,Rolls Royce,Wraith Black Badge,V12,"6,592 cc",624.0,250.0,4.3 sec,870 Nm,Petrol,4.0,Orange,360000.0,Ultra-Luxury,car
CAR_0110,Rolls Royce,Dawn Black Badge,V12,"6,592 cc",624.0,250.0,4.8 sec,870 Nm,Petrol,4.0,White,390000.0,Ultra-Luxury,car
CAR_0111,Rolls Royce,Cullinan Black Badge,V12,"6,749 cc",563.0,250.0,5.1 sec,850 Nm,Petrol,5.0,Green,350000.0,Ultra-Luxury,car
CAR_0112,Rolls Royce,Phantom Coupe,V12,"6,749 cc",563.0,250.0,5.3 sec,870 Nm,Petrol,4.0,Grey,450000.0,Ultra-Luxury,car
CAR_0113,Rolls Royce,Ghost Coupe,V12,"6,592 cc",591.0,250.0,4.8 sec,850 Nm,Petrol,4.0,Brown,340000.0,Ultra-Luxury,car
CAR_0114,Rolls Royce,Wraith Coupe,V12,"6,592 cc",624.0,250.0,4.4 sec,870 Nm,Petrol,4.0,Grey,330000.0,Ultra-Luxury,car
CAR_0115,Rolls Royce,Wraith Coupe,V12,"6,592 cc",624.0,250.0,4.4 sec,870 Nm,Petrol,4.0,Red,330000.0,Ultra-Luxury,car
CAR_0116,Rolls Royce,Wraith Coupe,V12,"6,592 cc",624.0,250.0,4.4 sec,870 Nm,Petrol,4.0,Green,330000.0,Ultra-Luxury,car
CAR_0117,Rolls Royce,Dawn Convertible,V12,"6,592 cc",624.0,250.0,4.9 sec,870 Nm,Petrol,4.0,Red,380000.0,Ultra-Luxury,car
CAR_0118,Rolls Royce,Cullinan Suv,V12,"6,749 cc",563.0,250.0,5.2 sec,850 Nm,Petrol,5.0,White,320000.0,Ultra-Luxury,car
CAR_0119,Rolls Royce,Cullinan Suv,V12,"6,749 cc",563.0,250.0,5.2 sec,850 Nm,Petrol,5.0,Black,320000.0,Ultra-Luxury,car
CAR_0120,Rolls Royce,Cullinan Suv,V12,"6,749 cc",563.0,250.0,5.2 sec,850 Nm,Petrol,5.0,Yellow,320000.0,Ultra-Luxury,car
CAR_0121,Mercedes,Benz S-Class S 580,V8,"3,982 cc",496.0,250.0,4.4 sec,700 Nm,Petrol,5.0,Brown,116000.0,Luxury,car
CAR_0122,Mercedes,Benz E-Class E 63 S,V8,"3,982 cc",603.0,250.0,3.4 sec,850 Nm,Petrol,5.0,Red,104000.0,Luxury,car
CAR_0123,Mercedes,Benz Cla 45 Amg,I4,1991 cc,382.0,250.0,4.1 sec,500 Nm,Petrol,5.0,Red,53000.0,Mid-Range,car
CAR_0124,Mercedes,Benz Cla 45 Amg,I4,1991 cc,382.0,250.0,4.1 sec,500 Nm,Petrol,5.0,Silver,53000.0,Mid-Range,car
CAR_0125,Mercedes,Benz Cla 45 Amg,I4,1991 cc,382.0,250.0,4.1 sec,500 Nm,Petrol,5.0,Yellow,53000.0,Mid-Range,car
CAR_0126,Mercedes,Benz Gle 63 S,V8,"3,982 cc",603.0,250.0,4.2 sec,850 Nm,Petrol,5.0,Red,113000.0,Luxury,car
CAR_0127,Mercedes,Benz S-Class S 500,V6,"2,996 cc",429.0,250.0,4.9 sec,700 Nm,Petrol,5.0,White,109000.0,Luxury,car
CAR_0128,Mercedes,Benz S-Class S 500,V6,"2,996 cc",429.0,250.0,4.9 sec,700 Nm,Petrol,5.0,Silver,109000.0,Luxury,car
CAR_0129,Mercedes,Benz S-Class S 500,V6,"2,996 cc",429.0,250.0,4.9 sec,700 Nm,Petrol,5.0,Red,109000.0,Luxury,car
CAR_0130,Mercedes,Benz E-Class E 450,V6,"2,996 cc",362.0,250.0,5.2 sec,500 Nm,Petrol,5.0,White,62000.0,Mid-Range,car
CAR_0131,Mercedes,Benz Cls 450,V6,"2,996 cc",362.0,250.0,5.2 sec,500 Nm,Petrol,5.0,Silver,70000.0,Luxury,car
CAR_0132,Mercedes,Benz Gt 53,V6,"2,996 cc",429.0,250.0,4.5 sec,700 Nm,Petrol,5.0,Grey,99000.0,Luxury,car
CAR_0133,Mercedes,Benz Gt 53,V6,"2,996 cc",429.0,250.0,4.5 sec,700 Nm,Petrol,5.0,Red,99000.0,Luxury,car
CAR_0134,Mercedes,Benz Gt 53,V6,"2,996 cc",429.0,250.0,4.5 sec,700 Nm,Petrol,5.0,Yellow,99000.0,Luxury,car
CAR_0135,Mercedes,Benz Gle 450,V6,"2,996 cc",362.0,250.0,5.5 sec,500 Nm,Petrol,5.0,Black,63000.0,Mid-Range,car
CAR_0136,Mercedes,Benz Gle 450,V6,"2,996 cc",362.0,250.0,5.5 sec,500 Nm,Petrol,5.0,White,63000.0,Mid-Range,car
CAR_0137,Mercedes,Benz Gle 450,V6,"2,996 cc",362.0,250.0,5.5 sec,500 Nm,Petrol,5.0,Green,63000.0,Mid-Range,car
CAR_0138,Mercedes,Benz A-Class A 45 S,I4,"1,991 cc",416.0,250.0,3.9 sec,500 Nm,Petrol,5.0,Black,53000.0,Mid-Range,car
CAR_0139,Mercedes,Benz A-Class A 45 S,I4,"1,991 cc",416.0,250.0,3.9 sec,500 Nm,Petrol,5.0,Brown,53000.0,Mid-Range,car
CAR_0140,Mercedes,Benz A-Class A 45 S,I4,"1,991 cc",416.0,250.0,3.9 sec,500 Nm,Petrol,5.0,Blue,53000.0,Mid-Range,car
CAR_0141,Mercedes,Benz C-Class C 43,V6,"2,996 cc",402.0,250.0,4.7 sec,520 Nm,Petrol,5.0,Red,52000.0,Mid-Range,car
CAR_0142,Mercedes,Benz E-Class E 350,I4,"1,991 cc",255.0,250.0,5.7 sec,500 Nm,Petrol,5.0,Orange,49000.0,Mid-Range,car
CAR_0143,Mercedes,Benz Gle 350,I4,"1,991 cc",255.0,250.0, 6.1 sec,500 Nm,Petrol,5.0,Silver,53000.0,Mid-Range,car
CAR_0144,Mercedes,Benz Glc 43,V6,"2,996 cc",402.0,250.0,4.7 sec,520 Nm,Petrol,5.0,Black,54000.0,Mid-Range,car
CAR_0145,Mercedes,Benz Gla 45,I4,"1,991 cc",382.0,250.0,4.3 sec,500 Nm,Petrol,5.0,Red,48000.0,Mid-Range,car
CAR_0146,Mercedes,Benz Glc 350,I4,"1,991 cc",255.0,250.0,6.1 sec,500 Nm,Petrol,5.0,Black,46000.0,Mid-Range,car
CAR_0147,Mercedes,Benz Glc 350,I4,"1,991 cc",255.0,250.0,6.1 sec,500 Nm,Petrol,5.0,Blue,46000.0,Mid-Range,car
CAR_0148,Mercedes,Benz Glc 350,I4,"1,991 cc",255.0,250.0,6.1 sec,500 Nm,Petrol,5.0,Grey,46000.0,Mid-Range,car
CAR_0149,Mercedes,Benz Gle 53,V6,"2,996 cc",429.0,250.0,5.2 sec,620 Nm,Petrol,5.0,White,71000.0,Luxury,car
CAR_0150,Mercedes,Benz S-Class S 350,I4,"1,991 cc",255.0,250.0,6.5 sec,500 Nm,Petrol,5.0,Green,90000.0,Luxury,car
CAR_0151,Mercedes,Benz Eqs 53,ELECTRIC MOTOR,,751.0,250.0,3.4 sec,950 Nm,Electric,5.0,Green,102000.0,Luxury,car
CAR_0152,Mercedes,Benz Maybach S 680,V12,"5,980 cc",630.0,250.0,4.7 sec,1000 Nm,Petrol,5.0,Blue,200000.0,Ultra-Luxury,car
CAR_0153,Bmw,M5 Cs,V8,"4,395 cc",627.0,305.0,3.0 sec,750 Nm,Petrol,5.0,Red,142000.0,Luxury,car
CAR_0154,Bmw,M4 Gts,I6,"2,993 cc",493.0,305.0,3.7 sec,600 Nm,Petrol,4.0,Green,133000.0,Luxury,car
CAR_0155,Bmw,M3 Competition,I6,"2,993 cc",503.0,285.0,3.5 sec,650 Nm,Petrol,5.0,Yellow,76000.0,Luxury,car
CAR_0156,Bmw,M2 Cs,I6,"2,993 cc",444.0,280.0,4.0 sec,550 Nm,Petrol,4.0,Grey,83000.0,Luxury,car
CAR_0157,Bmw,X5 M Competition,V8,"4,935 cc",523.0,285.0,4.1 sec,750 Nm,Petrol,5.0,Red,114000.0,Luxury,car
CAR_0158,Bmw,X5 M Competition,V8,"4,935 cc",523.0,285.0,4.1 sec,750 Nm,Petrol,5.0,Grey,114000.0,Luxury,car
CAR_0159,Bmw,X5 M Competition,V8,"4,935 cc",523.0,285.0,4.1 sec,750 Nm,Petrol,5.0,Orange,114000.0,Luxury,car
CAR_0160,Bmw,X3 M Competition,I6,"2,993 cc",503.0,285.0,4.1 sec,650 Nm,Petrol,5.0,Grey,69000.0,Mid-Range,car
CAR_0161,Bmw,M8 Gran Coupe,V8,"4,395 cc",523.0,305.0,3.3 sec,750 Nm,Petrol,5.0,Blue,146000.0,Luxury,car
CAR_0162,Bmw,M850I Drive Coupe,V8,"4,935 cc",523.0,285.0,3.7 sec,750 Nm,Petrol,4.0,Blue,108000.0,Luxury,car
CAR_0163,Bmw,M850I Drive Coupe,V8,"4,935 cc",523.0,285.0,3.7 sec,750 Nm,Petrol,4.0,Orange,108000.0,Luxury,car
CAR_0164,Bmw,M850I Drive Coupe,V8,"4,935 cc",523.0,285.0,3.7 sec,750 Nm,Petrol,4.0,Green,108000.0,Luxury,car
CAR_0165,Rolls Royce,Dawn Black Badge Volante,V12,"6,592 cc",563.0,250.0,4.8 sec,840 Nm,Petrol,4.0,Blue,398000.0,Ultra-Luxury,car
CAR_0166,Rolls Royce,Cullinan Black Badge Suv,V12,"6,749 cc",563.0,250.0,5.1 sec,850 Nm,Petrol,5.0,Red,381000.0,Ultra-Luxury,car
CAR_0167,Rolls Royce,Phatom Tranquility,V12,"6,749 cc",563.0,250.0,5.3 sec,900 Nm,Petrol,5.0,Blue,475000.0,Ultra-Luxury,car
CAR_0168,Rolls Royce,Phatom Tranquility,V12,"6,749 cc",563.0,250.0,5.3 sec,900 Nm,Petrol,5.0,Green,475000.0,Ultra-Luxury,car
CAR_0169,Rolls Royce,Phatom Tranquility,V12,"6,749 cc",563.0,250.0,5.3 sec,900 Nm,Petrol,5.0,White,475000.0,Ultra-Luxury,car
CAR_0170,Rolls Royce,Ghost Zenith,V12,"6,749 cc",563.0,250.0,4.9 sec,900 Nm,Petrol,5.0,Brown,335000.0,Ultra-Luxury,car
CAR_0171,Rolls Royce,Wraith Eagle Viii,V12,"6,592 cc",623.0,250.0,4.5 sec,800 Nm,Petrol,4.0,Black,349000.0,Ultra-Luxury,car
CAR_0172,Rolls Royce,Phatom Orchid,V12,"6,749 cc",563.0,250.0,5.3 sec,900 Nm,Petrol,5.0,White,495000.0,Ultra-Luxury,car
CAR_0173,Rolls Royce,Ghost Azure,V12,"6,749 cc",563.0,250.0,4.9 sec,900 Nm,Petrol,5.0,Red,355000.0,Ultra-Luxury,car
CAR_0174,Rolls Royce,Wraith Kryptos,V12,"6,592 cc",623.0,250.0,4.5 sec,800 Nm,Petrol,4.0,Red,369000.0,Ultra-Luxury,car
CAR_0175,Rolls Royce,Dawn Silver Bullet,V12,"6,592 cc",563.0,250.0,4.8 sec,840 Nm,Petrol,4.0,Orange,418000.0,Ultra-Luxury,car
CAR_0176,Rolls Royce,Dawn Silver Bullet,V12,"6,592 cc",563.0,250.0,4.8 sec,840 Nm,Petrol,4.0,Silver,418000.0,Ultra-Luxury,car
CAR_0177,Rolls Royce,Dawn Silver Bullet,V12,"6,592 cc",563.0,250.0,4.8 sec,840 Nm,Petrol,4.0,Grey,418000.0,Ultra-Luxury,car
CAR_0178,Rolls Royce,Cullinan Fux Orange,V12,"6,749 cc",563.0,250.0,5.1 sec,850 Nm,Petrol,5.0,Green,401000.0,Ultra-Luxury,car
CAR_0179,Rolls Royce,Phantom Celestial,V12,"6,749 cc",563.0,250.0,5.3 sec,900 Nm,Petrol,5.0,Black,515000.0,Ultra-Luxury,car
CAR_0180,Rolls Royce,Ghost Mysore,V12,"6,749 cc",563.0,250.0,4.9 sec,900 Nm,Petrol,5.0,Brown,375000.0,Ultra-Luxury,car
CAR_0181,Rolls Royce,Wraith Luminary,V12,"6,592 cc",623.0,250.0,4.5 sec,800 Nm,Petrol,4.0,Orange,389000.0,Ultra-Luxury,car
CAR_0182,Rolls Royce,Dawn Black Badge Adamas,V12,"6,592 cc",563.0,250.0,4.8 sec,840 Nm,Petrol,4.0,White,439000.0,Ultra-Luxury,car
CAR_0183,Rolls Royce,Cullinan Red Diamond,V12,"6,749 cc",563.0,250.0,5.1 sec,850 Nm,Petrol,5.0,Brown,421000.0,Ultra-Luxury,car
CAR_0184,Audi,R8 V10 Plus,V10,"5,204 cc",610.0,330.0,3.2 sec,560 Nm,Petrol,2.0,Grey,194000.0,Ultra-Luxury,car
CAR_0185,Audi,R8 V10 Plus,V10,"5,204 cc",610.0,330.0,3.2 sec,560 Nm,Petrol,2.0,Brown,194000.0,Ultra-Luxury,car
CAR_0186,Audi,R8 V10 Plus,V10,"5,204 cc",610.0,330.0,3.2 sec,560 Nm,Petrol,2.0,Silver,194000.0,Ultra-Luxury,car
CAR_0187,Audi,Rs7 Sportback,V8,"3,993 cc",591.0,305.0,3.6 sec,800 Nm,Petrol,5.0,Black,114000.0,Luxury,car
CAR_0188,Audi,S8,V8,"3,993 cc",563.0,305.0,4.3 sec,800 Nm,Petrol,5.0,Yellow,101000.0,Luxury,car
CAR_0189,Audi,Rs6 Avant,V8,"3,993 cc",591.0,305.0,3.6 sec,800 Nm,Petrol,5.0,Green,109000.0,Luxury,car
CAR_0190,Audi,S7 Sportback,V8,"3,993 cc",563.0,305.0,4.3 sec,650 Nm,Petrol,5.0,Grey,96000.0,Luxury,car
CAR_0191,Audi,A8,V6,"2,995 cc",335.0,250.0,5.7 sec,600 Nm,Petrol,5.0,Green,86000.0,Luxury,car
CAR_0192,Audi,S5 Coupe,V6,"2,995 cc",349.0,250.0,4.8 sec,500 Nm,Petrol,4.0,Silver,64000.0,Mid-Range,car
CAR_0193,Audi,Sq5,V6,"2,995 cc",349.0,250.0,5.4 sec,500 Nm,Petrol,5.0,Black,62000.0,Mid-Range,car
CAR_0194,Audi,S4 Sedan,V6,"2,995 cc",349.0,250.0,4.7 sec,500 Nm,Petrol,5.0,Yellow,59000.0,Mid-Range,car
CAR_0195,Audi,S3 Sedan,I4,"1,984 cc",306.0,250.0,4.8 sec,400 Nm,Petrol,5.0,Yellow,52000.0,Mid-Range,car
CAR_0196,Audi,Q7,V6,"2,995 cc",335.0,250.0,6.3 sec,600 Nm,Petrol,7.0,Brown,60000.0,Mid-Range,car
CAR_0197,Audi,Q5,I4,"1,984 cc",248.0,240.0,6.3 sec,500 Nm,Petrol,5.0,Green,43000.0,Mid-Range,car
CAR_0198,Audi,A7,V6,"2,995 cc",335.0,250.0,5.7 sec,600 Nm,Petrol,5.0,Yellow,68000.0,Mid-Range,car
CAR_0199,Audi,A6,V6,"2,995 cc",335.0,250.0,5.7 sec,600 Nm,Petrol,5.0,Orange,58000.0,Mid-Range,car
CAR_0200,Audi,A6,V6,"2,995 cc",335.0,250.0,5.7 sec,600 Nm,Petrol,5.0,Yellow,58000.0,Mid-Range,car
CAR_0201,Audi,A6,V6,"2,995 cc",335.0,250.0,5.7 sec,600 Nm,Petrol,5.0,Grey,58000.0,Mid-Range,car
CAR_0202,Audi,A5 Coupe,I4,"1,984 cc",248.0,240.0,6.3 sec,500 Nm,Petrol,4.0,Yellow,45000.0,Mid-Range,car
CAR_0203,Audi,A5 Coupe,I4,"1,984 cc",248.0,240.0,6.3 sec,500 Nm,Petrol,4.0,White,45000.0,Mid-Range,car
CAR_0204,Audi,A5 Coupe,I4,"1,984 cc",248.0,240.0,6.3 sec,500 Nm,Petrol,4.0,Red,45000.0,Mid-Range,car
CAR_0205,Audi,A4,I4,"1,984 cc",248.0,240.0,6.5 sec,400 Nm,Petrol,5.0,Red,39000.0,Mid-Range,car
CAR_0206,Audi,Q3,I4,"1,984 cc",248.0,230.0,7.3 sec,400 Nm,Petrol,5.0,Orange,35000.0,Mid-Range,car
CAR_0207,Audi,Q3,I4,"1,984 cc",248.0,230.0,7.3 sec,400 Nm,Petrol,5.0,White,35000.0,Mid-Range,car
CAR_0208,Audi,Q3,I4,"1,984 cc",248.0,230.0,7.3 sec,400 Nm,Petrol,5.0,Silver,35000.0,Mid-Range,car
CAR_0209,Audi,E-Tron,ELECTRIC ,95 kwh,402.0,200.0,5.5 sec,664 Nm,Electric,5.0,Grey,75000.0,Luxury,car
CAR_0210,Audi,E-Tron Sportback,ELECTRIC,95 kwh,402.0,200.0,5.5 sec,664 Nm,Electric,5.0,Grey,78000.0,Luxury,car
CAR_0211,Audi,Tt Coupe,I4,"1,984 cc",248.0,250.0,5.3 sec,400 Nm,Petrol,2.0,Green,49000.0,Mid-Range,car
CAR_0212,Bmw,I8 Roadster,ELECTRIC MOTOR,11.6 kwh,369.0,250.0,4.4 sec,570 Nm,Hybrid,2.0,Grey,165000.0,Ultra-Luxury,car
CAR_0213,Bmw,330I,I4,"1,998 cc",255.0,250.0,5.6 sec,400 Nm,Petrol,5.0,Green,45000.0,Mid-Range,car
CAR_0214,Bmw,M340I Xdrive,I6,"2,998 cc",382.0,250.0,4.1 sec,500 Nm,Petrol,5.0,Blue,57000.0,Mid-Range,car
CAR_0215,Bmw,430I Coupe,I4,"1,998 cc",255.0,250.0,5.8 sec,400 Nm,Petrol,4.0,Green,48000.0,Mid-Range,car
CAR_0216,Bmw,430I Coupe,I4,"1,998 cc",255.0,250.0,5.8 sec,400 Nm,Petrol,4.0,Brown,48000.0,Mid-Range,car
CAR_0217,Bmw,430I Coupe,I4,"1,998 cc",255.0,250.0,5.8 sec,400 Nm,Petrol,4.0,Grey,48000.0,Mid-Range,car
CAR_0218,Bmw,M4 Competition,I6,"2,993 cc",503.0,290.0,3.8 sec,650 Nm,Petrol,4.0,Grey,81000.0,Luxury,car
CAR_0219,Bmw,530I,I4,"1,998 cc",248.0,250.0,5.9 sec,400 Nm,Petrol,5.0,Green,57000.0,Mid-Range,car
CAR_0220,Bmw,M550I Xdrive,V8,"4,395 cc",523.0,250.0,3.6 sec,650 Nm,Petrol,5.0,Green,78000.0,Luxury,car
CAR_0221,Bmw,M550I Xdrive,V8,"4,395 cc",523.0,250.0,3.6 sec,650 Nm,Petrol,5.0,Silver,78000.0,Luxury,car
CAR_0222,Bmw,M550I Xdrive,V8,"4,395 cc",523.0,250.0,3.6 sec,650 Nm,Petrol,5.0,Yellow,78000.0,Luxury,car
CAR_0223,Bmw,118I,I3,"1,499 cc",136.0,213.0,8.5 sec,220 Nm,Petrol,5.0,Brown,32000.0,Mid-Range,car
CAR_0224,Bmw,128Ti,I4,"1,998 cc",261.0,250.0,6.1 sec,400 Nm,Petrol,5.0,Green,42000.0,Mid-Range,car
CAR_0225,Bmw,M135I Xdrive,I4,"1,998 cc",302.0,250.0,4.8 sec,450 Nm,Petrol,5.0,Brown,30000.0,Mid-Range,car
CAR_0226,Bmw,116D,I3,"1,496 cc",116.0,200.0,10.3 sec,280 Nm,Diesel,5.0,Yellow,30000.0,Mid-Range,car
CAR_0227,Bmw,120D Xdrive,I4,"1,995 cc",190.0,230.0,6.9 sec,400 Nm,Diesel,5.0,Red,38000.0,Mid-Range,car
CAR_0228,Bmw,116I,I3,"1,499 cc",109.0,200.0,10.9 sec,200 Nm,Petrol,5.0,Blue,28000.0,Budget,car
CAR_0229,Bmw,118D,I4,"1,995 cc",150.0,216.0,8.4 sec,380 Nm,Diesel,5.0,Green,34000.0,Mid-Range,car
CAR_0230,Bmw,118D,I4,"1,995 cc",150.0,216.0,8.4 sec,380 Nm,Diesel,5.0,Red,34000.0,Mid-Range,car
CAR_0231,Bmw,118D,I4,"1,995 cc",150.0,216.0,8.4 sec,380 Nm,Diesel,5.0,Brown,34000.0,Mid-Range,car
CAR_0232,Bmw,120I,I4,"1,998 cc",178.0,230.0,7.1  sec,300 Nm,Petrol,5.0,White,37000.0,Mid-Range,car
CAR_0233,Bmw,120I,I4,"1,998 cc",178.0,230.0,7.1  sec,300 Nm,Petrol,5.0,Yellow,37000.0,Mid-Range,car
CAR_0234,Bmw,120I,I4,"1,998 cc",178.0,230.0,7.1  sec,300 Nm,Petrol,5.0,Black,37000.0,Mid-Range,car
CAR_0235,Bmw,125I,I4,"1,998 cc",224.0,240.0,6.1 sec,400 Nm,Petrol,5.0,Black,42000.0,Mid-Range,car
CAR_0236,Bmw,114D,I3,"1,496 cc",95.0,185.0,12.2 sec,270 Nm,Diesel,5.0,Black,27000.0,Budget,car
CAR_0237,Bmw,114I,I4,"1,598 cc",102.0,195.0,11.2 sec,200 Nm,Petrol,5.0,Grey,26000.0,Budget,car
CAR_0238,Bmw,125D,I4,"1,995 cc",224.0,240.0,6.3 sec,400 Nm,Diesel,5.0,Silver,44000.0,Mid-Range,car
CAR_0239,Bmw,118I Xdrive,I3,"1,499 cc",136.0,211.0,8.9 sec,250 Nm,Petrol,5.0,Brown,34000.0,Mid-Range,car
CAR_0240,Bmw,116D Efficientdynamics,I3,"1,496 cc",116.0,200.0,10.9 sec,270 Nm,Diesel,5.0,Yellow,30000.0,Mid-Range,car
CAR_0241,Bmw,118I Sportline,I3,"1,499 cc",136.0,213.0,8.5 sec,250 Nm,Petrol,5.0,Silver,35000.0,Mid-Range,car
CAR_0242,Bmw,118I Sportline,I3,"1,499 cc",136.0,213.0,8.5 sec,250 Nm,Petrol,5.0,White,35000.0,Mid-Range,car
CAR_0243,Bmw,118I Sportline,I3,"1,499 cc",136.0,213.0,8.5 sec,250 Nm,Petrol,5.0,Brown,35000.0,Mid-Range,car
CAR_0244,Bmw,118I M Sport,I3,"1,499 cc",136.0,213.0,8.5 sec,250 Nm,Petrol,5.0,White,37000.0,Mid-Range,car
CAR_0245,Bmw,118I M Sport,I3,"1,499 cc",136.0,213.0,8.5 sec,250 Nm,Petrol,5.0,Black,37000.0,Mid-Range,car
CAR_0246,Bmw,118I M Sport,I3,"1,499 cc",136.0,213.0,8.5 sec,250 Nm,Petrol,5.0,Red,37000.0,Mid-Range,car
CAR_0247,Bmw,120I M Sport,I4,"1,998 cc",178.0,230.0,7.1 sec,300 Nm,Petrol,5.0,Green,39000.0,Mid-Range,car
CAR_0248,Bmw,116I Efficientdynamics,I4,"1,598 cc",109.0,195.0,10.9 sec,200 Nm,Petrol,5.0,White,29000.0,Budget,car
CAR_0249,Bmw,116D Advantage,I3,"1,496 cc",116.0,200.0,10.5 sec,270 Nm,Diesel,5.0,White,31000.0,Mid-Range,car
CAR_0250,Bmw,120D Efficientdynamics,I4,"1,995 cc",163.0,225.0,7.7 sec,400 Nm,Diesel,5.0,White,39000.0,Mid-Range,car
CAR_0251,Bmw,120D Efficientdynamics,I4,"1,995 cc",163.0,225.0,7.7 sec,400 Nm,Diesel,5.0,Orange,39000.0,Mid-Range,car
CAR_0252,Bmw,120D Efficientdynamics,I4,"1,995 cc",163.0,225.0,7.7 sec,400 Nm,Diesel,5.0,Blue,39000.0,Mid-Range,car
CAR_0253,Bmw,118I Shadow Line,I3,"1,499 cc",136.0,213.0,8.5 sec,250 Nm,Petrol,5.0,Green,36000.0,Mid-Range,car
CAR_0254,Bmw,118D Sport Line,I4,"1,995 cc",150.0,216.0,8.4 sec,380 Nm,Diesel,5.0,White,36000.0,Mid-Range,car
CAR_0255,Bmw,120I Xdrive,I4,"1,998 cc",178.0,230.0,7.2 sec,300 Nm,Petrol,5.0,Silver,40000.0,Mid-Range,car
CAR_0256,Bmw,114D Sport Line,I3,"1,496 cc",95.0,185.0,12.2 sec,270 Nm,Diesel,5.0,Red,28000.0,Budget,car
CAR_0257,Bmw,118I Urban Line,I3,"1,499 cc",136.0,213.0,8.5 sec,250 Nm,Petrol,5.0,Red,35000.0,Mid-Range,car
CAR_0258,Volvo,Xc90,I6,"1,969 cc",247.0,200.0,6.5 sec,400 Nm,Petrol/Diesel,7.0,Yellow,60000.0,Mid-Range,car
CAR_0259,Volvo,Xc90,I6,"1,969 cc",247.0,200.0,6.5 sec,400 Nm,Petrol/Diesel,7.0,Grey,60000.0,Mid-Range,car
CAR_0260,Volvo,Xc90,I6,"1,969 cc",247.0,200.0,6.5 sec,400 Nm,Petrol/Diesel,7.0,Brown,60000.0,Mid-Range,car
CAR_0261,Volvo,Xc60,I6,"1,969 cc",247.0,220.0,6.4 sec,400 Nm,Petrol/Diesel,5.0,Brown,55000.0,Mid-Range,car
CAR_0262,Volvo,S90,I6,"1,969 cc",295.0,250.0,5.9 sec,400 Nm,Petrol/Diesel,5.0,Silver,60000.0,Mid-Range,car
CAR_0263,Volvo,S90,I6,"1,969 cc",295.0,250.0,5.9 sec,400 Nm,Petrol/Diesel,5.0,Yellow,60000.0,Mid-Range,car
CAR_0264,Volvo,S90,I6,"1,969 cc",295.0,250.0,5.9 sec,400 Nm,Petrol/Diesel,5.0,Grey,60000.0,Mid-Range,car
CAR_0265,Kia,Sportage Lx,I4,"2,480 cc",187.0,200.0,8.0 sec,250 Nm,Petrol,5.0,Red,27000.0,Budget,car
CAR_0266,Kia,Sportage Lx,I4,"2,480 cc",187.0,200.0,8.0 sec,250 Nm,Petrol,5.0,Blue,27000.0,Budget,car
CAR_0267,Kia,Sportage Lx,I4,"2,480 cc",187.0,200.0,8.0 sec,250 Nm,Petrol,5.0,Brown,27000.0,Budget,car
CAR_0268,Kia,Sportage Ex,I4,"2,480 cc",187.0,200.0,8.0 sec,250 Nm,Petrol,5.0,Red,30000.0,Mid-Range,car
CAR_0269,Kia,Sportage Gt-Line,I4,"2,480 cc",187.0,200.0,8.0 sec,350 Nm,Petrol,5.0,Grey,32000.0,Mid-Range,car
CAR_0270,Kia,Sportage Sx Turbo,I4,"1,998 cc",240.0,210.0,6.7 sec,400 Nm,Petrol,5.0,Yellow,36000.0,Mid-Range,car
CAR_0271,Kia,Sportage Nightfall Edition,I4,"2,480 cc",187.0,200.0,8.0 sec,350 Nm,Petrol,5.0,Yellow,33000.0,Mid-Range,car
CAR_0272,Honda,Civic Type R,I4,"1,996 cc",315.0,272.0,5.7 sec,400 Nm,Petrol,5.0,Grey,44000.0,Mid-Range,car
CAR_0273,Honda,Civic Type R,I4,"1,996 cc",315.0,272.0,5.7 sec,400 Nm,Petrol,5.0,Green,44000.0,Mid-Range,car
CAR_0274,Honda,Civic Type R,I4,"1,996 cc",315.0,272.0,5.7 sec,400 Nm,Petrol,5.0,Brown,44000.0,Mid-Range,car
CAR_0275,Kia,Sportage Phev,I4 + ELECTRIC,"1,600 cc / 13.8 kwh",261.0,180.0,8.0 sec,350 Nm,Plug-in Hybrid,5.0,Brown,41000.0,Mid-Range,car
CAR_0276,Kia,Sportage Phev,I4 + ELECTRIC,"1,600 cc / 13.8 kwh",261.0,180.0,8.0 sec,350 Nm,Plug-in Hybrid,5.0,Blue,41000.0,Mid-Range,car
CAR_0277,Kia,Sportage Phev,I4 + ELECTRIC,"1,600 cc / 13.8 kwh",261.0,180.0,8.0 sec,350 Nm,Plug-in Hybrid,5.0,Yellow,41000.0,Mid-Range,car
CAR_0278,Kia,Sportage 2024(Base Model),I4,"2,480 cc",187.0,200.0,8.0 sec,250 Nm,Petrol,5.0,Orange,26000.0,Budget,car
CAR_0279,Kia,Sportage 2024(Top Trim),I4,"1,998 cc",240.0,210.0,6.7 sec,400 Nm,Petrol,5.0,Blue,38000.0,Mid-Range,car
CAR_0280,Kia,Sportage 2024(Top Trim),I4,"1,998 cc",240.0,210.0,6.7 sec,400 Nm,Petrol,5.0,Yellow,38000.0,Mid-Range,car
CAR_0281,Kia,Sportage 2024(Top Trim),I4,"1,998 cc",240.0,210.0,6.7 sec,400 Nm,Petrol,5.0,Red,38000.0,Mid-Range,car
CAR_0282,Kia,Sportage 2024(Base Awd),I4,"2,480 cc",187.0,200.0,8.3 sec,250 Nm,Petrol,5.0,Red,29000.0,Budget,car
CAR_0283,Kia,Sportage 2024(Base Awd),I4,"2,480 cc",187.0,200.0,8.3 sec,250 Nm,Petrol,5.0,Grey,29000.0,Budget,car
CAR_0284,Kia,Sportage 2024(Base Awd),I4,"2,480 cc",187.0,200.0,8.3 sec,250 Nm,Petrol,5.0,White,29000.0,Budget,car
CAR_0285,Kia,Sportage X-Line,I4,"2,480 cc",187.0,200.0,8.0 sec,350 Nm,Petrol,5.0,Blue,32500.0,Mid-Range,car
CAR_0286,Kia,Sportage 2024(S Trim),I4,"2,480 cc",187.0,200.0,8.2 sec,250 Nm,Petrol,5.0,Silver,28000.0,Budget,car
CAR_0287,Honda,Accord,I4,"1,498 cc",192.0,201.0,7.1 sec,370 Nm,Petrol,5.0,Brown,29400.0,Budget,car
CAR_0288,Honda,Accord,I4,"1,498 cc",192.0,201.0,7.1 sec,370 Nm,Petrol,5.0,Orange,29400.0,Budget,car
CAR_0289,Honda,Accord,I4,"1,498 cc",192.0,201.0,7.1 sec,370 Nm,Petrol,5.0,Red,29400.0,Budget,car
CAR_0290,Kia,Sportage 2024(Hybrid Awd),I4 + ELECTRIC,"1,600 cc / 1.49 kwh",227.0,180.0,8.0 sec,350 Nm,Hybrid,5.0,Grey,37000.0,Mid-Range,car
CAR_0291,Kia,Sportage 2024(Plug-In Hybrid Awd),I4 + ELECTRIC,"1,598 cc / 13.8 kwh",261.0,180.0,7.9 sec,350 Nm,Plug-in Hybrid,5.0,Grey,42000.0,Mid-Range,car
CAR_0292,Kia,Sportage 2024(Plug-In Hybrid Awd),I4 + ELECTRIC,"1,598 cc / 13.8 kwh",261.0,180.0,7.9 sec,350 Nm,Plug-in Hybrid,5.0,Blue,42000.0,Mid-Range,car
CAR_0293,Kia,Sportage 2024(Plug-In Hybrid Awd),I4 + ELECTRIC,"1,598 cc / 13.8 kwh",261.0,180.0,7.9 sec,350 Nm,Plug-in Hybrid,5.0,Silver,42000.0,Mid-Range,car
CAR_0294,Kia,Sportage 2024(X-Pro),I4,"2,480 cc",187.0,200.0,8.1 sec,400 Nm,Petrol,5.0,Black,36000.0,Mid-Range,car
CAR_0295,Kia,Sportage 2024(X-Pro),I4,"2,480 cc",187.0,200.0,8.1 sec,400 Nm,Petrol,5.0,Orange,36000.0,Mid-Range,car
CAR_0296,Kia,Sportage 2024(X-Pro),I4,"2,480 cc",187.0,200.0,8.1 sec,400 Nm,Petrol,5.0,Silver,36000.0,Mid-Range,car
CAR_0297,Kia,Sportage 2024(X-Pro Prestige),I4,"2,480 cc",187.0,200.0,8.1 sec,400 Nm,Petrol,5.0,Black,38000.0,Mid-Range,car
CAR_0298,Kia,Sportage 2024(X-Pro Prestige),I4,"2,480 cc",187.0,200.0,8.1 sec,400 Nm,Petrol,5.0,Brown,38000.0,Mid-Range,car
CAR_0299,Kia,Sportage 2024(X-Pro Prestige),I4,"2,480 cc",187.0,200.0,8.1 sec,400 Nm,Petrol,5.0,Red,38000.0,Mid-Range,car
CAR_0300,Kia,Sportage 2024(Sx Turbo Awd),I4,"1,998 cc",240.0,210.0,6.5 sec,400 Nm,Petrol,5.0,Yellow,40000.0,Mid-Range,car
CAR_0301,Kia,Sportage 2024(Base Fwd),I4,"2,480 cc",187.0,200.0,8.5 sec,250 Nm,Petrol,5.0,Brown,26500.0,Budget,car
CAR_0302,Honda,Cr-V,I4,"1,498 cc",190.0,186.0,8.2 sec,400 Nm,Plug-in Hybrid,5.0,Yellow,30000.0,Mid-Range,car
CAR_0303,Honda,Cr-V,I4,"1,498 cc",190.0,186.0,8.2 sec,400 Nm,Plug-in Hybrid,5.0,Brown,30000.0,Mid-Range,car
CAR_0304,Honda,Cr-V,I4,"1,498 cc",190.0,186.0,8.2 sec,400 Nm,Plug-in Hybrid,5.0,Orange,30000.0,Mid-Range,car
CAR_0305,Honda,Pilot,V6,"3,471 cc",285.0,209.0,6.3 sec,360 Nm,Petrol,8.0,Silver,40000.0,Mid-Range,car
CAR_0306,Honda,Pilot,V6,"3,471 cc",285.0,209.0,6.3 sec,360 Nm,Petrol,8.0,Black,40000.0,Mid-Range,car
CAR_0307,Honda,Pilot,V6,"3,471 cc",285.0,209.0,6.3 sec,360 Nm,Petrol,8.0,Red,40000.0,Mid-Range,car
CAR_0308,Honda,Civic Hatchback,I4,"1,498 cc",180.0,220.0,6.8 sec,300 Nm,Petrol,5.0,White,26350.0,Budget,car
CAR_0309,Toyota,Camry,V6,"3,500 cc",301.0,220.0,6.0 sec,250 Nm,Plug-in Hybrid,5.0,Brown,27000.0,Budget,car
CAR_0310,Toyota,Corolla,I4,"1,798 cc",139.0,180.0,9.4 sec,200 Nm,Plug-in Hybrid,5.0,Silver,22500.0,Budget,car
CAR_0311,Toyota,Prius,I4,"1,798 cc",121.0,180.0,10.5 sec,142 Nm,Hybrid,5.0,Brown,26700.0,Budget,car
CAR_0312,Toyota,Rav4,I4,"2,494 cc",203.0,200.0,8.1 sec,400 Nm,Plug-in Hybrid,5.0,Grey,27100.0,Budget,car
CAR_0313,Toyota,Highlander,V6,"3,456 cc",295.0,220.0,7.2 sec,370 Nm,Plug-in Hybrid,7.0,Orange,38400.0,Mid-Range,car
CAR_0314,Toyota,4Runner,V6,"3,956 cc",270.0,200.0,7.5 sec,400 Nm,Petrol,5.0,Brown,37400.0,Mid-Range,car
CAR_0315,Toyota,Tacoma,I4,"2,694 cc",159.0,180.0,9.5 sec,400 Nm,Petrol,5.0,Red,26400.0,Budget,car
CAR_0316,Toyota,Tundra,V8,"5,663 cc",381.0,220.0,6.7 sec,650 Nm,Petrol,5.0,Black,39900.0,Mid-Range,car
CAR_0317,Toyota,Avalon,V6,"3,456 cc",301.0,220.0,6.9 sec,400 Nm,Petrol,5.0,White,41400.0,Mid-Range,car
CAR_0318,Toyota,Avalon,V6,"3,456 cc",301.0,220.0,6.9 sec,400 Nm,Petrol,5.0,Silver,41400.0,Mid-Range,car
CAR_0319,Toyota,Avalon,V6,"3,456 cc",301.0,220.0,6.9 sec,400 Nm,Petrol,5.0,Grey,41400.0,Mid-Range,car
CAR_0320,Toyota,Mirai,I4,"1,798 cc",151.0,180.0,9.2 sec,335 Nm,Hydrogen,5.0,Orange,52400.0,Mid-Range,car
CAR_0321,Toyota,Sienna,V6,"2,494 cc",245.0,190.0,8.0 sec,360 Nm,Plug-in Hybrid,7.0,Black,44150.0,Mid-Range,car
CAR_0322,Toyota,Venza,I4,"2,494 cc",219.0,200.0,7.5 sec,400 Nm,Hybrid,5.0,Brown,33400.0,Mid-Range,car
CAR_0323,Toyota,Highlander Hybrid,V6,"3,456 cc",240.0,220.0,8.2 sec,350 Nm,Hybrid,7.0,Red,40400.0,Mid-Range,car
CAR_0324,Toyota,Land Cruiser Prado,V6,"3,956 cc",282.0,200.0,7.2 sec,450 Nm,Petrol/Diesel,7.0,White,49400.0,Mid-Range,car
CAR_0325,Toyota,Tundra Hybrid,V6,"3,456 cc",344.0,220.0,6.2 sec,650 Nm,Hybrid,5.0,Grey,43400.0,Mid-Range,car
CAR_0326,Toyota,Yaris,I4,"1,496 cc",106.0,180.0,11.2 sec,150 Nm,Petrol,5.0,Red,18400.0,Budget,car
CAR_0327,Toyota,C-Hr,I4,"1,986 cc",144.0,200.0,10.2 sec,250 Nm,Plug-in Hybrid,5.0,Black,24400.0,Budget,car
CAR_0328,Toyota,Bz4X,ELECTRIC,"64.8 kwh (Base Model),72.8 kwh (Higher End Model",218.0,200.0,7.5 sec,330 Nm,Electric,5.0,Red,43400.0,Mid-Range,car
CAR_0329,Toyota,Crown,HYBRID,"2,494 cc",236.0,200.0,7.6 sec,400 Nm,Hybrid,5.0,White,38400.0,Mid-Range,car
CAR_0330,Toyota,Mr2,I4,"1,986 cc",168.0,200.0,6.9 sec,400 Nm,Petrol,2.0,Red,29000.0,Budget,car
CAR_0331,Toyota,Celica,I4,"1,986 cc",140.0,200.0,8.5 sec,250 Nm,Petrol,5.0,Brown,25000.0,Budget,car
CAR_0332,Honda,City,I4,"1,497 cc",119.0,180.0,10.2 sec,145 Nm,Plug-in Hybrid,5.0,Green,15400.0,Budget,car
CAR_0333,Honda,Civic,I4,"1,996 cc",158.0,200.0,8.5 sec,400 Nm,Petrol,5.0,Brown,20400.0,Budget,car
CAR_0334,Honda,Civic,I4,"1,996 cc",158.0,200.0,8.5 sec,400 Nm,Petrol,5.0,Red,20400.0,Budget,car
CAR_0335,Honda,Civic,I4,"1,996 cc",158.0,200.0,8.5 sec,400 Nm,Petrol,5.0,Black,20400.0,Budget,car
CAR_0336,Hyundai,I10,"1.2L,4-CYLINDER,INLINE-4(I4)","1,197 cc",87.0,160.0,12.2 sec,120 Nm,Petrol,5.0,Grey,12400.0,Budget,car
CAR_0337,Hyundai,I20,"1.4L,4-CYLINDER,INLINE-4(I4)","1,396 cc",99.0,180.0,10.5 sec,250 Nm,Plug-in Hybrid,5.0,Brown,15400.0,Budget,car
CAR_0338,Hyundai,Elantra,"2.0L,4-CYLINDER,INLINE-4(I4)","1,999 cc",147.0,200.0,9.5 sec,250 Nm,Plug-in Hybrid,5.0,Yellow,18400.0,Budget,car
CAR_0339,Mahindra,Xuv500,"2.2L,4-CYLINDER,INLINE-4(I4)","2,179 cc",155.0,180.0,10.5 sec,400 Nm,Diesel,7.0,Red,18400.0,Budget,car
CAR_0340,Mahindra,Scorpio,"2.2L,4-CYLINDER,INLINE-4(I4)","2,179 cc",140.0,160.0,11.2 sec,280 Nm,Diesel,7.0,White,16400.0,Budget,car
CAR_0341,Mahindra,Thar,"2.0L,4-CYLINDER,INLINE-4(I4)","1,997 cc",150.0,180.0,10.5 sec,320 Nm,Petrol/Diesel,4.0,Blue,20400.0,Budget,car
CAR_0342,Mahindra,Thar,"2.0L,4-CYLINDER,INLINE-4(I4)","1,997 cc",150.0,180.0,10.5 sec,320 Nm,Petrol/Diesel,4.0,White,20400.0,Budget,car
CAR_0343,Mahindra,Thar,"2.0L,4-CYLINDER,INLINE-4(I4)","1,997 cc",150.0,180.0,10.5 sec,320 Nm,Petrol/Diesel,4.0,Silver,20400.0,Budget,car
CAR_0344,Maruti Suzuki,Swift,"1.2L,4-CYLINDER,INLINE-4(I4)","1,197 cc",83.0,160.0,12.2 sec,113 Nm,Petrol,5.0,Green,10400.0,Budget,car
CAR_0345,Maruti Suzuki,Swift,"1.2L,4-CYLINDER,INLINE-4(I4)","1,197 cc",83.0,160.0,12.2 sec,113 Nm,Petrol,5.0,Yellow,10400.0,Budget,car
CAR_0346,Maruti Suzuki,Swift,"1.2L,4-CYLINDER,INLINE-4(I4)","1,197 cc",83.0,160.0,12.2 sec,113 Nm,Petrol,5.0,Red,10400.0,Budget,car
CAR_0347,Maruti Suzuki,Dzire,"1.2L,4-CYLINDER,INLINE-4(I4)","1,197 cc",83.0,160.0,12.2 sec,113 Nm,Petrol/Diesel,5.0,Orange,11400.0,Budget,car
CAR_0348,Maruti Suzuki,Brezza,"1.5L,4-CYLINDER,INLINE(I4)","1,462 cc",103.0,180.0,11.5 sec,200 Nm,Petrol,5.0,Red,14400.0,Budget,car
CAR_0349,Maruti Suzuki,Brezza,"1.5L,4-CYLINDER,INLINE(I4)","1,462 cc",103.0,180.0,11.5 sec,200 Nm,Petrol,5.0,Blue,14400.0,Budget,car
CAR_0350,Maruti Suzuki,Brezza,"1.5L,4-CYLINDER,INLINE(I4)","1,462 cc",103.0,180.0,11.5 sec,200 Nm,Petrol,5.0,White,14400.0,Budget,car
CAR_0351,Toyota,Prius Prime,"2.0L,4-CYLINDER,WITH HYBRID SYSTEM","1,998 cc",220.0,180.0,6.7 sec,220 Nm,Plug-in Hybrid,5.0,Orange,31100.0,Mid-Range,car
CAR_0352,Toyota,Gr Corolla,"1.6L,TURBOCHARGED INLINE-3","1,618 cc",300.0,230.0,5. 0 sec,370 Nm,Petrol,5.0,Grey,36995.0,Mid-Range,car
CAR_0353,Toyota,Land Cruiser 300,"3.3L,V6,TWIN TURBO DIESEL","3,346 cc",305.0,210.0,6.8 sec,650 Nm,Petrol/Diesel,7.0,Blue,58500.0,Mid-Range,car
CAR_0354,Toyota,Tundra I-Force Max,"3.5L,V6,HYBRID TWIN-TURBO","3,445 cc",437.0,180.0,6.2 sec,750 Nm,Hybrid,5.0,Red,56000.0,Mid-Range,car
CAR_0355,Toyota,Corolla Hatchback Xse,"2.0L,INLINE-4","1,987 cc",169.0,190.0,8.2 sec,250 Nm,Petrol,5.0,Red,25390.0,Budget,car
CAR_0356,Toyota,Mirai,"HYDROGEN FUEL CELL,ELECTRIC MOTOR",1.24 kwh,152.0,180.0,9.0 sec,335 Nm,Hydrogen,5.0,Orange,49500.0,Mid-Range,car
CAR_0357,Toyota,Hilux Gr Sport,"2.8L,TURBO,DIESEL","2,755 cc",224.0,170.0,10.0 sec,500 Nm,Petrol/Diesel,5.0,White,50000.0,Mid-Range,car
CAR_0358,Toyota,Alphard Executive Lounge,"2.5L,INLINE-4,HYBRID,OR 3.5L,V6","HYBRID(2,494 cc),V6(3,456 cc)",296.0,180.0,8.5 sec,400 Nm,Petrol,7.0,Red,60000.0,Mid-Range,car
CAR_0359,Toyota,Fortuner Gr Sport,"2.8L,TURBO,DIESEL","2,755 cc",204.0,175.0,10.5 sec,500 Nm,Petrol/Diesel,7.0,Orange,55000.0,Mid-Range,car
CAR_0360,Toyota,Innova Hycross,2.0L HYBRID,"1,987 cc",184.0,165.0,9.5 sec,250 Nm,Hybrid,7.0,White,40000.0,Mid-Range,car
CAR_0361,Toyota,Coaster,"4.0L,DIESEL","4,009 cc",134.0,120.0,,500 Nm,Diesel,,Silver,70000.0,Luxury,car
CAR_0362,Toyota,Urban Cruiser Taisor,"1.5L,HYBRID","1,490 cc",114.0,170.0,11 sec,130 Nm,Petrol,5.0,Red,25000.0,Budget,car
CAR_0363,Toyota,Aygo X,"1.0L,INLINE-3",998 cc,71.0,160.0,14.8 sec,93 Nm,Petrol,4.0,Yellow,18000.0,Budget,car
CAR_0364,Toyota,Hilux Revo Rocco,"2.8L,TURBO,DIESEL","2,755 cc",204.0,175.0,10.0 sec,500 Nm,Diesel,5.0,Green,50000.0,Mid-Range,car
CAR_0365,Toyota,Proace Verso Electric,ELECTRIC MOTOR,75 KWH,136.0,130.0,13.5 sec,280 Nm,Electric,7.0,Orange,55000.0,Mid-Range,car
CAR_0366,Toyota,Century Suv,"3.5L,V6,PLUG IN HYBRID","3,456 cc",406.0,200.0,6.0 sec,500 Nm,Petrol,5.0,Orange,170000.0,Ultra-Luxury,car
CAR_0367,Toyota,Century Suv,"3.5L,V6,PLUG IN HYBRID","3,456 cc",406.0,200.0,6.0 sec,500 Nm,Petrol,5.0,Red,170000.0,Ultra-Luxury,car
CAR_0368,Toyota,Century Suv,"3.5L,V6,PLUG IN HYBRID","3,456 cc",406.0,200.0,6.0 sec,500 Nm,Petrol,5.0,Black,170000.0,Ultra-Luxury,car
CAR_0369,Toyota,Corolla Sedan Hybrid,"1.8L,HYBRID","1,798 cc",134.0,180.0,10.0 sec,300 Nm,Hybrid,5.0,Red,24000.0,Budget,car
CAR_0370,Toyota,Corolla Sedan Hybrid,"1.8L,HYBRID","1,798 cc",134.0,180.0,10.0 sec,300 Nm,Hybrid,5.0,Yellow,24000.0,Budget,car
CAR_0371,Toyota,Corolla Sedan Hybrid,"1.8L,HYBRID","1,798 cc",134.0,180.0,10.0 sec,300 Nm,Hybrid,5.0,Silver,24000.0,Budget,car
CAR_0372,Toyota,Bz3,ELECTRIC MOTOR,65 KWH,241.0,160.0,7.5 sec,340 Nm,Electric,5.0,Orange,35000.0,Mid-Range,car
CAR_0373,Toyota,Gr Yaris,"1.6L,TURBOCHARGED INLINE-3","1,618 cc",268.0,230.0,5.5 sec,390 Nm,Petrol,4.0,Orange,45000.0,Mid-Range,car
CAR_0374,Hyundai,Santa Fe,1.6L PETROL + PLUG IN HYBRID SYSTEM,"1,600 cc",253.0,180.0,9.3 sec,420 Nm,Plug-in Hybrid,7.0,Brown,50000.0,Mid-Range,car
CAR_0375,Hyundai,Ioniq 5,ELECTRIC MOTOR,72.6 KWH,225.0,185.0,7.4 sec,350 Nm,Electric,5.0,Green,41000.0,Mid-Range,car
CAR_0376,Hyundai,Santa Cruz,2.5L Turbocharged Inline-4,"2,500 cc",281.0,215.0,6.5 sec,400 Nm,Petrol,5.0,Yellow,40799.0,Mid-Range,car
CAR_0377,Hyundai,Santa Cruz,2.5L Turbocharged Inline-4,"2,500 cc",281.0,215.0,6.5 sec,400 Nm,Petrol,5.0,Green,40799.0,Mid-Range,car
CAR_0378,Hyundai,Santa Cruz,2.5L Turbocharged Inline-4,"2,500 cc",281.0,215.0,6.5 sec,400 Nm,Petrol,5.0,Orange,40799.0,Mid-Range,car
CAR_0379,Hyundai,Kona,1.6L PETROL ,"1,591 cc",147.0,185.0,10. 5 sec,400 Nm,Plug-in Hybrid,5.0,Yellow,20500.0,Budget,car
CAR_0380,Hyundai,Elantra,2.0L Inline-4,"2,000 cc",147.0,210.0,8.3 sec,250 Nm,Plug-in Hybrid,5.0,Orange,19950.0,Budget,car
CAR_0381,Nissan,Urvan,2.5L Turbo Diese,,2488.0,140.0,14.0 sec,356 Nm,Diesel,,Yellow,28000.0,Budget,car
CAR_0382,Hyundai,Ioniq 6,Electric Motor,53.6 kwh(Standard Range) / 77.4 kwh(Long Range),320.0,185.0,5.2 sec,350 Nm,Electric,5.0,Orange,41450.0,Mid-Range,car
CAR_0383,Hyundai,Tucson,2.5L Inline-4,"2,500 cc",187.0,180.0,6.1 sec,400 Nm,Plug-in Hybrid,5.0,Black,30500.0,Mid-Range,car
CAR_0384,Hyundai,Palisade,3.8L V6,"3,800 cc",291.0,240.0,6.3 sec,355 Nm,Petrol,7.0,White,52000.0,Mid-Range,car
CAR_0385,Hyundai,Sonata,2.5L Inline-4,"2,500 cc",191.0,240.0,8 sec,250 Nm,Plug-in Hybrid,5.0,Blue,25000.0,Budget,car
CAR_0386,Hyundai,Sonata,2.5L Inline-4,"2,500 cc",191.0,240.0,8 sec,250 Nm,Plug-in Hybrid,5.0,Green,25000.0,Budget,car
CAR_0387,Hyundai,Sonata,2.5L Inline-4,"2,500 cc",191.0,240.0,8 sec,250 Nm,Plug-in Hybrid,5.0,White,25000.0,Budget,car
CAR_0388,Hyundai,Accent,1.6L Inline-4,"1,600 cc",120.0,180.0,9.8 sec,151 Nm,Petrol,5.0,Orange,15000.0,Budget,car
CAR_0389,Hyundai,Accent,1.6L Inline-4,"1,600 cc",120.0,180.0,9.8 sec,151 Nm,Petrol,5.0,Green,15000.0,Budget,car
CAR_0390,Hyundai,Accent,1.6L Inline-4,"1,600 cc",120.0,180.0,9.8 sec,151 Nm,Petrol,5.0,Blue,15000.0,Budget,car
CAR_0391,Hyundai,Venue,1.6L Inline-4,"1,600 cc",121.0,180.0,9.5 sec,240 Nm,Petrol,5.0,Orange,18000.0,Budget,car
CAR_0392,Hyundai,Kona Electric,Electric Motor,39.2 kwh,200.0,200.0,6.1 sec,395 Nm,Electric,5.0,Grey,40000.0,Mid-Range,car
CAR_0393,Hyundai,Kona Electric,Electric Motor,39.2 kwh,200.0,200.0,6.1 sec,395 Nm,Electric,5.0,White,40000.0,Mid-Range,car
CAR_0394,Hyundai,Kona Electric,Electric Motor,39.2 kwh,200.0,200.0,6.1 sec,395 Nm,Electric,5.0,Green,40000.0,Mid-Range,car
CAR_0395,Hyundai,Veloster,2.0L Inline-4,"2,000 cc",275.0,220.0,6 sec,264 Nm,Petrol,4.0,White,25000.0,Budget,car
CAR_0396,Hyundai,Nexo,Electric Motor,1.56 kwh,161.0,180.0,7.8 sec,400 Nm,Hydrogen,5.0,Silver,38000.0,Mid-Range,car
CAR_0397,Hyundai,Ioniq,1.6L Inline-4,"1,600 cc",139.0,160.0,8.5 sec,295 Nm,Hybrid,5.0,Black,18000.0,Budget,car
CAR_0398,Hyundai,Ioniq,1.6L Inline-4,"1,600 cc",139.0,160.0,8.5 sec,295 Nm,Hybrid,5.0,Red,18000.0,Budget,car
CAR_0399,Hyundai,Ioniq,1.6L Inline-4,"1,600 cc",139.0,160.0,8.5 sec,295 Nm,Hybrid,5.0,Blue,18000.0,Budget,car
CAR_0400,Hyundai,Genesis,3.8L V6,"3,800 cc",291.0,240.0,6.3 sec,400 Nm,Petrol,5.0,Green,52000.0,Mid-Range,car
CAR_0401,Hyundai,Genesis,3.8L V6,"3,800 cc",291.0,240.0,6.3 sec,400 Nm,Petrol,5.0,Silver,52000.0,Mid-Range,car
CAR_0402,Hyundai,Genesis,3.8L V6,"3,800 cc",291.0,240.0,6.3 sec,400 Nm,Petrol,5.0,Grey,52000.0,Mid-Range,car
CAR_0403,Hyundai,Azera,3.3L V6,"3,300 cc",278.0,240.0,6.5 sec,250 Nm,Petrol,5.0,Green,55000.0,Mid-Range,car
CAR_0404,Hyundai,Equus,3.3L V6,"3,300 cc",278.0,240.0,6.5 sec,400 Nm,Petrol,5.0,Green,55000.0,Mid-Range,car
CAR_0405,Hyundai,Tiburon,2.0L Inline-4,"2,000 cc",160.0,200.0,8.2 sec,320 Nm,Petrol,4.0,Yellow,19000.0,Budget,car
CAR_0406,Hyundai,Elantra Gt,1.6L Turbo GDI 4-cylinder,"2,000 cc",160.0,200.0,8.3 sec,320 Nm,Petrol,5.0,Red,22000.0,Budget,car
CAR_0407,Volkswagen,Golf,1.5L Turbo I4 / Electric,1498 cc / 40 - 58 kWh,110.0,210.0,8.5 sec,250 Nm,Petrol,5.0,Silver,23000.0,Budget,car
CAR_0408,Volkswagen,Passat,2.0L Turbo I4,1984 cc,150.0,210.0,7.8 sec,250 Nm,Petrol,5.0,Green,25000.0,Budget,car
CAR_0409,Volkswagen,Passat,2.0L Turbo I4,1984 cc,150.0,210.0,7.8 sec,250 Nm,Petrol,5.0,Red,25000.0,Budget,car
CAR_0410,Volkswagen,Passat,2.0L Turbo I4,1984 cc,150.0,210.0,7.8 sec,250 Nm,Petrol,5.0,Yellow,25000.0,Budget,car
CAR_0411,Volkswagen,Tiguan,2.0L Turbo I4,1984 cc,150.0,209.0,8.5 sec,300 Nm,Hybrid,7.0,Grey,28505.0,Budget,car
CAR_0412,Volkswagen,Tiguan,2.0L Turbo I4,1984 cc,150.0,209.0,8.5 sec,300 Nm,Hybrid,7.0,Green,28505.0,Budget,car
CAR_0413,Volkswagen,Tiguan,2.0L Turbo I4,1984 cc,150.0,209.0,8.5 sec,300 Nm,Hybrid,7.0,Yellow,28505.0,Budget,car
CAR_0414,Volkswagen,Jetta,1.5L Turbo I4,1498 cc,150.0,210.0,7.7 sec,250 Nm,Petrol,5.0,Grey,21995.0,Budget,car
CAR_0415,Volkswagen,Polo,1.0L Turbo I3 / 1.6L Diesel,999 cc / 1598 cc,80.0,190.0,9.5 sec,175 Nm,Petrol,5.0,Brown,18000.0,Budget,car
CAR_0416,Volkswagen,Arteon,2.0L Turbo I4,1984 cc,150.0,250.0,5.6 sec,350 Nm,Petrol,5.0,Black,46000.0,Mid-Range,car
CAR_0417,Volkswagen,Arteon,2.0L Turbo I4,1984 cc,150.0,250.0,5.6 sec,350 Nm,Petrol,5.0,Green,46000.0,Mid-Range,car
CAR_0418,Volkswagen,Arteon,2.0L Turbo I4,1984 cc,150.0,250.0,5.6 sec,350 Nm,Petrol,5.0,Red,46000.0,Mid-Range,car
CAR_0419,Volkswagen,Id.4,Electric,77 kWh,201.0,160.0,7.8 sec,310 Nm,Electric,5.0,Brown,39735.0,Mid-Range,car
CAR_0420,Volkswagen,Up!,Electric,32.3 kWh,82.0,160.0,13.0 sec,95 Nm,Petrol,4.0,Brown,15000.0,Budget,car
CAR_0421,Volkswagen,Touareg,3.0L V6 Turbo Diesel / 4.0L V8,2967 cc / 3956 cc,231.0,235.0,5.9 sec,600 Nm,Petrol/Diesel,5.0,Red,55000.0,Mid-Range,car
CAR_0422,Volkswagen,Scirocco,2.0L Turbo I4,1984 cc,125.0,233.0,6.0 sec,350 Nm,Petrol,4.0,Brown,35000.0,Mid-Range,car
CAR_0423,Volkswagen,Beetle,2.0L Turbo I4,1984 cc,105.0,205.0,7.0 sec,240 Nm,Petrol,4.0,White,20000.0,Budget,car
CAR_0424,Volkswagen,Amarok,3.0L V6 Turbo Diesel,2967 cc,163.0,180.0,7.9 sec,550 Nm,Diesel,5.0,Yellow,40000.0,Mid-Range,car
CAR_0425,Volkswagen,Amarok,3.0L V6 Turbo Diesel,2967 cc,163.0,180.0,7.9 sec,550 Nm,Diesel,5.0,Black,40000.0,Mid-Range,car
CAR_0426,Volkswagen,Amarok,3.0L V6 Turbo Diesel,2967 cc,163.0,180.0,7.9 sec,550 Nm,Diesel,5.0,Blue,40000.0,Mid-Range,car
CAR_0427,Volkswagen,T-Roc,2.0L Turbo I4,1984 cc,115.0,205.0,7.2 sec,320 Nm,Petrol,5.0,White,30000.0,Mid-Range,car
CAR_0428,Volkswagen,Sharan,2.0L Turbo I4,1984 cc,150.0,200.0,9.3 sec,280 Nm,Petrol/Diesel,7.0,Green,33000.0,Mid-Range,car
CAR_0429,Volkswagen,Sharan,2.0L Turbo I4,1984 cc,150.0,200.0,9.3 sec,280 Nm,Petrol/Diesel,7.0,Silver,33000.0,Mid-Range,car
CAR_0430,Volkswagen,Sharan,2.0L Turbo I4,1984 cc,150.0,200.0,9.3 sec,280 Nm,Petrol/Diesel,7.0,Grey,33000.0,Mid-Range,car
CAR_0431,Volkswagen,Caddy,1.5L Turbo I4,1498 cc,102.0,185.0,10.5 sec,250 Nm,Petrol/Diesel,7.0,Orange,28000.0,Budget,car
CAR_0432,Nissan,Nv1500,4.0L V6,3954 cc,261.0,160.0,9.5 sec,385 Nm,Petrol,,Orange,33000.0,Mid-Range,car
CAR_0433,Volkswagen,Taigo,1.5L Turbo I4,1498 cc,95.0,183.0,10.0 sec,200 Nm,Petrol,5.0,Blue,24000.0,Budget,car
CAR_0434,Volkswagen,Taigo,1.5L Turbo I4,1498 cc,95.0,183.0,10.0 sec,200 Nm,Petrol,5.0,White,24000.0,Budget,car
CAR_0435,Volkswagen,Taigo,1.5L Turbo I4,1498 cc,95.0,183.0,10.0 sec,200 Nm,Petrol,5.0,Yellow,24000.0,Budget,car
CAR_0436,Volkswagen,California,2.0L Turbo I4,1984 cc,150.0,180.0,13.0 sec,340 Nm,Diesel,7.0,Silver,70000.0,Luxury,car
CAR_0437,Volkswagen,Id.3,Electric,58 - 77 kWh,204.0,160.0,7.3 sec,310 Nm,Electric,5.0,Green,35000.0,Mid-Range,car
CAR_0438,Volkswagen,Id. Buzz,Electric,77 kWh,204.0,145.0,10.2 sec,310 Nm,Electric,7.0,White,59995.0,Mid-Range,car
CAR_0439,Volkswagen,Id. Buzz,Electric,77 kWh,204.0,145.0,10.2 sec,310 Nm,Electric,7.0,Green,59995.0,Mid-Range,car
CAR_0440,Volkswagen,Id. Buzz,Electric,77 kWh,204.0,145.0,10.2 sec,310 Nm,Electric,7.0,Black,59995.0,Mid-Range,car
CAR_0441,Volkswagen,Golf Gti,2.0L Turbo I4,1984 cc,245.0,250.0,5.9 sec,350 Nm,Petrol,5.0,Orange,31965.0,Mid-Range,car
CAR_0442,Volkswagen,Golf Gti,2.0L Turbo I4,1984 cc,245.0,250.0,5.9 sec,350 Nm,Petrol,5.0,White,31965.0,Mid-Range,car
CAR_0443,Volkswagen,Golf Gti,2.0L Turbo I4,1984 cc,245.0,250.0,5.9 sec,350 Nm,Petrol,5.0,Yellow,31965.0,Mid-Range,car
CAR_0444,Volkswagen,Golf R,2.0L Turbo I4,1984 cc,315.0,250.0,4.6 sec,420 Nm,Petrol,5.0,Red,44640.0,Mid-Range,car
CAR_0445,Volkswagen,Golf R,2.0L Turbo I4,1984 cc,315.0,250.0,4.6 sec,420 Nm,Petrol,5.0,Green,44640.0,Mid-Range,car
CAR_0446,Volkswagen,Golf R,2.0L Turbo I4,1984 cc,315.0,250.0,4.6 sec,420 Nm,Petrol,5.0,Blue,44640.0,Mid-Range,car
CAR_0447,Volkswagen,Passat Alltrack,2.0L Turbo Diesel I4,1968 cc,190.0,220.0,7.8 sec,400 Nm,Diesel,5.0,Grey,36000.0,Mid-Range,car
CAR_0448,Volkswagen,Polo Gti,2.0L Turbo I4,1984 cc,204.0,238.0,6.7 sec,320 Nm,Petrol,5.0,Black,28000.0,Budget,car
CAR_0449,Volkswagen,Up! Gti,1.0L Turbo I3,999 cc,115.0,196.0,8.8 sec,200 Nm,Petrol,4.0,White,20000.0,Budget,car
CAR_0450,Volkswagen,T-Cross,1.0L Turbo I3 / 1.5L Turbo I4,999 cc / 1498 cc,95.0,200.0,10.2 sec,250 Nm,Petrol,5.0,Green,25000.0,Budget,car
CAR_0451,Volkswagen,T-Cross,1.0L Turbo I3 / 1.5L Turbo I4,999 cc / 1498 cc,95.0,200.0,10.2 sec,250 Nm,Petrol,5.0,White,25000.0,Budget,car
CAR_0452,Volkswagen,T-Cross,1.0L Turbo I3 / 1.5L Turbo I4,999 cc / 1498 cc,95.0,200.0,10.2 sec,250 Nm,Petrol,5.0,Silver,25000.0,Budget,car
CAR_0453,Volkswagen,Id.5,Electric,77 kWh,174.0,180.0,8.4 sec,310 Nm,Electric,5.0,Black,45000.0,Mid-Range,car
CAR_0454,Volkswagen,Id. Buzz Cargo,Electric,77 kWh,204.0,145.0,10.2 sec,310 Nm,Electric,3.0,Yellow,55000.0,Mid-Range,car
CAR_0455,Volkswagen,Id. Buzz Cargo,Electric,77 kWh,204.0,145.0,10.2 sec,310 Nm,Electric,3.0,White,55000.0,Mid-Range,car
CAR_0456,Volkswagen,Id. Buzz Cargo,Electric,77 kWh,204.0,145.0,10.2 sec,310 Nm,Electric,3.0,Orange,55000.0,Mid-Range,car
CAR_0457,Volkswagen,Touareg R,Plug-in Hybrid V6,2995 cc,462.0,250.0,5.1 sec,700 Nm,Hybrid,5.0,Orange,70000.0,Luxury,car
CAR_0458,Volkswagen,Multivan,Plug-in Hybrid / Diesel I4,1395 cc / 1968 cc,150.0,190.0,9.4 sec,350 Nm,Hybrid,7.0,Yellow,50000.0,Mid-Range,car
CAR_0459,Volkswagen,Polo Bluemotion,1.2L Diesel I3,1199 cc,75.0,190.0,10.5 sec,250 Nm,Diesel,5.0,Green,22000.0,Budget,car
CAR_0460,Volkswagen,Golf Sportsvan,1.5L Turbo I4,1498 cc,130.0,210.0,8.9 sec,250 Nm,Petrol,5.0,Brown,30000.0,Mid-Range,car
CAR_0461,Volkswagen,Golf Alltrack,2.0L Turbo Diesel I4,1968 cc,147.0,210.0,7.1 sec,350 Nm,Petrol,5.0,Grey,35000.0,Mid-Range,car
CAR_0462,Volkswagen,Golf Alltrack,2.0L Turbo Diesel I4,1968 cc,147.0,210.0,7.1 sec,350 Nm,Petrol,5.0,Yellow,35000.0,Mid-Range,car
CAR_0463,Volkswagen,Golf Alltrack,2.0L Turbo Diesel I4,1968 cc,147.0,210.0,7.1 sec,350 Nm,Petrol,5.0,Orange,35000.0,Mid-Range,car
CAR_0464,Volkswagen,Scirocco R,2.0L Turbo I4,1984 cc,280.0,250.0,5.5 sec,350 Nm,Petrol,4.0,Blue,40000.0,Mid-Range,car
CAR_0465,Volkswagen,Tiguan Allspace,2.0L Turbo I4,1984 cc,184.0,215.0,7.6 sec,320 Nm,Petrol,7.0,Orange,35000.0,Mid-Range,car
CAR_0466,Volkswagen,Tiguan Allspace,2.0L Turbo I4,1984 cc,184.0,215.0,7.6 sec,320 Nm,Petrol,7.0,Blue,35000.0,Mid-Range,car
CAR_0467,Volkswagen,Tiguan Allspace,2.0L Turbo I4,1984 cc,184.0,215.0,7.6 sec,320 Nm,Petrol,7.0,Black,35000.0,Mid-Range,car
CAR_0468,Volkswagen,Arteon 4Motion,2.0L Turbo I4,1984 cc,190.0,250.0,5.6 sec,350 Nm,Petrol,5.0,Red,48000.0,Mid-Range,car
CAR_0469,Volkswagen,Id.4 Gtx,Electric AWD,77 kWh,299.0,180.0,6.2 sec,460 Nm,Electric,5.0,White,50000.0,Mid-Range,car
CAR_0470,Volkswagen,Id.3 Pro,Electric,58 kWh,204.0,160.0,7.3 sec,310 Nm,Electric,5.0,Grey,35000.0,Mid-Range,car
CAR_0471,Volkswagen,Id.3 Pro,Electric,58 kWh,204.0,160.0,7.3 sec,310 Nm,Electric,5.0,Silver,35000.0,Mid-Range,car
CAR_0472,Volkswagen,Id.3 Pro,Electric,58 kWh,204.0,160.0,7.3 sec,310 Nm,Electric,5.0,Brown,35000.0,Mid-Range,car
CAR_0473,Volkswagen,Golf Variant,1.5L Turbo I4 / 2.0L Diesel I4,1498 cc / 1968 cc,130.0,220.0,7.5 sec,320 Nm,Petrol,5.0,Orange,32000.0,Mid-Range,car
CAR_0474,Volkswagen,Crafter,2.0L Turbo Diesel I4,1968 cc,102.0,160.0,13.0 sec,410 Nm,Diesel,3.0,Brown,40000.0,Mid-Range,car
CAR_0475,Volkswagen,Lupo,1.4L I3 Gas / 1.2L Diesel I3,1390 cc / 1199 cc,60.0,170.0,14.3 sec,120 Nm,Petrol,4.0,Blue,15000.0,Budget,car
CAR_0476,Volkswagen,Corrado,2.9L VR6,2861 cc,190.0,235.0,6.4 sec,245 Nm,Petrol,4.0,Black,25000.0,Budget,car
CAR_0477,Volkswagen,Phaeton,3.0L V6 Diesel / 6.0L W12 Gas,2967 cc / 5998 cc,240.0,250.0,6.1 sec,560 Nm,Petrol,5.0,Silver,85000.0,Luxury,car
CAR_0478,Volkswagen,Phaeton,3.0L V6 Diesel / 6.0L W12 Gas,2967 cc / 5998 cc,240.0,250.0,6.1 sec,560 Nm,Petrol,5.0,White,85000.0,Luxury,car
CAR_0479,Volkswagen,Phaeton,3.0L V6 Diesel / 6.0L W12 Gas,2967 cc / 5998 cc,240.0,250.0,6.1 sec,560 Nm,Petrol,5.0,Black,85000.0,Luxury,car
CAR_0480,Volkswagen,Golf Cabriolet,1.2L I4 Turbo / 2.0L I4 Turbo,1197 cc / 1984 cc,105.0,217.0,8.4 sec,200 Nm,Petrol,4.0,Black,30000.0,Mid-Range,car
CAR_0481,Volkswagen,Santana,1.5L I4 Gas,1498 cc,110.0,190.0,12.9 sec,145 Nm,Petrol,5.0,Brown,15000.0,Budget,car
CAR_0482,Volkswagen,Polo Vivo,1.4L I4 Gas / 1.6L I4 Gas,1390 cc / 1598 cc,85.0,170.0,10.8 sec,132 Nm,Petrol,5.0,Silver,14000.0,Budget,car
CAR_0483,Volkswagen,Karmann Ghia,1.2L I4 Gas,1192 cc,34.0,138.0,23.0 sec,106 Nm,Petrol,2.0,Black,25000.0,Budget,car
CAR_0484,Volkswagen,Karmann Ghia,1.2L I4 Gas,1192 cc,34.0,138.0,23.0 sec,106 Nm,Petrol,2.0,Silver,25000.0,Budget,car
CAR_0485,Volkswagen,Karmann Ghia,1.2L I4 Gas,1192 cc,34.0,138.0,23.0 sec,106 Nm,Petrol,2.0,Green,25000.0,Budget,car
CAR_0486,Volkswagen,Fox,1.2L I4 Gas / 1.4L I4 Gas,1198 cc / 1390 cc,55.0,148.0,17.5 sec,93 Nm,Petrol,5.0,White,12000.0,Budget,car
CAR_0487,Volkswagen,Vento,1.6L I4 Gas / Diesel,1598 cc,105.0,186.0,11.7 sec,153 Nm,Petrol,5.0,Brown,18000.0,Budget,car
CAR_0488,Volkswagen,Golf Electric,Electric,35.8 kWh,136.0,140.0,10.4 sec,290 Nm,Electric,5.0,Black,33000.0,Mid-Range,car
CAR_0489,Volkswagen,Bora,1.6L I4 Gas / 1.9L I4 Diesel,1598 cc / 1896 cc,100.0,200.0,9.4 sec,220 Nm,Petrol,5.0,Black,20000.0,Budget,car
CAR_0490,Volkswagen,Teramont,2.0L I4 Turbo / 3.6L V6 Gas,1984 cc / 3597 cc,235.0,190.0,8.6 sec,350 Nm,Petrol,7.0,Green,32000.0,Mid-Range,car
CAR_0491,Volkswagen,Taos,1.5L I4 Turbo,1498 cc,158.0,193.0,8.4 sec,250 Nm,Petrol,5.0,White,24000.0,Budget,car
CAR_0492,Volkswagen,Up! Cabriolet,1.0L I3 Turbo,999 cc,82.0,160.0,12.4 sec,95 Nm,Petrol,4.0,White,18000.0,Budget,car
CAR_0493,Volkswagen,T-Roc Cabriolet,1.0L I3 Turbo / 1.5L I4 Turbo,999 cc / 1498 cc,115.0,205.0,9.6 sec,250 Nm,Petrol,4.0,Brown,35000.0,Mid-Range,car
CAR_0494,Volkswagen,T-Roc Cabriolet,1.0L I3 Turbo / 1.5L I4 Turbo,999 cc / 1498 cc,115.0,205.0,9.6 sec,250 Nm,Petrol,4.0,Orange,35000.0,Mid-Range,car
CAR_0495,Volkswagen,T-Roc Cabriolet,1.0L I3 Turbo / 1.5L I4 Turbo,999 cc / 1498 cc,115.0,205.0,9.6 sec,250 Nm,Petrol,4.0,Blue,35000.0,Mid-Range,car
CAR_0496,Volkswagen,Passat Cc,2.0L I4 Turbo,1984 cc,200.0,240.0,7.3 sec,280 Nm,Petrol,5.0,Brown,40000.0,Mid-Range,car
CAR_0497,Volkswagen,Transporter,2.0L I4 Turbo Diesel,1968 cc,102.0,180.0,12.2 sec,340 Nm,Diesel,9.0,Brown,35000.0,Mid-Range,car
CAR_0498,Volkswagen,Amarok V6,3.0L V6 Turbo Diesel,2967 cc,204.0,191.0,7.9 sec,580 Nm,Diesel,5.0,Orange,45000.0,Mid-Range,car
CAR_0499,Volkswagen,Id.2,Electric,~50 kWh (Estimate),170.0,160.0,8.0 sec,220 Nm,Electric,5.0,Green,25000.0,Budget,car
CAR_0500,Volkswagen,Polo Tdi,1.4L I4 Diesel / 1.6L Diesel,1390 cc / 1598 cc,75.0,190.0,9.9 sec,250 Nm,Diesel,5.0,Green,20000.0,Budget,car
CAR_0501,Volkswagen,Golf Gte,Plug-in Hybrid (1.4L I4 Turbo),1395 cc + Electric Motor,204.0,222.0,7.6 sec,350 Nm,Hybrid,5.0,Green,40000.0,Mid-Range,car
CAR_0502,Volkswagen,Touareg V8,4.0L V8 Turbo Diesel,3956 cc,421.0,250.0,4.9 sec,770 Nm,Petrol,5.0,Blue,70000.0,Luxury,car
CAR_0503,Volkswagen,Beetle Dune,1.4L I4 Turbo,1395 cc,150.0,200.0,7.5 sec,250 Nm,Petrol,4.0,White,30000.0,Mid-Range,car
CAR_0504,Volkswagen,Passat B8,1.5L I4 Turbo / 2.0L Diesel,1498 cc / 1968 cc,150.0,210.0,8.7 sec,250 Nm,Petrol,5.0,White,28000.0,Budget,car
CAR_0505,Volkswagen,Id.4 Pro S,Electric,77 kWh,201.0,180.0,7.8 sec,310 Nm,Electric,5.0,Brown,45000.0,Mid-Range,car
CAR_0506,Volkswagen,Golf Country,1.8L I4 Gas,1781 cc,98.0,165.0,12.0 sec,170 Nm,Petrol,5.0,Orange,25000.0,Budget,car
CAR_0507,Volkswagen,Jetta Gli,2.0L I4 Turbo,1984 cc,228.0,250.0,6.5 sec,350 Nm,Petrol,5.0,Black,31000.0,Mid-Range,car
CAR_0508,Volkswagen,Arteon Shooting Brake,2.0L I4 Turbo,1984 cc,150.0,250.0,5.6 sec,420 Nm,Petrol,5.0,Brown,50000.0,Mid-Range,car
CAR_0509,Volkswagen,T-Cross R-Line,1.0L I3 Turbo / 1.5L I4 Turbo,999 cc / 1498 cc,115.0,200.0,8.5 sec,250 Nm,Petrol,5.0,Grey,27000.0,Budget,car
CAR_0510,Volkswagen,Golf R32,3.2L VR6,3189 cc,240.0,250.0,6.2 sec,320 Nm,Petrol,5.0,Orange,40000.0,Mid-Range,car
CAR_0511,Volkswagen,Golf R32,3.2L VR6,3189 cc,240.0,250.0,6.2 sec,320 Nm,Petrol,5.0,Blue,40000.0,Mid-Range,car
CAR_0512,Volkswagen,Golf R32,3.2L VR6,3189 cc,240.0,250.0,6.2 sec,320 Nm,Petrol,5.0,White,40000.0,Mid-Range,car
CAR_0513,Volkswagen,Passat B7,1.6L Diesel / 2.0L I4 Turbo,1598 cc / 1984 cc,120.0,220.0,8.5 sec,280 Nm,Petrol,5.0,Brown,26000.0,Budget,car
CAR_0514,Volkswagen,Passat B7,1.6L Diesel / 2.0L I4 Turbo,1598 cc / 1984 cc,120.0,220.0,8.5 sec,280 Nm,Petrol,5.0,Grey,26000.0,Budget,car
CAR_0515,Volkswagen,Passat B7,1.6L Diesel / 2.0L I4 Turbo,1598 cc / 1984 cc,120.0,220.0,8.5 sec,280 Nm,Petrol,5.0,Green,26000.0,Budget,car
CAR_0516,Volkswagen,Scirocco 16V,1.8L I4 Gas,1781 cc,137.0,220.0,7.1 sec,230 Nm,Petrol,4.0,Brown,35000.0,Mid-Range,car
CAR_0517,Volkswagen,Polo Bluemotion,1.2L Diesel I3,1199 cc,75.0,190.0,10.5 sec,210 Nm,Diesel,5.0,Green,20000.0,Budget,car
CAR_0518,Volkswagen,Golf Variant Gtd,2.0L Diesel I4,1968 cc,184.0,230.0,7.5 sec,380 Nm,Diesel,5.0,Black,38000.0,Mid-Range,car
CAR_0519,Volkswagen,Golf Variant Gtd,2.0L Diesel I4,1968 cc,184.0,230.0,7.5 sec,380 Nm,Diesel,5.0,Silver,38000.0,Mid-Range,car
CAR_0520,Volkswagen,Golf Variant Gtd,2.0L Diesel I4,1968 cc,184.0,230.0,7.5 sec,380 Nm,Diesel,5.0,Red,38000.0,Mid-Range,car
CAR_0521,Volkswagen,Polo Gti R5,1.6L Turbocharged Rally Engine,1598 cc,272.0,200.0,4.1 sec,400 Nm,Petrol,5.0,Blue,45000.0,Mid-Range,car
CAR_0522,Volkswagen,Polo Gti R5,1.6L Turbocharged Rally Engine,1598 cc,272.0,200.0,4.1 sec,400 Nm,Petrol,5.0,Brown,45000.0,Mid-Range,car
CAR_0523,Volkswagen,Polo Gti R5,1.6L Turbocharged Rally Engine,1598 cc,272.0,200.0,4.1 sec,400 Nm,Petrol,5.0,Black,45000.0,Mid-Range,car
CAR_0524,Volkswagen,Id. Buzz Pro,Electric,77 kWh,204.0,145.0,10.2 sec,310 Nm,Electric,7.0,Silver,60000.0,Mid-Range,car
CAR_0525,Volkswagen,Jetta Hybrid,1.4L I4 Turbo + Electric Motor,1395 cc,170.0,210.0,8.6 sec,250 Nm,Hybrid,5.0,Silver,28000.0,Budget,car
CAR_0526,Volkswagen,Golf Variant Alltrack,2.0L Diesel I4,1968 cc,150.0,220.0,7.8 sec,320 Nm,Petrol,5.0,White,35000.0,Mid-Range,car
CAR_0527,Volkswagen,Volkswagen Xl1,Plug-in Hybrid (0.8L I2 Diesel),800 cc + Electric Motor,68.0,160.0,11.9 sec,140 Nm,Hybrid,2.0,Grey,150000.0,Ultra-Luxury,car
CAR_0528,Volkswagen,Golf Tdi,2.0L Diesel I4,1968 cc,150.0,220.0,8.0 sec,350 Nm,Diesel,5.0,Blue,28000.0,Budget,car
CAR_0529,Volkswagen,Passat Variant,1.5L I4 Turbo / 2.0L Diesel,1498 cc / 1968 cc,150.0,220.0,8.5 sec,280 Nm,Petrol,5.0,Brown,30000.0,Mid-Range,car
CAR_0530,Volkswagen,Passat Variant,1.5L I4 Turbo / 2.0L Diesel,1498 cc / 1968 cc,150.0,220.0,8.5 sec,280 Nm,Petrol,5.0,White,30000.0,Mid-Range,car
CAR_0531,Volkswagen,Passat Variant,1.5L I4 Turbo / 2.0L Diesel,1498 cc / 1968 cc,150.0,220.0,8.5 sec,280 Nm,Petrol,5.0,Black,30000.0,Mid-Range,car
CAR_0532,Volkswagen,Polo Gti Clubsport,2.0L I4 Turbo,1984 cc,300.0,240.0,6.7 sec,320 Nm,Petrol,5.0,Silver,30000.0,Mid-Range,car
CAR_0533,Volkswagen,Id.3 Gtx,Electric,77 kWh,299.0,180.0,6.2 sec,310 Nm,Electric,5.0,Red,45000.0,Mid-Range,car
CAR_0534,Volkswagen,Arteon R-Line,2.0L I4 Turbo,1984 cc,190.0,250.0,5.6 sec,420 Nm,Petrol,5.0,Green,50000.0,Mid-Range,car
CAR_0535,Volkswagen,Golf Tgi,1.5L I4 CNG,1498 cc,130.0,220.0,8.8 sec,200 Nm,Petrol,5.0,Grey,30000.0,Mid-Range,car
CAR_0536,Volkswagen,Golf Tgi,1.5L I4 CNG,1498 cc,130.0,220.0,8.8 sec,200 Nm,Petrol,5.0,Orange,30000.0,Mid-Range,car
CAR_0537,Volkswagen,Golf Tgi,1.5L I4 CNG,1498 cc,130.0,220.0,8.8 sec,200 Nm,Petrol,5.0,White,30000.0,Mid-Range,car
CAR_0538,Volkswagen,Scirocco Gts,2.0L I4 Turbo,1984 cc,220.0,246.0,6.5 sec,350 Nm,Petrol,4.0,Green,35000.0,Mid-Range,car
CAR_0539,Volkswagen,Scirocco Gts,2.0L I4 Turbo,1984 cc,220.0,246.0,6.5 sec,350 Nm,Petrol,4.0,White,35000.0,Mid-Range,car
CAR_0540,Volkswagen,Scirocco Gts,2.0L I4 Turbo,1984 cc,220.0,246.0,6.5 sec,350 Nm,Petrol,4.0,Red,35000.0,Mid-Range,car
CAR_0541,Volkswagen,Caddy Maxi,2.0L Diesel I4,1968 cc,122.0,180.0,12.0 sec,250 Nm,Diesel,7.0,Yellow,25000.0,Budget,car
CAR_0542,Volkswagen,Volkswagen Lupo 3L,1.2L Diesel I3,1199 cc,61.0,165.0,14.5 sec,140 Nm,Diesel,4.0,Brown,20000.0,Budget,car
CAR_0543,Volkswagen,Polo Beats,1.0L I3 Turbo,999 cc,95.0,187.0,9.5 sec,175 Nm,Petrol,5.0,Grey,22000.0,Budget,car
CAR_0544,Volkswagen,Polo Beats,1.0L I3 Turbo,999 cc,95.0,187.0,9.5 sec,175 Nm,Petrol,5.0,Silver,22000.0,Budget,car
CAR_0545,Volkswagen,Polo Beats,1.0L I3 Turbo,999 cc,95.0,187.0,9.5 sec,175 Nm,Petrol,5.0,Red,22000.0,Budget,car
CAR_0546,Volkswagen,Passat Hybrid,1.4L I4 Turbo + Electric Motor,1395 cc,215.0,210.0,7.4 sec,330 Nm,Hybrid,5.0,Blue,32000.0,Mid-Range,car
CAR_0547,Volkswagen,Passat Hybrid,1.4L I4 Turbo + Electric Motor,1395 cc,215.0,210.0,7.4 sec,330 Nm,Hybrid,5.0,White,32000.0,Mid-Range,car
CAR_0548,Volkswagen,Passat Hybrid,1.4L I4 Turbo + Electric Motor,1395 cc,215.0,210.0,7.4 sec,330 Nm,Hybrid,5.0,Black,32000.0,Mid-Range,car
CAR_0549,Volkswagen,Golf Tcr,2.0L I4 Turbo,1984 cc,290.0,250.0,5.6 sec,370 Nm,Petrol,5.0,Green,40000.0,Mid-Range,car
CAR_0550,Volkswagen,Tiguan R-Line,2.0L I4 Turbo,1984 cc,190.0,250.0,4.9 sec,420 Nm,Petrol,5.0,Grey,45000.0,Mid-Range,car
CAR_0551,Volkswagen,Sharan Business,2.0L Diesel I4,1968 cc,150.0,200.0,8.3 sec,350 Nm,Diesel,7.0,Green,35000.0,Mid-Range,car
CAR_0552,Volkswagen,Id. Buzz Cargo Pro,Electric,77 kWh,204.0,145.0,10.2 sec,310 Nm,Electric,2.0,Yellow,55000.0,Mid-Range,car
CAR_0553,Volkswagen,Arteon 280 Tsi,2.0L I4 Turbo,1984 cc,280.0,250.0,5.6 sec,350 Nm,Petrol,5.0,Blue,50000.0,Mid-Range,car
CAR_0554,Volkswagen,Jetta Gli 35Th,2.0L I4 Turbo,1984 cc,228.0,250.0,6.5 sec,350 Nm,Petrol,5.0,Green,31000.0,Mid-Range,car
CAR_0555,Volkswagen,Beetle Final Edition,2.0L I4 Turbo,1984 cc,174.0,205.0,7.0 sec,250 Nm,Petrol,4.0,Black,25000.0,Budget,car
CAR_0556,Volkswagen,Golf Variant Tdi,2.0L Diesel I4,1968 cc,150.0,220.0,7.8 sec,350 Nm,Diesel,5.0,Yellow,30000.0,Mid-Range,car
CAR_0557,Volkswagen,Golf 4Motion,2.0L Diesel I4,1968 cc,150.0,250.0,4.9 sec,400 Nm,Petrol,5.0,Green,40000.0,Mid-Range,car
CAR_0558,Volkswagen,Jetta Sportwagen,1.4L I4 Turbo / 2.0L Diesel I4,1395 cc / 1968 cc,147.0,200.0,8.5 sec,250 Nm,Petrol,5.0,White,27000.0,Budget,car
CAR_0559,Volkswagen,Polo Gti Plus,2.0L I4 Turbo,1984 cc,207.0,237.0,6.7 sec,320 Nm,Petrol,5.0,Blue,30000.0,Mid-Range,car
CAR_0560,Volkswagen,Touareg V6,3.0L V6 Turbo Diesel / Gasoline,2967 cc,231.0,235.0,7.5 sec,450 Nm,Petrol,5.0,Orange,60000.0,Mid-Range,car
CAR_0561,Volkswagen,Tiguan Ehybrid,1.4L I4 Turbo + Electric Motor,1395 cc + Battery,245.0,200.0,7.5 sec,400 Nm,Hybrid,5.0,Orange,42000.0,Mid-Range,car
CAR_0562,Volkswagen,Up! E-Up!,Electric,32.3 kWh,83.0,130.0,11.9 sec,210 Nm,Electric,4.0,Grey,23000.0,Budget,car
CAR_0563,Volkswagen,Amarok V8,4.0L V8 Turbo Diesel,3996 cc,310.0,210.0,7.4 sec,580 Nm,Diesel,5.0,Grey,70000.0,Luxury,car
CAR_0564,Volkswagen,Golf R Cabriolet,2.0L I4 Turbo,1984 cc,265.0,250.0,5.9 sec,380 Nm,Petrol,4.0,Red,45000.0,Mid-Range,car
CAR_0565,Volkswagen,Passat Alltrack Tdi,2.0L Diesel I4,1968 cc,190.0,220.0,8.0 sec,400 Nm,Diesel,5.0,Brown,40000.0,Mid-Range,car
CAR_0566,Volkswagen,Id. Buzz Cargo Ev,Electric,77 kWh,204.0,145.0,10.2 sec,310 Nm,Electric,2.0,Silver,55000.0,Mid-Range,car
CAR_0567,Nissan,Versa,1.6L Inline-4,1598 cc,122.0,180.0,10.4 sec,154 Nm,Petrol,5.0,Yellow,16700.0,Budget,car
CAR_0568,Nissan,Micra,1.0L Turbocharged Inline-3,999 cc,100.0,175.0,10.8 sec,160 Nm,Petrol,5.0,Silver,15500.0,Budget,car
CAR_0569,Nissan,Micra,1.0L Turbocharged Inline-3,999 cc,100.0,175.0,10.8 sec,160 Nm,Petrol,5.0,Yellow,15500.0,Budget,car
CAR_0570,Nissan,Micra,1.0L Turbocharged Inline-3,999 cc,100.0,175.0,10.8 sec,160 Nm,Petrol,5.0,White,15500.0,Budget,car
CAR_0571,Nissan,Patrol Platinum,5.6L V8,5552 cc,400.0,210.0,7.3 sec,560 Nm,Petrol,7.0,Yellow,77000.0,Luxury,car
CAR_0572,Nissan,Qashqai,1.3L Turbocharged Inline-4,1332 cc,156.0,195.0,8.9 sec,260 Nm,Petrol,5.0,Blue,26000.0,Budget,car
CAR_0573,Nissan,Murano,3.5L V6,3498 cc,260.0,210.0,7.5 sec,325 Nm,Petrol,5.0,White,39000.0,Mid-Range,car
CAR_0574,Nissan,Maxima Platinum,3.5L V6,3498 cc,300.0,220.0,6.2 sec,353 Nm,Petrol,5.0,Blue,45000.0,Mid-Range,car
CAR_0575,Nissan,Armada,5.6L V8,5552 cc,400.0,210.0,6.5 sec,560 Nm,Petrol,8.0,White,51000.0,Mid-Range,car
CAR_0576,Nissan,Armada,5.6L V8,5552 cc,400.0,210.0,6.5 sec,560 Nm,Petrol,8.0,Brown,51000.0,Mid-Range,car
CAR_0577,Nissan,Armada,5.6L V8,5552 cc,400.0,210.0,6.5 sec,560 Nm,Petrol,8.0,Green,51000.0,Mid-Range,car
CAR_0578,Nissan,Kicks,1.6L Inline-4,1598 cc,122.0,180.0,10.7 sec,154 Nm,Petrol,5.0,Brown,20000.0,Budget,car
CAR_0579,Nissan,X-Trail,1.5L Turbocharged Inline-3,1498 cc,201.0,200.0,8.0 sec,305 Nm,Hybrid,5.0,Grey,29000.0,Budget,car
CAR_0580,Nissan,Z (Fairlady Z),3.0L Twin-Turbo V6,2997 cc,400.0,250.0,4.5 sec,475 Nm,Petrol,2.0,Yellow,40000.0,Mid-Range,car
CAR_0581,Nissan,Almera,1.0L Turbocharged Inline-3,999 cc,100.0,185.0,10.7 sec,160 Nm,Petrol,5.0,Blue,14500.0,Budget,car
CAR_0582,Nissan,Sylphy,1.8L Inline-4,1798 cc,137.0,190.0,9.6 sec,174 Nm,Petrol,5.0,Orange,18000.0,Budget,car
CAR_0583,Nissan,Note,1.2L Inline-3 Hybrid,1198 cc,109.0,170.0,11.5 sec,150 Nm,Hybrid,5.0,Black,16000.0,Budget,car
CAR_0584,Nissan,Sunny,1.6L Inline-4,1598 cc,118.0,180.0,11.0 sec,156 Nm,Petrol,5.0,Yellow,15000.0,Budget,car
CAR_0585,Nissan,Cube,1.8L Inline-4,1798 cc,122.0,175.0,10.6 sec,171 Nm,Petrol,5.0,Red,14500.0,Budget,car
CAR_0586,Nissan,Cube,1.8L Inline-4,1798 cc,122.0,175.0,10.6 sec,171 Nm,Petrol,5.0,Green,14500.0,Budget,car
CAR_0587,Nissan,Cube,1.8L Inline-4,1798 cc,122.0,175.0,10.6 sec,171 Nm,Petrol,5.0,Orange,14500.0,Budget,car
CAR_0588,Nissan,Juke,1.0L Turbocharged Inline-3,999 cc,117.0,180.0,10.4 sec,180 Nm,Petrol,5.0,Brown,25000.0,Budget,car
CAR_0589,Nissan,Juke,1.0L Turbocharged Inline-3,999 cc,117.0,180.0,10.4 sec,180 Nm,Petrol,5.0,Black,25000.0,Budget,car
CAR_0590,Nissan,Juke,1.0L Turbocharged Inline-3,999 cc,117.0,180.0,10.4 sec,180 Nm,Petrol,5.0,Blue,25000.0,Budget,car
CAR_0591,Nissan,Terrano,1.5L Inline-4 Diesel,1461 cc,110.0,168.0,13.5 sec,248 Nm,Diesel,5.0,Blue,15500.0,Budget,car
CAR_0592,Nissan,Magnite,1.0L Turbocharged Inline-3,999 cc,100.0,160.0,13.0 sec,160 Nm,Petrol,5.0,Orange,12000.0,Budget,car
CAR_0593,Nissan,Xterra,4.0L V6,3954 cc,261.0,200.0,7.8 sec,381 Nm,Petrol,7.0,Red,35000.0,Mid-Range,car
CAR_0594,Nissan,Patrol,5.6L V8,5552 cc,400.0,210.0,7.3 sec,560 Nm,Petrol,7.0,Brown,77000.0,Luxury,car
CAR_0595,Nissan,Gt-R Nismo,3.8L Twin-Turbo V6,3799 cc,600.0,330.0,2.9 sec,652 Nm,Petrol,2.0,Blue,220000.0,Ultra-Luxury,car
CAR_0596,Nissan,370Z Roadster,3.7L V6,3696 cc,332.0,250.0,5.5 sec,366 Nm,Petrol,2.0,Silver,41820.0,Mid-Range,car
CAR_0597,Nissan,Ariya,Dual Electric Motors,87 kWh,389.0,200.0,5.1 sec,600 Nm,Electric,5.0,Blue,58950.0,Mid-Range,car
CAR_0598,Nissan,Patrol Royale,5.6L V8,5552 cc,400.0,210.0,6.6 sec,560 Nm,Petrol,7.0,Orange,85000.0,Luxury,car
CAR_0599,Nissan,Infiniti Qx80*,5.6L V8,5552 cc,400.0,210.0,6.5 sec,560 Nm,Petrol,7.0,Silver,70600.0,Luxury,car
CAR_0600,Nissan,Infiniti Qx80*,5.6L V8,5552 cc,400.0,210.0,6.5 sec,560 Nm,Petrol,7.0,Grey,70600.0,Luxury,car
CAR_0601,Nissan,Infiniti Qx80*,5.6L V8,5552 cc,400.0,210.0,6.5 sec,560 Nm,Petrol,7.0,Blue,70600.0,Luxury,car
CAR_0602,Nissan,Tiida,1.6L Inline-4,1598 cc,126.0,190.0,10.1 sec,154 Nm,Petrol,5.0,Grey,14500.0,Budget,car
CAR_0603,Nissan,Pulsar,1.2L Turbocharged Inline-4,1197 cc,115.0,190.0,10.7 sec,190 Nm,Petrol,5.0,Red,19000.0,Budget,car
CAR_0604,Nissan,Latio,1.5L Inline-4,1498 cc,102.0,175.0,11.5 sec,139 Nm,Petrol,5.0,Orange,13000.0,Budget,car
CAR_0605,Nissan,Bluebird Sylphy,2.0L Inline-4,1997 cc,133.0,185.0,10.5 sec,191 Nm,Petrol,5.0,Orange,18500.0,Budget,car
CAR_0606,Nissan,March,1.2L Inline-3,1198 cc,79.0,170.0,13.7 sec,106 Nm,Petrol,5.0,Brown,12000.0,Budget,car
CAR_0607,Nissan,Rogue Sport,2.0L Inline-4,1997 cc,141.0,190.0,9.8 sec,199 Nm,Petrol,5.0,Silver,24960.0,Budget,car
CAR_0608,Nissan,X-Trail Hybrid,2.0L Inline-4 Hybrid,1997 cc,179.0,180.0,9.4 sec,207 Nm,Hybrid,5.0,Silver,28500.0,Budget,car
CAR_0609,Nissan,Pathfinder Rock Creek,3.5L V6,3498 cc,284.0,190.0,7.4 sec,351 Nm,Petrol,7.0,Yellow,42820.0,Mid-Range,car
CAR_0610,Nissan,Armada Platinum,5.6L V8,5552 cc,400.0,210.0,6.5 sec,560 Nm,Petrol,8.0,Grey,65300.0,Mid-Range,car
CAR_0611,Nissan,Terrano Xl,1.6L Inline-4,1598 cc,104.0,165.0,12.5 sec,145 Nm,Petrol,5.0,Grey,14000.0,Budget,car
CAR_0612,Nissan,Gt-R50 By Italdesign,3.8L Twin-Turbo V6,3799 cc,720.0,315.0,2.5 sec,780 Nm,Petrol,2.0,Green,1100000.0,Ultra-Luxury,car
CAR_0613,Nissan,Gt-R50 By Italdesign,3.8L Twin-Turbo V6,3799 cc,720.0,315.0,2.5 sec,780 Nm,Petrol,2.0,Orange,1100000.0,Ultra-Luxury,car
CAR_0614,Nissan,Gt-R50 By Italdesign,3.8L Twin-Turbo V6,3799 cc,720.0,315.0,2.5 sec,780 Nm,Petrol,2.0,Brown,1100000.0,Ultra-Luxury,car
CAR_0615,Nissan,370Z Nismo,3.7L V6,3696 cc,350.0,250.0,5.2 sec,374 Nm,Petrol,2.0,Grey,45790.0,Mid-Range,car
CAR_0616,Nissan,Ariya E-4Orce,Dual Electric Motors,87 kWh,389.0,200.0,5.1 sec,600 Nm,Electric,5.0,Black,60000.0,Mid-Range,car
CAR_0617,Nissan,Ariya E-4Orce,Dual Electric Motors,87 kWh,389.0,200.0,5.1 sec,600 Nm,Electric,5.0,Yellow,60000.0,Mid-Range,car
CAR_0618,Nissan,Ariya E-4Orce,Dual Electric Motors,87 kWh,389.0,200.0,5.1 sec,600 Nm,Electric,5.0,Blue,60000.0,Mid-Range,car
CAR_0619,Nissan,Patrol Nismo,5.6L V8,5552 cc,428.0,210.0,6.5 sec,560 Nm,Petrol,7.0,White,105000.0,Luxury,car
CAR_0620,Nissan,Infiniti Q60*,3.0L V6 Twin-Turbo,2997 cc,300.0,250.0,5.0 sec,400 Nm,Petrol,4.0,Red,41750.0,Mid-Range,car
CAR_0621,Nissan,Primera,2.0L Inline-4,1998 cc,140.0,200.0,9.6 sec,190 Nm,Petrol,5.0,Silver,20000.0,Budget,car
CAR_0622,Nissan,Skyline,3.0L V6 Twin-Turbo,2997 cc,400.0,250.0,5.0 sec,475 Nm,Petrol,5.0,Black,50000.0,Mid-Range,car
CAR_0623,Nissan,Skyline,3.0L V6 Twin-Turbo,2997 cc,400.0,250.0,5.0 sec,475 Nm,Petrol,5.0,Green,50000.0,Mid-Range,car
CAR_0624,Nissan,Skyline,3.0L V6 Twin-Turbo,2997 cc,400.0,250.0,5.0 sec,475 Nm,Petrol,5.0,Brown,50000.0,Mid-Range,car
CAR_0625,Nissan,Cedric,2.0L Inline-6,1998 cc,150.0,190.0,10.5 sec,190 Nm,Petrol,5.0,Orange,22000.0,Budget,car
CAR_0626,Nissan,Gloria,2.5L V6,2498 cc,210.0,210.0,8.6 sec,250 Nm,Petrol,5.0,Blue,30000.0,Mid-Range,car
CAR_0627,Nissan,Stanza,1.8L Inline-4,1796 cc,120.0,175.0,11.0 sec,170 Nm,Petrol,5.0,Black,18500.0,Budget,car
CAR_0628,Nissan,Patrol Super Safari,4.8L Inline-6,4750 cc,280.0,190.0,8.2 sec,451 Nm,Petrol,7.0,Blue,55000.0,Mid-Range,car
CAR_0629,Nissan,Pathfinder Hybrid,2.5L Inline-4 Hybrid,2488 cc,250.0,190.0,7.7 sec,329 Nm,Hybrid,7.0,Silver,42500.0,Mid-Range,car
CAR_0630,Nissan,X-Terra Pro-4X,2.5L Inline-4,2498 cc,190.0,175.0,10.8 sec,240 Nm,Petrol,7.0,Yellow,40000.0,Mid-Range,car
CAR_0631,Nissan,X-Terra Pro-4X,2.5L Inline-4,2498 cc,190.0,175.0,10.8 sec,240 Nm,Petrol,7.0,Silver,40000.0,Mid-Range,car
CAR_0632,Nissan,X-Terra Pro-4X,2.5L Inline-4,2498 cc,190.0,175.0,10.8 sec,240 Nm,Petrol,7.0,Brown,40000.0,Mid-Range,car
CAR_0633,Nissan,Rogue Platinum,1.5L Turbo Inline-3,1497 cc,201.0,180.0,8.2 sec,300 Nm,Petrol,5.0,Brown,38000.0,Mid-Range,car
CAR_0634,Nissan,Qashqai Tekna,1.3L Turbo Hybrid Inline-4,1332 cc,158.0,190.0,9.2 sec,270 Nm,Hybrid,5.0,Grey,36000.0,Mid-Range,car
CAR_0635,Nissan,Qashqai Tekna,1.3L Turbo Hybrid Inline-4,1332 cc,158.0,190.0,9.2 sec,270 Nm,Hybrid,5.0,Silver,36000.0,Mid-Range,car
CAR_0636,Nissan,Qashqai Tekna,1.3L Turbo Hybrid Inline-4,1332 cc,158.0,190.0,9.2 sec,270 Nm,Hybrid,5.0,Green,36000.0,Mid-Range,car
CAR_0637,Nissan,Gt-R V-Spec,3.8L Twin-Turbo V6,3799 cc,600.0,330.0,2.8 sec,652 Nm,Petrol,2.0,Red,175000.0,Ultra-Luxury,car
CAR_0638,Nissan,Skyline Nismo,3.0L Twin-Turbo V6,2997 cc,420.0,270.0,4.7 sec,475 Nm,Petrol,5.0,Red,55000.0,Mid-Range,car
CAR_0639,Nissan,Ariya Lounge Edition,Dual Electric Motors,87 kWh,389.0,200.0,5.1 sec,600 Nm,Electric,5.0,Grey,63000.0,Mid-Range,car
CAR_0640,Nissan,Patrol Titanium,5.6L V8,5552 cc,428.0,210.0,6.5 sec,560 Nm,Petrol,7.0,Brown,98000.0,Luxury,car
CAR_0641,Nissan,Infiniti Fx50*,5.0L V8,5026 cc,390.0,250.0,5.6 sec,500 Nm,Petrol,5.0,Brown,61750.0,Mid-Range,car
CAR_0642,Nissan,Avenir,2.0L Inline-4,1998 cc,140.0,180.0,9.8 sec,186 Nm,Petrol,5.0,Brown,20000.0,Budget,car
CAR_0643,Nissan,Wingroad,1.8L Inline-4,1798 cc,125.0,175.0,10.8 sec,168 Nm,Petrol,5.0,Brown,18000.0,Budget,car
CAR_0644,Nissan,Presea,1.8L Inline-4,1838 cc,115.0,170.0,11.5 sec,161 Nm,Petrol,5.0,Grey,17500.0,Budget,car
CAR_0645,Nissan,Presea,1.8L Inline-4,1838 cc,115.0,170.0,11.5 sec,161 Nm,Petrol,5.0,Green,17500.0,Budget,car
CAR_0646,Nissan,Presea,1.8L Inline-4,1838 cc,115.0,170.0,11.5 sec,161 Nm,Petrol,5.0,Silver,17500.0,Budget,car
CAR_0647,Nissan,Leopard,3.0L V6,2960 cc,210.0,200.0,8.4 sec,265 Nm,Petrol,5.0,Orange,32000.0,Mid-Range,car
CAR_0648,Nissan,Sunny Nismo Edition,1.6L Turbo Inline-4,1598 cc,190.0,200.0,7.5 sec,240 Nm,Petrol,5.0,White,24000.0,Budget,car
CAR_0649,Nissan,Sunny Nismo Edition,1.6L Turbo Inline-4,1598 cc,190.0,200.0,7.5 sec,240 Nm,Petrol,5.0,Orange,24000.0,Budget,car
CAR_0650,Nissan,Sunny Nismo Edition,1.6L Turbo Inline-4,1598 cc,190.0,200.0,7.5 sec,240 Nm,Petrol,5.0,Black,24000.0,Budget,car
CAR_0651,Nissan,Paladin,2.4L Inline-4,2438 cc,150.0,180.0,10.6 sec,217 Nm,Petrol,5.0,Yellow,20000.0,Budget,car
CAR_0652,Nissan,Hardbody Suv,2.5L Inline-4,2498 cc,158.0,175.0,11.0 sec,225 Nm,Petrol,5.0,Black,18500.0,Budget,car
CAR_0653,Nissan,Hardbody Suv,2.5L Inline-4,2498 cc,158.0,175.0,11.0 sec,225 Nm,Petrol,5.0,Blue,18500.0,Budget,car
CAR_0654,Nissan,Hardbody Suv,2.5L Inline-4,2498 cc,158.0,175.0,11.0 sec,225 Nm,Petrol,5.0,White,18500.0,Budget,car
CAR_0655,Nissan,Patrol Desert Edition,5.6L V8,5552 cc,428.0,210.0,6.5 sec,560 Nm,Petrol,7.0,Grey,95000.0,Luxury,car
CAR_0656,Nissan,Patrol Desert Edition,5.6L V8,5552 cc,428.0,210.0,6.5 sec,560 Nm,Petrol,7.0,White,95000.0,Luxury,car
CAR_0657,Nissan,Patrol Desert Edition,5.6L V8,5552 cc,428.0,210.0,6.5 sec,560 Nm,Petrol,7.0,Blue,95000.0,Luxury,car
CAR_0658,Nissan,Pathfinder Armada,5.6L V8,5552 cc,400.0,200.0,6.5 sec,560 Nm,Petrol,7.0,Black,60000.0,Mid-Range,car
CAR_0659,Nissan,Rogue Midnight Edition,1.5L Turbo Inline-3,1497 cc,201.0,180.0,8.2 sec,300 Nm,Petrol,5.0,Blue,39000.0,Mid-Range,car
CAR_0660,Nissan,Gt-R Black Edition,3.8L Twin-Turbo V6,3799 cc,600.0,330.0,2.8 sec,652 Nm,Petrol,2.0,Silver,185000.0,Ultra-Luxury,car
CAR_0661,Nissan,Fairlady Z Heritage,3.0L Twin-Turbo V6,2997 cc,400.0,250.0,4.2 sec,475 Nm,Petrol,2.0,Black,48000.0,Mid-Range,car
CAR_0662,Nissan,Skyline Gt-R R34,2.6L Twin-Turbo Inline-6,2568 cc,276.0,250.0,5.6 sec,392 Nm,Petrol,4.0,Black,70000.0,Luxury,car
CAR_0663,Nissan,Ariya Premiere,Dual Electric Motors,87 kWh,389.0,200.0,5.1 sec,600 Nm,Electric,5.0,Orange,67000.0,Mid-Range,car
CAR_0664,Nissan,Ariya Premiere,Dual Electric Motors,87 kWh,389.0,200.0,5.1 sec,600 Nm,Electric,5.0,Green,67000.0,Mid-Range,car
CAR_0665,Nissan,Ariya Premiere,Dual Electric Motors,87 kWh,389.0,200.0,5.1 sec,600 Nm,Electric,5.0,Yellow,67000.0,Mid-Range,car
CAR_0666,Nissan,Infiniti Qx55*,2.0L VC-Turbo Inline-4,1997 cc,268.0,230.0,6.5 sec,380 Nm,Petrol,5.0,Black,50000.0,Mid-Range,car
CAR_0667,Nissan,Infiniti Qx55*,2.0L VC-Turbo Inline-4,1997 cc,268.0,230.0,6.5 sec,380 Nm,Petrol,5.0,Grey,50000.0,Mid-Range,car
CAR_0668,Nissan,Infiniti Qx55*,2.0L VC-Turbo Inline-4,1997 cc,268.0,230.0,6.5 sec,380 Nm,Petrol,5.0,Red,50000.0,Mid-Range,car
CAR_0669,Nissan,Nv350 Caravan,2.5L Inline-4 Diesel,2488 cc,129.0,155.0,12.5 sec,356 Nm,Diesel,8.0,Black,28000.0,Budget,car
CAR_0670,Nissan,Nv350 Caravan,2.5L Inline-4 Diesel,2488 cc,129.0,155.0,12.5 sec,356 Nm,Diesel,8.0,Blue,28000.0,Budget,car
CAR_0671,Nissan,Nv350 Caravan,2.5L Inline-4 Diesel,2488 cc,129.0,155.0,12.5 sec,356 Nm,Diesel,8.0,Red,28000.0,Budget,car
CAR_0672,Nissan,Navara,2.3L Inline-4 Diesel,2298 cc,190.0,180.0,10.2 sec,450 Nm,Diesel,5.0,Blue,32000.0,Mid-Range,car
CAR_0673,Nissan,Titan Xd,5.6L V8,5552 cc,400.0,195.0,6.9 sec,560 Nm,Petrol,6.0,Green,55000.0,Mid-Range,car
CAR_0674,Nissan,Evalia,1.5L Inline-4 Diesel,1461 cc,85.0,140.0,15.0 sec,200 Nm,Diesel,7.0,Yellow,25000.0,Budget,car
CAR_0675,Nissan,Cabstar,2.5L Inline-4 Diesel,2488 cc,130.0,145.0,14.8 sec,350 Nm,Diesel,3.0,Orange,27000.0,Budget,car
CAR_0676,Nissan,Cabstar,2.5L Inline-4 Diesel,2488 cc,130.0,145.0,14.8 sec,350 Nm,Diesel,3.0,Red,27000.0,Budget,car
CAR_0677,Nissan,Cabstar,2.5L Inline-4 Diesel,2488 cc,130.0,145.0,14.8 sec,350 Nm,Diesel,3.0,White,27000.0,Budget,car
CAR_0678,Nissan,Cherry,1.4L Inline-4,1397 cc,67.0,145.0,14.0 sec,110 Nm,Petrol,5.0,White,14000.0,Budget,car
CAR_0679,Nissan,Laurel,2.8L Inline-6 Diesel,2825 cc,94.0,160.0,12.5 sec,184 Nm,Diesel,5.0,Blue,22000.0,Budget,car
CAR_0680,Nissan,Laurel,2.8L Inline-6 Diesel,2825 cc,94.0,160.0,12.5 sec,184 Nm,Diesel,5.0,White,22000.0,Budget,car
CAR_0681,Nissan,Laurel,2.8L Inline-6 Diesel,2825 cc,94.0,160.0,12.5 sec,184 Nm,Diesel,5.0,Orange,22000.0,Budget,car
CAR_0682,Nissan,Silvia,2.0L Turbo Inline-4,1998 cc,247.0,235.0,5.9 sec,275 Nm,Petrol,4.0,Red,45000.0,Mid-Range,car
CAR_0683,Nissan,Silvia,2.0L Turbo Inline-4,1998 cc,247.0,235.0,5.9 sec,275 Nm,Petrol,4.0,Brown,45000.0,Mid-Range,car
CAR_0684,Nissan,Silvia,2.0L Turbo Inline-4,1998 cc,247.0,235.0,5.9 sec,275 Nm,Petrol,4.0,Yellow,45000.0,Mid-Range,car
CAR_0685,Nissan,Nx Coupe,2.0L Inline-4,1998 cc,140.0,200.0,9.0 sec,180 Nm,Petrol,4.0,Green,22000.0,Budget,car
CAR_0686,Nissan,Ad Wagon,1.5L Inline-4,1498 cc,105.0,165.0,12.3 sec,150 Nm,Petrol,5.0,Blue,16000.0,Budget,car
CAR_0687,Nissan,Patrol Super Safari Y61,4.8L Inline-6,4750 cc,280.0,190.0,8.2 sec,451 Nm,Petrol,7.0,Green,58000.0,Mid-Range,car
CAR_0688,Nissan,Pathfinder Rock Creek Edition,3.5L V6,3498 cc,284.0,195.0,7.2 sec,351 Nm,Petrol,7.0,Blue,44000.0,Mid-Range,car
CAR_0689,Nissan,Terrano Ii,2.7L Inline-4 Diesel,2664 cc,125.0,160.0,12.9 sec,278 Nm,Diesel,5.0,Brown,28000.0,Budget,car
CAR_0690,Nissan,Murano Crosscabriolet,3.5L V6,3498 cc,260.0,195.0,7.6 sec,325 Nm,Petrol,4.0,Silver,47000.0,Mid-Range,car
CAR_0691,Nissan,X-Trail Tekna,1.5L Turbo Hybrid,1497 cc,204.0,190.0,8.0 sec,305 Nm,Hybrid,5.0,Grey,43000.0,Mid-Range,car
CAR_0692,Nissan,Gt-R Lm Nismo,3.0L Twin-Turbo V6 Hybrid,3000 cc,500.0,320.0,3.0 sec,650 Nm,Hybrid,2.0,Blue,600000.0,Ultra-Luxury,car
CAR_0693,Nissan,Gt-R Lm Nismo,3.0L Twin-Turbo V6 Hybrid,3000 cc,500.0,320.0,3.0 sec,650 Nm,Hybrid,2.0,Green,600000.0,Ultra-Luxury,car
CAR_0694,Nissan,Gt-R Lm Nismo,3.0L Twin-Turbo V6 Hybrid,3000 cc,500.0,320.0,3.0 sec,650 Nm,Hybrid,2.0,Black,600000.0,Ultra-Luxury,car
CAR_0695,Nissan,Skyline 400R,3.0L Twin-Turbo V6,2997 cc,400.0,250.0,4.5 sec,475 Nm,Petrol,5.0,Silver,70000.0,Luxury,car
CAR_0696,Nissan,Infiniti G37*,3.7L V6,3696 cc,328.0,250.0,5.5 sec,365 Nm,Petrol,5.0,Brown,42000.0,Mid-Range,car
CAR_0697,Nissan,Patrol Black Edition,5.6L V8,5552 cc,400.0,200.0,6.5 sec,560 Nm,Petrol,7.0,Orange,85000.0,Luxury,car
CAR_0698,Nissan,Ariya Empower+,Dual Electric Motors,87 kWh,389.0,200.0,5.1 sec,600 Nm,Electric,5.0,Blue,68000.0,Mid-Range,car
CAR_0699,Nissan,Datsun 510 (Classic),1.6L Inline-4,1595 cc,96.0,175.0,10.2 sec,135 Nm,Petrol,4.0,Silver,25000.0,Budget,car
CAR_0700,Nissan,200Sx,2.0L Turbo Inline-4,1998 cc,200.0,240.0,7.2 sec,265 Nm,Petrol,4.0,Orange,30000.0,Mid-Range,car
CAR_0701,Nissan,300Zx,3.0L Twin-Turbo V6,2960 cc,300.0,250.0,5.9 sec,384 Nm,Petrol,4.0,Yellow,50000.0,Mid-Range,car
CAR_0702,Nissan,300Zx,3.0L Twin-Turbo V6,2960 cc,300.0,250.0,5.9 sec,384 Nm,Petrol,4.0,Grey,50000.0,Mid-Range,car
CAR_0703,Nissan,300Zx,3.0L Twin-Turbo V6,2960 cc,300.0,250.0,5.9 sec,384 Nm,Petrol,4.0,Red,50000.0,Mid-Range,car
CAR_0704,Nissan,R390 Gt1 Road Car,3.5L Twin-Turbo V8,3495 cc,550.0,354.0,3.3 sec,637 Nm,Petrol,2.0,Grey,1000000.0,Ultra-Luxury,car
CAR_0705,Nissan,Figaro,1.0L Turbo Inline-4,987 cc,76.0,170.0,12.8 sec,103 Nm,Petrol,4.0,Yellow,20000.0,Budget,car
CAR_0706,Nissan,Hardbody Truck,2.4L Inline-4,2389 cc,134.0,160.0,10.6 sec,206 Nm,Petrol,5.0,Yellow,25000.0,Budget,car
CAR_0707,Nissan,Atlas,3.0L Inline-4 Diesel,2999 cc,130.0,130.0,18.0 sec,300 Nm,Diesel,3.0,Blue,35000.0,Mid-Range,car
CAR_0708,Nissan,Atlas,3.0L Inline-4 Diesel,2999 cc,130.0,130.0,18.0 sec,300 Nm,Diesel,3.0,White,35000.0,Mid-Range,car
CAR_0709,Nissan,Atlas,3.0L Inline-4 Diesel,2999 cc,130.0,130.0,18.0 sec,300 Nm,Diesel,3.0,Red,35000.0,Mid-Range,car
CAR_0710,Nissan,Clipper,660cc Inline-3,659 cc,48.0,110.0,18.5 sec,62 Nm,Petrol,4.0,Silver,10000.0,Budget,car
CAR_0711,Nissan,Clipper,660cc Inline-3,659 cc,48.0,110.0,18.5 sec,62 Nm,Petrol,4.0,Brown,10000.0,Budget,car
CAR_0712,Nissan,Clipper,660cc Inline-3,659 cc,48.0,110.0,18.5 sec,62 Nm,Petrol,4.0,Blue,10000.0,Budget,car
CAR_0713,Nissan,Nv200,2.0L Inline-4,1998 cc,131.0,140.0,14.0 sec,188 Nm,Petrol,7.0,Grey,28000.0,Budget,car
CAR_0714,Nissan,Violet,1.8L Inline-4,1770 cc,85.0,155.0,13.8 sec,130 Nm,Petrol,5.0,Yellow,18000.0,Budget,car
CAR_0715,Nissan,Bluebird Z,2.0L Inline-4,1998 cc,140.0,190.0,11.0 sec,180 Nm,Petrol,5.0,Orange,23000.0,Budget,car
CAR_0716,Nissan,Bluebird Z,2.0L Inline-4,1998 cc,140.0,190.0,11.0 sec,180 Nm,Petrol,5.0,Blue,23000.0,Budget,car
CAR_0717,Nissan,Bluebird Z,2.0L Inline-4,1998 cc,140.0,190.0,11.0 sec,180 Nm,Petrol,5.0,Yellow,23000.0,Budget,car
CAR_0718,Nissan,Stanza Wagon,2.4L Inline-4,2389 cc,138.0,160.0,12.0 sec,205 Nm,Petrol,7.0,Silver,22000.0,Budget,car
CAR_0719,Nissan,180Sx,2.0L Turbo Inline-4,1998 cc,205.0,240.0,6.8 sec,275 Nm,Petrol,4.0,Orange,35000.0,Mid-Range,car
CAR_0720,Nissan,Sunny California,1.6L Inline-4,1597 cc,110.0,170.0,11.0 sec,140 Nm,Petrol,5.0,White,18000.0,Budget,car
CAR_0721,Nissan,Patrol Warrior,5.6L V8,5552 cc,428.0,205.0,6.3 sec,580 Nm,Petrol,7.0,Yellow,95000.0,Luxury,car
CAR_0722,Nissan,Pathfinder Armada Platinum,5.6L V8,5552 cc,400.0,190.0,6.8 sec,560 Nm,Petrol,7.0,Brown,70000.0,Luxury,car
CAR_0723,Nissan,Rogue Sport Sl,2.0L Inline-4,1998 cc,141.0,190.0,9.0 sec,195 Nm,Petrol,5.0,White,32000.0,Mid-Range,car
CAR_0724,Nissan,X-Trail Platinum Edition,1.5L Turbo Hybrid,1497 cc,204.0,190.0,8.0 sec,305 Nm,Hybrid,5.0,Silver,46000.0,Mid-Range,car
CAR_0725,Nissan,Qashqai E-Power,1.5L Hybrid,1497 cc,187.0,200.0,7.5 sec,330 Nm,Hybrid,5.0,Blue,40000.0,Mid-Range,car
CAR_0726,Nissan,Gt-R Egoist,3.8L Twin-Turbo V6,3799 cc,565.0,315.0,2.8 sec,637 Nm,Petrol,2.0,White,220000.0,Ultra-Luxury,car
CAR_0727,Nissan,Gt-R Egoist,3.8L Twin-Turbo V6,3799 cc,565.0,315.0,2.8 sec,637 Nm,Petrol,2.0,Red,220000.0,Ultra-Luxury,car
CAR_0728,Nissan,Gt-R Egoist,3.8L Twin-Turbo V6,3799 cc,565.0,315.0,2.8 sec,637 Nm,Petrol,2.0,Grey,220000.0,Ultra-Luxury,car
CAR_0729,Nissan,Infiniti M45*,4.5L V8,4494 cc,325.0,250.0,5.8 sec,451 Nm,Petrol,5.0,Red,50000.0,Mid-Range,car
CAR_0730,Nissan,Skyline 50Th Anniversary,3.0L Twin-Turbo V6,2997 cc,400.0,250.0,4.5 sec,475 Nm,Petrol,5.0,Orange,75000.0,Luxury,car
CAR_0731,Nissan,Ariya Dual Motor Awd,Dual Electric Motors,87 kWh,389.0,200.0,5.1 sec,600 Nm,Electric,5.0,Brown,70000.0,Luxury,car
CAR_0732,Nissan,Patrol Legend Edition,5.6L V8,5552 cc,428.0,205.0,6.3 sec,580 Nm,Petrol,7.0,Brown,95000.0,Luxury,car
CAR_0733,Nissan,Datsun 240Z (Classic),2.4L Inline-6,2393 cc,151.0,210.0,8.0 sec,198 Nm,Petrol,2.0,Black,45000.0,Mid-Range,car
CAR_0734,Nissan,100Nx,1.6L Inline-4,1597 cc,110.0,185.0,9.6 sec,135 Nm,Petrol,4.0,Red,18000.0,Budget,car
CAR_0735,Nissan,Cedric Special Edition,3.0L V6,2960 cc,250.0,225.0,8.5 sec,330 Nm,Petrol,5.0,Yellow,60000.0,Mid-Range,car
CAR_0736,Nissan,300Zx Turbo,3.0L Twin-Turbo V6,2960 cc,300.0,250.0,5.9 sec,384 Nm,Petrol,4.0,Red,55000.0,Mid-Range,car
CAR_0737,Nissan,Silvia S15 Spec-R,2.0L Turbo Inline-4,1998 cc,250.0,240.0,5.6 sec,300 Nm,Petrol,4.0,Red,35000.0,Mid-Range,car
CAR_0738,Nissan,Nv400,2.3L Inline-4 Diesel,2298 cc,135.0,150.0,15.0 sec,360 Nm,Diesel,3.0,Silver,40000.0,Mid-Range,car
CAR_0739,Nissan,Titan Warrior,5.6L V8,5552 cc,400.0,180.0,7.0 sec,560 Nm,Petrol,5.0,Green,55000.0,Mid-Range,car
CAR_0740,Nissan,Caravan Coach,2.5L Inline-4 Diesel,2498 cc,127.0,140.0,14.0 sec,260 Nm,Diesel,7.0,Brown,30000.0,Mid-Range,car
CAR_0741,Nissan,Caravan Coach,2.5L Inline-4 Diesel,2498 cc,127.0,140.0,14.0 sec,260 Nm,Diesel,7.0,Silver,30000.0,Mid-Range,car
CAR_0742,Nissan,Caravan Coach,2.5L Inline-4 Diesel,2498 cc,127.0,140.0,14.0 sec,260 Nm,Diesel,7.0,Blue,30000.0,Mid-Range,car
CAR_0743,Nissan,Serena E-Power,1.2L Hybrid,1198 cc,134.0,160.0,12.0 sec,320 Nm,Hybrid,7.0,Blue,35000.0,Mid-Range,car
CAR_0744,Nissan,Serena E-Power,1.2L Hybrid,1198 cc,134.0,160.0,12.0 sec,320 Nm,Hybrid,7.0,Green,35000.0,Mid-Range,car
CAR_0745,Nissan,Serena E-Power,1.2L Hybrid,1198 cc,134.0,160.0,12.0 sec,320 Nm,Hybrid,7.0,Silver,35000.0,Mid-Range,car
CAR_0746,Nissan,Elgrand,3.5L V6,3498 cc,280.0,200.0,8.5 sec,344 Nm,Petrol,7.0,Orange,50000.0,Mid-Range,car
CAR_0747,Nissan,Elgrand,3.5L V6,3498 cc,280.0,200.0,8.5 sec,344 Nm,Petrol,7.0,Brown,50000.0,Mid-Range,car
CAR_0748,Nissan,Elgrand,3.5L V6,3498 cc,280.0,200.0,8.5 sec,344 Nm,Petrol,7.0,White,50000.0,Mid-Range,car
CAR_0749,Nissan,Datsun 510,1.6L Inline-4,1595 cc,96.0,175.0,10.2 sec,135 Nm,Petrol,4.0,Grey,25000.0,Budget,car
CAR_0750,Nissan,Datsun 510,1.6L Inline-4,1595 cc,96.0,175.0,10.2 sec,135 Nm,Petrol,4.0,Yellow,25000.0,Budget,car
CAR_0751,Nissan,Datsun 510,1.6L Inline-4,1595 cc,96.0,175.0,10.2 sec,135 Nm,Petrol,4.0,White,25000.0,Budget,car
CAR_0752,Nissan,Prairie,2.0L Inline-4,1998 cc,120.0,175.0,11.0 sec,170 Nm,Petrol,5.0,Yellow,18000.0,Budget,car
CAR_0753,Nissan,Prairie,2.0L Inline-4,1998 cc,120.0,175.0,11.0 sec,170 Nm,Petrol,5.0,Grey,18000.0,Budget,car
CAR_0754,Nissan,Prairie,2.0L Inline-4,1998 cc,120.0,175.0,11.0 sec,170 Nm,Petrol,5.0,Silver,18000.0,Budget,car
CAR_0755,Nissan,Pulsar Gti-R,2.0L Turbo Inline-4,1998 cc,230.0,225.0,6.0 sec,280 Nm,Petrol,5.0,Black,30000.0,Mid-Range,car
CAR_0756,Nissan,Almera Tino,1.8L Inline-4,1769 cc,114.0,180.0,12.5 sec,160 Nm,Petrol,5.0,Green,15000.0,Budget,car
CAR_0757,Nissan,Almera Tino,1.8L Inline-4,1769 cc,114.0,180.0,12.5 sec,160 Nm,Petrol,5.0,Brown,15000.0,Budget,car
CAR_0758,Nissan,Almera Tino,1.8L Inline-4,1769 cc,114.0,180.0,12.5 sec,160 Nm,Petrol,5.0,Grey,15000.0,Budget,car
CAR_0759,Nissan,Lucino,1.6L Inline-4,1597 cc,115.0,185.0,10.5 sec,150 Nm,Petrol,5.0,Blue,12000.0,Budget,car
CAR_0760,Nissan,Rasheen,1.5L Inline-4,1497 cc,105.0,165.0,13.0 sec,135 Nm,Petrol,5.0,Silver,10000.0,Budget,car
CAR_0761,Nissan,Mistral,2.7L Turbo Diesel,2663 cc,125.0,160.0,12.5 sec,260 Nm,Diesel,7.0,Yellow,25000.0,Budget,car
CAR_0762,Nissan,Patrol Y60,4.2L Inline-6,4169 cc,155.0,160.0,12.0 sec,330 Nm,Diesel,7.0,Green,45000.0,Mid-Range,car
CAR_0763,Nissan,X-Trail Gt,2.0L Turbo Inline-4,1998 cc,280.0,215.0,6.4 sec,310 Nm,Petrol,5.0,Yellow,38000.0,Mid-Range,car
CAR_0764,Nissan,Terrano Regulus,3.3L V6,3275 cc,170.0,175.0,10.0 sec,290 Nm,Petrol,5.0,Black,28000.0,Budget,car
CAR_0765,Nissan,President,4.5L V8,4494 cc,280.0,210.0,7.5 sec,400 Nm,Petrol,5.0,Yellow,70000.0,Luxury,car
CAR_0766,Nissan,President,4.5L V8,4494 cc,280.0,210.0,7.5 sec,400 Nm,Petrol,5.0,Brown,70000.0,Luxury,car
CAR_0767,Nissan,President,4.5L V8,4494 cc,280.0,210.0,7.5 sec,400 Nm,Petrol,5.0,Red,70000.0,Luxury,car
CAR_0768,Nissan,Cima,4.1L V8,4130 cc,270.0,210.0,8.0 sec,390 Nm,Petrol,5.0,Black,60000.0,Mid-Range,car
CAR_0769,Nissan,Leopard J. Ferie,3.0L V6 Turbo,2960 cc,255.0,215.0,6.5 sec,340 Nm,Petrol,5.0,Green,45000.0,Mid-Range,car
CAR_0770,Nissan,Leopard J. Ferie,3.0L V6 Turbo,2960 cc,255.0,215.0,6.5 sec,340 Nm,Petrol,5.0,Blue,45000.0,Mid-Range,car
CAR_0771,Nissan,Leopard J. Ferie,3.0L V6 Turbo,2960 cc,255.0,215.0,6.5 sec,340 Nm,Petrol,5.0,Black,45000.0,Mid-Range,car
CAR_0772,Nissan,Gloria Gran Turismo,3.0L V6 Turbo,2960 cc,255.0,220.0,6.5 sec,340 Nm,Petrol,5.0,Black,50000.0,Mid-Range,car
CAR_0773,Nissan,Infiniti Q45*,4.5L V8,4494 cc,340.0,240.0,6.2 sec,450 Nm,Petrol,5.0,Red,50000.0,Mid-Range,car
CAR_0774,Nissan,Datsun 240Z,2.4L Inline-6,2393 cc,151.0,210.0,8.0 sec,198 Nm,Petrol,2.0,Red,45000.0,Mid-Range,car
CAR_0775,Nissan,280Zx,2.8L Inline-6,2753 cc,145.0,205.0,9.5 sec,210 Nm,Petrol,2.0,Blue,35000.0,Mid-Range,car
CAR_0776,Nissan,280Zx,2.8L Inline-6,2753 cc,145.0,205.0,9.5 sec,210 Nm,Petrol,2.0,Orange,35000.0,Mid-Range,car
CAR_0777,Nissan,280Zx,2.8L Inline-6,2753 cc,145.0,205.0,9.5 sec,210 Nm,Petrol,2.0,Brown,35000.0,Mid-Range,car
CAR_0778,Nissan,Silvia S13,1.8L Turbo Inline-4,1809 cc,175.0,215.0,6.8 sec,230 Nm,Petrol,4.0,Grey,20000.0,Budget,car
CAR_0779,Nissan,200Sx,2.0L Turbo Inline-4,1998 cc,200.0,225.0,7.0 sec,260 Nm,Petrol,4.0,Orange,25000.0,Budget,car
CAR_0780,Nissan,Nx Coupe,1.8L Inline-4,1839 cc,140.0,200.0,9.0 sec,180 Nm,Petrol,4.0,Green,18000.0,Budget,car
CAR_0781,Nissan,Nv2500,4.0L V6,3954 cc,261.0,160.0,10.0 sec,385 Nm,Petrol,2.0,Orange,36000.0,Mid-Range,car
CAR_0782,Nissan,Nv3500,5.6L V8,5552 cc,375.0,170.0,9.0 sec,525 Nm,Petrol,2.0,Blue,42000.0,Mid-Range,car
CAR_0783,Nissan,Nt400 Cabstar,3.0L Inline-4 Diesel,2953 cc,150.0,140.0,15.0 sec,350 Nm,Diesel,3.0,Yellow,35000.0,Mid-Range,car
CAR_0784,Porsche,Panamera,2.9L V6 Twin Turbo,2894 cc,330.0,270.0,5.6 sec,450 Nm,Petrol,4.0,Silver,88000.0,Luxury,car
CAR_0785,Porsche,Panamera,2.9L V6 Twin Turbo,2894 cc,330.0,270.0,5.6 sec,450 Nm,Petrol,4.0,Green,88000.0,Luxury,car
CAR_0786,Porsche,Panamera,2.9L V6 Twin Turbo,2894 cc,330.0,270.0,5.6 sec,450 Nm,Petrol,4.0,Red,88000.0,Luxury,car
CAR_0787,Porsche,Panamera 4,2.9L V6 Twin Turbo,2894 cc,330.0,270.0,5.4 sec,450 Nm,Petrol,4.0,Blue,92000.0,Luxury,car
CAR_0788,Porsche,Panamera 4S,2.9L V6 Twin Turbo,2894 cc,440.0,289.0,4.4 sec,550 Nm,Petrol,4.0,Yellow,105000.0,Luxury,car
CAR_0789,Porsche,Panamera 4S,2.9L V6 Twin Turbo,2894 cc,440.0,289.0,4.4 sec,550 Nm,Petrol,4.0,Black,105000.0,Luxury,car
CAR_0790,Porsche,Panamera 4S,2.9L V6 Twin Turbo,2894 cc,440.0,289.0,4.4 sec,550 Nm,Petrol,4.0,Blue,105000.0,Luxury,car
CAR_0791,Porsche,Panamera Turbo S,4.0L V8 Twin Turbo,3996 cc,620.0,315.0,3.1 sec,820 Nm,Petrol,4.0,White,180000.0,Ultra-Luxury,car
CAR_0792,Porsche,Panamera Turbo S,4.0L V8 Twin Turbo,3996 cc,620.0,315.0,3.1 sec,820 Nm,Petrol,4.0,Green,180000.0,Ultra-Luxury,car
CAR_0793,Porsche,Panamera Turbo S,4.0L V8 Twin Turbo,3996 cc,620.0,315.0,3.1 sec,820 Nm,Petrol,4.0,Red,180000.0,Ultra-Luxury,car
CAR_0794,Porsche,Panamera Gts,4.0L V8 Twin Turbo,3996 cc,473.0,300.0,3.9 sec,620 Nm,Petrol,4.0,Brown,130000.0,Luxury,car
CAR_0795,Porsche,Panamera Platinum Edition,2.9L V6 Twin Turbo,2894 cc,330.0,270.0,5.4 sec,450 Nm,Petrol,4.0,Red,102000.0,Luxury,car
CAR_0796,Porsche,Panamera E-Hybrid,2.9L V6 + Electric Motor,17.9 kWh Battery,455.0,280.0,4.4 sec,700 Nm,Hybrid,4.0,Silver,115000.0,Luxury,car
CAR_0797,Porsche,Panamera 4 E-Hybrid Sport Turismo,2.9L V6 + Electric Motor,17.9 kWh Battery,455.0,280.0,4.4 sec,700 Nm,Hybrid,4.0,Black,120000.0,Luxury,car
CAR_0798,Porsche,Panamera Turbo S E-Hybrid,4.0L V8 + Electric Motor,17.9 kWh Battery,690.0,315.0,3.2 sec,870 Nm,Hybrid,4.0,Black,190000.0,Ultra-Luxury,car
CAR_0799,Porsche,Panamera 4 Executive,2.9L V6 Twin Turbo,2894 cc,330.0,270.0,5.6 sec,450 Nm,Petrol,4.0,Green,95000.0,Luxury,car
CAR_0800,Porsche,Panamera 4 Executive,2.9L V6 Twin Turbo,2894 cc,330.0,270.0,5.6 sec,450 Nm,Petrol,4.0,Silver,95000.0,Luxury,car
CAR_0801,Porsche,Panamera 4 Executive,2.9L V6 Twin Turbo,2894 cc,330.0,270.0,5.6 sec,450 Nm,Petrol,4.0,Brown,95000.0,Luxury,car
CAR_0802,Porsche,Cayenne,3.0L V6 Turbo,2995 cc,335.0,245.0,5.9 sec,450 Nm,Petrol,5.0,Green,80000.0,Luxury,car
CAR_0803,Porsche,Cayenne Coupe,3.0L V6 Turbo,2995 cc,335.0,245.0,6.0 sec,450 Nm,Petrol,5.0,Yellow,85000.0,Luxury,car
CAR_0804,Porsche,Cayenne S,2.9L V6 Twin Turbo,2894 cc,434.0,265.0,5.0 sec,550 Nm,Petrol,5.0,Blue,95000.0,Luxury,car
CAR_0805,Porsche,Cayenne Turbo,4.0L V8 Twin Turbo,3996 cc,541.0,286.0,4.0 sec,770 Nm,Petrol,5.0,Orange,130000.0,Luxury,car
CAR_0806,Porsche,Cayenne Gts,4.0L V8 Twin Turbo,3996 cc,453.0,270.0,4.5 sec,620 Nm,Petrol,5.0,Brown,110000.0,Luxury,car
CAR_0807,Porsche,Cayenne Gts,4.0L V8 Twin Turbo,3996 cc,453.0,270.0,4.5 sec,620 Nm,Petrol,5.0,Yellow,110000.0,Luxury,car
CAR_0808,Porsche,Cayenne Gts,4.0L V8 Twin Turbo,3996 cc,453.0,270.0,4.5 sec,620 Nm,Petrol,5.0,Grey,110000.0,Luxury,car
CAR_0809,Porsche,Cayenne Turbo S E-Hybrid,4.0L V8 + Electric Motor,17.9 kWh Battery,670.0,295.0,3.6 sec,900 Nm,Hybrid,5.0,Red,170000.0,Ultra-Luxury,car
CAR_0810,Porsche,Macan,2.0L I4 Turbo,1984 cc,261.0,232.0,6.2 sec,400 Nm,Petrol,5.0,Grey,60000.0,Mid-Range,car
CAR_0811,Porsche,Macan,2.0L I4 Turbo,1984 cc,261.0,232.0,6.2 sec,400 Nm,Petrol,5.0,Red,60000.0,Mid-Range,car
CAR_0812,Porsche,Macan,2.0L I4 Turbo,1984 cc,261.0,232.0,6.2 sec,400 Nm,Petrol,5.0,Orange,60000.0,Mid-Range,car
CAR_0813,Porsche,Macan S,2.9L V6 Twin Turbo,2894 cc,375.0,259.0,4.8 sec,520 Nm,Petrol,5.0,Yellow,75000.0,Luxury,car
CAR_0814,Porsche,Macan Gts,2.9L V6 Twin Turbo,2894 cc,434.0,272.0,4.5 sec,550 Nm,Petrol,5.0,Blue,85000.0,Luxury,car
CAR_0815,Porsche,Macan T,2.0L I4 Turbo,1984 cc,261.0,232.0,6.2 sec,400 Nm,Petrol,5.0,Brown,65000.0,Mid-Range,car
CAR_0816,Porsche,911 Carrera,3.0L Flat-6 Twin Turbo,2981 cc,379.0,293.0,4.2 sec,450 Nm,Petrol,4.0,Green,110000.0,Luxury,car
CAR_0817,Porsche,911 Carrera S,3.0L Twin-Turbo Flat-6,2981 cc,443.0,308.0,3.5,528 Nm,Petrol,4.0,Black,131300.0,Luxury,car
CAR_0818,Porsche,911 Carrera S,3.0L Twin-Turbo Flat-6,2981 cc,443.0,308.0,3.5,528 Nm,Petrol,4.0,Red,131300.0,Luxury,car
CAR_0819,Porsche,911 Carrera S,3.0L Twin-Turbo Flat-6,2981 cc,443.0,308.0,3.5,528 Nm,Petrol,4.0,White,131300.0,Luxury,car
CAR_0820,Porsche,911 Carrera 4,3.0L Twin-Turbo Flat-6,2981 cc,379.0,293.0,4.2,450 Nm,Petrol,4.0,Yellow,106500.0,Luxury,car
CAR_0821,Porsche,911 Carrera 4,3.0L Twin-Turbo Flat-6,2981 cc,379.0,293.0,4.2,450 Nm,Petrol,4.0,Red,106500.0,Luxury,car
CAR_0822,Porsche,911 Carrera 4,3.0L Twin-Turbo Flat-6,2981 cc,379.0,293.0,4.2,450 Nm,Petrol,4.0,Brown,106500.0,Luxury,car
CAR_0823,Porsche,911 Carrera 4S,3.0L Twin-Turbo Flat-6,2981 cc,443.0,306.0,3.4,528 Nm,Petrol,4.0,Grey,113300.0,Luxury,car
CAR_0824,Porsche,911 Targa 4,3.0L Twin-Turbo Flat-6,2981 cc,379.0,289.0,4.4,450 Nm,Petrol,4.0,Orange,121300.0,Luxury,car
CAR_0825,Porsche,911 Targa 4,3.0L Twin-Turbo Flat-6,2981 cc,379.0,289.0,4.4,450 Nm,Petrol,4.0,Red,121300.0,Luxury,car
CAR_0826,Porsche,911 Targa 4,3.0L Twin-Turbo Flat-6,2981 cc,379.0,289.0,4.4,450 Nm,Petrol,4.0,Silver,121300.0,Luxury,car
CAR_0827,Porsche,911 Turbo,3.8L Twin-Turbo Flat-6,3745 cc,572.0,320.0,2.7,750 Nm,Petrol,4.0,Brown,197200.0,Ultra-Luxury,car
CAR_0828,Porsche,911 Turbo S,3.8L Twin-Turbo Flat-6,3745 cc,640.0,330.0,2.6,800 Nm,Petrol,4.0,Grey,230400.0,Ultra-Luxury,car
CAR_0829,Porsche,911 Gt3,4.0L Naturally Aspirated Flat-6,3996 cc,502.0,318.0,3.4,469 Nm,Petrol,2.0,Grey,161100.0,Ultra-Luxury,car
CAR_0830,Porsche,911 Gt3 Rs,4.0L Naturally Aspirated Flat-6,3996 cc,518.0,296.0,3.2,465 Nm,Petrol,2.0,Green,241300.0,Ultra-Luxury,car
CAR_0831,Porsche,911 Dakar,3.0L Twin-Turbo Flat-6,2981 cc,473.0,240.0,3.4,570 Nm,Petrol,2.0,Yellow,222000.0,Ultra-Luxury,car
CAR_0832,Porsche,911 Dakar,3.0L Twin-Turbo Flat-6,2981 cc,473.0,240.0,3.4,570 Nm,Petrol,2.0,White,222000.0,Ultra-Luxury,car
CAR_0833,Porsche,911 Dakar,3.0L Twin-Turbo Flat-6,2981 cc,473.0,240.0,3.4,570 Nm,Petrol,2.0,Silver,222000.0,Ultra-Luxury,car
CAR_0834,Porsche,Taycan,Dual Electric Motors,79.2 kWh,402.0,230.0,5.4,344 Nm,Electric,4.0,Orange,86700.0,Luxury,car
CAR_0835,Porsche,Taycan 4S,Dual Electric Motors,79.2 kWh,522.0,250.0,4,640 Nm,Electric,4.0,Green,103800.0,Luxury,car
CAR_0836,Porsche,Taycan Turbo,Dual Electric Motors,93.4 kWh,670.0,260.0,3.2,850 Nm,Electric,4.0,Grey,150900.0,Ultra-Luxury,car
CAR_0837,Porsche,Taycan Turbo S,Dual Electric Motors,93.4 kWh,750.0,260.0,2.8,1050 Nm,Electric,4.0,White,185000.0,Ultra-Luxury,car
CAR_0838,Porsche,Taycan Gts,Dual Electric Motors,93.4 kWh,590.0,250.0,3.5,850 Nm,Electric,4.0,Grey,132750.0,Luxury,car
CAR_0839,Porsche,Taycan Cross Turismo,Dual Electric Motors,93.4 kWh,469.0,220.0,4.8,500 Nm,Electric,5.0,Black,97700.0,Luxury,car
CAR_0840,Porsche,Taycan Sport Turismo,Dual Electric Motors,79.2 kWh,509.0,240.0,4.1,650 Nm,Electric,5.0,Silver,104000.0,Luxury,car
CAR_0841,Porsche,718 Cayman,2.0L Turbocharged Flat-4,1988 cc,300.0,275.0,4.9,380 Nm,Petrol,2.0,Brown,63400.0,Mid-Range,car
CAR_0842,Porsche,718 Cayman,2.0L Turbocharged Flat-4,1988 cc,300.0,275.0,4.9,380 Nm,Petrol,2.0,White,63400.0,Mid-Range,car
CAR_0843,Porsche,718 Cayman,2.0L Turbocharged Flat-4,1988 cc,300.0,275.0,4.9,380 Nm,Petrol,2.0,Blue,63400.0,Mid-Range,car
CAR_0844,Porsche,718 Cayman S,2.5L Turbocharged Flat-4,2497 cc,350.0,285.0,4.4,420 Nm,Petrol,2.0,Yellow,75400.0,Luxury,car
CAR_0845,Porsche,718 Cayman S,2.5L Turbocharged Flat-4,2497 cc,350.0,285.0,4.4,420 Nm,Petrol,2.0,Orange,75400.0,Luxury,car
CAR_0846,Porsche,718 Cayman S,2.5L Turbocharged Flat-4,2497 cc,350.0,285.0,4.4,420 Nm,Petrol,2.0,Brown,75400.0,Luxury,car
CAR_0847,Porsche,718 Cayman Gt4,4.0L Naturally Aspirated Flat-6,3995 cc,414.0,302.0,4.2,420 Nm,Petrol,2.0,Orange,100200.0,Luxury,car
CAR_0848,Porsche,718 Cayman Gt4 Rs,4.0L Naturally Aspirated Flat-6,3996 cc,493.0,315.0,3.2,450 Nm,Petrol,2.0,Grey,141700.0,Luxury,car
CAR_0849,Porsche,718 Cayman Gt4 Rs,4.0L Naturally Aspirated Flat-6,3996 cc,493.0,315.0,3.2,450 Nm,Petrol,2.0,White,141700.0,Luxury,car
CAR_0850,Porsche,718 Cayman Gt4 Rs,4.0L Naturally Aspirated Flat-6,3996 cc,493.0,315.0,3.2,450 Nm,Petrol,2.0,Blue,141700.0,Luxury,car
CAR_0851,Porsche,718 Boxster,2.0L Turbo Flat-4,1988 cc,300.0,275.0,4.9,380 Nm,Petrol,2.0,Yellow,65500.0,Mid-Range,car
CAR_0852,Porsche,718 Boxster T,2.0L Turbo Flat-4,1988 cc,300.0,275.0,4.7,380 Nm,Petrol,2.0,Black,69600.0,Mid-Range,car
CAR_0853,Porsche,718 Boxster Gts,4.0L Naturally Aspirated Flat-6,3995 cc,394.0,293.0,4.3,430 Nm,Petrol,2.0,Brown,90300.0,Luxury,car
CAR_0854,Porsche,718 Boxster Gts,4.0L Naturally Aspirated Flat-6,3995 cc,394.0,293.0,4.3,430 Nm,Petrol,2.0,Grey,90300.0,Luxury,car
CAR_0855,Porsche,718 Boxster Gts,4.0L Naturally Aspirated Flat-6,3995 cc,394.0,293.0,4.3,430 Nm,Petrol,2.0,Silver,90300.0,Luxury,car
CAR_0856,Porsche,718 Spyder,4.0L Naturally Aspirated Flat-6,3995 cc,414.0,301.0,4.1,420 Nm,Petrol,2.0,Green,98300.0,Luxury,car
CAR_0857,Porsche,Panamera Base,2.9L Twin-Turbo V6,2894 cc,325.0,265.0,5.6,450 Nm,Petrol,4.0,Silver,92300.0,Luxury,car
CAR_0858,Porsche,Panamera 4 E-Hybrid,2.9L Twin-Turbo V6 + Electric Motor,2894 cc,462.0,280.0,4.4,700 Nm,Hybrid,4.0,Yellow,113300.0,Luxury,car
CAR_0859,Porsche,Panamera 4 Sport Turismo,2.9L Twin-Turbo V6,2894 cc,325.0,265.0,5.5,450 Nm,Petrol,4.0,Black,101400.0,Luxury,car
CAR_0860,Porsche,Panamera Turbo S E-Hybrid Sport Turismo,4.0L Twin-Turbo V8 + Electric Motor,3996 cc,690.0,315.0,3.2,870 Nm,Hybrid,4.0,Grey,200200.0,Ultra-Luxury,car
CAR_0861,Porsche,Panamera 4S E-Hybrid Executive,2.9L Twin-Turbo V6 + Electric Motor,2894 cc,560.0,295.0,3.7,750 Nm,Hybrid,4.0,Brown,128900.0,Luxury,car
CAR_0862,Porsche,Panamera 4S E-Hybrid Executive,2.9L Twin-Turbo V6 + Electric Motor,2894 cc,560.0,295.0,3.7,750 Nm,Hybrid,4.0,Black,128900.0,Luxury,car
CAR_0863,Porsche,Panamera 4S E-Hybrid Executive,2.9L Twin-Turbo V6 + Electric Motor,2894 cc,560.0,295.0,3.7,750 Nm,Hybrid,4.0,Red,128900.0,Luxury,car
CAR_0864,Porsche,Panamera Platinum Edition,2.9L Twin-Turbo V6,2894 cc,325.0,265.0,5.6,450 Nm,Petrol,4.0,Red,98300.0,Luxury,car
CAR_0865,Porsche,Panamera Gts Sport Turismo,4.0L Twin-Turbo V8,3996 cc,473.0,300.0,3.9,620 Nm,Petrol,4.0,Grey,136900.0,Luxury,car
CAR_0866,Porsche,Panamera Gts Sport Turismo,4.0L Twin-Turbo V8,3996 cc,473.0,300.0,3.9,620 Nm,Petrol,4.0,Black,136900.0,Luxury,car
CAR_0867,Porsche,Panamera Gts Sport Turismo,4.0L Twin-Turbo V8,3996 cc,473.0,300.0,3.9,620 Nm,Petrol,4.0,White,136900.0,Luxury,car
CAR_0868,Porsche,Panamera Turbo Executive,4.0L Twin-Turbo V8,3996 cc,550.0,306.0,3.8,770 Nm,Petrol,4.0,Red,175200.0,Ultra-Luxury,car
CAR_0869,Porsche,Panamera Turbo S Exclusive Series,4.0L Twin-Turbo V8,3996 cc,570.0,310.0,3.8,800 Nm,Petrol,4.0,Red,290000.0,Ultra-Luxury,car
CAR_0870,Porsche,Panamera 4S,2.9L Twin-Turbo V6,2894 cc,443.0,289.0,4.1,550 Nm,Petrol,4.0,Grey,105000.0,Luxury,car
CAR_0871,Porsche,Macan Base,2.0L Turbo Inline-4,1984 cc,265.0,232.0,6.4,400 Nm,Petrol,5.0,Silver,58000.0,Mid-Range,car
CAR_0872,Porsche,Macan T,2.0L Turbo Inline-4,1984 cc,265.0,233.0,6.2,400 Nm,Petrol,5.0,Brown,63000.0,Mid-Range,car
CAR_0873,Porsche,Macan S,2.9L Twin-Turbo V6,2894 cc,375.0,259.0,4.6,520 Nm,Petrol,5.0,Yellow,70400.0,Luxury,car
CAR_0874,Porsche,Macan Gts,2.9L Twin-Turbo V6,2894 cc,434.0,272.0,4.3,550 Nm,Petrol,5.0,Blue,82900.0,Luxury,car
CAR_0875,Porsche,Macan Ev,Dual Electric Motors,95 kWh,603.0,240.0,4.0 sec,750 Nm,Electric,5.0,Yellow,85000.0,Luxury,car
CAR_0876,Porsche,Cayenne Base,3.0L Turbocharged V6,2995 cc,335.0,245.0,5.9,450 Nm,Petrol,5.0,White,72200.0,Luxury,car
CAR_0877,Porsche,Cayenne E-Hybrid,3.0L V6 + Electric Motor,2995 cc,455.0,253.0,4.8,700 Nm,Hybrid,5.0,White,91000.0,Luxury,car
CAR_0878,Porsche,Cayenne E-Hybrid,3.0L V6 + Electric Motor,2995 cc,455.0,253.0,4.8,700 Nm,Hybrid,5.0,Brown,91000.0,Luxury,car
CAR_0879,Porsche,Cayenne E-Hybrid,3.0L V6 + Electric Motor,2995 cc,455.0,253.0,4.8,700 Nm,Hybrid,5.0,Black,91000.0,Luxury,car
CAR_0880,Porsche,Cayenne S Coupe,2.9L Twin-Turbo V6,2894 cc,434.0,263.0,4.7,550 Nm,Petrol,4.0,Orange,94300.0,Luxury,car
CAR_0881,Porsche,Cayenne Turbo Gt,4.0L Twin-Turbo V8,3996 cc,631.0,300.0,3.3,850 Nm,Petrol,4.0,Yellow,182150.0,Ultra-Luxury,car
CAR_0882,Porsche,Cayenne Platinum Edition,3.0L Turbocharged V6,2995 cc,335.0,245.0,5.8,450 Nm,Petrol,5.0,White,79000.0,Luxury,car
CAR_0883,Porsche,Cayenne Turbo S E-Hybrid Coupe,4.0L Twin-Turbo V8 + Electric Motor,3996 cc,670.0,295.0,3.6,900 Nm,Hybrid,4.0,Yellow,167800.0,Ultra-Luxury,car
CAR_0884,Porsche,Cayenne Gts Coupe,4.0L Twin-Turbo V8,3996 cc,453.0,270.0,4.5,620 Nm,Petrol,4.0,Orange,111200.0,Luxury,car
CAR_0885,Porsche,Cayenne Diesel (Regional Markets),3.0L Turbo Diesel V6,2967 cc,262.0,221.0,7.3,580 Nm,Diesel,5.0,Brown,69000.0,Mid-Range,car
CAR_0886,Porsche,Cayenne S Hybrid,3.0L V6 + Electric Motor,2995 cc,380.0,242.0,6.5,580 Nm,Hybrid,5.0,Black,85500.0,Luxury,car
CAR_0887,Porsche,Cayenne S Hybrid,3.0L V6 + Electric Motor,2995 cc,380.0,242.0,6.5,580 Nm,Hybrid,5.0,Green,85500.0,Luxury,car
CAR_0888,Porsche,Cayenne S Hybrid,3.0L V6 + Electric Motor,2995 cc,380.0,242.0,6.5,580 Nm,Hybrid,5.0,Red,85500.0,Luxury,car
CAR_0889,Porsche,Cayenne Coupe Turbo E-Hybrid,4.0L Twin-Turbo V8 + Electric Motor,3996 cc,728.0,295.0,3.6,950 Nm,Hybrid,4.0,Grey,182900.0,Ultra-Luxury,car
CAR_0890,Porsche,Taycan Base,Dual Electric Motors,79.2 kWh,321.0,230.0,5.4,345 Nm,Electric,4.0,White,86700.0,Luxury,car
CAR_0891,Cadillac,Ct4,2.0L Turbo Inline-4 Gasoline,2000 cc,237.0,250.0,6.0 sec,350 Nm,Petrol,5.0,Orange,34395.0,Mid-Range,car
CAR_0892,Cadillac,Ct4-V,2.7L Turbo Inline-4 Gasoline,2700 cc,325.0,260.0,4.9 sec,500 Nm,Petrol,5.0,White,46595.0,Mid-Range,car
CAR_0893,Cadillac,Ct5,2.0L Turbo Inline-4 Gasoline,2000 cc,237.0,240.0,6.6 sec,350 Nm,Petrol,5.0,Black,38195.0,Mid-Range,car
CAR_0894,Cadillac,Ct5-V,3.0L Twin-Turbo V6 Gasoline,3000 cc,360.0,250.0,4.6 sec,550 Nm,Petrol,5.0,Green,50995.0,Mid-Range,car
CAR_0895,Porsche,Taycan Cross Turismo 4,Dual Electric Motors,93.4 kWh,375.0,240.0,5.1 sec,500 Nm,Electric,4.0,Yellow,94800.0,Luxury,car
CAR_0896,Porsche,Taycan Cross Turismo Gts,Dual Electric Motors,93.4 kWh,590.0,250.0,3.8 sec,620 Nm,Electric,4.0,Silver,139400.0,Luxury,car
CAR_0897,Porsche,Taycan Sport Turismo Base,Dual Electric Motors,79.2 kWh,375.0,230.0,5.4 sec,500 Nm,Electric,4.0,Orange,90500.0,Luxury,car
CAR_0898,Porsche,Taycan Sport Turismo Gts,Dual Electric Motors,93.4 kWh,590.0,250.0,3.7 sec,620 Nm,Electric,4.0,Black,136700.0,Luxury,car
CAR_0899,Porsche,Taycan Turbo S Cross Turismo,Dual Electric Motors,93.4 kWh,750.0,260.0,2.9 sec,1050 Nm,Electric,4.0,Yellow,190000.0,Ultra-Luxury,car
CAR_0900,Porsche,Taycan Turbo S Cross Turismo,Dual Electric Motors,93.4 kWh,750.0,260.0,2.9 sec,1050 Nm,Electric,4.0,Orange,190000.0,Ultra-Luxury,car
CAR_0901,Porsche,Taycan Turbo S Cross Turismo,Dual Electric Motors,93.4 kWh,750.0,260.0,2.9 sec,1050 Nm,Electric,4.0,Green,190000.0,Ultra-Luxury,car
CAR_0902,Porsche,911 Carrera Base,3.0L Twin-Turbo Flat-6,2981 cc,379.0,293.0,4.2 sec,450 Nm,Petrol,4.0,Green,106100.0,Luxury,car
CAR_0903,Porsche,911 Carrera S Cabriolet,3.0L Twin-Turbo Flat-6,2981 cc,443.0,304.0,3.9 sec,530 Nm,Petrol,4.0,Red,129900.0,Luxury,car
CAR_0904,Porsche,911 Carrera 4,3.0L Twin-Turbo Flat-6,2981 cc,379.0,293.0,4.4 sec,450 Nm,Petrol,4.0,Yellow,113300.0,Luxury,car
CAR_0905,Porsche,911 Carrera 4,3.0L Twin-Turbo Flat-6,2981 cc,379.0,293.0,4.4 sec,450 Nm,Petrol,4.0,Red,113300.0,Luxury,car
CAR_0906,Porsche,911 Carrera 4,3.0L Twin-Turbo Flat-6,2981 cc,379.0,293.0,4.4 sec,450 Nm,Petrol,4.0,Brown,113300.0,Luxury,car
CAR_0907,Porsche,911 Carrera 4 Gts,3.0L Twin-Turbo Flat-6,2981 cc,473.0,311.0,3.3 sec,570 Nm,Petrol,4.0,Black,137000.0,Luxury,car
CAR_0908,Porsche,911 Targa 4 Gts,3.0L Twin-Turbo Flat-6,2981 cc,473.0,307.0,3.5 sec,570 Nm,Petrol,4.0,Brown,157300.0,Ultra-Luxury,car
CAR_0909,Porsche,911 Turbo Cabriolet,3.8L Twin-Turbo Flat-6,3745 cc,572.0,320.0,2.9 sec,750 Nm,Petrol,4.0,White,184100.0,Ultra-Luxury,car
CAR_0910,Porsche,911 Turbo S Coupe,3.8L Twin-Turbo Flat-6,3745 cc,640.0,330.0,2.7 sec,800 Nm,Petrol,4.0,Black,207000.0,Ultra-Luxury,car
CAR_0911,Porsche,911 Gt3 Touring,4.0L Naturally Aspirated Flat-6,3996 cc,502.0,318.0,3.9 sec,470 Nm,Petrol,2.0,Green,170000.0,Ultra-Luxury,car
CAR_0912,Porsche,911 Gt3 Rs Clubsport,4.0L Naturally Aspirated Flat-6,3996 cc,525.0,296.0,3.2 sec,465 Nm,Petrol,2.0,Grey,223800.0,Ultra-Luxury,car
CAR_0913,Porsche,911 Dakar Limited Edition,3.0L Twin-Turbo Flat-6,2981 cc,473.0,240.0,3.4 sec,570 Nm,Petrol,4.0,Silver,222000.0,Ultra-Luxury,car
CAR_0914,Porsche,911 Carrera Gts Lightweight,3.0L Twin-Turbo Flat-6,2981 cc,473.0,311.0,3.2 sec,570 Nm,Petrol,4.0,Red,145300.0,Luxury,car
CAR_0915,Porsche,911 Targa 4 Lightweight,3.0L Twin-Turbo Flat-6,2981 cc,379.0,289.0,4.3 sec,450 Nm,Petrol,4.0,Grey,135500.0,Luxury,car
CAR_0916,Porsche,911 Targa 4 Lightweight,3.0L Twin-Turbo Flat-6,2981 cc,379.0,289.0,4.3 sec,450 Nm,Petrol,4.0,Red,135500.0,Luxury,car
CAR_0917,Porsche,911 Targa 4 Lightweight,3.0L Twin-Turbo Flat-6,2981 cc,379.0,289.0,4.3 sec,450 Nm,Petrol,4.0,Silver,135500.0,Luxury,car
CAR_0918,Porsche,911 Turbo Exclusive Series,3.8L Twin-Turbo Flat-6,3745 cc,607.0,330.0,2.9 sec,750 Nm,Petrol,4.0,Grey,258000.0,Ultra-Luxury,car
CAR_0919,Porsche,911 Gt2 Rs,3.8L Twin-Turbo Flat-6,3745 cc,700.0,340.0,2.8 sec,750 Nm,Petrol,2.0,Brown,293200.0,Ultra-Luxury,car
CAR_0920,Porsche,911 Gt3 Cup,4.0L Naturally Aspirated Flat-6,3996 cc,510.0,290.0,3.4 sec,470 Nm,Petrol,1.0,Blue,245000.0,Ultra-Luxury,car
CAR_0921,Porsche,911 Gt4 Rs,4.0L Naturally Aspirated Flat-6,3996 cc,500.0,315.0,3.4 sec,450 Nm,Petrol,2.0,Orange,222000.0,Ultra-Luxury,car
CAR_0922,Porsche,911 Rsr (Motorsport Edition),4.2L Naturally Aspirated Flat-6,4194 cc,515.0,296.0,3.1 sec,480 Nm,Petrol,1.0,Red,750000.0,Ultra-Luxury,car
CAR_0923,Porsche,911 Sport Turismo,3.0L Twin-Turbo Flat-6,2981 cc,379.0,293.0,4.4 sec,450 Nm,Petrol,4.0,Orange,116000.0,Luxury,car
CAR_0924,Porsche,911 Turbo Cabriolet Lightweight,3.8L Twin-Turbo Flat-6,3745 cc,572.0,318.0,3.0 sec,750 Nm,Petrol,4.0,Grey,191300.0,Ultra-Luxury,car
CAR_0925,Porsche,911 Dakar Sport,3.0L Twin-Turbo Flat-6,2981 cc,473.0,240.0,3.5 sec,570 Nm,Petrol,4.0,Yellow,233000.0,Ultra-Luxury,car
CAR_0926,Tata Motors,Tiago,1.2L Revotron 3-cylinder Petrol,1199 cc,86.0,170.0,13 sec,113 Nm,Petrol,5.0,Green,8200.0,Budget,car
CAR_0927,Tata Motors,Tiago Ev,Permanent Magnet Synchronous,24 kWh,74.0,120.0,5.7 sec,114 Nm,Electric,5.0,Grey,11000.0,Budget,car
CAR_0928,Tata Motors,Tiago Ev,Permanent Magnet Synchronous,24 kWh,74.0,120.0,5.7 sec,114 Nm,Electric,5.0,Blue,11000.0,Budget,car
CAR_0929,Tata Motors,Tiago Ev,Permanent Magnet Synchronous,24 kWh,74.0,120.0,5.7 sec,114 Nm,Electric,5.0,White,11000.0,Budget,car
CAR_0930,Tata Motors,Altroz,1.2L Revotron Petrol / 1.5L Diesel,1199 cc / 1497 cc,86.0,170.0,12 sec,113-200 Nm,Petrol/Diesel,5.0,Blue,10400.0,Budget,car
CAR_0931,Tata Motors,Altroz Dca,1.2L Revotron 3-cylinder Petrol,1199 cc,86.0,170.0,12.5 sec,113 Nm,Petrol,5.0,Green,11300.0,Budget,car
CAR_0932,Tata Motors,Altroz Dca,1.2L Revotron 3-cylinder Petrol,1199 cc,86.0,170.0,12.5 sec,113 Nm,Petrol,5.0,Black,11300.0,Budget,car
CAR_0933,Tata Motors,Altroz Dca,1.2L Revotron 3-cylinder Petrol,1199 cc,86.0,170.0,12.5 sec,113 Nm,Petrol,5.0,White,11300.0,Budget,car
CAR_0934,Tata Motors,Altroz Iturbo,1.2L Turbocharged Petrol,1199 cc,110.0,180.0,10 sec,140 Nm,Petrol,5.0,Brown,12000.0,Budget,car
CAR_0935,Tata Motors,Altroz Cng,1.2L Revotron Bi-Fuel,1199 cc,86.0,165.0,12 sec,113 Nm,Petrol,5.0,Yellow,11800.0,Budget,car
CAR_0936,Tata Motors,Tiago Nrg,1.2L Revotron 3-cylinder Petrol,1199 cc,86.0,170.0,13.5 sec,113 Nm,Petrol,5.0,Red,9200.0,Budget,car
CAR_0937,Tata Motors,Tiago Nrg,1.2L Revotron 3-cylinder Petrol,1199 cc,86.0,170.0,13.5 sec,113 Nm,Petrol,5.0,Black,9200.0,Budget,car
CAR_0938,Tata Motors,Tiago Nrg,1.2L Revotron 3-cylinder Petrol,1199 cc,86.0,170.0,13.5 sec,113 Nm,Petrol,5.0,Grey,9200.0,Budget,car
CAR_0939,Tata Motors,Nano Genx,624cc MPFI,624 cc,37.0,105.0,29 sec,51 Nm,Petrol,4.0,White,4000.0,Budget,car
CAR_0940,Tata Motors,Indica Ev2,1.4L CR4 Diesel,1396 cc,70.0,155.0,16 sec,140 Nm,Diesel,5.0,Brown,6200.0,Budget,car
CAR_0941,Tata Motors,Indica V2 Xeta,1.2L MPFI Petrol,1193 cc,65.0,140.0,16 sec,100 Nm,Petrol,5.0,Grey,5000.0,Budget,car
CAR_0942,Tata Motors,Tigor,1.2L Revotron 3-cylinder Petrol,1199 cc,86.0,170.0,13 sec,113 Nm,Petrol,5.0,Green,9400.0,Budget,car
CAR_0943,Tata Motors,Tigor,1.2L Revotron 3-cylinder Petrol,1199 cc,86.0,170.0,13 sec,113 Nm,Petrol,5.0,Yellow,9400.0,Budget,car
CAR_0944,Tata Motors,Tigor,1.2L Revotron 3-cylinder Petrol,1199 cc,86.0,170.0,13 sec,113 Nm,Petrol,5.0,Blue,9400.0,Budget,car
CAR_0945,Tata Motors,Tigor Ev,Permanent Magnet Synchronous,26 kWh,74.0,120.0,5.7 sec,114 Nm,Electric,5.0,Red,14500.0,Budget,car
CAR_0946,Tata Motors,Tigor Ev,Permanent Magnet Synchronous,26 kWh,74.0,120.0,5.7 sec,114 Nm,Electric,5.0,Blue,14500.0,Budget,car
CAR_0947,Tata Motors,Tigor Ev,Permanent Magnet Synchronous,26 kWh,74.0,120.0,5.7 sec,114 Nm,Electric,5.0,Yellow,14500.0,Budget,car
CAR_0948,Tata Motors,Zest,1.3L Quadrajet Diesel / 1.2L Revotron Petrol,1248 cc / 1199 cc,75.0,165.0,15 sec,190 Nm / 140 Nm,Petrol/Diesel,5.0,White,8700.0,Budget,car
CAR_0949,Tata Motors,Indigo Ecs,1.4L CR4 Diesel,1396 cc,70.0,155.0,16.5 sec,140 Nm,Diesel,5.0,Blue,6500.0,Budget,car
CAR_0950,Tata Motors,Indigo Ecs,1.4L CR4 Diesel,1396 cc,70.0,155.0,16.5 sec,140 Nm,Diesel,5.0,Green,6500.0,Budget,car
CAR_0951,Tata Motors,Indigo Ecs,1.4L CR4 Diesel,1396 cc,70.0,155.0,16.5 sec,140 Nm,Diesel,5.0,Black,6500.0,Budget,car
CAR_0952,Cadillac,Escalade,6.2L V8 Gasoline,6200 cc,420.0,210.0,6.8 sec,624 Nm,Petrol,7.0,Grey,79295.0,Luxury,car
CAR_0953,Tata Motors,Indigo Marina,1.4L CR4 Diesel / 1.4L Petrol,1396 cc,70.0,150.0,17 sec,135 Nm / 115 Nm,Petrol/Diesel,5.0,Brown,8300.0,Budget,car
CAR_0954,Tata Motors,Manza,1.3L Quadrajet Diesel / 1.4L Petrol,1248 cc / 1368 cc,75.0,160.0,14 sec,200 Nm / 115 Nm,Petrol/Diesel,5.0,Grey,9000.0,Budget,car
CAR_0955,Tata Motors,Manza,1.3L Quadrajet Diesel / 1.4L Petrol,1248 cc / 1368 cc,75.0,160.0,14 sec,200 Nm / 115 Nm,Petrol/Diesel,5.0,Green,9000.0,Budget,car
CAR_0956,Tata Motors,Manza,1.3L Quadrajet Diesel / 1.4L Petrol,1248 cc / 1368 cc,75.0,160.0,14 sec,200 Nm / 115 Nm,Petrol/Diesel,5.0,Brown,9000.0,Budget,car
CAR_0957,Tata Motors,Indigo Lx,1.4L CR4 Diesel,1396 cc,70.0,150.0,17 sec,140 Nm,Diesel,5.0,Orange,7000.0,Budget,car
CAR_0958,Tata Motors,Indigo Glx,1.4L MPFI Petrol,1396 cc,85.0,160.0,15 sec,115 Nm,Petrol,5.0,Yellow,7200.0,Budget,car
CAR_0959,Cadillac,Escalade Esv,6.2L V8 Gasoline,6200 cc,420.0,205.0,6.9 sec,624 Nm,Petrol,7.0,Silver,82295.0,Luxury,car
CAR_0960,Cadillac,Escalade Esv,6.2L V8 Gasoline,6200 cc,420.0,205.0,6.9 sec,624 Nm,Petrol,7.0,Brown,82295.0,Luxury,car
CAR_0961,Cadillac,Escalade Esv,6.2L V8 Gasoline,6200 cc,420.0,205.0,6.9 sec,624 Nm,Petrol,7.0,Yellow,82295.0,Luxury,car
CAR_0962,Tata Motors,Nexon,1.2L Turbo Petrol / 1.5L Diesel,1199 cc / 1497 cc,118.0,180.0,10 sec,170-260 Nm,Petrol/Diesel,5.0,Orange,14000.0,Budget,car
CAR_0963,Tata Motors,Nexon Ev Max,Permanent Magnet Synchronous,40.5 kWh,143.0,140.0,9 sec,250 Nm,Electric,5.0,Black,25000.0,Budget,car
CAR_0964,Tata Motors,Harrier,2.0L Kryotec Turbocharged Diesel,1956 cc,168.0,180.0,11 sec,350 Nm,Diesel,5.0,Silver,23000.0,Budget,car
CAR_0965,Tata Motors,Safari,2.0L Kryotec Turbocharged Diesel,1956 cc,168.0,180.0,11 sec,350 Nm,Diesel,7.0,Black,25500.0,Budget,car
CAR_0966,Tata Motors,Punch,1.2L Revotron Petrol,1199 cc,86.0,160.0,16 sec,113 Nm,Petrol,5.0,Yellow,10500.0,Budget,car
CAR_0967,Tata Motors,Hexa,2.2L Varicor Diesel,2179 cc,154.0,180.0,12 sec,400 Nm,Diesel,7.0,Yellow,20000.0,Budget,car
CAR_0968,Tata Motors,Aria,2.2L Dicor Diesel,2179 cc,138.0,162.0,13 sec,320 Nm,Diesel,7.0,Green,19000.0,Budget,car
CAR_0969,Tata Motors,Sumo Gold,3.0L CR4 Diesel,2956 cc,85.0,125.0,17.6 sec,250 Nm,Diesel,7.0,Orange,15000.0,Budget,car
CAR_0970,Tata Motors,Sumo Gold,3.0L CR4 Diesel,2956 cc,85.0,125.0,17.6 sec,250 Nm,Diesel,7.0,Red,15000.0,Budget,car
CAR_0971,Tata Motors,Sumo Gold,3.0L CR4 Diesel,2956 cc,85.0,125.0,17.6 sec,250 Nm,Diesel,7.0,Black,15000.0,Budget,car
CAR_0972,Tata Motors,Sumo Grande,2.2L Dicor Diesel,2179 cc,118.0,140.0,15 sec,250 Nm,Diesel,7.0,Green,16500.0,Budget,car
CAR_0973,Tata Motors,Nexon Ev Prime,Permanent Magnet Synchronous,30.2 kWh,129.0,120.0,9.4 sec,245 Nm,Electric,5.0,Grey,22000.0,Budget,car
CAR_0974,Tesla,Model S,Dual Electric Motors,100 kWh,670.0,250.0,3.1 sec,967 Nm,Electric,5.0,Orange,88490.0,Luxury,car
CAR_0975,Tesla,Model S Plaid,Tri Electric Motors,100 kWh,1.0,322.0,2.1 sec,"1,400 Nm",Electric,5.0,Blue,108490.0,Luxury,car
CAR_0976,Tesla,Model 3,Single Electric Motor (RWD),60 kWh,283.0,225.0,5.8 sec,420 Nm,Electric,5.0,Yellow,40240.0,Mid-Range,car
CAR_0977,Tesla,Model 3 Performance,Dual Electric Motors (AWD),82 kWh,450.0,261.0,3.1 sec,660 Nm,Electric,5.0,Black,53240.0,Mid-Range,car
CAR_0978,Tesla,Model X,Dual Electric Motors (AWD),100 kWh,670.0,250.0,3.8 sec,967 Nm,Electric,7.0,Green,98490.0,Luxury,car
CAR_0979,Tesla,Model X Plaid,Tri Electric Motors,100 kWh,1.0,262.0,2.6 sec,"1,400 Nm",Electric,6.0,Green,113490.0,Luxury,car
CAR_0980,Tesla,Model Y,Single Electric Motor (RWD),75 kWh,346.0,217.0,5.0 sec,498 Nm,Electric,5.0,Silver,47490.0,Mid-Range,car
CAR_0981,Tesla,Model Y Long Range,Dual Electric Motors (AWD),82 kWh,384.0,217.0,4.8 sec,559 Nm,Electric,5.0,Yellow,50490.0,Mid-Range,car
CAR_0982,Tesla,Cybertruck,Tri Electric Motors,200 kWh,800.0,209.0,2.9 sec,"1,355 Nm",Electric,6.0,Blue,69900.0,Mid-Range,car
CAR_0983,Tesla,Roadster 2,Quad Electric Motors,200 kWh,1.0,402.0,1.9 sec,"10,000 Nm",Electric,4.0,Brown,200000.0,Ultra-Luxury,car
CAR_0984,Jeep,Wrangler,3.6L V6 Pentastar Gasoline,3600 cc,285.0,180.0,6.8 sec,353 Nm,Petrol,4.0,Black,35195.0,Mid-Range,car
CAR_0985,Jeep,Wrangler,3.6L V6 Pentastar Gasoline,3600 cc,285.0,180.0,6.8 sec,353 Nm,Petrol,4.0,White,35195.0,Mid-Range,car
CAR_0986,Jeep,Wrangler,3.6L V6 Pentastar Gasoline,3600 cc,285.0,180.0,6.8 sec,353 Nm,Petrol,4.0,Red,35195.0,Mid-Range,car
CAR_0987,Jeep,Wrangler Rubicon,2.0L Turbo I4 Gasoline,2000 cc,270.0,180.0,7.1 sec,400 Nm,Petrol,4.0,Brown,42100.0,Mid-Range,car
CAR_0988,Jeep,Grand Cherokee,3.6L V6 Pentastar Gasoline,3600 cc,293.0,209.0,7.0 sec,352 Nm,Petrol,5.0,Grey,41530.0,Mid-Range,car
CAR_0989,Jeep,Grand Cherokee L,3.6L V6 Pentastar Gasoline,3600 cc,293.0,209.0,7.2 sec,352 Nm,Petrol,7.0,Silver,43530.0,Mid-Range,car
CAR_0990,Jeep,Cherokee,2.4L I4 Tigershark Gasoline,2400 cc,180.0,195.0,8.5 sec,230 Nm,Petrol,5.0,Grey,37695.0,Mid-Range,car
CAR_0991,Jeep,Compass,2.0L Turbo Gasoline,2000 cc,200.0,200.0,7.8 sec,320 Nm,Petrol,5.0,White,31590.0,Mid-Range,car
CAR_0992,Jeep,Renegade,1.3L Turbo I4 Gasoline,1300 cc,177.0,200.0,8.7 sec,285 Nm,Petrol,5.0,Black,28345.0,Budget,car
CAR_0993,Jeep,Renegade,1.3L Turbo I4 Gasoline,1300 cc,177.0,200.0,8.7 sec,285 Nm,Petrol,5.0,White,28345.0,Budget,car
CAR_0994,Jeep,Renegade,1.3L Turbo I4 Gasoline,1300 cc,177.0,200.0,8.7 sec,285 Nm,Petrol,5.0,Green,28345.0,Budget,car
CAR_0995,Jeep,Gladiator,3.6L V6 Pentastar Gasoline,3600 cc,285.0,177.0,8.1 sec,353 Nm,Petrol,5.0,White,38775.0,Mid-Range,car
CAR_0996,Jeep,Wagoneer,5.7L V8 Gasoline with eTorque,5700 cc,392.0,190.0,7.4 sec,548 Nm,Petrol,8.0,Brown,63595.0,Mid-Range,car
CAR_0997,Jeep,Grand Wagoneer,6.4L V8 Gasoline,6400 cc,471.0,190.0,6.0 sec,617 Nm,Petrol,8.0,Yellow,91495.0,Luxury,car
CAR_0998,Jeep,Grand Wagoneer,6.4L V8 Gasoline,6400 cc,471.0,190.0,6.0 sec,617 Nm,Petrol,8.0,Brown,91495.0,Luxury,car
CAR_0999,Jeep,Grand Wagoneer,6.4L V8 Gasoline,6400 cc,471.0,190.0,6.0 sec,617 Nm,Petrol,8.0,Grey,91495.0,Luxury,car
CAR_1000,Jeep,Grand Cherokee 4Xe,2.0L Turbo PHEV,17.3 kWh,375.0,210.0,6.0 sec,637 Nm,Hybrid,5.0,Orange,59865.0,Mid-Range,car
CAR_1001,Jeep,Grand Cherokee 4Xe,2.0L Turbo PHEV,17.3 kWh,375.0,210.0,6.0 sec,637 Nm,Hybrid,5.0,Green,59865.0,Mid-Range,car
CAR_1002,Jeep,Grand Cherokee 4Xe,2.0L Turbo PHEV,17.3 kWh,375.0,210.0,6.0 sec,637 Nm,Hybrid,5.0,Brown,59865.0,Mid-Range,car
CAR_1003,Jeep,Wrangler 4Xe,2.0L Turbo PHEV,17.3 kWh,375.0,180.0,6.4 sec,637 Nm,Hybrid,5.0,Brown,50695.0,Mid-Range,car
CAR_1004,Jeep,Compass 4Xe,1.3L Turbo PHEV,11.4 kWh,240.0,200.0,7.3 sec,270 Nm,Hybrid,5.0,Brown,46500.0,Mid-Range,car
CAR_1005,Jeep,Renegade 4Xe,1.3L Turbo PHEV,11.4 kWh,240.0,200.0,7.5 sec,270 Nm,Hybrid,5.0,Grey,44500.0,Mid-Range,car
CAR_1006,Jeep,Renegade 4Xe,1.3L Turbo PHEV,11.4 kWh,240.0,200.0,7.5 sec,270 Nm,Hybrid,5.0,White,44500.0,Mid-Range,car
CAR_1007,Jeep,Renegade 4Xe,1.3L Turbo PHEV,11.4 kWh,240.0,200.0,7.5 sec,270 Nm,Hybrid,5.0,Orange,44500.0,Mid-Range,car
CAR_1008,Mazda,Mazda2,1.5L 4-Cylinder,"1,500 cc",108.0,180.0,10.2 sec,142 Nm,Petrol,5.0,Silver,18500.0,Budget,car
CAR_1009,Mazda,Mazda2,1.5L 4-Cylinder,"1,500 cc",108.0,180.0,10.2 sec,142 Nm,Petrol,5.0,Green,18500.0,Budget,car
CAR_1010,Mazda,Mazda2,1.5L 4-Cylinder,"1,500 cc",108.0,180.0,10.2 sec,142 Nm,Petrol,5.0,Brown,18500.0,Budget,car
CAR_1011,Jeep,Wagoneer S (Electric),Dual Electric Motors,100 kWh,600.0,177.0,4.5 sec,850 Nm,Electric,5.0,Blue,80000.0,Luxury,car
CAR_1012,Jeep,Gladiator Mojave Edition,3.6L V6 Pentastar Gasoline,3600 cc,285.0,177.0,8.6 sec,353 Nm,Petrol,5.0,Red,51570.0,Mid-Range,car
CAR_1013,Jeep,Grand Cherokee Summit Reserve,5.7L V8 Gasoline,5700 cc,357.0,190.0,7.3 sec,529 Nm,Petrol,5.0,Blue,66575.0,Mid-Range,car
CAR_1014,Jeep,Jeep Cherokee X Edition,3.2L V6 Pentastar Gasoline,3200 cc,271.0,195.0,7.6 sec,324 Nm,Petrol,5.0,Silver,41295.0,Mid-Range,car
CAR_1015,Jeep,Wrangler 392,6.4L V8 HEMI Gasoline,6400 cc,470.0,160.0,4.5 sec,637 Nm,Petrol,4.0,Yellow,82495.0,Luxury,car
CAR_1016,Cadillac,Xt4,2.0L Turbo Inline-4 Gasoline,2000 cc,235.0,220.0,7.6 sec,350 Nm,Petrol,5.0,White,37490.0,Mid-Range,car
CAR_1017,Cadillac,Xt5,3.6L V6 Gasoline,3600 cc,310.0,210.0,6.5 sec,366 Nm,Petrol,5.0,Orange,44195.0,Mid-Range,car
CAR_1018,Cadillac,Xt5,3.6L V6 Gasoline,3600 cc,310.0,210.0,6.5 sec,366 Nm,Petrol,5.0,White,44195.0,Mid-Range,car
CAR_1019,Cadillac,Xt5,3.6L V6 Gasoline,3600 cc,310.0,210.0,6.5 sec,366 Nm,Petrol,5.0,Blue,44195.0,Mid-Range,car
CAR_1020,Cadillac,Xt6,3.6L V6 Gasoline,3600 cc,310.0,210.0,6.9 sec,366 Nm,Petrol,7.0,Black,48595.0,Mid-Range,car
CAR_1021,Cadillac,Lyriq Ev,Single Electric Motor,100 kWh,340.0,190.0,5.7 sec,440 Nm,Electric,5.0,Orange,58590.0,Mid-Range,car
CAR_1022,Cadillac,Escalade V,6.2L Supercharged V8 Gasoline,6200 cc,682.0,200.0,4.4 sec,885 Nm,Petrol,7.0,Brown,149990.0,Luxury,car
CAR_1023,Cadillac,Escalade Platinum,6.2L V8 Gasoline,6200 cc,420.0,210.0,6.8 sec,624 Nm,Petrol,7.0,Green,104595.0,Luxury,car
CAR_1024,Cadillac,Ct5-V Blackwing,6.2L Supercharged V8 Gasoline,6200 cc,668.0,320.0,3.4 sec,893 Nm,Petrol,5.0,Red,92000.0,Luxury,car
CAR_1025,Cadillac,Ct4-V Blackwing,3.6L Twin-Turbo V6 Gasoline,3600 cc,472.0,290.0,3.9 sec,603 Nm,Petrol,5.0,Yellow,60495.0,Mid-Range,car
CAR_1026,Cadillac,Ct4-V Blackwing,3.6L Twin-Turbo V6 Gasoline,3600 cc,472.0,290.0,3.9 sec,603 Nm,Petrol,5.0,Silver,60495.0,Mid-Range,car
CAR_1027,Cadillac,Ct4-V Blackwing,3.6L Twin-Turbo V6 Gasoline,3600 cc,472.0,290.0,3.9 sec,603 Nm,Petrol,5.0,White,60495.0,Mid-Range,car
CAR_1028,Cadillac,Xt4 Sport,2.0L Turbo Inline-4 Gasoline,2000 cc,235.0,220.0,7.4 sec,350 Nm,Petrol,5.0,Green,41390.0,Mid-Range,car
CAR_1029,Cadillac,Xt5 Sport,3.6L V6 Gasoline,3600 cc,310.0,210.0,6.5 sec,366 Nm,Petrol,5.0,Red,51095.0,Mid-Range,car
CAR_1030,Cadillac,Xt6 Sport,3.6L V6 Gasoline,3600 cc,310.0,210.0,6.9 sec,366 Nm,Petrol,7.0,Grey,57095.0,Mid-Range,car
CAR_1031,Cadillac,Xt6 Sport,3.6L V6 Gasoline,3600 cc,310.0,210.0,6.9 sec,366 Nm,Petrol,7.0,Yellow,57095.0,Mid-Range,car
CAR_1032,Cadillac,Xt6 Sport,3.6L V6 Gasoline,3600 cc,310.0,210.0,6.9 sec,366 Nm,Petrol,7.0,Brown,57095.0,Mid-Range,car
CAR_1033,Cadillac,Lyriq Launch Edition,Single Electric Motor,100 kWh,340.0,190.0,5.7 sec,440 Nm,Electric,5.0,White,59990.0,Mid-Range,car
CAR_1034,Cadillac,Lyriq Ev Premium,Dual Electric Motors,100 kWh,500.0,210.0,4.5 sec,620 Nm,Electric,5.0,Blue,64990.0,Mid-Range,car
CAR_1035,Cadillac,Ct5 Premium Luxury,2.0L Turbo Inline-4 Gasoline,2000 cc,237.0,240.0,6.8 sec,350 Nm,Petrol,5.0,Green,41290.0,Mid-Range,car
CAR_1036,Cadillac,Ct5 Premium Luxury,2.0L Turbo Inline-4 Gasoline,2000 cc,237.0,240.0,6.8 sec,350 Nm,Petrol,5.0,Silver,41290.0,Mid-Range,car
CAR_1037,Cadillac,Ct5 Premium Luxury,2.0L Turbo Inline-4 Gasoline,2000 cc,237.0,240.0,6.8 sec,350 Nm,Petrol,5.0,Red,41290.0,Mid-Range,car
CAR_1038,Chevrolet,Spark,1.4L Inline-4 Gasoline,1400 cc,98.0,180.0,10.7 sec,127 Nm,Petrol,5.0,Brown,14595.0,Budget,car
CAR_1039,Chevrolet,Spark,1.4L Inline-4 Gasoline,1400 cc,98.0,180.0,10.7 sec,127 Nm,Petrol,5.0,Grey,14595.0,Budget,car
CAR_1040,Chevrolet,Spark,1.4L Inline-4 Gasoline,1400 cc,98.0,180.0,10.7 sec,127 Nm,Petrol,5.0,Yellow,14595.0,Budget,car
CAR_1041,Chevrolet,Sonic,1.4L Turbo Inline-4 Gasoline,1400 cc,138.0,190.0,8.5 sec,200 Nm,Petrol,5.0,Silver,16720.0,Budget,car
CAR_1042,Chevrolet,Sonic,1.4L Turbo Inline-4 Gasoline,1400 cc,138.0,190.0,8.5 sec,200 Nm,Petrol,5.0,Green,16720.0,Budget,car
CAR_1043,Chevrolet,Sonic,1.4L Turbo Inline-4 Gasoline,1400 cc,138.0,190.0,8.5 sec,200 Nm,Petrol,5.0,Blue,16720.0,Budget,car
CAR_1044,Chevrolet,Malibu,1.5L Turbo Inline-4 Gasoline,1500 cc,160.0,210.0,8.0 sec,250 Nm,Petrol,5.0,Yellow,25000.0,Budget,car
CAR_1045,Chevrolet,Malibu,1.5L Turbo Inline-4 Gasoline,1500 cc,160.0,210.0,8.0 sec,250 Nm,Petrol,5.0,Grey,25000.0,Budget,car
CAR_1046,Chevrolet,Malibu,1.5L Turbo Inline-4 Gasoline,1500 cc,160.0,210.0,8.0 sec,250 Nm,Petrol,5.0,Blue,25000.0,Budget,car
CAR_1047,Chevrolet,Camaro,2.0L Turbo Inline-4 Gasoline,2000 cc,275.0,240.0,5.4 sec,400 Nm,Petrol,4.0,Red,26400.0,Budget,car
CAR_1048,Chevrolet,Corvette,6.2L V8 Gasoline,6200 cc,495.0,312.0,3.0 sec,637 Nm,Petrol,2.0,Grey,65895.0,Mid-Range,car
CAR_1049,Chevrolet,Traverse,3.6L V6 Gasoline,3600 cc,310.0,210.0,7.0 sec,360 Nm,Petrol,7.0,Yellow,35915.0,Mid-Range,car
CAR_1050,Chevrolet,Equinox,1.5L Turbo Inline-4 Gasoline,1500 cc,170.0,200.0,8.9 sec,275 Nm,Petrol,5.0,Yellow,26600.0,Budget,car
CAR_1051,Chevrolet,Blazer,3.6L V6 Gasoline,3600 cc,308.0,220.0,6.6 sec,366 Nm,Petrol,5.0,Green,44000.0,Mid-Range,car
CAR_1052,Chevrolet,Tahoe,5.3L V8 Gasoline,5300 cc,355.0,200.0,7.5 sec,519 Nm,Petrol,7.0,Silver,56995.0,Mid-Range,car
CAR_1053,Chevrolet,Suburban,5.3L V8 Gasoline,5300 cc,355.0,190.0,7.6 sec,519 Nm,Petrol,8.0,Green,59900.0,Mid-Range,car
CAR_1054,Chevrolet,Colorado,2.7L Turbo Inline-4 Gasoline,2700 cc,310.0,190.0,6.8 sec,583 Nm,Petrol,5.0,Yellow,30695.0,Mid-Range,car
CAR_1055,Chevrolet,Silverado 1500,5.3L V8 Gasoline,5300 cc,355.0,180.0,7.0 sec,519 Nm,Petrol,6.0,Yellow,42795.0,Mid-Range,car
CAR_1056,Chevrolet,Silverado 2500Hd,6.6L V8 Gasoline,6600 cc,401.0,170.0,8.0 sec,629 Nm,Petrol,6.0,Orange,41500.0,Mid-Range,car
CAR_1057,Chevrolet,Silverado 2500Hd,6.6L V8 Gasoline,6600 cc,401.0,170.0,8.0 sec,629 Nm,Petrol,6.0,White,41500.0,Mid-Range,car
CAR_1058,Chevrolet,Silverado 2500Hd,6.6L V8 Gasoline,6600 cc,401.0,170.0,8.0 sec,629 Nm,Petrol,6.0,Brown,41500.0,Mid-Range,car
CAR_1059,Chevrolet,Silverado 3500Hd,6.6L V8 Diesel,6600 cc,445.0,160.0,8.5 sec,1234 Nm,Diesel,6.0,Blue,45500.0,Mid-Range,car
CAR_1060,Chevrolet,Bolt Ev,Single Electric Motor,66 kWh,200.0,150.0,6.5 sec,360 Nm,Electric,5.0,Black,27495.0,Budget,car
CAR_1061,Chevrolet,Bolt Euv,Single Electric Motor,66 kWh,200.0,150.0,7.0 sec,360 Nm,Electric,5.0,Black,28795.0,Budget,car
CAR_1062,Chevrolet,Trailblazer,1.3L Turbo Inline-3 Gasoline,1300 cc,155.0,200.0,9.4 sec,236 Nm,Petrol,5.0,Red,23100.0,Budget,car
CAR_1063,Chevrolet,Malibu Premier,2.0L Turbo Inline-4 Gasoline,2000 cc,250.0,240.0,5.8 sec,353 Nm,Petrol,5.0,Orange,33500.0,Mid-Range,car
CAR_1064,Chevrolet,Camaro Zl1,6.2L Supercharged V8 Gasoline,6200 cc,650.0,318.0,3.5 sec,881 Nm,Petrol,4.0,Brown,67300.0,Mid-Range,car
CAR_1065,Chevrolet,Corvette Stingray,6.2L V8 Gasoline,6200 cc,495.0,312.0,3.0 sec,637 Nm,Petrol,2.0,Brown,65895.0,Mid-Range,car
CAR_1066,Chevrolet,Silverado 1500 High Country,5.3L V8 Gasoline,5300 cc,355.0,180.0,7.0 sec,519 Nm,Petrol,6.0,Yellow,61595.0,Mid-Range,car
CAR_1067,Chevrolet,Silverado 1500 Trail Boss,5.3L V8 Gasoline,5300 cc,355.0,180.0,7.0 sec,519 Nm,Petrol,6.0,Red,55895.0,Mid-Range,car
CAR_1068,Chevrolet,Silverado 1500 Rst,5.3L V8 Gasoline,5300 cc,355.0,180.0,7.1 sec,519 Nm,Petrol,6.0,White,50895.0,Mid-Range,car
CAR_1069,Chevrolet,Colorado Zr2,2.8L Turbo Diesel I4,2800 cc,181.0,160.0,9.1 sec,500 Nm,Diesel,5.0,Blue,48295.0,Mid-Range,car
CAR_1070,Chevrolet,Colorado Zr2,2.8L Turbo Diesel I4,2800 cc,181.0,160.0,9.1 sec,500 Nm,Diesel,5.0,Yellow,48295.0,Mid-Range,car
CAR_1071,Chevrolet,Colorado Zr2,2.8L Turbo Diesel I4,2800 cc,181.0,160.0,9.1 sec,500 Nm,Diesel,5.0,Grey,48295.0,Mid-Range,car
CAR_1072,Chevrolet,Traverse Premier,3.6L V6 Gasoline,3600 cc,310.0,210.0,7.0 sec,360 Nm,Petrol,7.0,Yellow,46600.0,Mid-Range,car
CAR_1073,Chevrolet,Equinox Premier,1.5L Turbo Inline-4 Gasoline,1500 cc,170.0,200.0,8.8 sec,275 Nm,Petrol,5.0,Blue,33400.0,Mid-Range,car
CAR_1074,Chevrolet,Blazer Rs,3.6L V6 Gasoline,3600 cc,308.0,220.0,6.6 sec,366 Nm,Petrol,5.0,Black,48900.0,Mid-Range,car
CAR_1075,Chevrolet,Bolt Ev 2Lt,Single Electric Motor,66 kWh,200.0,150.0,6.7 sec,360 Nm,Electric,5.0,White,28795.0,Budget,car
CAR_1076,Chevrolet,Bolt Ev 2Lt,Single Electric Motor,66 kWh,200.0,150.0,6.7 sec,360 Nm,Electric,5.0,Silver,28795.0,Budget,car
CAR_1077,Chevrolet,Bolt Ev 2Lt,Single Electric Motor,66 kWh,200.0,150.0,6.7 sec,360 Nm,Electric,5.0,Grey,28795.0,Budget,car
CAR_1078,Chevrolet,Camaro Ss,6.2L V8 Gasoline,6200 cc,455.0,290.0,4.3 sec,617 Nm,Petrol,4.0,Silver,43500.0,Mid-Range,car
CAR_1079,Chevrolet,Corvette Grand Sport,6.2L V8 Gasoline,6200 cc,460.0,290.0,3.9 sec,630 Nm,Petrol,2.0,Yellow,65900.0,Mid-Range,car
CAR_1080,Chevrolet,Traverse Rs,3.6L V6 Gasoline,3600 cc,310.0,210.0,7.0 sec,360 Nm,Petrol,7.0,Silver,43700.0,Mid-Range,car
CAR_1081,Chevrolet,Blazer Premier,3.6L V6 Gasoline,3600 cc,308.0,220.0,6.6 sec,366 Nm,Petrol,5.0,Black,45000.0,Mid-Range,car
CAR_1082,Chevrolet,Malibu Lt,1.5L Turbo Inline-4 Gasoline,1500 cc,160.0,210.0,8.5 sec,250 Nm,Petrol,5.0,Green,25800.0,Budget,car
CAR_1083,Chevrolet,Spark Activ,1.4L Inline-4 Gasoline,1400 cc,98.0,180.0,11.0 sec,127 Nm,Petrol,5.0,White,17595.0,Budget,car
CAR_1084,Chevrolet,Spark Activ,1.4L Inline-4 Gasoline,1400 cc,98.0,180.0,11.0 sec,127 Nm,Petrol,5.0,Brown,17595.0,Budget,car
CAR_1085,Chevrolet,Spark Activ,1.4L Inline-4 Gasoline,1400 cc,98.0,180.0,11.0 sec,127 Nm,Petrol,5.0,Silver,17595.0,Budget,car
CAR_1086,Chevrolet,Trax Lt,1.2L Turbo Inline-3 Gasoline,1200 cc,137.0,200.0,9.2 sec,220 Nm,Petrol,5.0,Blue,24100.0,Budget,car
CAR_1087,Chevrolet,Trax Lt,1.2L Turbo Inline-3 Gasoline,1200 cc,137.0,200.0,9.2 sec,220 Nm,Petrol,5.0,Grey,24100.0,Budget,car
CAR_1088,Chevrolet,Trax Lt,1.2L Turbo Inline-3 Gasoline,1200 cc,137.0,200.0,9.2 sec,220 Nm,Petrol,5.0,Yellow,24100.0,Budget,car
CAR_1089,Chevrolet,Equinox Lt,1.5L Turbo Inline-4 Gasoline,1500 cc,170.0,200.0,8.9 sec,275 Nm,Petrol,5.0,Red,28400.0,Budget,car
CAR_1090,Chevrolet,Silverado 3500Hd High Country,6.6L V8 Diesel,6600 cc,445.0,160.0,8.5 sec,1234 Nm,Diesel,6.0,Orange,75700.0,Luxury,car
CAR_1091,Chevrolet,Colorado Wt,2.7L Turbo Inline-4 Gasoline,2700 cc,310.0,190.0,6.9 sec,583 Nm,Petrol,5.0,Brown,29200.0,Budget,car
CAR_1092,Chevrolet,Suburban High Country,6.2L V8 Gasoline,6200 cc,420.0,200.0,7.0 sec,624 Nm,Petrol,8.0,Brown,82400.0,Luxury,car
CAR_1093,Chevrolet,Silverado Custom,4.3L V6 Gasoline,4300 cc,285.0,180.0,8.5 sec,413 Nm,Petrol,6.0,White,33900.0,Mid-Range,car
CAR_1094,Chevrolet,Spark Ls,1.4L Inline-4 Gasoline,1400 cc,98.0,180.0,10.9 sec,127 Nm,Petrol,5.0,White,14395.0,Budget,car
CAR_1095,Chevrolet,Spark Ls,1.4L Inline-4 Gasoline,1400 cc,98.0,180.0,10.9 sec,127 Nm,Petrol,5.0,Silver,14395.0,Budget,car
CAR_1096,Chevrolet,Spark Ls,1.4L Inline-4 Gasoline,1400 cc,98.0,180.0,10.9 sec,127 Nm,Petrol,5.0,Blue,14395.0,Budget,car
CAR_1097,Chevrolet,Traverse Lt,3.6L V6 Gasoline,3600 cc,310.0,210.0,7.1 sec,360 Nm,Petrol,7.0,Orange,37200.0,Mid-Range,car
CAR_1098,Chevrolet,Blazer Lt,2.5L Inline-4 Gasoline,2500 cc,193.0,200.0,9.0 sec,255 Nm,Petrol,5.0,Brown,36100.0,Mid-Range,car
CAR_1099,Chevrolet,Malibu Premier,2.0L Turbo Inline-4 Gasoline,2000 cc,250.0,240.0,5.8 sec,353 Nm,Petrol,5.0,Orange,34500.0,Mid-Range,car
CAR_1100,Chevrolet,Equinox Rs,1.5L Turbo Inline-4 Gasoline,1500 cc,170.0,200.0,8.8 sec,275 Nm,Petrol,5.0,Yellow,31900.0,Mid-Range,car
CAR_1101,Chevrolet,Silverado 1500 Custom,4.3L V6 Gasoline,4300 cc,285.0,180.0,8.6 sec,413 Nm,Petrol,6.0,Orange,34900.0,Mid-Range,car
CAR_1102,Chevrolet,Silverado 2500Hd Ltz,6.6L V8 Diesel,6600 cc,445.0,160.0,8.4 sec,1234 Nm,Diesel,6.0,Red,56400.0,Mid-Range,car
CAR_1103,Chevrolet,Tahoe Rst,5.3L V8 Gasoline,5300 cc,355.0,180.0,7.4 sec,519 Nm,Petrol,7.0,Brown,64100.0,Mid-Range,car
CAR_1104,Chevrolet,Suburban Lt,5.3L V8 Gasoline,5300 cc,355.0,180.0,5.1 sec,519 Nm,Petrol,8.0,Silver,64400.0,Mid-Range,car
CAR_1105,Chevrolet,Bolt Ev Premier,Single Electric Motor,66 kWh,200.0,150.0,6.5 sec,360 Nm,Electric,5.0,Yellow,31700.0,Mid-Range,car
CAR_1106,Chevrolet,Tahoe Ls,5.3L V8 Gasoline,5300 cc,355.0,180.0,7.5 sec,519 Nm,Petrol,8.0,Yellow,56995.0,Mid-Range,car
CAR_1107,Chevrolet,Tahoe Lt,5.3L V8 Gasoline,5300 cc,355.0,180.0,7.4 sec,519 Nm,Petrol,8.0,Grey,62495.0,Mid-Range,car
CAR_1108,Chevrolet,Tahoe Z71,5.3L V8 Gasoline,5300 cc,355.0,180.0,7.6 sec,519 Nm,Petrol,7.0,Black,66700.0,Mid-Range,car
CAR_1109,Chevrolet,Tahoe Z71,5.3L V8 Gasoline,5300 cc,355.0,180.0,7.6 sec,519 Nm,Petrol,7.0,Red,66700.0,Mid-Range,car
CAR_1110,Chevrolet,Tahoe Z71,5.3L V8 Gasoline,5300 cc,355.0,180.0,7.6 sec,519 Nm,Petrol,7.0,Grey,66700.0,Mid-Range,car
CAR_1111,Chevrolet,Tahoe Premier,6.2L V8 Gasoline,6200 cc,420.0,200.0,6.8 sec,624 Nm,Petrol,7.0,Red,71600.0,Luxury,car
CAR_1112,Chevrolet,Tahoe High Country,6.2L V8 Gasoline,6200 cc,420.0,200.0,6.7 sec,624 Nm,Petrol,7.0,Orange,76700.0,Luxury,car
CAR_1113,Chevrolet,Tahoe Midnight Edition,5.3L V8 Gasoline,5300 cc,355.0,180.0,7.5 sec,519 Nm,Petrol,8.0,Red,65500.0,Mid-Range,car
CAR_1114,Chevrolet,Tahoe Sport Edition,6.2L V8 Gasoline,6200 cc,420.0,200.0,6.8 sec,624 Nm,Petrol,7.0,Blue,70000.0,Luxury,car
CAR_1115,Gmc,Terrain,1.5L Turbo 4-cylinder,1500 cc,175.0,190.0,9.5 sec,275 Nm,Petrol,5.0,Orange,29900.0,Budget,car
CAR_1116,Gmc,Acadia,2.0L Turbo 4-cylinder,2000 cc,228.0,200.0,7.8 sec,350 Nm,Petrol,7.0,Red,36800.0,Mid-Range,car
CAR_1117,Gmc,Yukon,5.3L V8 Gasoline,5300 cc,355.0,180.0,7.4 sec,519 Nm,Petrol,8.0,Red,57400.0,Mid-Range,car
CAR_1118,Gmc,Yukon Xl,6.2L V8 Gasoline,6200 cc,420.0,200.0,6.9 sec,624 Nm,Petrol,8.0,Grey,61100.0,Mid-Range,car
CAR_1119,Gmc,Canyon,2.7L Turbo 4-cylinder,2700 cc,310.0,190.0,7.6 sec,583 Nm,Petrol,5.0,Brown,36900.0,Mid-Range,car
CAR_1120,Gmc,Sierra 1500,5.3L V8 Gasoline,5300 cc,355.0,180.0,7.3 sec,519 Nm,Petrol,6.0,Green,37100.0,Mid-Range,car
CAR_1121,Gmc,Sierra 2500Hd,6.6L V8 Diesel,6600 cc,401.0,175.0,7.5 sec,629 Nm,Diesel,6.0,Black,43900.0,Mid-Range,car
CAR_1122,Gmc,Sierra 3500Hd,6.6L V8 Diesel,6600 cc,445.0,175.0,7.4 sec,1234 Nm,Diesel,6.0,Red,49000.0,Mid-Range,car
CAR_1123,Gmc,Hummer Ev Pickup,Dual-Motor Electric,212 kWh,625.0,170.0,3.0 sec,1000+ Nm,Electric,5.0,Red,108700.0,Luxury,car
CAR_1124,Gmc,Hummer Ev Pickup,Dual-Motor Electric,212 kWh,625.0,170.0,3.0 sec,1000+ Nm,Electric,5.0,Brown,108700.0,Luxury,car
CAR_1125,Gmc,Hummer Ev Pickup,Dual-Motor Electric,212 kWh,625.0,170.0,3.0 sec,1000+ Nm,Electric,5.0,White,108700.0,Luxury,car
CAR_1126,Gmc,Hummer Ev Suv,Dual-Motor Electric,212 kWh,625.0,170.0,3.5 sec,1000+ Nm,Electric,5.0,Green,105600.0,Luxury,car
CAR_1127,Gmc,Yukon Denali,6.2L V8 Gasoline,6200 cc,420.0,200.0,6.8 sec,624 Nm,Petrol,8.0,Silver,72800.0,Luxury,car
CAR_1128,Gmc,Yukon Denali,6.2L V8 Gasoline,6200 cc,420.0,200.0,6.8 sec,624 Nm,Petrol,8.0,Brown,72800.0,Luxury,car
CAR_1129,Gmc,Yukon Denali,6.2L V8 Gasoline,6200 cc,420.0,200.0,6.8 sec,624 Nm,Petrol,8.0,Grey,72800.0,Luxury,car
CAR_1130,Gmc,Sierra Denali,6.2L V8 Gasoline,6200 cc,420.0,190.0,6.7 sec,624 Nm,Petrol,6.0,Blue,66800.0,Mid-Range,car
CAR_1131,Gmc,Terrain At4,1.5L Turbo 4-cylinder,1500 cc,175.0,190.0,9.6 sec,275 Nm,Petrol,5.0,Yellow,36500.0,Mid-Range,car
CAR_1132,Gmc,Acadia At4,3.6L V6 Gasoline,3600 cc,310.0,210.0,7.6 sec,366 Nm,Petrol,6.0,Green,41400.0,Mid-Range,car
CAR_1133,Gmc,Sierra 1500 At4,5.3L V8 Gasoline,5300 cc,355.0,180.0,7.4 sec,519 Nm,Petrol,6.0,Green,53800.0,Mid-Range,car
CAR_1134,Gmc,Sierra 2500Hd Denali,6.6L V8 Diesel,6600 cc,401.0,175.0,7.5 sec,1234 Nm,Diesel,6.0,Red,72200.0,Luxury,car
CAR_1135,Gmc,Sierra Elevation,2.7L Turbo 4-cylinder,2700 cc,310.0,190.0,7.6 sec,583 Nm,Petrol,5.0,Black,45000.0,Mid-Range,car
CAR_1136,Gmc,Canyon At4,2.7L Turbo 4-cylinder,2700 cc,310.0,190.0,7.5 sec,583 Nm,Petrol,5.0,White,43900.0,Mid-Range,car
CAR_1137,Gmc,Canyon At4,2.7L Turbo 4-cylinder,2700 cc,310.0,190.0,7.5 sec,583 Nm,Petrol,5.0,Orange,43900.0,Mid-Range,car
CAR_1138,Gmc,Canyon At4,2.7L Turbo 4-cylinder,2700 cc,310.0,190.0,7.5 sec,583 Nm,Petrol,5.0,Green,43900.0,Mid-Range,car
CAR_1139,Gmc,Canyon Denali,2.7L Turbo 4-cylinder,2700 cc,310.0,190.0,7.5 sec,583 Nm,Petrol,5.0,Green,48000.0,Mid-Range,car
CAR_1140,Gmc,Yukon Xl Denali Ultimate,6.2L V8 Gasoline,6200 cc,420.0,200.0,6.7 sec,624 Nm,Petrol,8.0,Red,93800.0,Luxury,car
CAR_1141,Gmc,Terrain Denali,1.5L Turbo 4-cylinder,1500 cc,175.0,190.0,9.5 sec,275 Nm,Petrol,5.0,Brown,38600.0,Mid-Range,car
CAR_1142,Gmc,Acadia Denali,3.6L V6 engine,"3,564 cc",310.0,210.0,6.5 sec,366 Nm,Petrol,7.0,Black,54300.0,Mid-Range,car
CAR_1143,Gmc,Yukon At4,5.3L V8 engine,"5,327 cc",355.0,210.0,7.1 sec,519 Nm,Petrol,8.0,Yellow,71505.0,Luxury,car
CAR_1144,Gmc,Yukon Xl At4,5.3L V8 engine,"5,327 cc",355.0,210.0,7.3 sec,519 Nm,Petrol,8.0,White,73305.0,Luxury,car
CAR_1145,Gmc,Sierra 1500 Elevation,2.7L Turbo engine,"2,713 cc",310.0,180.0,7.0 sec,569 Nm,Petrol,5.0,Yellow,52000.0,Mid-Range,car
CAR_1146,Gmc,Sierra 1500 Slt,5.3L V8 engine,"5,327 cc",355.0,180.0,6.8 sec,519 Nm,Petrol,5.0,Green,56000.0,Mid-Range,car
CAR_1147,Gmc,Sierra 2500Hd At4,6.6L V8 engine,"6,600 cc",401.0,170.0,7.5 sec,629 Nm,Petrol,5.0,Silver,70000.0,Luxury,car
CAR_1148,Gmc,Sierra 3500Hd At4,6.6L V8 engine,"6,600 cc",401.0,170.0,7.7 sec,629 Nm,Petrol,5.0,Red,72000.0,Luxury,car
CAR_1149,Gmc,Canyon Elevation,2.5L I4 engine,"2,488 cc",200.0,175.0,8.5 sec,259 Nm,Petrol,5.0,Red,36300.0,Mid-Range,car
CAR_1150,Gmc,Canyon Elevation,2.5L I4 engine,"2,488 cc",200.0,175.0,8.5 sec,259 Nm,Petrol,5.0,White,36300.0,Mid-Range,car
CAR_1151,Gmc,Canyon Elevation,2.5L I4 engine,"2,488 cc",200.0,175.0,8.5 sec,259 Nm,Petrol,5.0,Blue,36300.0,Mid-Range,car
CAR_1152,Gmc,Canyon Denali Black Edition,3.6L V6 engine,"3,564 cc",308.0,180.0,6.9 sec,373 Nm,Petrol,5.0,Black,44000.0,Mid-Range,car
CAR_1153,Gmc,Sierra 1500 Denali Ultimate,6.2L V8 engine,"6,162 cc",420.0,200.0,5.8 sec,624 Nm,Petrol,5.0,Grey,80000.0,Luxury,car
CAR_1154,Gmc,Sierra 1500 Denali Ultimate,6.2L V8 engine,"6,162 cc",420.0,200.0,5.8 sec,624 Nm,Petrol,5.0,Green,80000.0,Luxury,car
CAR_1155,Gmc,Sierra 1500 Denali Ultimate,6.2L V8 engine,"6,162 cc",420.0,200.0,5.8 sec,624 Nm,Petrol,5.0,White,80000.0,Luxury,car
CAR_1156,Gmc,Yukon Xl Denali Reserve,6.2L V8 engine,"6,162 cc",420.0,210.0,6.0 sec,624 Nm,Petrol,7.0,Black,82000.0,Luxury,car
CAR_1157,Gmc,Terrain Elevation Edition,1.5L Turbocharged I4 engine,"1,490 cc",170.0,200.0,9.3 sec,275 Nm,Petrol,5.0,Yellow,28700.0,Budget,car
CAR_1158,Gmc,Acadia Black Edition,3.6L V6 engine,"3,564 cc",310.0,210.0,6.5 sec,366 Nm,Petrol,7.0,Brown,45000.0,Mid-Range,car
CAR_1159,Gmc,Hummer Ev Suv Edition 1,"Electric motors with up to 11,500 lb-ft torque",200 kWh,830.0,170.0,3.5 sec,"15,590 Nm",Electric,5.0,Yellow,96550.0,Luxury,car
CAR_1160,Gmc,Hummer Ev Pickup Edition 1,"Electric motors with up to 11,500 lb-ft torque",200 kWh,1.0,170.0,3.0 sec,"15,590 Nm",Electric,5.0,Green,96550.0,Luxury,car
CAR_1161,Gmc,Sierra Denali Carbonpro,6.2L V8 engine,"6,162 cc",420.0,200.0,5.8 sec,624 Nm,Petrol,5.0,Yellow,65000.0,Mid-Range,car
CAR_1162,Gmc,Yukon Denali Performance,6.2L V8 engine,"6,162 cc",420.0,210.0,6.0 sec,624 Nm,Petrol,8.0,Green,76805.0,Luxury,car
CAR_1163,Gmc,Sierra 2500Hd Denali Black Edition,6.6L V8 engine,"6,600 cc",401.0,170.0,7.5 sec,629 Nm,Petrol,5.0,White,75000.0,Luxury,car
CAR_1164,Gmc,Canyon At4X,3.6L V6 engine,"3,564 cc",308.0,180.0,6.9 sec,373 Nm,Petrol,5.0,Blue,50000.0,Mid-Range,car
CAR_1165,Gmc,Canyon At4X,3.6L V6 engine,"3,564 cc",308.0,180.0,6.9 sec,373 Nm,Petrol,5.0,Red,50000.0,Mid-Range,car
CAR_1166,Gmc,Canyon At4X,3.6L V6 engine,"3,564 cc",308.0,180.0,6.9 sec,373 Nm,Petrol,5.0,Silver,50000.0,Mid-Range,car
CAR_1167,Gmc,Yukon Xl Slt,5.3L V8 engine,"5,327 cc",355.0,210.0,7.3 sec,519 Nm,Petrol,8.0,Silver,65000.0,Mid-Range,car
CAR_1168,Gmc,Sierra 1500 Pro,4.3L V6 engine,"4,300 cc",285.0,180.0,7.5 sec,413 Nm,Petrol,3.0,Black,37700.0,Mid-Range,car
CAR_1169,Gmc,Sierra 2500Hd Pro,6.6L V8 engine,"6,600 cc",401.0,170.0,7.7 sec,629 Nm,Petrol,3.0,Silver,60000.0,Mid-Range,car
CAR_1170,Gmc,Sierra 3500Hd Pro,6.6L V8 engine,"6,600 cc",401.0,170.0,7.8 sec,629 Nm,Petrol,3.0,Yellow,62000.0,Mid-Range,car
CAR_1171,Gmc,Terrain Slt,1.5L Turbocharged I4 engine,"1,490 cc",170.0,200.0,9.4 sec,275 Nm,Petrol,5.0,Brown,31000.0,Mid-Range,car
CAR_1172,Gmc,Acadia Sle,3.6L V6 engine,"3,564 cc",310.0,210.0,6.6 sec,366 Nm,Petrol,7.0,Blue,40000.0,Mid-Range,car
CAR_1173,Gmc,Canyon Slt,2.5L I4 engine,"2,488 cc",200.0,175.0,8.6 sec,259 Nm,Petrol,5.0,Grey,38000.0,Mid-Range,car
CAR_1174,Gmc,Yukon Xl Elevation,5.3L V8 engine,"5,327 cc",355.0,210.0,7.4 sec,519 Nm,Petrol,8.0,Grey,75000.0,Luxury,car
CAR_1175,Gmc,Sierra 1500 At4X,6.2L V8 engine,"6,162 cc",420.0,200.0,5.9 sec,624 Nm,Petrol,5.0,Brown,82000.0,Luxury,car
CAR_1176,Gmc,Hummer Ev Suv Extreme Off-Road,"Electric motors with up to 11,500 lb-ft torque",200 kWh,830.0,170.0,3.6 sec,"15,590 Nm",Electric,5.0,Grey,110000.0,Luxury,car
CAR_1177,Gmc,Hummer Ev Suv Extreme Off-Road,"Electric motors with up to 11,500 lb-ft torque",200 kWh,830.0,170.0,3.6 sec,"15,590 Nm",Electric,5.0,Orange,110000.0,Luxury,car
CAR_1178,Gmc,Hummer Ev Suv Extreme Off-Road,"Electric motors with up to 11,500 lb-ft torque",200 kWh,830.0,170.0,3.6 sec,"15,590 Nm",Electric,5.0,Brown,110000.0,Luxury,car
CAR_1179,Gmc,Sierra Ev Denali,Electric motors with advanced AWD,200 kWh,754.0,170.0,4.5 sec,"1,064 Nm",Electric,5.0,Red,108700.0,Luxury,car
CAR_1180,Gmc,Hummer Ev Omega Edition,"Electric motors with up to 11,500 lb-ft torque",200 kWh,1.0,170.0,3.0 sec,"15,590 Nm",Electric,5.0,White,112700.0,Luxury,car
CAR_1181,Gmc,Canyon At4X Edition 1,3.6L V6 engine,"3,564 cc",308.0,180.0,6.8 sec,373 Nm,Petrol,5.0,White,55000.0,Mid-Range,car
CAR_1182,Gmc,Yukon Denali Ultimate Black,6.2L V8 engine,"6,162 cc",420.0,210.0,6.0 sec,624 Nm,Petrol,8.0,Green,90000.0,Luxury,car
CAR_1183,Gmc,Sierra Hd Denali Reserve,6.6L V8 engine,"6,600 cc",401.0,170.0,7.5 sec,629 Nm,Petrol,5.0,Orange,85000.0,Luxury,car
CAR_1184,Gmc,Sierra Hd Denali Reserve,6.6L V8 engine,"6,600 cc",401.0,170.0,7.5 sec,629 Nm,Petrol,5.0,Silver,85000.0,Luxury,car
CAR_1185,Gmc,Sierra Hd Denali Reserve,6.6L V8 engine,"6,600 cc",401.0,170.0,7.5 sec,629 Nm,Petrol,5.0,Yellow,85000.0,Luxury,car
CAR_1186,Gmc,Acadia Denali Ultimate,3.6L V6 engine,"3,564 cc",310.0,210.0,6.5 sec,366 Nm,Petrol,7.0,Black,60000.0,Mid-Range,car
CAR_1187,Gmc,Terrain All-Terrain Edition,1.5L Turbocharged I4 engine,"1,490 cc",170.0,200.0,9.3 sec,275 Nm,Petrol,5.0,White,35000.0,Mid-Range,car
CAR_1188,Gmc,Yukon Trailering Edition,5.3L V8 engine,"5,327 cc",355.0,210.0,7.5 sec,519 Nm,Petrol,8.0,Green,78000.0,Luxury,car
CAR_1189,Gmc,Hummer Ev Adventure Series,"Electric motors with up to 11,500 lb-ft torque",200 kWh,830.0,170.0,3.6 sec,"15,590 Nm",Electric,5.0,Red,105000.0,Luxury,car
CAR_1190,Kia,Rio,1.6L 4-Cylinder,1591 cc,120.0,180.0,10.3 sec,151 Nm,Petrol,5.0,White,17000.0,Budget,car
CAR_1191,Kia,Rio 5-Door,1.6L 4-Cylinder,1591 cc,120.0,180.0,10.3 sec,151 Nm,Petrol,5.0,Red,18000.0,Budget,car
CAR_1192,Kia,Seltos Nightfall Edition,1.6L Turbocharged 4-Cylinder,1591 cc,175.0,210.0,7.5 sec,264 Nm,Petrol,5.0,Orange,28000.0,Budget,car
CAR_1193,Peugeot,508 Pse (Peugeot Sport Engineered),Hybrid I4 + Electric Motor,"1,599 cc (petrol) + Electric Motor",360.0,250.0,5.2 sec,520 Nm,Hybrid,5.0,Silver,55000.0,Mid-Range,car
CAR_1194,Kia,Sorento X-Line,2.5L Turbocharged 4-Cylinder,2500 cc,277.0,220.0,7.0 sec,421 Nm,Petrol,7.0,Green,42000.0,Mid-Range,car
CAR_1195,Kia,Sorento X-Line,2.5L Turbocharged 4-Cylinder,2500 cc,277.0,220.0,7.0 sec,421 Nm,Petrol,7.0,White,42000.0,Mid-Range,car
CAR_1196,Kia,Sorento X-Line,2.5L Turbocharged 4-Cylinder,2500 cc,277.0,220.0,7.0 sec,421 Nm,Petrol,7.0,Red,42000.0,Mid-Range,car
CAR_1197,Kia,Telluride Sx,3.8L V6,3778 cc,291.0,240.0,7.0 sec,355 Nm,Petrol,7.0,Grey,50000.0,Mid-Range,car
CAR_1198,Kia,Forte Lxs,2.0L 4-Cylinder,1999 cc,147.0,190.0,9.2 sec,179 Nm,Petrol,5.0,White,19000.0,Budget,car
CAR_1199,Kia,K5 Ex,1.6L Turbocharged 4-Cylinder,1591 cc,180.0,220.0,7.8 sec,264 Nm,Petrol,5.0,White,28500.0,Budget,car
CAR_1200,Kia,Niro Plug-In Hybrid,1.6L 4-Cylinder Hybrid,1591 cc,139.0,180.0,10.5 sec,265 Nm,Hybrid,5.0,Black,33000.0,Mid-Range,car
CAR_1201,Kia,Ev6 Wind,Electric Motor,77.4 kWh,225.0,190.0,5.2 sec,350 Nm,Electric,5.0,Blue,50000.0,Mid-Range,car
CAR_1202,Kia,Soul Turbo,1.6L Turbocharged 4-Cylinder,1591 cc,201.0,200.0,6.5 sec,264 Nm,Petrol,5.0,Silver,28000.0,Budget,car
CAR_1203,Kia,Soul Turbo,1.6L Turbocharged 4-Cylinder,1591 cc,201.0,200.0,6.5 sec,264 Nm,Petrol,5.0,Red,28000.0,Budget,car
CAR_1204,Kia,Soul Turbo,1.6L Turbocharged 4-Cylinder,1591 cc,201.0,200.0,6.5 sec,264 Nm,Petrol,5.0,White,28000.0,Budget,car
CAR_1205,Kia,Seltos Sx,1.6L Turbocharged 4-Cylinder,1591 cc,175.0,210.0,7.5 sec,264 Nm,Petrol,5.0,Blue,28500.0,Budget,car
CAR_1206,Kia,Stinger Scorpion Edition,2.5L Turbocharged 4-Cylinder,2500 cc,300.0,270.0,5.0 sec,422 Nm,Petrol,5.0,Red,55000.0,Mid-Range,car
CAR_1207,Kia,Sorento Hybrid Sx Prestige,1.6L Hybrid Turbocharged 4-Cylinder,1591 cc,227.0,200.0,7.9 sec,352 Nm,Hybrid,7.0,White,47000.0,Mid-Range,car
CAR_1208,Kia,Carnival Ex,3.5L V6,3500 cc,290.0,220.0,8.0 sec,355 Nm,Petrol,8.0,Yellow,42500.0,Mid-Range,car
CAR_1209,Kia,Telluride Nightfall Edition,3.8L V6,3778 cc,291.0,240.0,7.0 sec,355 Nm,Petrol,7.0,Silver,51000.0,Mid-Range,car
CAR_1210,Peugeot,508 Plug-In Hybrid,Hybrid I4 + Electric Motor,"1,598 cc (petrol) + Electric Motor",225.0,210.0,7.5 sec,360 Nm,Hybrid,5.0,White,44000.0,Mid-Range,car
CAR_1211,Kia,Ev6 First Edition,Electric Motor,77.4 kWh,320.0,230.0,5.0 sec,450 Nm,Electric,5.0,Black,58000.0,Mid-Range,car
CAR_1212,Kia,Niro Touring,1.6L 4-Cylinder Hybrid,1591 cc,139.0,180.0,10.5 sec,265 Nm,Hybrid,5.0,Green,33000.0,Mid-Range,car
CAR_1213,Kia,Niro Touring,1.6L 4-Cylinder Hybrid,1591 cc,139.0,180.0,10.5 sec,265 Nm,Hybrid,5.0,Silver,33000.0,Mid-Range,car
CAR_1214,Kia,Niro Touring,1.6L 4-Cylinder Hybrid,1591 cc,139.0,180.0,10.5 sec,265 Nm,Hybrid,5.0,Orange,33000.0,Mid-Range,car
CAR_1215,Kia,Forte Gt-Line,1.6L Turbocharged 4-Cylinder,1591 cc,201.0,200.0,6.5 sec,264 Nm,Petrol,5.0,Orange,25000.0,Budget,car
CAR_1216,Kia,Seltos Ex,2.0L 4-Cylinder,1999 cc,146.0,190.0,9.0 sec,179 Nm,Petrol,5.0,Grey,23500.0,Budget,car
CAR_1217,Peugeot,3008 Plug-In Hybrid,Hybrid I4 + Electric Motor,"1,598 cc (petrol) + Electric Motor",225.0,210.0,7.0 sec,360 Nm,Hybrid,5.0,Red,42000.0,Mid-Range,car
CAR_1218,Peugeot,3008 Plug-In Hybrid,Hybrid I4 + Electric Motor,"1,598 cc (petrol) + Electric Motor",225.0,210.0,7.0 sec,360 Nm,Hybrid,5.0,White,42000.0,Mid-Range,car
CAR_1219,Peugeot,3008 Plug-In Hybrid,Hybrid I4 + Electric Motor,"1,598 cc (petrol) + Electric Motor",225.0,210.0,7.0 sec,360 Nm,Hybrid,5.0,Blue,42000.0,Mid-Range,car
CAR_1220,Kia,Sorento Lx,2.5L 4-Cylinder,2500 cc,191.0,210.0,8.5 sec,246 Nm,Petrol,7.0,Orange,35500.0,Mid-Range,car
CAR_1221,Kia,Telluride Ex,3.8L V6,3778 cc,291.0,240.0,7.0 sec,355 Nm,Petrol,7.0,Silver,44000.0,Mid-Range,car
CAR_1222,Kia,Soul Ex,2.0L 4-Cylinder,1999 cc,147.0,190.0,9.5 sec,179 Nm,Petrol,5.0,Orange,22000.0,Budget,car
CAR_1223,Kia,Forte Fe,2.0L 4-Cylinder,1999 cc,147.0,190.0,9.2 sec,179 Nm,Petrol,5.0,White,18500.0,Budget,car
CAR_1224,Kia,K5 Gt-Line,1.6L Turbocharged 4-Cylinder,1591 cc,180.0,220.0,7.8 sec,264 Nm,Petrol,5.0,Blue,29000.0,Budget,car
CAR_1225,Kia,K5 Gt-Line,1.6L Turbocharged 4-Cylinder,1591 cc,180.0,220.0,7.8 sec,264 Nm,Petrol,5.0,White,29000.0,Budget,car
CAR_1226,Kia,K5 Gt-Line,1.6L Turbocharged 4-Cylinder,1591 cc,180.0,220.0,7.8 sec,264 Nm,Petrol,5.0,Yellow,29000.0,Budget,car
CAR_1227,Kia,Carnival Lxs,3.5L V6,3500 cc,290.0,220.0,8.0 sec,355 Nm,Petrol,8.0,Blue,39500.0,Mid-Range,car
CAR_1228,Kia,Ev6 Light,Electric Motor,77.4 kWh,225.0,190.0,5.2 sec,350 Nm,Electric,5.0,Red,46000.0,Mid-Range,car
CAR_1229,Kia,Niro Ex,1.6L 4-Cylinder Hybrid,1591 cc,139.0,180.0,10.5 sec,265 Nm,Hybrid,5.0,Grey,30000.0,Mid-Range,car
CAR_1230,Kia,Stinger Gt,3.3L Turbocharged V6,3300 cc,365.0,270.0,4.7 sec,510 Nm,Petrol,5.0,Orange,51500.0,Mid-Range,car
CAR_1231,Kia,Sorento Sx Prestige,2.5L Hybrid Turbocharged 4-Cylinder,1591 cc,227.0,200.0,7.9 sec,352 Nm,Hybrid,7.0,Black,48000.0,Mid-Range,car
CAR_1232,Kia,Telluride Sx Prestige,3.8L V6,3778 cc,291.0,240.0,7.0 sec,355 Nm,Petrol,7.0,Grey,52000.0,Mid-Range,car
CAR_1233,Peugeot,508 Hybrid4,Hybrid I4 + Electric Motor,"1,598 cc (petrol) + Electric Motor",300.0,235.0,6.0 sec,520 Nm,Hybrid,5.0,Blue,47000.0,Mid-Range,car
CAR_1234,Kia,Ev6 Gt Performance,Electric Motor,77.4 kWh,577.0,260.0,3.5 sec,740 Nm,Electric,5.0,Red,65000.0,Mid-Range,car
CAR_1235,Kia,Niro Sx Touring,1.6L 4-Cylinder Hybrid,1591 cc,139.0,180.0,10.5 sec,265 Nm,Hybrid,5.0,Green,34500.0,Mid-Range,car
CAR_1236,Kia,Carnival Sx Prestige,3.5L V6,3500 cc,290.0,220.0,8.0 sec,355 Nm,Petrol,8.0,Silver,47000.0,Mid-Range,car
CAR_1237,Kia,Seltos Sx Turbo,1.6L Turbocharged 4-Cylinder,1591 cc,175.0,210.0,7.5 sec,264 Nm,Petrol,5.0,White,32000.0,Mid-Range,car
CAR_1238,Kia,Seltos Sx Turbo,1.6L Turbocharged 4-Cylinder,1591 cc,175.0,210.0,7.5 sec,264 Nm,Petrol,5.0,Black,32000.0,Mid-Range,car
CAR_1239,Kia,Seltos Sx Turbo,1.6L Turbocharged 4-Cylinder,1591 cc,175.0,210.0,7.5 sec,264 Nm,Petrol,5.0,Grey,32000.0,Mid-Range,car
CAR_1240,Kia,Forte Ex Premium,2.0L 4-Cylinder,1999 cc,147.0,190.0,9.2 sec,179 Nm,Petrol,5.0,Green,22500.0,Budget,car
CAR_1241,Kia,Soul Ex Designer Edition,2.0L 4-Cylinder,1999 cc,147.0,190.0,9.5 sec,179 Nm,Petrol,5.0,White,23500.0,Budget,car
CAR_1242,Kia,Rio S,1.6L 4-Cylinder,1591 cc,120.0,180.0,10.3 sec,151 Nm,Petrol,5.0,Brown,17500.0,Budget,car
CAR_1243,Kia,Rio 5-Door S,1.6L 4-Cylinder,1591 cc,120.0,180.0,10.3 sec,151 Nm,Petrol,5.0,Black,18000.0,Budget,car
CAR_1244,Kia,Soul S,2.0L 4-Cylinder,1999 cc,147.0,190.0,9.5 sec,179 Nm,Petrol,5.0,Blue,20500.0,Budget,car
CAR_1245,Kia,Soul S,2.0L 4-Cylinder,1999 cc,147.0,190.0,9.5 sec,179 Nm,Petrol,5.0,Green,20500.0,Budget,car
CAR_1246,Kia,Soul S,2.0L 4-Cylinder,1999 cc,147.0,190.0,9.5 sec,179 Nm,Petrol,5.0,Brown,20500.0,Budget,car
CAR_1247,Kia,Seltos Lx,2.0L 4-Cylinder,1999 cc,146.0,190.0,9.2 sec,179 Nm,Petrol,5.0,Yellow,23000.0,Budget,car
CAR_1248,Kia,Seltos Lx,2.0L 4-Cylinder,1999 cc,146.0,190.0,9.2 sec,179 Nm,Petrol,5.0,Red,23000.0,Budget,car
CAR_1249,Kia,Seltos Lx,2.0L 4-Cylinder,1999 cc,146.0,190.0,9.2 sec,179 Nm,Petrol,5.0,Grey,23000.0,Budget,car
CAR_1250,Peugeot,3008 Hybrid4,Hybrid I4+ Electric Motor,"1,599 cc (Petrol) + Electric Motor",300.0,235.0,6.0 sec,520 Nm,Hybrid,5.0,Grey,45000.0,Mid-Range,car
CAR_1251,Kia,Sorento Hybrid Ex,1.6L Hybrid Turbocharged 4-Cylinder,1591 cc,227.0,200.0,7.9 sec,352 Nm,Hybrid,7.0,Brown,47000.0,Mid-Range,car
CAR_1252,Kia,Telluride Lx,3.8L V6,3778 cc,291.0,240.0,7.0 sec,355 Nm,Petrol,7.0,White,41500.0,Mid-Range,car
CAR_1253,Kia,Carnival Mpv Ex,3.5L V6,3500 cc,290.0,220.0,8.0 sec,355 Nm,Petrol,8.0,Yellow,43500.0,Mid-Range,car
CAR_1254,Kia,Ev6 Awd Gt-Line,Electric Motor,77.4 kWh,320.0,230.0,5.0 sec,450 Nm,Electric,5.0,Blue,60000.0,Mid-Range,car
CAR_1255,Kia,Forte Gt Turbo,1.6L Turbocharged 4-Cylinder,1591 cc,201.0,200.0,6.5 sec,264 Nm,Petrol,5.0,White,25500.0,Budget,car
CAR_1256,Kia,Forte Gt Turbo,1.6L Turbocharged 4-Cylinder,1591 cc,201.0,200.0,6.5 sec,264 Nm,Petrol,5.0,Brown,25500.0,Budget,car
CAR_1257,Kia,Forte Gt Turbo,1.6L Turbocharged 4-Cylinder,1591 cc,201.0,200.0,6.5 sec,264 Nm,Petrol,5.0,Silver,25500.0,Budget,car
CAR_1258,Kia,Soul Gt Designer Edition,2.0L 4-Cylinder,1999 cc,147.0,190.0,9.5 sec,179 Nm,Petrol,5.0,Brown,23000.0,Budget,car
CAR_1259,Kia,Soul Gt Designer Edition,2.0L 4-Cylinder,1999 cc,147.0,190.0,9.5 sec,179 Nm,Petrol,5.0,Black,23000.0,Budget,car
CAR_1260,Kia,Soul Gt Designer Edition,2.0L 4-Cylinder,1999 cc,147.0,190.0,9.5 sec,179 Nm,Petrol,5.0,Grey,23000.0,Budget,car
CAR_1261,Kia,Seltos X-Line Turbo,1.6L Turbocharged 4-Cylinder,1591 cc,175.0,210.0,7.5 sec,264 Nm,Petrol,5.0,Silver,30000.0,Mid-Range,car
CAR_1262,Kia,Seltos X-Line Turbo,1.6L Turbocharged 4-Cylinder,1591 cc,175.0,210.0,7.5 sec,264 Nm,Petrol,5.0,White,30000.0,Mid-Range,car
CAR_1263,Kia,Seltos X-Line Turbo,1.6L Turbocharged 4-Cylinder,1591 cc,175.0,210.0,7.5 sec,264 Nm,Petrol,5.0,Grey,30000.0,Mid-Range,car
CAR_1264,Peugeot,E-2008 Gt,Electric Motor,50 kWh,136.0,200.0,8.5 sec,260 Nm,Electric,5.0,Green,40000.0,Mid-Range,car
CAR_1265,Peugeot,E-2008 Gt,Electric Motor,50 kWh,136.0,200.0,8.5 sec,260 Nm,Electric,5.0,Orange,40000.0,Mid-Range,car
CAR_1266,Peugeot,E-2008 Gt,Electric Motor,50 kWh,136.0,200.0,8.5 sec,260 Nm,Electric,5.0,Black,40000.0,Mid-Range,car
CAR_1267,Kia,Telluride Limited Edition,3.8L V6,3778 cc,291.0,240.0,7.0 sec,355 Nm,Petrol,7.0,Red,53000.0,Mid-Range,car
CAR_1268,Kia,Telluride Limited Edition,3.8L V6,3778 cc,291.0,240.0,7.0 sec,355 Nm,Petrol,7.0,Silver,53000.0,Mid-Range,car
CAR_1269,Kia,Telluride Limited Edition,3.8L V6,3778 cc,291.0,240.0,7.0 sec,355 Nm,Petrol,7.0,Black,53000.0,Mid-Range,car
CAR_1270,Kia,Stinger Gt-Line,2.5L Turbocharged 4-Cylinder,2500 cc,300.0,270.0,5.0 sec,422 Nm,Petrol,5.0,Yellow,50000.0,Mid-Range,car
CAR_1271,Kia,Carnival Special Edition,3.5L V6,3500 cc,290.0,220.0,8.0 sec,355 Nm,Petrol,8.0,White,45500.0,Mid-Range,car
CAR_1272,Kia,Niro Sx Hybrid,1.6L Hybrid Turbocharged 4-Cylinder,1591 cc,139.0,180.0,10.5 sec,265 Nm,Hybrid,5.0,Grey,36000.0,Mid-Range,car
CAR_1273,Kia,Ev6 First Edition Awd,Electric Motor,77.4 kWh,320.0,230.0,5.0 sec,450 Nm,Electric,5.0,Grey,62000.0,Mid-Range,car
CAR_1274,Kia,Sorento X-Pro Hybrid,1.6L Hybrid Turbocharged 4-Cylinder,1591 cc,227.0,200.0,7.8 sec,352 Nm,Hybrid,7.0,White,49000.0,Mid-Range,car
CAR_1275,Kia,Sorento X-Pro Hybrid,1.6L Hybrid Turbocharged 4-Cylinder,1591 cc,227.0,200.0,7.8 sec,352 Nm,Hybrid,7.0,Red,49000.0,Mid-Range,car
CAR_1276,Kia,Sorento X-Pro Hybrid,1.6L Hybrid Turbocharged 4-Cylinder,1591 cc,227.0,200.0,7.8 sec,352 Nm,Hybrid,7.0,Brown,49000.0,Mid-Range,car
CAR_1277,Kia,Forte Limited Edition,2.0L 4-Cylinder,1999 cc,147.0,190.0,9.2 sec,179 Nm,Petrol,5.0,White,22500.0,Budget,car
CAR_1278,Bugatti,Chiron,8.0L Quad-Turbo W16,7993 cc,1500.0,420.0,2.5 sec,1600 Nm,Petrol,2.0,Yellow,3000000.0,Ultra-Luxury,car
CAR_1279,Bugatti,Chiron Pur Sport,8.0L Quad-Turbo W16,7993 cc,1500.0,350.0,2.3 sec,1600 Nm,Petrol,2.0,Blue,3300000.0,Ultra-Luxury,car
CAR_1280,Bugatti,Chiron Super Sport,8.0L Quad-Turbo W16,7993 cc,1600.0,490.0,2.4 sec,1600 Nm,Petrol,2.0,Black,3500000.0,Ultra-Luxury,car
CAR_1281,Bugatti,Chiron Sport,8.0L Quad-Turbo W16,7993 cc,1500.0,420.0,2.4 sec,1600 Nm,Petrol,2.0,Black,3300000.0,Ultra-Luxury,car
CAR_1282,Bugatti,Chiron Noire,8.0L Quad-Turbo W16,7993 cc,1500.0,420.0,2.5 sec,1600 Nm,Petrol,2.0,Yellow,3300000.0,Ultra-Luxury,car
CAR_1283,Bugatti,Divo,8.0L Quad-Turbo W16,7993 cc,1500.0,380.0,2.4 sec,1600 Nm,Petrol,2.0,Silver,5800000.0,Ultra-Luxury,car
CAR_1284,Bugatti,Centodieci,8.0L Quad-Turbo W16,7993 cc,1600.0,380.0,2.4 sec,1600 Nm,Petrol,2.0,Red,9000000.0,Ultra-Luxury,car
CAR_1285,Bugatti,Centodieci,8.0L Quad-Turbo W16,7993 cc,1600.0,380.0,2.4 sec,1600 Nm,Petrol,2.0,Yellow,9000000.0,Ultra-Luxury,car
CAR_1286,Bugatti,Centodieci,8.0L Quad-Turbo W16,7993 cc,1600.0,380.0,2.4 sec,1600 Nm,Petrol,2.0,Silver,9000000.0,Ultra-Luxury,car
CAR_1287,Bugatti,La Voiture Noire,8.0L Quad-Turbo W16,7993 cc,1500.0,420.0,2.5 sec,1600 Nm,Petrol,2.0,Brown,18000000.0,Ultra-Luxury,car
CAR_1288,Bugatti,Bolide,8.0L Quad-Turbo W16,7993 cc,1850.0,500.0,2.2 sec,1600 Nm,Petrol,2.0,Brown,4500000.0,Ultra-Luxury,car
CAR_1289,Bugatti,Mistral,8.0L Quad-Turbo W16,7993 cc,1600.0,420.0,2.4 sec,1600 Nm,Petrol,2.0,Yellow,5000000.0,Ultra-Luxury,car
CAR_1290,Volvo,Volvo Fh,13.0L I6 Turbo Diesel,13000 cc,540.0,120.0,15.0 sec,2600 Nm,Diesel,2.0,Yellow,120000.0,Luxury,car
CAR_1291,Volvo,Volvo Fh16,16.1L I6 Turbo Diesel,16100 cc,750.0,120.0,14.5 sec,3500 Nm,Diesel,2.0,Green,160000.0,Ultra-Luxury,car
CAR_1292,Volvo,Volvo Fm,12.8L I6 Turbo Diesel,12800 cc,460.0,110.0,16.0 sec,2200 Nm,Diesel,2.0,Grey,100000.0,Luxury,car
CAR_1293,Volvo,Volvo Fmx,13.0L I6 Turbo Diesel,13000 cc,500.0,110.0,16.5 sec,2500 Nm,Diesel,2.0,Yellow,110000.0,Luxury,car
CAR_1294,Volvo,Volvo Fmx,13.0L I6 Turbo Diesel,13000 cc,500.0,110.0,16.5 sec,2500 Nm,Diesel,2.0,Orange,110000.0,Luxury,car
CAR_1295,Volvo,Volvo Fmx,13.0L I6 Turbo Diesel,13000 cc,500.0,110.0,16.5 sec,2500 Nm,Diesel,2.0,Brown,110000.0,Luxury,car
CAR_1296,Volvo,Volvo Vnl,12.8L I6 Turbo Diesel,12800 cc,500.0,120.0,15.0 sec,2400 Nm,Diesel,2.0,Brown,125000.0,Luxury,car
CAR_1297,Volvo,Volvo Vnl,12.8L I6 Turbo Diesel,12800 cc,500.0,120.0,15.0 sec,2400 Nm,Diesel,2.0,Orange,125000.0,Luxury,car
CAR_1298,Volvo,Volvo Vnl,12.8L I6 Turbo Diesel,12800 cc,500.0,120.0,15.0 sec,2400 Nm,Diesel,2.0,Blue,125000.0,Luxury,car
CAR_1299,Volvo,Volvo Vnr,12.8L I6 Turbo Diesel,12800 cc,400.0,110.0,17.0 sec,1800 Nm,Diesel,2.0,Red,95000.0,Luxury,car
CAR_1300,Volvo,Volvo Vhd,12.8L I6 Turbo Diesel,12800 cc,500.0,100.0,18.0 sec,2500 Nm,Diesel,2.0,Grey,120000.0,Luxury,car
CAR_1301,Volvo,Volvo Fe,7.7L I6 Turbo Diesel,7700 cc,280.0,90.0,20.0 sec,1200 Nm,Diesel,2.0,Blue,85000.0,Luxury,car
CAR_1302,Volvo,Volvo Fl,5.1L I4 Turbo Diesel,5100 cc,180.0,80.0,22.0 sec,800 Nm,Diesel,2.0,Red,75000.0,Luxury,car
CAR_1303,Jaguar Land Rover,Jaguar F-Type,V6 / V8 Petrol,2995 cc (V6),335.0,260.0,5.1 sec,450 Nm,Petrol,2.0,Grey,70000.0,Luxury,car
CAR_1304,Jaguar Land Rover,Jaguar Xe,I4 Petrol,1999 cc (I4),250.0,250.0,6.5 sec,365 Nm,Petrol,5.0,Green,45000.0,Mid-Range,car
CAR_1305,Jaguar Land Rover,Jaguar Xf,I4 Petrol,1999 cc (I4),250.0,250.0,6.5 sec,365 Nm,Petrol,5.0,Blue,50000.0,Mid-Range,car
CAR_1306,Jaguar Land Rover,Jaguar Xj,V6 Petrol,2995 cc (V6),300.0,250.0,6.0 sec,400 Nm,Petrol,5.0,Brown,85000.0,Luxury,car
CAR_1307,Jaguar Land Rover,Jaguar Xj,V6 Petrol,2995 cc (V6),300.0,250.0,6.0 sec,400 Nm,Petrol,5.0,Silver,85000.0,Luxury,car
CAR_1308,Jaguar Land Rover,Jaguar Xj,V6 Petrol,2995 cc (V6),300.0,250.0,6.0 sec,400 Nm,Petrol,5.0,Grey,85000.0,Luxury,car
CAR_1309,Jaguar Land Rover,Jaguar E-Pace,I4 Petrol,1999 cc (I4),200.0,230.0,7.0 sec,430 Nm,Petrol,5.0,Orange,50000.0,Mid-Range,car
CAR_1310,Jaguar Land Rover,Jaguar I-Pace,Electric (Dual Motor),90 kWh (Battery),400.0,200.0,4.8 sec,696 Nm,Electric,5.0,White,70000.0,Luxury,car
CAR_1311,Jaguar Land Rover,Jaguar F-Pace,I4 Petrol / V6 Petrol,1999 cc (I4) / 2995 cc (V6),250.0,230.0,7.2 sec / 5.4 sec,365 Nm / 480 Nm,Petrol,5.0,Grey,55000.0,Mid-Range,car
CAR_1312,Jaguar Land Rover,Jaguar X-Type,I4 Petrol,1998 cc (I4),160.0,215.0,9.0 sec,215 Nm,Petrol,5.0,Grey,40000.0,Mid-Range,car
CAR_1313,Jaguar Land Rover,Jaguar F-Pace R-Dynamic,I4 Petrol / V6 Petrol,1999 cc (I4) / 2995 cc (V6),340.0,250.0,5.4 sec,480 Nm,Petrol,5.0,Grey,65000.0,Mid-Range,car
CAR_1314,Jaguar Land Rover,Jaguar Xe R-Dynamic,I4 Petrol,1999 cc (I4),340.0,250.0,5.4 sec,450 Nm,Petrol,5.0,Black,60000.0,Mid-Range,car
CAR_1315,Jaguar Land Rover,Jaguar Xe R-Dynamic,I4 Petrol,1999 cc (I4),340.0,250.0,5.4 sec,450 Nm,Petrol,5.0,Brown,60000.0,Mid-Range,car
CAR_1316,Jaguar Land Rover,Jaguar Xe R-Dynamic,I4 Petrol,1999 cc (I4),340.0,250.0,5.4 sec,450 Nm,Petrol,5.0,Silver,60000.0,Mid-Range,car
CAR_1317,Jaguar Land Rover,Jaguar F-Type Svr,V8 Petrol,5000 cc (V8),575.0,320.0,3.7 sec,700 Nm,Petrol,2.0,Silver,120000.0,Luxury,car
CAR_1318,Jaguar Land Rover,Jaguar I-Pace Electric Performance,Electric (Dual Motor),90 kWh (Battery),400.0,200.0,4.5 sec,696 Nm,Electric,5.0,Brown,85000.0,Luxury,car
CAR_1319,Jaguar Land Rover,Jaguar F-Pace Svr,V8 Petrol,5000 cc (V8),550.0,283.0,4.0 sec,700 Nm,Petrol,5.0,Silver,85000.0,Luxury,car
CAR_1320,Jaguar Land Rover,Jaguar F-Pace Svr,V8 Petrol,5000 cc (V8),550.0,283.0,4.0 sec,700 Nm,Petrol,5.0,Brown,85000.0,Luxury,car
CAR_1321,Jaguar Land Rover,Jaguar F-Pace Svr,V8 Petrol,5000 cc (V8),550.0,283.0,4.0 sec,700 Nm,Petrol,5.0,Green,85000.0,Luxury,car
CAR_1322,Jaguar Land Rover,Jaguar Xe S,I4 Petrol,1999 cc (I4),340.0,250.0,5.3 sec,450 Nm,Petrol,5.0,Blue,55000.0,Mid-Range,car
CAR_1323,Jaguar Land Rover,Jaguar Xf R-Dynamic,I4 Petrol / V6 Petrol,1999 cc (I4) / 2995 cc (V6),340.0,250.0,5.4 sec,480 Nm,Petrol,5.0,Silver,65000.0,Mid-Range,car
CAR_1324,Jaguar Land Rover,Jaguar Xj Lwb (Long Wheelbase),V6 Petrol,2995 cc (V6),300.0,250.0,6.0 sec,400 Nm,Petrol,5.0,Silver,90000.0,Luxury,car
CAR_1325,Jaguar Land Rover,Jaguar Xj Lwb (Long Wheelbase),V6 Petrol,2995 cc (V6),300.0,250.0,6.0 sec,400 Nm,Petrol,5.0,Brown,90000.0,Luxury,car
CAR_1326,Jaguar Land Rover,Jaguar Xj Lwb (Long Wheelbase),V6 Petrol,2995 cc (V6),300.0,250.0,6.0 sec,400 Nm,Petrol,5.0,Black,90000.0,Luxury,car
CAR_1327,Jaguar Land Rover,Jaguar F-Type Heritage Edition,V8 Petrol,5000 cc (V8),550.0,300.0,3.9 sec,680 Nm,Petrol,2.0,Green,110000.0,Luxury,car
CAR_1328,Jaguar Land Rover,Jaguar E-Pace S,I4 Petrol,1999 cc (I4),200.0,230.0,7.0 sec,430 Nm,Petrol,5.0,Grey,50000.0,Mid-Range,car
CAR_1329,Jaguar Land Rover,Jaguar I-Pace Hse,Electric (Dual Motor),90 kWh (Battery),400.0,200.0,4.5 sec,696 Nm,Electric,5.0,Grey,90000.0,Luxury,car
CAR_1330,Jaguar Land Rover,Jaguar F-Type V8 R,V8 Petrol,5000 cc (V8),550.0,300.0,3.9 sec,680 Nm,Petrol,2.0,Blue,100000.0,Luxury,car
CAR_1331,Jaguar Land Rover,Jaguar F-Type V8 R,V8 Petrol,5000 cc (V8),550.0,300.0,3.9 sec,680 Nm,Petrol,2.0,Silver,100000.0,Luxury,car
CAR_1332,Jaguar Land Rover,Jaguar F-Type V8 R,V8 Petrol,5000 cc (V8),550.0,300.0,3.9 sec,680 Nm,Petrol,2.0,White,100000.0,Luxury,car
CAR_1333,Jaguar Land Rover,Jaguar F-Type R-Dynamic,I4 Petrol / V6 Petrol,1999 cc (I4) / 2995 cc (V6),300.0,250.0,5.1 sec,400 Nm,Petrol,2.0,Yellow,70000.0,Luxury,car
CAR_1334,Jaguar Land Rover,Jaguar F-Type R-Dynamic,I4 Petrol / V6 Petrol,1999 cc (I4) / 2995 cc (V6),300.0,250.0,5.1 sec,400 Nm,Petrol,2.0,Black,70000.0,Luxury,car
CAR_1335,Jaguar Land Rover,Jaguar F-Type R-Dynamic,I4 Petrol / V6 Petrol,1999 cc (I4) / 2995 cc (V6),300.0,250.0,5.1 sec,400 Nm,Petrol,2.0,Red,70000.0,Luxury,car
CAR_1336,Jaguar Land Rover,Jaguar Xe P300 R-Dynamic,I4 Petrol,1999 cc (I4),300.0,250.0,5.5 sec,400 Nm,Petrol,5.0,Grey,55000.0,Mid-Range,car
CAR_1337,Jaguar Land Rover,Jaguar Xf Sportbrake,I4 Petrol / V6 Petrol,1999 cc (I4) / 2995 cc (V6),250.0,250.0,6.5 sec,400 Nm,Petrol,5.0,Red,60000.0,Mid-Range,car
CAR_1338,Jaguar Land Rover,Jaguar Xf Sportbrake,I4 Petrol / V6 Petrol,1999 cc (I4) / 2995 cc (V6),250.0,250.0,6.5 sec,400 Nm,Petrol,5.0,White,60000.0,Mid-Range,car
CAR_1339,Jaguar Land Rover,Jaguar Xf Sportbrake,I4 Petrol / V6 Petrol,1999 cc (I4) / 2995 cc (V6),250.0,250.0,6.5 sec,400 Nm,Petrol,5.0,Black,60000.0,Mid-Range,car
CAR_1340,Jaguar Land Rover,Jaguar I-Pace Ev400 Hse,Electric (Dual Motor),90 kWh (Battery),400.0,200.0,4.5 sec,696 Nm,Electric,5.0,Green,85000.0,Luxury,car
CAR_1341,Jaguar Land Rover,Jaguar F-Pace S 30T Awd,I4 Petrol,1999 cc (I4),247.0,225.0,6.4 sec,365 Nm,Petrol,5.0,Green,60000.0,Mid-Range,car
CAR_1342,Jaguar Land Rover,Jaguar E-Pace R-Dynamic,I4 Petrol,1999 cc (I4),246.0,230.0,6.8 sec,430 Nm,Petrol,5.0,Blue,55000.0,Mid-Range,car
CAR_1343,Jaguar Land Rover,Jaguar Xj50,V6 Petrol,2995 cc (V6),300.0,250.0,6.0 sec,400 Nm,Petrol,5.0,Brown,80000.0,Luxury,car
CAR_1344,Jaguar Land Rover,Jaguar F-Type 75Th Anniversary Edition,V8 Petrol,5000 cc (V8),550.0,300.0,3.9 sec,680 Nm,Petrol,2.0,Black,100000.0,Luxury,car
CAR_1345,Jaguar Land Rover,Jaguar F-Pace S Awd,I4 Petrol / V6 Petrol,1999 cc (I4) / 2995 cc (V6),340.0,250.0,5.4 sec,480 Nm,Petrol,5.0,Black,65000.0,Mid-Range,car
CAR_1346,Jaguar Land Rover,Jaguar F-Pace S Awd,I4 Petrol / V6 Petrol,1999 cc (I4) / 2995 cc (V6),340.0,250.0,5.4 sec,480 Nm,Petrol,5.0,Blue,65000.0,Mid-Range,car
CAR_1347,Jaguar Land Rover,Jaguar F-Pace S Awd,I4 Petrol / V6 Petrol,1999 cc (I4) / 2995 cc (V6),340.0,250.0,5.4 sec,480 Nm,Petrol,5.0,Red,65000.0,Mid-Range,car
CAR_1348,Jaguar Land Rover,Jaguar Xe Se,I4 Petrol,1999 cc (I4),250.0,240.0,6.2 sec,365 Nm,Petrol,5.0,White,50000.0,Mid-Range,car
CAR_1349,Jaguar Land Rover,Jaguar F-Type V6 S Convertible,V6 Petrol,2995 cc (V6),380.0,280.0,4.8 sec,460 Nm,Petrol,2.0,Silver,80000.0,Luxury,car
CAR_1350,Jaguar Land Rover,Jaguar F-Type V6 S Convertible,V6 Petrol,2995 cc (V6),380.0,280.0,4.8 sec,460 Nm,Petrol,2.0,Green,80000.0,Luxury,car
CAR_1351,Jaguar Land Rover,Jaguar F-Type V6 S Convertible,V6 Petrol,2995 cc (V6),380.0,280.0,4.8 sec,460 Nm,Petrol,2.0,Brown,80000.0,Luxury,car
CAR_1352,Jaguar Land Rover,Jaguar Xe R-Sport Awd,I4 Petrol / V6 Petrol,1999 cc (I4) / 2995 cc (V6),300.0,250.0,5.5 sec,400 Nm,Petrol,5.0,Orange,55000.0,Mid-Range,car
CAR_1353,Jaguar Land Rover,Jaguar Xf Portfolio Awd,I4 Petrol / V6 Petrol,1999 cc (I4) / 2995 cc (V6),340.0,250.0,5.4 sec,450 Nm,Petrol,5.0,Blue,60000.0,Mid-Range,car
CAR_1354,Jaguar Land Rover,Jaguar F-Type Coupe R,V8 Petrol,5000 cc (V8),550.0,300.0,3.9 sec,680 Nm,Petrol,2.0,Brown,100000.0,Luxury,car
CAR_1355,Jaguar Land Rover,Jaguar I-Pace First Edition,Electric (Dual Motor),90 kWh (Battery),400.0,200.0,4.5 sec,696 Nm,Electric,5.0,Brown,85000.0,Luxury,car
CAR_1356,Jaguar Land Rover,Jaguar F-Pace Prestige Awd,I4 Petrol / V6 Petrol,1999 cc (I4) / 2995 cc (V6),340.0,250.0,5.4 sec,480 Nm,Petrol,5.0,Black,65000.0,Mid-Range,car
CAR_1357,Jaguar Land Rover,Jaguar Xj Supercharged,V8 Petrol,5000 cc (V8),510.0,280.0,4.2 sec,625 Nm,Petrol,5.0,Grey,90000.0,Luxury,car
CAR_1358,Jaguar Land Rover,Jaguar Xj Supercharged,V8 Petrol,5000 cc (V8),510.0,280.0,4.2 sec,625 Nm,Petrol,5.0,Brown,90000.0,Luxury,car
CAR_1359,Jaguar Land Rover,Jaguar Xj Supercharged,V8 Petrol,5000 cc (V8),510.0,280.0,4.2 sec,625 Nm,Petrol,5.0,Green,90000.0,Luxury,car
CAR_1360,Jaguar Land Rover,Jaguar F-Type P450 Awd,V8 Petrol,5000 cc (V8),450.0,290.0,4.0 sec,600 Nm,Petrol,2.0,Orange,90000.0,Luxury,car
CAR_1361,Jaguar Land Rover,Jaguar F-Pace P400E Plug-In Hybrid,I4 Petrol + Electric Motor,1999 cc (I4) + Electric,398.0,220.0,5.1 sec,640 Nm,Plug-in Hybrid,5.0,Black,75000.0,Luxury,car
CAR_1362,Jaguar Land Rover,Jaguar F-Type P300 Coupe,I4 Petrol,1999 cc (I4),300.0,250.0,5.5 sec,400 Nm,Petrol,2.0,Brown,60000.0,Mid-Range,car
CAR_1363,Acura,Nsx Type S,Twin-Turbo V6 Hybrid,"3,493 cc (V6)",600.0,307.0,2.9 sec,666 Nm,Hybrid,2.0,Blue,157000.0,Ultra-Luxury,car
CAR_1364,Acura,Tlx Pmc Edition,V6,"3,500 cc (V6)",290.0,250.0,5.7 sec,362 Nm,Petrol,5.0,Green,62000.0,Mid-Range,car
CAR_1365,Acura,Mdx Advance,V6,"3,500 cc (V6)",290.0,190.0,6.0 sec,362 Nm,Petrol,7.0,Red,60000.0,Mid-Range,car
CAR_1366,Acura,Rdx Technology,I4 Turbocharged,"1,500 cc (I4)",272.0,210.0,6.6 sec,400 Nm,Petrol,5.0,Yellow,45000.0,Mid-Range,car
CAR_1367,Acura,Ilx Premium,I4,"2,400 cc (I4)",201.0,200.0,6.6 sec,180 Nm,Petrol,5.0,Red,30000.0,Mid-Range,car
CAR_1368,Acura,Tlx A-Spec,V6,"3,500 cc (V6)",290.0,250.0,5.7 sec,362 Nm,Petrol,5.0,White,50000.0,Mid-Range,car
CAR_1369,Acura,Rdx Sh-Awd,I4 Turbocharged,"1,500 cc (I4)",272.0,210.0,6.6 sec,400 Nm,Petrol,5.0,Red,50000.0,Mid-Range,car
CAR_1370,Acura,Mdx Sh-Awd,V6,"3,500 cc (V6)",290.0,190.0,6.0 sec,362 Nm,Petrol,7.0,Green,55000.0,Mid-Range,car
CAR_1371,Acura,Mdx Sh-Awd,V6,"3,500 cc (V6)",290.0,190.0,6.0 sec,362 Nm,Petrol,7.0,Blue,55000.0,Mid-Range,car
CAR_1372,Acura,Mdx Sh-Awd,V6,"3,500 cc (V6)",290.0,190.0,6.0 sec,362 Nm,Petrol,7.0,Silver,55000.0,Mid-Range,car
CAR_1373,Acura,Rdx Platinum Elite,I4 Turbocharged,"1,500 cc (I4)",272.0,210.0,6.6 sec,400 Nm,Petrol,5.0,Black,55000.0,Mid-Range,car
CAR_1374,Acura,Tlx A-Spec Sedan,V6,"3,500 cc (V6)",290.0,250.0,5.7 sec,362 Nm,Petrol,5.0,Grey,50000.0,Mid-Range,car
CAR_1375,Acura,Tlx A-Spec Sedan,V6,"3,500 cc (V6)",290.0,250.0,5.7 sec,362 Nm,Petrol,5.0,Red,50000.0,Mid-Range,car
CAR_1376,Acura,Tlx A-Spec Sedan,V6,"3,500 cc (V6)",290.0,250.0,5.7 sec,362 Nm,Petrol,5.0,Black,50000.0,Mid-Range,car
CAR_1377,Acura,Tlx 2.4L,Inline-4,"2,400 cc",206.0,210.0,6.0 sec,247 Nm,Petrol,5.0,White,35000.0,Mid-Range,car
CAR_1378,Acura,Mdx Hybrid,V6 Hybrid,"3,500 cc",321.0,190.0,6.0 sec,335 Nm,Hybrid,7.0,Orange,55000.0,Mid-Range,car
CAR_1379,Acura,Mdx Hybrid,V6 Hybrid,"3,500 cc",321.0,190.0,6.0 sec,335 Nm,Hybrid,7.0,Green,55000.0,Mid-Range,car
CAR_1380,Acura,Mdx Hybrid,V6 Hybrid,"3,500 cc",321.0,190.0,6.0 sec,335 Nm,Hybrid,7.0,Grey,55000.0,Mid-Range,car
CAR_1381,Acura,Rdx Hybrid,Inline-4 Hybrid,"1,500 cc",247.0,210.0,6.6 sec,400 Nm,Hybrid,5.0,Black,50000.0,Mid-Range,car
CAR_1382,Acura,Ilx Technology Package,Inline-4,"2,400 cc",201.0,200.0,6.6 sec,180 Nm,Petrol,5.0,Brown,30000.0,Mid-Range,car
CAR_1383,Acura,Nsx Gt3 (Track Version),Twin-Turbo V6 Hybrid,"3,493 cc",500.0,300.0,3.0 sec,600 Nm,Hybrid,2.0,Green,150000.0,Ultra-Luxury,car
CAR_1384,Acura,Rdx Turbo Awd,Inline-4 Turbocharged,"1,500 cc",272.0,210.0,6.6 sec,400 Nm,Petrol,5.0,Orange,45000.0,Mid-Range,car
CAR_1385,Acura,Tlx 3.5L V6,V6,"3,500 cc",290.0,250.0,5.7 sec,362 Nm,Petrol,5.0,Orange,50000.0,Mid-Range,car
CAR_1386,Acura,Ilx Special Edition,Inline-4,"2,400 cc",201.0,200.0,6.6 sec,180 Nm,Petrol,5.0,Silver,30000.0,Mid-Range,car
CAR_1387,Acura,Mdx Sh-Awd W/Technology Package,V6,"3,500 cc",290.0,190.0,6.0 sec,362 Nm,Petrol,7.0,Silver,55000.0,Mid-Range,car
CAR_1388,Acura,Nsx 3.5L Hybrid Coupe,Twin-Turbo V6 Hybrid,"3,493 cc",537.0,307.0,2.9 sec,666 Nm,Hybrid,2.0,White,157000.0,Ultra-Luxury,car
CAR_1389,Acura,Mdx Elite,V6,"3,500 cc",290.0,190.0,6.0 sec,362 Nm,Petrol,7.0,Brown,58000.0,Mid-Range,car
CAR_1390,Acura,Tlx V6 Advance,V6,"3,500 cc",290.0,250.0,5.7 sec,362 Nm,Petrol,5.0,White,46000.0,Mid-Range,car
CAR_1391,Acura,Tlx V6 Advance,V6,"3,500 cc",290.0,250.0,5.7 sec,362 Nm,Petrol,5.0,Brown,46000.0,Mid-Range,car
CAR_1392,Acura,Tlx V6 Advance,V6,"3,500 cc",290.0,250.0,5.7 sec,362 Nm,Petrol,5.0,Green,46000.0,Mid-Range,car
CAR_1393,Acura,Nsx Carbon Edition,Twin-Turbo V6 Hybrid,"3,493 cc",537.0,307.0,2.9 sec,666 Nm,Hybrid,2.0,Green,157000.0,Ultra-Luxury,car
CAR_1394,Acura,Rdx Turbo Sh-Awd,Turbocharged I4,"1,500 cc",272.0,210.0,6.6 sec,400 Nm,Petrol,5.0,Yellow,42000.0,Mid-Range,car
CAR_1395,Acura,Ilx Technology Plus,Inline-4,"2,400 cc",201.0,200.0,6.6 sec,180 Nm,Petrol,5.0,Silver,28000.0,Budget,car
CAR_1396,Acura,Tlx Type S Pmc Edition,Turbocharged V6,"3,000 cc",355.0,250.0,5.1 sec,480 Nm,Petrol,5.0,Brown,54000.0,Mid-Range,car
CAR_1397,Acura,Mdx Sport Hybrid,V6 Hybrid,"3,500 cc",321.0,190.0,6.0 sec,335 Nm,Hybrid,7.0,Red,52000.0,Mid-Range,car
CAR_1398,Peugeot,208,Inline-4,"1,199 cc",82.0,180.0,10.5 sec,160 Nm,Petrol,5.0,Blue,22000.0,Budget,car
CAR_1399,Peugeot,2008,Inline-4,"1,199 cc",100.0,190.0,9.0 sec,205 Nm,Petrol,5.0,Brown,25000.0,Budget,car
CAR_1400,Peugeot,301,Inline-4,"1,598 cc",115.0,185.0,10.0 sec,150 Nm,Petrol,5.0,Green,23500.0,Budget,car
CAR_1401,Peugeot,301,Inline-4,"1,598 cc",115.0,185.0,10.0 sec,150 Nm,Petrol,5.0,Silver,23500.0,Budget,car
CAR_1402,Peugeot,301,Inline-4,"1,598 cc",115.0,185.0,10.0 sec,150 Nm,Petrol,5.0,Brown,23500.0,Budget,car
CAR_1403,Peugeot,308,Inline-4,"1,598 cc",130.0,200.0,8.0 sec,230 Nm,Petrol,5.0,Green,28000.0,Budget,car
CAR_1404,Peugeot,3008,Inline-4,"1,598 cc",180.0,210.0,7.5 sec,400 Nm,Petrol,5.0,Grey,32000.0,Mid-Range,car
CAR_1405,Peugeot,3008,Inline-4,"1,598 cc",180.0,210.0,7.5 sec,400 Nm,Petrol,5.0,Black,32000.0,Mid-Range,car
CAR_1406,Peugeot,3008,Inline-4,"1,598 cc",180.0,210.0,7.5 sec,400 Nm,Petrol,5.0,Yellow,32000.0,Mid-Range,car
CAR_1407,Peugeot,5008,Inline-4,"1,998 cc",165.0,200.0,9.5 sec,400 Nm,Diesel,7.0,Blue,35000.0,Mid-Range,car
CAR_1408,Peugeot,5008,Inline-4,"1,998 cc",165.0,200.0,9.5 sec,400 Nm,Diesel,7.0,Black,35000.0,Mid-Range,car
CAR_1409,Peugeot,5008,Inline-4,"1,998 cc",165.0,200.0,9.5 sec,400 Nm,Diesel,7.0,Brown,35000.0,Mid-Range,car
CAR_1410,Peugeot,508,Inline-4,"1,998 cc",180.0,235.0,8.0 sec,300 Nm,Petrol,5.0,Red,35500.0,Mid-Range,car
CAR_1411,Peugeot,508,Inline-4,"1,998 cc",180.0,235.0,8.0 sec,300 Nm,Petrol,5.0,Brown,35500.0,Mid-Range,car
CAR_1412,Peugeot,508,Inline-4,"1,998 cc",180.0,235.0,8.0 sec,300 Nm,Petrol,5.0,Yellow,35500.0,Mid-Range,car
CAR_1413,Peugeot,Partner,Diesel I4,"1,560 cc",75.0,160.0,12.0 sec,200 Nm,Diesel,5.0,Grey,22500.0,Budget,car
CAR_1414,Peugeot,Expert,Diesel I4,"1,997 cc",120.0,180.0,10.0 sec,300 Nm,Diesel,3.0,Red,30000.0,Mid-Range,car
CAR_1415,Peugeot,Boxer,Diesel I4,"2,200 cc",140.0,160.0,11.0 sec,340 Nm,Diesel,3.0,Red,32000.0,Mid-Range,car
CAR_1416,Peugeot,Boxer,Diesel I4,"2,200 cc",140.0,160.0,11.0 sec,340 Nm,Diesel,3.0,Green,32000.0,Mid-Range,car
CAR_1417,Peugeot,Boxer,Diesel I4,"2,200 cc",140.0,160.0,11.0 sec,340 Nm,Diesel,3.0,White,32000.0,Mid-Range,car
CAR_1418,Peugeot,E-208,Electric Motor,50 kWh,136.0,150.0,8.1 sec,260 Nm,Electric,5.0,Yellow,35000.0,Mid-Range,car
CAR_1419,Peugeot,E-2008,Electric Motor,50 kWh,136.0,150.0,8.5 sec,260 Nm,Electric,5.0,Yellow,38000.0,Mid-Range,car
CAR_1420,Peugeot,208 Gti,Inline-4,"1,598 cc",208.0,230.0,6.5 sec,300 Nm,Petrol,5.0,Orange,28000.0,Budget,car
CAR_1421,Peugeot,308 Gti,Inline-4,"1,598 cc",270.0,250.0,6.0 sec,330 Nm,Petrol,5.0,White,35000.0,Mid-Range,car
CAR_1422,Peugeot,508 Pse (Peugeot Sport Engineered),Hybrid I4,"1,598 cc (petrol) + Electric Motor",360.0,250.0,5.2 sec,520 Nm,Hybrid,5.0,Silver,55000.0,Mid-Range,car
CAR_1423,Peugeot,308 Allure,Inline-4,"1,199 cc",130.0,205.0,9.3 sec,230 Nm,Petrol,5.0,Green,25000.0,Budget,car
CAR_1424,Peugeot,2008 Allure,Inline-4,"1,199 cc",130.0,200.0,9.7 sec,230 Nm,Petrol,5.0,Black,27000.0,Budget,car
CAR_1425,Peugeot,3008 Allure,Inline-4,"1,499 cc",180.0,210.0,8.0 sec,250 Nm,Petrol,5.0,Yellow,30000.0,Mid-Range,car
CAR_1426,Peugeot,5008 Allure,Inline-4,"1,499 cc",180.0,200.0,8.5 sec,250 Nm,Petrol,7.0,Blue,33000.0,Mid-Range,car
CAR_1427,Peugeot,508 Allure,Inline-4,"1,499 cc",180.0,225.0,8.0 sec,250 Nm,Petrol,5.0,Red,35000.0,Mid-Range,car
CAR_1428,Peugeot,3008 Gt,Inline-4,"1,598 cc",200.0,220.0,7.5 sec,280 Nm,Petrol,5.0,Orange,35000.0,Mid-Range,car
CAR_1429,Peugeot,508 Gt,Inline-4,"1,598 cc",225.0,235.0,6.8 sec,300 Nm,Petrol,5.0,Grey,40000.0,Mid-Range,car
CAR_1430,Peugeot,3008 Gt Hybrid,Hybrid I4,"1,598 cc (petrol) + Electric Motor",300.0,235.0,6.0 sec,400 Nm,Hybrid,5.0,Yellow,45000.0,Mid-Range,car
CAR_1431,Peugeot,3008 Gt Hybrid,Hybrid I4,"1,598 cc (petrol) + Electric Motor",300.0,235.0,6.0 sec,400 Nm,Hybrid,5.0,Brown,45000.0,Mid-Range,car
CAR_1432,Peugeot,3008 Gt Hybrid,Hybrid I4,"1,598 cc (petrol) + Electric Motor",300.0,235.0,6.0 sec,400 Nm,Hybrid,5.0,Silver,45000.0,Mid-Range,car
CAR_1433,Peugeot,5008 Gt Hybrid,Hybrid I4,"1,598 cc (petrol) + Electric Motor",300.0,210.0,6.5 sec,400 Nm,Hybrid,7.0,Brown,48000.0,Mid-Range,car
CAR_1434,Peugeot,208 Allure Premium,Inline-4,"1,199 cc",130.0,200.0,9.5 sec,230 Nm,Petrol,5.0,Red,28000.0,Budget,car
CAR_1435,Peugeot,Partner Tepee,Inline-4,"1,560 cc",100.0,170.0,12.0 sec,260 Nm,Diesel,5.0,Black,25000.0,Budget,car
CAR_1436,Peugeot,Partner Tepee,Inline-4,"1,560 cc",100.0,170.0,12.0 sec,260 Nm,Diesel,5.0,Green,25000.0,Budget,car
CAR_1437,Peugeot,Partner Tepee,Inline-4,"1,560 cc",100.0,170.0,12.0 sec,260 Nm,Diesel,5.0,Brown,25000.0,Budget,car
CAR_1438,Peugeot,Expert L2H1,Inline-4,"1,997 cc",120.0,160.0,13.0 sec,320 Nm,Diesel,3.0,Brown,30000.0,Mid-Range,car
CAR_1439,Peugeot,Boxer L2H2,Inline-4,"2,200 cc",130.0,140.0,14.0 sec,350 Nm,Diesel,3.0,Grey,35000.0,Mid-Range,car
CAR_1440,Peugeot,Partner Electric,Electric Motor,-,136.0,130.0,9.0 sec,260 Nm,Electric,5.0,Green,40000.0,Mid-Range,car
CAR_1441,Peugeot,Partner Electric,Electric Motor,-,136.0,130.0,9.0 sec,260 Nm,Electric,5.0,Orange,40000.0,Mid-Range,car
CAR_1442,Peugeot,Partner Electric,Electric Motor,-,136.0,130.0,9.0 sec,260 Nm,Electric,5.0,Black,40000.0,Mid-Range,car
CAR_1443,Peugeot,Expert Electric,Electric Motor,-,136.0,130.0,9.5 sec,260 Nm,Electric,5.0,Yellow,45000.0,Mid-Range,car
CAR_1444,Peugeot,208 Pse (Peugeot Sport Engineered),Hybrid I4,"1,598 cc (petrol) + Electric Motor",225.0,250.0,5.5 sec,360 Nm,Hybrid,5.0,Silver,45000.0,Mid-Range,car
CAR_1445,Peugeot,308 Pse,Hybrid I4,"1,598 cc (petrol) + Electric Motor",360.0,250.0,5.0 sec,520 Nm,Hybrid,5.0,Red,55000.0,Mid-Range,car
CAR_1446,Peugeot,508 Pse,Hybrid I4,"1,598 cc (petrol) + Electric Motor",360.0,250.0,5.2 sec,520 Nm,Hybrid,5.0,Green,60000.0,Mid-Range,car
CAR_1447,Peugeot,508 Pse,Hybrid I4,"1,598 cc (petrol) + Electric Motor",360.0,250.0,5.2 sec,520 Nm,Hybrid,5.0,Brown,60000.0,Mid-Range,car
CAR_1448,Peugeot,508 Pse,Hybrid I4,"1,598 cc (petrol) + Electric Motor",360.0,250.0,5.2 sec,520 Nm,Hybrid,5.0,Blue,60000.0,Mid-Range,car
CAR_1449,Peugeot,3008 Pse,Hybrid I4,"1,598 cc (petrol) + Electric Motor",300.0,235.0,6.0 sec,400 Nm,Hybrid,5.0,Red,50000.0,Mid-Range,car
CAR_1450,Peugeot,2008 Active,Inline-4,"1,199 cc",100.0,190.0,11.2 sec,205 Nm,Petrol,5.0,Brown,22000.0,Budget,car
CAR_1451,Peugeot,3008 Active,Inline-4,"1,499 cc",130.0,200.0,10.0 sec,240 Nm,Petrol,5.0,Orange,30000.0,Mid-Range,car
CAR_1452,Peugeot,3008 Active,Inline-4,"1,499 cc",130.0,200.0,10.0 sec,240 Nm,Petrol,5.0,Red,30000.0,Mid-Range,car
CAR_1453,Peugeot,3008 Active,Inline-4,"1,499 cc",130.0,200.0,10.0 sec,240 Nm,Petrol,5.0,Brown,30000.0,Mid-Range,car
CAR_1454,Peugeot,5008 Active,Inline-4,"1,499 cc",130.0,190.0,10.5 sec,240 Nm,Petrol,7.0,Yellow,33000.0,Mid-Range,car
CAR_1455,Peugeot,3008 Allure Premium,Inline-4,"1,499 cc",130.0,200.0,9.8 sec,240 Nm,Petrol,5.0,Blue,32000.0,Mid-Range,car
CAR_1456,Peugeot,5008 Allure Premium,Inline-4,"1,499 cc",130.0,190.0,10.2 sec,240 Nm,Petrol,7.0,Blue,35000.0,Mid-Range,car
CAR_1457,Peugeot,5008 Allure Premium,Inline-4,"1,499 cc",130.0,190.0,10.2 sec,240 Nm,Petrol,7.0,Red,35000.0,Mid-Range,car
CAR_1458,Peugeot,5008 Allure Premium,Inline-4,"1,499 cc",130.0,190.0,10.2 sec,240 Nm,Petrol,7.0,Orange,35000.0,Mid-Range,car
CAR_1459,Peugeot,3008 Gt Line,Inline-4,"1,598 cc",180.0,210.0,8.5 sec,250 Nm,Petrol,5.0,Grey,35000.0,Mid-Range,car
CAR_1460,Peugeot,3008 Gt Line,Inline-4,"1,598 cc",180.0,210.0,8.5 sec,250 Nm,Petrol,5.0,Silver,35000.0,Mid-Range,car
CAR_1461,Peugeot,3008 Gt Line,Inline-4,"1,598 cc",180.0,210.0,8.5 sec,250 Nm,Petrol,5.0,Brown,35000.0,Mid-Range,car
CAR_1462,Peugeot,5008 Gt Line,Inline-4,"1,598 cc",180.0,200.0,9.0 sec,250 Nm,Petrol,7.0,Brown,38000.0,Mid-Range,car
CAR_1463,Peugeot,2008 Gt,Inline-4,"1,199 cc",130.0,200.0,9.3 sec,230 Nm,Petrol,5.0,Blue,25000.0,Budget,car
CAR_1464,Peugeot,5008 Gt,Inline-4,"1,598 cc",180.0,210.0,8.2 sec,250 Nm,Petrol,7.0,Red,40000.0,Mid-Range,car
CAR_1465,Peugeot,508 Sw (Station Wagon),Inline-4,"1,598 cc",180.0,220.0,8.4 sec,300 Nm,Petrol,5.0,Black,35000.0,Mid-Range,car
CAR_1466,Peugeot,508 Saloon,Inline-4,"1,598 cc",180.0,210.0,8.6 sec,300 Nm,Petrol,5.0,Orange,37000.0,Mid-Range,car
CAR_1467,Peugeot,308 Saloon,Inline-4,"1,199 cc",130.0,200.0,9.0 sec,230 Nm,Petrol,5.0,Orange,28000.0,Budget,car
CAR_1468,Peugeot,308 Saloon,Inline-4,"1,199 cc",130.0,200.0,9.0 sec,230 Nm,Petrol,5.0,Red,28000.0,Budget,car
CAR_1469,Peugeot,308 Saloon,Inline-4,"1,199 cc",130.0,200.0,9.0 sec,230 Nm,Petrol,5.0,Silver,28000.0,Budget,car
CAR_1470,Peugeot,301 Sedan,Inline-4,"1,199 cc",82.0,180.0,12.0 sec,115 Nm,Petrol,5.0,Silver,20000.0,Budget,car
CAR_1471,Peugeot,208 Sedan,Inline-4,"1,199 cc",100.0,190.0,11.2 sec,205 Nm,Petrol,5.0,Orange,22000.0,Budget,car
CAR_1472,Peugeot,208 Sedan,Inline-4,"1,199 cc",100.0,190.0,11.2 sec,205 Nm,Petrol,5.0,Silver,22000.0,Budget,car
CAR_1473,Peugeot,208 Sedan,Inline-4,"1,199 cc",100.0,190.0,11.2 sec,205 Nm,Petrol,5.0,Blue,22000.0,Budget,car
CAR_1474,Ford,Fusion (Mondeo),1.5L EcoBoost / 2.0L Hybrid,"1,500 - 2,000 cc",160.0,220.0,7.5 sec,200 - 400 Nm,Plug-in Hybrid,5.0,Grey,32500.0,Mid-Range,car
CAR_1475,Ford,Taurus,3.5L V6 / 2.0L EcoBoost,"2,000 - 3,500 cc",200.0,220.0,6.5 sec,300 - 500 Nm,Petrol,5.0,Grey,37500.0,Mid-Range,car
CAR_1476,Ford,Taurus,3.5L V6 / 2.0L EcoBoost,"2,000 - 3,500 cc",200.0,220.0,6.5 sec,300 - 500 Nm,Petrol,5.0,Red,37500.0,Mid-Range,car
CAR_1477,Ford,Taurus,3.5L V6 / 2.0L EcoBoost,"2,000 - 3,500 cc",200.0,220.0,6.5 sec,300 - 500 Nm,Petrol,5.0,Green,37500.0,Mid-Range,car
CAR_1478,Ford,Fiesta,1.0L EcoBoost / 1.5L,"1,000 - 1,500 cc",85.0,200.0,7.0 sec,130 - 290 Nm,Petrol,5.0,Blue,20000.0,Budget,car
CAR_1479,Ford,Fiesta,1.0L EcoBoost / 1.5L,"1,000 - 1,500 cc",85.0,200.0,7.0 sec,130 - 290 Nm,Petrol,5.0,Red,20000.0,Budget,car
CAR_1480,Ford,Fiesta,1.0L EcoBoost / 1.5L,"1,000 - 1,500 cc",85.0,200.0,7.0 sec,130 - 290 Nm,Petrol,5.0,Orange,20000.0,Budget,car
CAR_1481,Ford,Focus,1.0L EcoBoost / 1.5L / 2.0L,"1,000 - 2,000 cc",120.0,220.0,6.5 sec,150 - 400 Nm,Petrol,5.0,White,25000.0,Budget,car
CAR_1482,Ford,Ka+,1.2L Petrol,"1,200 cc",70.0,165.0,10.5 sec,100 - 140 Nm,Petrol,5.0,Orange,13500.0,Budget,car
CAR_1483,Ford,Ecosport,1.0L Turbo Inline-3 / 2.0L,"1,000 - 2,000 cc",123.0,180.0,9.0 sec,170 - 200 Nm,Petrol,5.0,Brown,22500.0,Budget,car
CAR_1484,Ford,Escape (Kuga),1.5L EcoBoost / 2.5L Hybrid,"1,500 - 2,500 cc",181.0,190.0,7.5 sec,230 - 200 Nm,Plug-in Hybrid,5.0,Green,31500.0,Mid-Range,car
CAR_1485,Ford,Edge,2.0L EcoBoost / 2.7L V6,"2,000 - 2,700 cc",250.0,200.0,6.5 sec,400 - 475 Nm,Petrol,5.0,Red,40000.0,Mid-Range,car
CAR_1486,Ford,Explorer,2.3L EcoBoost / 3.0L V6,"2,300 - 3,000 cc",300.0,200.0,6.0 sec,420 - 500 Nm,Petrol,7.0,Grey,45000.0,Mid-Range,car
CAR_1487,Ford,Expedition,3.5L EcoBoost / 5.4L V8,"3,500 - 5,400 cc",375.0,180.0,6.5 sec,650 - 800 Nm,Petrol,8.0,Brown,62500.0,Mid-Range,car
CAR_1488,Ford,Bronco,2.3L EcoBoost / 2.7L V6,"2,300 - 2,700 cc",275.0,200.0,7.5 sec,400 - 600 Nm,Petrol,4.0,White,42500.0,Mid-Range,car
CAR_1489,Ford,Bronco Sport,1.5L EcoBoost / 2.0L EcoBoost,"1,500 - 2,000 cc",181.0,185.0,7.0 sec,250 - 375 Nm,Petrol,5.0,Silver,32000.0,Mid-Range,car
CAR_1490,Ford,Bronco Sport,1.5L EcoBoost / 2.0L EcoBoost,"1,500 - 2,000 cc",181.0,185.0,7.0 sec,250 - 375 Nm,Petrol,5.0,Blue,32000.0,Mid-Range,car
CAR_1491,Ford,Bronco Sport,1.5L EcoBoost / 2.0L EcoBoost,"1,500 - 2,000 cc",181.0,185.0,7.0 sec,250 - 375 Nm,Petrol,5.0,Black,32000.0,Mid-Range,car
CAR_1492,Ford,F-150,3.3L V6 / 5.0L V8 / 3.5L EcoBoost,"3,300 - 5,000 cc",290.0,200.0,5.0 - 6.5 sec,400 - 700 Nm,Petrol/Diesel,5.0,Yellow,55000.0,Mid-Range,car
CAR_1493,Ford,F-250 Super Duty,6.2L V8 / 7.3L V8 / 6.7L Turbo-Diesel,"6,200 - 7,300 cc",385.0,180.0,6.5 - 7.0 sec,"700 - 1,050 Nm",Petrol/Diesel,5.0,Grey,55000.0,Mid-Range,car
CAR_1494,Ford,F-250 Super Duty,6.2L V8 / 7.3L V8 / 6.7L Turbo-Diesel,"6,200 - 7,300 cc",385.0,180.0,6.5 - 7.0 sec,"700 - 1,050 Nm",Petrol/Diesel,5.0,Silver,55000.0,Mid-Range,car
CAR_1495,Ford,F-250 Super Duty,6.2L V8 / 7.3L V8 / 6.7L Turbo-Diesel,"6,200 - 7,300 cc",385.0,180.0,6.5 - 7.0 sec,"700 - 1,050 Nm",Petrol/Diesel,5.0,Orange,55000.0,Mid-Range,car
CAR_1496,Ford,F-350 Super Duty,6.7L Turbo-Diesel / 7.3L V8,"6,700 - 7,300 cc",450.0,180.0,7.0 - 8.0 sec,"1,050 - 1,200 Nm",Diesel,5.0,White,60000.0,Mid-Range,car
CAR_1497,Ford,Maverick,2.5L Hybrid / 2.0L EcoBoost,"2,500 - 2,000 cc",191.0,180.0,6.5 - 8.0 sec,250 - 380 Nm,Hybrid,5.0,Green,26000.0,Budget,car
CAR_1498,Ford,Ranger,2.3L Turbo Inline-4 / 2.7L V6,"2,300 - 2,700 cc",270.0,180.0,6.0 - 7.0 sec,400 - 540 Nm,Petrol/Diesel,5.0,Black,35000.0,Mid-Range,car
CAR_1499,Ford,Mustang Mach-E,Electric Motor,Battery (68-98 kWh),290.0,180.0,3.5 sec (GT Model),430 Nm (GT Model),Electric,5.0,Grey,52000.0,Mid-Range,car
CAR_1500,Ford,F-150 Lightning,Electric Motor,Battery (98 kWh),452.0,180.0,4.5 sec,1051 Nm,Electric,5.0,Black,65000.0,Mid-Range,car
CAR_1501,Ford,Escape Hybrid,2.5L Inline-4 + Electric,"2,500 cc",200.0,180.0,7.7 sec,210 Nm (Electric),Hybrid,5.0,Grey,33000.0,Mid-Range,car
CAR_1502,Ford,Explorer Hybrid,3.3L V6 + Electric,"3,300 cc",318.0,180.0,7.5 sec,500 Nm,Hybrid,7.0,Silver,52500.0,Mid-Range,car
CAR_1503,Ford,Explorer Hybrid,3.3L V6 + Electric,"3,300 cc",318.0,180.0,7.5 sec,500 Nm,Hybrid,7.0,White,52500.0,Mid-Range,car
CAR_1504,Ford,Explorer Hybrid,3.3L V6 + Electric,"3,300 cc",318.0,180.0,7.5 sec,500 Nm,Hybrid,7.0,Green,52500.0,Mid-Range,car
CAR_1505,Ford,Mustang,5.0L V8,"5,000 cc",450.0,250.0,4.3 sec,530 Nm,Petrol,4.0,Brown,55000.0,Mid-Range,car
CAR_1506,Ford,Gt,3.5L Twin-Turbo V6,"3,500 cc",660.0,348.0,3.0 sec,746 Nm,Petrol,2.0,Red,500000.0,Ultra-Luxury,car
CAR_1507,Ford,Gt,3.5L Twin-Turbo V6,"3,500 cc",660.0,348.0,3.0 sec,746 Nm,Petrol,2.0,Yellow,500000.0,Ultra-Luxury,car
CAR_1508,Ford,Gt,3.5L Twin-Turbo V6,"3,500 cc",660.0,348.0,3.0 sec,746 Nm,Petrol,2.0,Blue,500000.0,Ultra-Luxury,car
CAR_1509,Ford,Focus St,2.3L Turbo Inline-4,"2,300 cc",280.0,250.0,5.7 sec,420 Nm,Petrol,5.0,Silver,30000.0,Mid-Range,car
CAR_1510,Ford,Fiesta St,1.5L Turbo Inline-3,"1,500 cc",200.0,230.0,6.5 sec,290 Nm,Petrol,5.0,Silver,23000.0,Budget,car
CAR_1511,Ford,Bronco Raptor,3.0L Twin-Turbo V6,"3,000 cc",400.0,220.0,5.5 sec,583 Nm,Petrol,4.0,Grey,70000.0,Luxury,car
CAR_1512,Ford,Ranger Raptor,2.7L Twin-Turbo V6,"2,700 cc",392.0,200.0,6.0 sec,583 Nm,Petrol,5.0,Silver,45000.0,Mid-Range,car
CAR_1513,Ford,F-150 Raptor,3.5L Twin-Turbo V6,"3,500 cc",450.0,200.0,5.0 sec,691 Nm,Petrol,5.0,Brown,70000.0,Luxury,car
CAR_1514,Ford,Puma,Turbocharged Inline-3,"1,000 cc",123.0,191.0,9.6 sec,200 Nm,Petrol,5.0,Silver,28000.0,Budget,car
CAR_1515,Ford,Territory,Turbocharged Inline-4,"1,500 cc",140.0,180.0,11.0 sec,225 Nm,Petrol,5.0,Green,32000.0,Mid-Range,car
CAR_1516,Ford,Everest,Turbocharged Inline-4,"2,000 cc",210.0,190.0,10.5 sec,500 Nm,Diesel,7.0,Orange,52000.0,Mid-Range,car
CAR_1517,Ford,Everest,Turbocharged Inline-4,"2,000 cc",210.0,190.0,10.5 sec,500 Nm,Diesel,7.0,Black,52000.0,Mid-Range,car
CAR_1518,Ford,Everest,Turbocharged Inline-4,"2,000 cc",210.0,190.0,10.5 sec,500 Nm,Diesel,7.0,Brown,52000.0,Mid-Range,car
CAR_1519,Ford,Flex,Naturally Aspirated V6,"3,500 cc",287.0,200.0,7.9 sec,345 Nm,Petrol,7.0,Black,31000.0,Mid-Range,car
CAR_1520,Ford,Transit,EcoBlue Turbo Diesel,"2,000 cc",170.0,160.0,12.0 sec,405 Nm,Diesel,2.0,White,43455.0,Mid-Range,car
CAR_1521,Ford,Transit Connect,Inline-4 Gasoline Engine,"2,000 cc",162.0,175.0,10.5 sec,200 Nm,Petrol,2.0,Yellow,29365.0,Budget,car
CAR_1522,Ford,F-450 Super Duty,Turbocharged V8 Diesel,"6,700 cc",475.0,165.0,8.5 sec,"1,424 Nm",Diesel,2.0,Yellow,61625.0,Mid-Range,car
CAR_1523,Ford,F-450 Super Duty,Turbocharged V8 Diesel,"6,700 cc",475.0,165.0,8.5 sec,"1,424 Nm",Diesel,2.0,Silver,61625.0,Mid-Range,car
CAR_1524,Ford,F-450 Super Duty,Turbocharged V8 Diesel,"6,700 cc",475.0,165.0,8.5 sec,"1,424 Nm",Diesel,2.0,Grey,61625.0,Mid-Range,car
CAR_1525,Ford,F-550 Super Duty,Turbocharged V8 Diesel,"6,700 cc",475.0,165.0,8.8 sec,"1,424 Nm",Diesel,2.0,Red,64540.0,Mid-Range,car
CAR_1526,Ford,Mustang Shelby Gt500,Supercharged V8,"5,200 cc",760.0,290.0,3.5 sec,847 Nm,Petrol,2.0,White,79420.0,Luxury,car
CAR_1527,Ford,Mustang Shelby Gt350,Naturally Aspirated V8,"5,200 cc",526.0,280.0,4.0 sec,582 Nm,Petrol,2.0,Silver,59140.0,Mid-Range,car
CAR_1528,Ford,F-150 Platinum,Turbocharged V6,"3,500 cc",400.0,180.0,6.5 sec,678 Nm,Petrol,5.0,White,64695.0,Mid-Range,car
CAR_1529,Ford,F-150 Limited,Turbocharged V6,"3,500 cc",450.0,190.0,6.1 sec,678 Nm,Petrol,5.0,Grey,84910.0,Luxury,car
CAR_1530,Ford,Explorer Platinum,Turbocharged V6,"3,000 cc",400.0,230.0,6.0 sec,563 Nm,Petrol,7.0,Grey,56505.0,Mid-Range,car
CAR_1531,Ford,Expedition King Ranch,Turbocharged V6,"3,500 cc",440.0,210.0,6.8 sec,691 Nm,Petrol,7.0,Orange,79560.0,Luxury,car
CAR_1532,Ford,Transit Custom,EcoBlue Turbo Diesel,"2,000 cc",130.0,160.0,12.5 sec,385 Nm,Diesel,2.0,Grey,35000.0,Mid-Range,car
CAR_1533,Ford,E-Series Cutaway,V8 Gasoline Engine,"7,300 cc",350.0,140.0,13.0 sec,569 Nm,Petrol,2.0,Black,36000.0,Mid-Range,car
CAR_1534,Ford,Transit Chassis Cab,EcoBlue Turbo Diesel,"2,000 cc",170.0,160.0,11.5 sec,405 Nm,Diesel,2.0,White,37000.0,Mid-Range,car
CAR_1535,Ford,Transit Electric (E-Transit),Electric Motor,89 kWh (Electric),266.0,140.0,9.0 sec,430 Nm,Electric,2.0,Yellow,52000.0,Mid-Range,car
CAR_1536,Ford,Explorer Plug-In Hybrid,V6 Hybrid + Electric Motor,"3,000 cc (petrol) + Electric Motor",457.0,225.0,6.0 sec,825 Nm,Hybrid,7.0,White,53000.0,Mid-Range,car
CAR_1537,Ford,Maverick Hybrid,I4 Hybrid,"2,500 cc (petrol) + Electric Motor",191.0,180.0,7.8 sec,210 Nm,Hybrid,5.0,Grey,25000.0,Budget,car
CAR_1538,Ford,Maverick Hybrid,I4 Hybrid,"2,500 cc (petrol) + Electric Motor",191.0,180.0,7.8 sec,210 Nm,Hybrid,5.0,Yellow,25000.0,Budget,car
CAR_1539,Ford,Maverick Hybrid,I4 Hybrid,"2,500 cc (petrol) + Electric Motor",191.0,180.0,7.8 sec,210 Nm,Hybrid,5.0,Red,25000.0,Budget,car
CAR_1540,Ford,Mustang (2024),V8 Gasoline Engine,"5,000 cc",450.0,250.0,4.5 sec,570 Nm,Petrol,4.0,Yellow,60000.0,Mid-Range,car
CAR_1541,Ford,Mustang (2024),V8 Gasoline Engine,"5,000 cc",450.0,250.0,4.5 sec,570 Nm,Petrol,4.0,Black,60000.0,Mid-Range,car
CAR_1542,Ford,Mustang (2024),V8 Gasoline Engine,"5,000 cc",450.0,250.0,4.5 sec,570 Nm,Petrol,4.0,White,60000.0,Mid-Range,car
CAR_1543,Ford,Ranger (2024),I4 Turbo Diesel,"2,000 cc",210.0,180.0,8.0 sec,500 Nm,Diesel,5.0,Black,40000.0,Mid-Range,car
CAR_1544,Ford,Escape Plug-In Hybrid (2024),I4 Hybrid,"2,500 cc (petrol) + Electric Motor",221.0,190.0,7.5 sec,210 Nm,Hybrid,5.0,Blue,38000.0,Mid-Range,car
CAR_1545,Ford,Escape Plug-In Hybrid (2024),I4 Hybrid,"2,500 cc (petrol) + Electric Motor",221.0,190.0,7.5 sec,210 Nm,Hybrid,5.0,Green,38000.0,Mid-Range,car
CAR_1546,Ford,Escape Plug-In Hybrid (2024),I4 Hybrid,"2,500 cc (petrol) + Electric Motor",221.0,190.0,7.5 sec,210 Nm,Hybrid,5.0,White,38000.0,Mid-Range,car
CAR_1547,Ford,Bronco (2024),V6 EcoBoost,"2,700 cc",310.0,200.0,6.7 sec,542 Nm,Petrol,5.0,Black,45000.0,Mid-Range,car
CAR_1548,Ford,Explorer (2024),V6 Turbocharged,"3,000 cc",400.0,230.0,5.9 sec,563 Nm,Petrol,7.0,Silver,55000.0,Mid-Range,car
CAR_1549,Mitsubishi,Mirage,1.2L MIVEC,"1,200 cc",78.0,170.0,12.0 sec,100 Nm,Petrol,5.0,Blue,17000.0,Budget,car
CAR_1550,Mitsubishi,Mirage G4,1.2L MIVEC,"1,200 cc",78.0,170.0,12.0 sec,100 Nm,Petrol,5.0,Brown,18000.0,Budget,car
CAR_1551,Mitsubishi,Outlander,2.5L 4-Cylinder,"2,500 cc",181.0,190.0,9.5 sec,245 Nm,Petrol,7.0,Silver,31500.0,Mid-Range,car
CAR_1552,Mitsubishi,Outlander,2.5L 4-Cylinder,"2,500 cc",181.0,190.0,9.5 sec,245 Nm,Petrol,7.0,White,31500.0,Mid-Range,car
CAR_1553,Mitsubishi,Outlander,2.5L 4-Cylinder,"2,500 cc",181.0,190.0,9.5 sec,245 Nm,Petrol,7.0,Green,31500.0,Mid-Range,car
CAR_1554,Mitsubishi,Outlander Phev,2.4L Hybrid,"2,400 cc / 20 kWh battery",248.0,170.0,10.5 sec,300 Nm,Hybrid,5.0,Yellow,41000.0,Mid-Range,car
CAR_1555,Mitsubishi,Eclipse Cross,1.5L Turbo,"1,500 cc",152.0,180.0,9.8 sec,250 Nm,Petrol,5.0,Green,26500.0,Budget,car
CAR_1556,Mitsubishi,Asx (Outlander Sport),2.0L MIVEC,"2,000 cc",148.0,190.0,10.0 sec,197 Nm,Petrol,5.0,Silver,24500.0,Budget,car
CAR_1557,Mitsubishi,Pajero,3.2L Diesel Turbo,"3,200 cc",189.0,180.0,10.5 sec,441 Nm,Diesel,7.0,Green,42500.0,Mid-Range,car
CAR_1558,Mitsubishi,Pajero Sport,2.4L Diesel Turbo,"2,400 cc",181.0,180.0,11.0 sec,430 Nm,Diesel,7.0,Yellow,37500.0,Mid-Range,car
CAR_1559,Mitsubishi,Triton (L200),2.4L Diesel Turbo,"2,400 cc",181.0,177.0,10.5 sec,430 Nm,Diesel,5.0,Brown,30000.0,Mid-Range,car
CAR_1560,Mitsubishi,Triton (L200),2.4L Diesel Turbo,"2,400 cc",181.0,177.0,10.5 sec,430 Nm,Diesel,5.0,Black,30000.0,Mid-Range,car
CAR_1561,Mitsubishi,Triton (L200),2.4L Diesel Turbo,"2,400 cc",181.0,177.0,10.5 sec,430 Nm,Diesel,5.0,Silver,30000.0,Mid-Range,car
CAR_1562,Mitsubishi,Lancer Evolution X,2.0L Turbocharged,"2,000 cc",291.0,240.0,5.0 sec,407 Nm,Petrol,5.0,Yellow,45000.0,Mid-Range,car
CAR_1563,Mitsubishi,I-Miev (Electric),Electric Motor,16 kWh battery,66.0,130.0,15.0 sec,196 Nm,Electric,4.0,White,24500.0,Budget,car
CAR_1564,Mitsubishi,Xpander,1.5L MIVEC,"1,500 cc",105.0,170.0,13.5 sec,141 Nm,Petrol,7.0,Blue,22500.0,Budget,car
CAR_1565,Mitsubishi,Xpander,1.5L MIVEC,"1,500 cc",105.0,170.0,13.5 sec,141 Nm,Petrol,7.0,Black,22500.0,Budget,car
CAR_1566,Mitsubishi,Xpander,1.5L MIVEC,"1,500 cc",105.0,170.0,13.5 sec,141 Nm,Petrol,7.0,Grey,22500.0,Budget,car
CAR_1567,Mitsubishi,Delica D:5,2.2L Diesel Turbo,"2,200 cc",145.0,175.0,11.0 sec,360 Nm,Diesel,7.0,Orange,37500.0,Mid-Range,car
CAR_1568,Mitsubishi,Delica D:5,2.2L Diesel Turbo,"2,200 cc",145.0,175.0,11.0 sec,360 Nm,Diesel,7.0,Brown,37500.0,Mid-Range,car
CAR_1569,Mitsubishi,Delica D:5,2.2L Diesel Turbo,"2,200 cc",145.0,175.0,11.0 sec,360 Nm,Diesel,7.0,White,37500.0,Mid-Range,car
CAR_1570,Mitsubishi,Colt,1.1L / 1.5L MIVEC,"1,100 - 1,500 cc",75.0,180.0,9.0 - 12.0 sec,100 - 180 Nm,Petrol,5.0,Grey,17500.0,Budget,car
CAR_1571,Mitsubishi,Grandis,2.4L MIVEC,"2,400 cc",165.0,190.0,11.0 sec,217 Nm,Petrol,7.0,Silver,27500.0,Budget,car
CAR_1572,Mitsubishi,Outlander Black Edition,2.5L 4-Cylinder,"2,500 cc",181.0,190.0,9.5 sec,245 Nm,Petrol,7.0,Orange,33500.0,Mid-Range,car
CAR_1573,Mitsubishi,Outlander Sel,2.5L 4-Cylinder,"2,500 cc",181.0,190.0,9.5 sec,245 Nm,Petrol,7.0,Silver,32500.0,Mid-Range,car
CAR_1574,Mitsubishi,Outlander Se,2.5L 4-Cylinder,"2,500 cc",181.0,190.0,9.5 sec,245 Nm,Petrol,7.0,Blue,30500.0,Mid-Range,car
CAR_1575,Mitsubishi,Eclipse Cross Black Edition,1.5L Turbo,"1,500 cc",152.0,180.0,9.8 sec,250 Nm,Petrol,5.0,Orange,29000.0,Budget,car
CAR_1576,Mitsubishi,Asx Exceed,2.0L MIVEC,"2,000 cc",148.0,190.0,10.0 sec,197 Nm,Petrol,5.0,Orange,27000.0,Budget,car
CAR_1577,Mitsubishi,Triton Athlete,2.4L Diesel Turbo,"2,400 cc",181.0,177.0,10.5 sec,430 Nm,Diesel,5.0,Grey,31000.0,Mid-Range,car
CAR_1578,Mitsubishi,Pajero Final Edition,3.2L Diesel Turbo,"3,200 cc",189.0,180.0,10.5 sec,441 Nm,Diesel,7.0,Yellow,47500.0,Mid-Range,car
CAR_1579,Mitsubishi,L200 Barbarian X,2.4L Diesel Turbo,"2,400 cc",181.0,177.0,10.5 sec,430 Nm,Diesel,5.0,Yellow,32500.0,Mid-Range,car
CAR_1580,Mitsubishi,Space Star,1.2L MIVEC,"1,200 cc",78.0,170.0,12.0 sec,100 Nm,Petrol,5.0,White,16000.0,Budget,car
CAR_1581,Mitsubishi,Lancer Ex,1.6L MIVEC / 2.0L,"1,600 - 2,000 cc",117.0,200.0,10.0 sec,154 - 197 Nm,Petrol,5.0,Green,22500.0,Budget,car
CAR_1582,Mitsubishi,Montero Sport,2.4L Diesel Turbo,"2,400 cc",181.0,180.0,11.0 sec,430 Nm,Diesel,7.0,Brown,37500.0,Mid-Range,car
CAR_1583,Mitsubishi,Attrage,1.2L MIVEC,"1,200 cc",78.0,170.0,12.5 sec,100 Nm,Petrol,5.0,Red,16000.0,Budget,car
CAR_1584,Mitsubishi,Rvr Se,2.0L MIVEC,"2,000 cc",148.0,190.0,10.5 sec,197 Nm,Petrol,5.0,Blue,24000.0,Budget,car
CAR_1585,Mitsubishi,Delica Van,2.0L Diesel / 2.2L Diesel,"2,000 - 2,200 cc",145.0,175.0,11.5 sec,360 Nm,Diesel,7.0,Yellow,32500.0,Mid-Range,car
CAR_1586,Mitsubishi,Canter (Truck),3.0L Diesel,"3,000 cc",150.0,120.0,,370 Nm,Diesel,2.0,Brown,40000.0,Mid-Range,car
CAR_1587,Mitsubishi,Lancer Glx,1.6L MIVEC,"1,600 cc",115.0,190.0,11.5 sec,154 Nm,Petrol,5.0,White,18500.0,Budget,car
CAR_1588,Mitsubishi,Pajero Gls,3.2L Diesel Turbo,"3,200 cc",189.0,180.0,10.5 sec,441 Nm,Diesel,7.0,Black,47500.0,Mid-Range,car
CAR_1589,Mitsubishi,Xpander Cross,1.5L MIVEC,"1,500 cc",105.0,170.0,12.0 sec,141 Nm,Petrol,7.0,Red,22500.0,Budget,car
CAR_1590,Mitsubishi,Xpander Cross,1.5L MIVEC,"1,500 cc",105.0,170.0,12.0 sec,141 Nm,Petrol,7.0,Orange,22500.0,Budget,car
CAR_1591,Mitsubishi,Xpander Cross,1.5L MIVEC,"1,500 cc",105.0,170.0,12.0 sec,141 Nm,Petrol,7.0,Blue,22500.0,Budget,car
CAR_1592,Mitsubishi,Eclipse Cross Phev,2.4L PHEV,"2,400 cc",188.0,180.0,10.5 sec,199 Nm,Plug-in Hybrid,5.0,Black,37500.0,Mid-Range,car
CAR_1593,Mitsubishi,Outlander Es,2.5L 4-Cylinder,"2,500 cc",181.0,190.0,9.5 sec,245 Nm,Petrol,7.0,Yellow,29000.0,Budget,car
CAR_1594,Mitsubishi,Montero Glx,2.4L Diesel Turbo,"2,400 cc",181.0,180.0,11.0 sec,430 Nm,Diesel,7.0,White,37500.0,Mid-Range,car
CAR_1595,Mitsubishi,Triton Glx-R,2.4L Diesel Turbo,"2,400 cc",181.0,177.0,10.5 sec,430 Nm,Diesel,5.0,Green,31000.0,Mid-Range,car
CAR_1596,Mitsubishi,Asx Dynamic,2.0L MIVEC,"2,000 cc",148.0,190.0,10.0 sec,197 Nm,Petrol,5.0,Yellow,26500.0,Budget,car
CAR_1597,Mitsubishi,Mirage Es,1.2L MIVEC,"1,200 cc",78.0,170.0,12.5 sec,100 Nm,Petrol,5.0,White,16000.0,Budget,car
CAR_1598,Mitsubishi,Mirage Es,1.2L MIVEC,"1,200 cc",78.0,170.0,12.5 sec,100 Nm,Petrol,5.0,Green,16000.0,Budget,car
CAR_1599,Mitsubishi,Mirage Es,1.2L MIVEC,"1,200 cc",78.0,170.0,12.5 sec,100 Nm,Petrol,5.0,Black,16000.0,Budget,car
CAR_1600,Mitsubishi,Outlander Le,2.5L 4-Cylinder,"2,500 cc",181.0,190.0,9.5 sec,245 Nm,Petrol,7.0,White,32500.0,Mid-Range,car
CAR_1601,Mitsubishi,Fuso Fighter (Truck),7.5L Diesel,"7,500 cc",240.0,120.0,,686 Nm,Diesel,2.0,Silver,80000.0,Luxury,car
CAR_1602,Mitsubishi,Fuso Canter Eco Hybrid,3.0L Diesel Hybrid,"3,000 cc",150.0,120.0,,370 Nm,Hybrid,2.0,Orange,55000.0,Mid-Range,car
CAR_1603,Mitsubishi,Space Runner,1.8L MIVEC,"1,800 cc",140.0,185.0,10.5 sec,170 Nm,Petrol,5.0,Brown,21500.0,Budget,car
CAR_1604,Mitsubishi,Toppo Bj,0.7L 3-Cylinder,660 cc,52.0,130.0,15.0 sec,60 Nm,Petrol,4.0,Silver,11000.0,Budget,car
CAR_1605,Mitsubishi,Chariot,2.0L MIVEC,"2,000 cc",140.0,185.0,10.5 sec,170 Nm,Petrol,7.0,Brown,21500.0,Budget,car
CAR_1606,Mitsubishi,Lancer Se Limited,2.0L MIVEC,"2,000 cc",148.0,200.0,10.0 sec,197 Nm,Petrol,5.0,Red,22500.0,Budget,car
CAR_1607,Mitsubishi,Pajero Swb (Short Wheel Base),3.2L Diesel Turbo,"3,200 cc",189.0,180.0,10.5 sec,441 Nm,Diesel,5.0,Red,47500.0,Mid-Range,car
CAR_1608,Mitsubishi,Pajero Swb (Short Wheel Base),3.2L Diesel Turbo,"3,200 cc",189.0,180.0,10.5 sec,441 Nm,Diesel,5.0,Yellow,47500.0,Mid-Range,car
CAR_1609,Mitsubishi,Pajero Swb (Short Wheel Base),3.2L Diesel Turbo,"3,200 cc",189.0,180.0,10.5 sec,441 Nm,Diesel,5.0,Silver,47500.0,Mid-Range,car
CAR_1610,Mitsubishi,Delica Space Gear,2.4L Petrol,"2,400 cc",145.0,170.0,13.0 sec,206 Nm,Petrol,7.0,Green,32500.0,Mid-Range,car
CAR_1611,Mitsubishi,I (Kei Car),0.7L 3-Cylinder,660 cc,64.0,130.0,15.5 sec,94 Nm,Petrol,4.0,Orange,13500.0,Budget,car
CAR_1612,Mitsubishi,I (Kei Car),0.7L 3-Cylinder,660 cc,64.0,130.0,15.5 sec,94 Nm,Petrol,4.0,Blue,13500.0,Budget,car
CAR_1613,Mitsubishi,I (Kei Car),0.7L 3-Cylinder,660 cc,64.0,130.0,15.5 sec,94 Nm,Petrol,4.0,Grey,13500.0,Budget,car
CAR_1614,Mitsubishi,Dion,2.0L 4-Cylinder,"2,000 cc",135.0,180.0,11.5 sec,181 Nm,Petrol,7.0,Grey,16500.0,Budget,car
CAR_1615,Mitsubishi,Airtrek,2.4L 4-Cylinder,"2,400 cc",160.0,190.0,11.0 sec,214 Nm,Petrol,5.0,Silver,22500.0,Budget,car
CAR_1616,Mitsubishi,Airtrek,2.4L 4-Cylinder,"2,400 cc",160.0,190.0,11.0 sec,214 Nm,Petrol,5.0,Brown,22500.0,Budget,car
CAR_1617,Mitsubishi,Airtrek,2.4L 4-Cylinder,"2,400 cc",160.0,190.0,11.0 sec,214 Nm,Petrol,5.0,Blue,22500.0,Budget,car
CAR_1618,Mitsubishi,Ek Space,0.7L 3-Cylinder,660 cc,52.0,130.0,15.0 sec,60 Nm,Petrol,4.0,Blue,11000.0,Budget,car
CAR_1619,Mitsubishi,Ek X,0.7L 3-Cylinder,660 cc,64.0,140.0,13.5 sec,94 Nm,Petrol,4.0,Yellow,13500.0,Budget,car
CAR_1620,Mitsubishi,Colt Czc Convertible,1.5L Turbocharged,"1,500 cc",147.0,200.0,9.5 sec,210 Nm,Petrol,4.0,Orange,27500.0,Budget,car
CAR_1621,Mitsubishi,Galant Fortis,2.0L MIVEC,"2,000 cc",154.0,200.0,10.0 sec,200 Nm,Petrol,5.0,Black,20000.0,Budget,car
CAR_1622,Mitsubishi,Endeavor,3.8L V6,"3,800 cc",225.0,190.0,9.5 sec,343 Nm,Petrol,5.0,Silver,31500.0,Mid-Range,car
CAR_1623,Mitsubishi,Grand Lancer,1.8L MIVEC,"1,800 cc",138.0,190.0,11.5 sec,173 Nm,Petrol,5.0,Silver,22500.0,Budget,car
CAR_1624,Mitsubishi,Grand Lancer,1.8L MIVEC,"1,800 cc",138.0,190.0,11.5 sec,173 Nm,Petrol,5.0,Red,22500.0,Budget,car
CAR_1625,Mitsubishi,Grand Lancer,1.8L MIVEC,"1,800 cc",138.0,190.0,11.5 sec,173 Nm,Petrol,5.0,Orange,22500.0,Budget,car
CAR_1626,Mitsubishi,Sigma,3.0L V6,"3,000 cc",210.0,220.0,8.5 sec,270 Nm,Petrol,5.0,Black,37500.0,Mid-Range,car
CAR_1627,Mitsubishi,Town Box,0.7L 3-Cylinder,660 cc,48.0,120.0,16.0 sec,60 Nm,Petrol,4.0,Orange,11000.0,Budget,car
CAR_1628,Mitsubishi,Minicab Miev,Electric Motor,16 kWh battery,64.0,100.0,,196 Nm,Electric,2.0,Yellow,19000.0,Budget,car
CAR_1629,Mitsubishi,Minicab Miev,Electric Motor,16 kWh battery,64.0,100.0,,196 Nm,Electric,2.0,White,19000.0,Budget,car
CAR_1630,Mitsubishi,Minicab Miev,Electric Motor,16 kWh battery,64.0,100.0,,196 Nm,Electric,2.0,Grey,19000.0,Budget,car
CAR_1631,Mazda,Mazda3,2.0L SkyActiv-G,"2,000 cc",155.0,200.0,8.9 sec,213 Nm,Petrol,5.0,Green,24000.0,Budget,car
CAR_1632,Mazda,Mazda3 Hatchback,2.5L SkyActiv-G,"2,500 cc",186.0,210.0,8.3 sec,252 Nm,Petrol,5.0,Green,26000.0,Budget,car
CAR_1633,Mazda,Mazda6,2.5L Turbocharged,"2,500 cc",250.0,240.0,6.4 sec,420 Nm,Petrol,5.0,Green,31000.0,Mid-Range,car
CAR_1634,Mazda,Cx-3,2.0L SkyActiv-G,"2,000 cc",146.0,180.0,9.5 sec,197 Nm,Petrol,5.0,Grey,23000.0,Budget,car
CAR_1635,Mazda,Cx-3,2.0L SkyActiv-G,"2,000 cc",146.0,180.0,9.5 sec,197 Nm,Petrol,5.0,Yellow,23000.0,Budget,car
CAR_1636,Mazda,Cx-3,2.0L SkyActiv-G,"2,000 cc",146.0,180.0,9.5 sec,197 Nm,Petrol,5.0,Brown,23000.0,Budget,car
CAR_1637,Mazda,Cx-30,2.5L SkyActiv-G,"2,500 cc",186.0,204.0,8.7 sec,252 Nm,Petrol,5.0,Brown,25500.0,Budget,car
CAR_1638,Mazda,Cx-30,2.5L SkyActiv-G,"2,500 cc",186.0,204.0,8.7 sec,252 Nm,Petrol,5.0,Orange,25500.0,Budget,car
CAR_1639,Mazda,Cx-30,2.5L SkyActiv-G,"2,500 cc",186.0,204.0,8.7 sec,252 Nm,Petrol,5.0,Grey,25500.0,Budget,car
CAR_1640,Mazda,Cx-5,2.5L SkyActiv-G,"2,500 cc",187.0,200.0,8.8 sec,252 Nm,Petrol,5.0,Red,29000.0,Budget,car
CAR_1641,Mazda,Cx-50,2.5L Turbocharged,"2,500 cc",256.0,220.0,6.9 sec,434 Nm,Petrol,5.0,White,32500.0,Mid-Range,car
CAR_1642,Mazda,Cx-8,2.2L Diesel,"2,200 cc",187.0,200.0,9.2 sec,450 Nm,Diesel,7.0,Orange,39000.0,Mid-Range,car
CAR_1643,Mazda,Cx-9,2.5L Turbocharged,"2,500 cc",250.0,210.0,7.2 sec,420 Nm,Petrol,7.0,Black,41500.0,Mid-Range,car
CAR_1644,Mazda,Cx-90,3.3L Inline-6 Turbo,"3,300 cc",340.0,240.0,6.2 sec,500 Nm,Petrol,7.0,Silver,55000.0,Mid-Range,car
CAR_1645,Mazda,Cx-90,3.3L Inline-6 Turbo,"3,300 cc",340.0,240.0,6.2 sec,500 Nm,Petrol,7.0,Brown,55000.0,Mid-Range,car
CAR_1646,Mazda,Cx-90,3.3L Inline-6 Turbo,"3,300 cc",340.0,240.0,6.2 sec,500 Nm,Petrol,7.0,Red,55000.0,Mid-Range,car
CAR_1647,Mazda,Mx-5 Miata,2.0L SkyActiv-G,"2,000 cc",181.0,225.0,6.5 sec,205 Nm,Petrol,2.0,Blue,30000.0,Mid-Range,car
CAR_1648,Mazda,Mx-5 Miata Rf,2.0L SkyActiv-G,"2,000 cc",181.0,225.0,6.5 sec,205 Nm,Petrol,2.0,Silver,36500.0,Mid-Range,car
CAR_1649,Mazda,Mx-30 Electric,Electric Motor,35.5 kWh battery,143.0,140.0,9.7 sec,271 Nm,Electric,5.0,Black,35000.0,Mid-Range,car
CAR_1650,Mazda,Cx-4,2.0L SkyActiv-G,"2,000 cc",158.0,190.0,9.6 sec,202 Nm,Petrol,5.0,Blue,25000.0,Budget,car
CAR_1651,Mazda,Cx-7,2.3L Turbocharged,"2,300 cc",244.0,210.0,7.9 sec,350 Nm,Petrol,5.0,Orange,30500.0,Mid-Range,car
CAR_1652,Mazda,Tribute,3.0L V6,"3,000 cc",200.0,190.0,9.0 sec,270 Nm,Petrol,5.0,Silver,27000.0,Budget,car
CAR_1653,Mazda,B-Series Pickup,2.5L Diesel,"2,500 cc",143.0,170.0,11.5 sec,330 Nm,Diesel,5.0,Grey,22500.0,Budget,car
CAR_1654,Mazda,Bt-50,3.2L Turbo Diesel,"3,200 cc",200.0,180.0,10.0 sec,470 Nm,Diesel,5.0,Blue,31000.0,Mid-Range,car
CAR_1655,Mazda,Bt-50,3.2L Turbo Diesel,"3,200 cc",200.0,180.0,10.0 sec,470 Nm,Diesel,5.0,Red,31000.0,Mid-Range,car
CAR_1656,Mazda,Bt-50,3.2L Turbo Diesel,"3,200 cc",200.0,180.0,10.0 sec,470 Nm,Diesel,5.0,Grey,31000.0,Mid-Range,car
CAR_1657,Mazda,Rx-7,1.3L Rotary Twin-Turbo,"1,300 cc",276.0,250.0,5.5 sec,314 Nm,Petrol,4.0,Orange,40000.0,Mid-Range,car
CAR_1658,Mazda,Rx-3,1.2L Rotary,"1,200 cc",110.0,180.0,8.9 sec,145 Nm,Petrol,4.0,Yellow,17500.0,Budget,car
CAR_1659,Mazda,Rx-3,1.2L Rotary,"1,200 cc",110.0,180.0,8.9 sec,145 Nm,Petrol,4.0,Grey,17500.0,Budget,car
CAR_1660,Mazda,Rx-3,1.2L Rotary,"1,200 cc",110.0,180.0,8.9 sec,145 Nm,Petrol,4.0,Orange,17500.0,Budget,car
CAR_1661,Mazda,Rx-Vision Concept,Rotary SkyActiv-R,,400.0,300.0,,,Hybrid,2.0,Blue,,Unknown,car
CAR_1662,Mazda,323F,1.6L Inline-4,"1,600 cc",105.0,180.0,10.5 sec,145 Nm,Petrol,5.0,White,16000.0,Budget,car
CAR_1663,Mazda,Familia Sedan,1.5L Inline-4,"1,500 cc",100.0,175.0,11.0 sec,135 Nm,Petrol,5.0,Black,14000.0,Budget,car
CAR_1664,Mazda,Familia Sedan,1.5L Inline-4,"1,500 cc",100.0,175.0,11.0 sec,135 Nm,Petrol,5.0,Orange,14000.0,Budget,car
CAR_1665,Mazda,Familia Sedan,1.5L Inline-4,"1,500 cc",100.0,175.0,11.0 sec,135 Nm,Petrol,5.0,Blue,14000.0,Budget,car
CAR_1666,Mazda,Premacy,2.0L Inline-4,"2,000 cc",138.0,190.0,9.8 sec,180 Nm,Petrol,7.0,Orange,21000.0,Budget,car
CAR_1667,Mazda,Demio,1.5L SkyActiv-G,"1,500 cc",108.0,180.0,10.2 sec,142 Nm,Petrol,5.0,Blue,15500.0,Budget,car
CAR_1668,Mazda,Millenia,2.3L Miller Cycle V6,"2,300 cc",210.0,215.0,8.2 sec,280 Nm,Petrol,5.0,White,27500.0,Budget,car
CAR_1669,Mazda,Eunos Cosmo,2.0L Twin-Rotor Turbo,"2,000 cc",280.0,240.0,6.0 sec,300 Nm,Petrol,4.0,Orange,45000.0,Mid-Range,car
CAR_1670,Mazda,Atenza,2.5L SkyActiv-G,"2,500 cc",192.0,210.0,8.5 sec,252 Nm,Petrol,5.0,White,25000.0,Budget,car
CAR_1671,Mazda,Roadpacer Ap,1.3L Rotary,"1,300 cc",130.0,170.0,11.5 sec,165 Nm,Petrol,5.0,Grey,22500.0,Budget,car
CAR_1672,Mazda,626,2.0L Inline-4,"2,000 cc",140.0,190.0,9.5 sec,180 Nm,Petrol,5.0,Grey,20000.0,Budget,car
CAR_1673,Mazda,929,3.0L V6,"3,000 cc",205.0,220.0,8.0 sec,270 Nm,Petrol,5.0,Green,27500.0,Budget,car
CAR_1674,Mazda,Luce,1.8L Rotary,"1,800 cc",135.0,180.0,10.5 sec,170 Nm,Petrol,5.0,Black,17500.0,Budget,car
CAR_1675,Mazda,Luce,1.8L Rotary,"1,800 cc",135.0,180.0,10.5 sec,170 Nm,Petrol,5.0,White,17500.0,Budget,car
CAR_1676,Mazda,Luce,1.8L Rotary,"1,800 cc",135.0,180.0,10.5 sec,170 Nm,Petrol,5.0,Orange,17500.0,Budget,car
CAR_1677,Mazda,Capella,1.6L Inline-4,"1,600 cc",110.0,175.0,11.2 sec,145 Nm,Petrol,5.0,Silver,16000.0,Budget,car
CAR_1678,Mazda,Carol,660cc Inline-3,660 cc,63.0,140.0,15.5 sec,90 Nm,Petrol,4.0,Orange,10500.0,Budget,car
CAR_1679,Mazda,Carol,660cc Inline-3,660 cc,63.0,140.0,15.5 sec,90 Nm,Petrol,4.0,White,10500.0,Budget,car
CAR_1680,Mazda,Carol,660cc Inline-3,660 cc,63.0,140.0,15.5 sec,90 Nm,Petrol,4.0,Grey,10500.0,Budget,car
CAR_1681,Mazda,Autozam Az-1,657cc Turbocharged Inline-3,657 cc,63.0,140.0,11.0 sec,85 Nm,Petrol,2.0,Green,15000.0,Budget,car
CAR_1682,Mazda,Autozam Az-1,657cc Turbocharged Inline-3,657 cc,63.0,140.0,11.0 sec,85 Nm,Petrol,2.0,Brown,15000.0,Budget,car
CAR_1683,Mazda,Autozam Az-1,657cc Turbocharged Inline-3,657 cc,63.0,140.0,11.0 sec,85 Nm,Petrol,2.0,Yellow,15000.0,Budget,car
CAR_1684,Mazda,Spiano,660cc Inline-3,660 cc,54.0,130.0,16.0 sec,80 Nm,Petrol,4.0,Green,9000.0,Budget,car
CAR_1685,Mazda,Verisa,1.5L Inline-4,"1,500 cc",113.0,170.0,11.0 sec,140 Nm,Petrol,5.0,Orange,16000.0,Budget,car
CAR_1686,Mazda,Mx-6,2.5L V6,"2,500 cc",164.0,210.0,8.8 sec,215 Nm,Petrol,4.0,Brown,21000.0,Budget,car
CAR_1687,Mazda,Mpv,3.0L V6,"3,000 cc",200.0,185.0,9.5 sec,265 Nm,Petrol,7.0,Brown,27500.0,Budget,car
CAR_1688,Mazda,Proceed Marvie,2.6L Inline-4,"2,600 cc",120.0,160.0,12.0 sec,200 Nm,Petrol,5.0,White,22500.0,Budget,car
CAR_1689,Mazda,Sentia,3.0L V6,"3,000 cc",200.0,200.0,9.0 sec,265 Nm,Petrol,5.0,Orange,25000.0,Budget,car
CAR_1690,Mazda,Sentia,3.0L V6,"3,000 cc",200.0,200.0,9.0 sec,265 Nm,Petrol,5.0,White,25000.0,Budget,car
CAR_1691,Mazda,Sentia,3.0L V6,"3,000 cc",200.0,200.0,9.0 sec,265 Nm,Petrol,5.0,Red,25000.0,Budget,car
CAR_1692,Mazda,Cronos,2.5L V6,"2,500 cc",160.0,190.0,8.5 sec,210 Nm,Petrol,5.0,Brown,20000.0,Budget,car
CAR_1693,Mazda,Cronos,2.5L V6,"2,500 cc",160.0,190.0,8.5 sec,210 Nm,Petrol,5.0,White,20000.0,Budget,car
CAR_1694,Mazda,Cronos,2.5L V6,"2,500 cc",160.0,190.0,8.5 sec,210 Nm,Petrol,5.0,Red,20000.0,Budget,car
CAR_1695,Mazda,Scrum,660cc Inline-3,660 cc,63.0,130.0,15.0 sec,85 Nm,Petrol,4.0,Green,10000.0,Budget,car
CAR_1696,Mazda,Parkway,1.8L Inline-4,"1,800 cc",115.0,160.0,12.5 sec,155 Nm,Petrol,5.0,Orange,22500.0,Budget,car
CAR_1697,Mazda,Titan (Truck),3.0L Inline-4,"3,000 cc",130.0,120.0,15.0 sec,300 Nm,Diesel,2.0,Green,27500.0,Budget,car
CAR_1698,Mazda,Cx-60,2.5L Inline-4,"2,500 cc",187.0,200.0,8.5 sec,250 Nm,Petrol/Diesel,5.0,Silver,42500.0,Mid-Range,car
CAR_1699,Mazda,Cx-60,2.5L Inline-4,"2,500 cc",187.0,200.0,8.5 sec,250 Nm,Petrol/Diesel,5.0,Red,42500.0,Mid-Range,car
CAR_1700,Mazda,Cx-60,2.5L Inline-4,"2,500 cc",187.0,200.0,8.5 sec,250 Nm,Petrol/Diesel,5.0,Blue,42500.0,Mid-Range,car
CAR_1701,Mazda,Cx-80,3.0L Inline-6,"3,000 cc",250.0,210.0,7.5 sec,400 Nm,Petrol,7.0,Orange,47500.0,Mid-Range,car
CAR_1702,Mazda,T1500,1.5L Inline-4,"1,500 cc",75.0,120.0,18.0 sec,105 Nm,Petrol,2.0,Silver,16500.0,Budget,car
CAR_1703,Mazda,Bongo Van,2.0L Inline-4,"2,000 cc",100.0,160.0,14.0 sec,140 Nm,Petrol/Diesel,3.0,Green,20000.0,Budget,car
CAR_1704,Mazda,Bongo Friendee,2.5L Inline-4,"2,500 cc",115.0,160.0,12.5 sec,160 Nm,Petrol/Diesel,7.0,Grey,22000.0,Budget,car
CAR_1705,Mazda,Bongo Friendee,2.5L Inline-4,"2,500 cc",115.0,160.0,12.5 sec,160 Nm,Petrol/Diesel,7.0,Green,22000.0,Budget,car
CAR_1706,Mazda,Bongo Friendee,2.5L Inline-4,"2,500 cc",115.0,160.0,12.5 sec,160 Nm,Petrol/Diesel,7.0,Silver,22000.0,Budget,car
CAR_1707,Mazda,Revue,1.3L Inline-4,"1,300 cc",75.0,130.0,15.5 sec,110 Nm,Petrol,5.0,Silver,11000.0,Budget,car
CAR_1708,Mazda,Protegé,1.8L Inline-4,"1,800 cc",125.0,185.0,9.0 sec,170 Nm,Petrol,5.0,Red,16500.0,Budget,car
CAR_1709,Mazda,Xedos 6,2.5L V6,"2,500 cc",170.0,215.0,8.5 sec,230 Nm,Petrol,5.0,Black,27500.0,Budget,car
CAR_1710,Mazda,Xedos 9,3.0L V6,"3,000 cc",200.0,220.0,7.5 sec,260 Nm,Petrol,5.0,Red,32500.0,Mid-Range,car
CAR_1711,Mazda,121,1.3L Inline-4,"1,300 cc",70.0,155.0,13.0 sec,110 Nm,Petrol,5.0,Red,13500.0,Budget,car
CAR_1712,Mazda,1200,1.2L Inline-4,"1,200 cc",60.0,130.0,16.0 sec,90 Nm,Petrol,4.0,Grey,11000.0,Budget,car
CAR_1713,Mazda,1500,1.5L Inline-4,"1,500 cc",85.0,145.0,14.0 sec,120 Nm,Petrol,5.0,Yellow,13500.0,Budget,car
CAR_1714,Mazda,Rx-2,1.3L Inline-2 (Wankel),"1,308 cc",130.0,185.0,8.5 sec,220 Nm,Petrol,4.0,White,22500.0,Budget,car
CAR_1715,Mazda,Rx-5,1.6L Inline-2 (Wankel),"1,588 cc",135.0,190.0,8.0 sec,210 Nm,Petrol,4.0,White,27500.0,Budget,car
CAR_1716,Mazda,Rx-7 Spirit R,1.3L Inline-2 (Wankel),"1,308 cc",280.0,250.0,5.5 sec,290 Nm,Petrol,2.0,Brown,37500.0,Mid-Range,car
CAR_1717,Mazda,Rx-7 Spirit R,1.3L Inline-2 (Wankel),"1,308 cc",280.0,250.0,5.5 sec,290 Nm,Petrol,2.0,Red,37500.0,Mid-Range,car
CAR_1718,Mazda,Rx-7 Spirit R,1.3L Inline-2 (Wankel),"1,308 cc",280.0,250.0,5.5 sec,290 Nm,Petrol,2.0,Silver,37500.0,Mid-Range,car
CAR_1719,Mazda,Cosmo Sport (110S),1.0L Inline-2 (Wankel),"1,000 cc",110.0,170.0,10.0 sec,150 Nm,Petrol,2.0,Brown,32500.0,Mid-Range,car
CAR_1720,Mazda,Eunos 500,2.0L Inline-4,"1,998 cc",135.0,200.0,9.0 sec,170 Nm,Petrol,5.0,Blue,26500.0,Budget,car
CAR_1721,Mazda,Eunos Roadster,1.6L Inline-4,"1,590 cc",116.0,180.0,9.5 sec,140 Nm,Petrol,2.0,Grey,16500.0,Budget,car
CAR_1722,Mazda,Familia Astina,1.8L Inline-4,"1,800 cc",135.0,200.0,8.5 sec,170 Nm,Petrol,5.0,Blue,21000.0,Budget,car
CAR_1723,Mazda,Familia Astina,1.8L Inline-4,"1,800 cc",135.0,200.0,8.5 sec,170 Nm,Petrol,5.0,Silver,21000.0,Budget,car
CAR_1724,Mazda,Familia Astina,1.8L Inline-4,"1,800 cc",135.0,200.0,8.5 sec,170 Nm,Petrol,5.0,Brown,21000.0,Budget,car
CAR_1725,Mazda,Savanna Rx-7,1.3L Inline-2 (Wankel),"1,308 cc",165.0,230.0,7.5 sec,230 Nm,Petrol,2.0,Yellow,30000.0,Mid-Range,car
CAR_1726,Mazda,Capella Cargo,2.0L Inline-4,"2,000 cc",115.0,180.0,12.0 sec,160 Nm,Petrol,4.0,Yellow,20000.0,Budget,car
CAR_1727,Mazda,Capella Cargo,2.0L Inline-4,"2,000 cc",115.0,180.0,12.0 sec,160 Nm,Petrol,4.0,Orange,20000.0,Budget,car
CAR_1728,Mazda,Capella Cargo,2.0L Inline-4,"2,000 cc",115.0,180.0,12.0 sec,160 Nm,Petrol,4.0,White,20000.0,Budget,car
CAR_1729,Mazda,818,1.6L Inline-4,"1,600 cc",100.0,170.0,12.5 sec,130 Nm,Petrol,5.0,Brown,16000.0,Budget,car
CAR_1730,Mazda,Sentia Hardtop Coupe,2.5L V6,"2,500 cc",160.0,210.0,8.0 sec,220 Nm,Petrol,4.0,Silver,32500.0,Mid-Range,car
CAR_1731,Mazda,Sentia Hardtop Coupe,2.5L V6,"2,500 cc",160.0,210.0,8.0 sec,220 Nm,Petrol,4.0,Orange,32500.0,Mid-Range,car
CAR_1732,Mazda,Sentia Hardtop Coupe,2.5L V6,"2,500 cc",160.0,210.0,8.0 sec,220 Nm,Petrol,4.0,Grey,32500.0,Mid-Range,car
CAR_1733,Mazda,Biante,2.0L Inline-4,"2,000 cc",150.0,185.0,10.0 sec,200 Nm,Petrol,7.0,White,24000.0,Budget,car
CAR_1734,Mazda,Biante,2.0L Inline-4,"2,000 cc",150.0,185.0,10.0 sec,200 Nm,Petrol,7.0,Brown,24000.0,Budget,car
CAR_1735,Mazda,Biante,2.0L Inline-4,"2,000 cc",150.0,185.0,10.0 sec,200 Nm,Petrol,7.0,Black,24000.0,Budget,car
CAR_1736,Mazda,Premacy Hydrogen Re Hybrid,1.3L Wankel + Electric,"1,308 cc",200.0,180.0,9.5 sec,260 Nm,Hybrid,5.0,Black,42500.0,Mid-Range,car
CAR_1737,Mazda,Carol P360,0.36L Inline-2,360 cc,26.0,85.0,35.0 sec,45 Nm,Petrol,4.0,Orange,9000.0,Budget,car
CAR_1738,Mazda,Carol P360,0.36L Inline-2,360 cc,26.0,85.0,35.0 sec,45 Nm,Petrol,4.0,Brown,9000.0,Budget,car
CAR_1739,Mazda,Carol P360,0.36L Inline-2,360 cc,26.0,85.0,35.0 sec,45 Nm,Petrol,4.0,Yellow,9000.0,Budget,car
CAR_1740,Mazda,T2000,2.0L Inline-4,"2,000 cc",110.0,170.0,12.5 sec,160 Nm,Petrol,2.0,Blue,19000.0,Budget,car
CAR_1741,Mazda,Az-Offroad,1.3L Inline-4,"1,298 cc",85.0,145.0,12.0 sec,130 Nm,Petrol,5.0,Brown,16500.0,Budget,car
CAR_1742,Mazda,Scrum Wagon,0.66L Inline-3,657 cc,64.0,120.0,15.5 sec,95 Nm,Petrol,4.0,Yellow,11000.0,Budget,car
CAR_1743,Mazda,Persona,1.5L Inline-4,"1,497 cc",92.0,160.0,13.5 sec,130 Nm,Petrol,5.0,White,14500.0,Budget,car
CAR_1744,Mazda,Astina,1.8L Inline-4,"1,800 cc",140.0,190.0,8.5 sec,160 Nm,Petrol,5.0,Brown,22000.0,Budget,car
CAR_1745,Mazda,Etude,1.6L Inline-4,"1,598 cc",105.0,170.0,10.0 sec,135 Nm,Petrol,5.0,Silver,15000.0,Budget,car
CAR_1746,Mazda,Porter,1.5L Inline-4,"1,497 cc",95.0,130.0,14.0 sec,130 Nm,Petrol,2.0,Silver,13500.0,Budget,car
CAR_1747,Mazda,Mx-3,1.6L Inline-4,"1,598 cc",130.0,190.0,8.5 sec,140 Nm,Petrol,4.0,Grey,20000.0,Budget,car
CAR_1748,Mazda,Mx-5 Superlight Concept,1.8L Inline-4,"1,798 cc",143.0,200.0,7.5 sec,160 Nm,Petrol,2.0,Black,32500.0,Mid-Range,car
CAR_1749,Mazda,Premacy Hydrogen Re,1.3L Wankel + Electric,"1,308 cc",200.0,180.0,9.5 sec,260 Nm,Hybrid,5.0,Blue,42500.0,Mid-Range,car
CAR_1750,Mazda,Bongo Truck,2.0L Inline-4,"1,998 cc",120.0,130.0,15.0 sec,150 Nm,Petrol,2.0,Blue,16500.0,Budget,car
CAR_1751,Mazda,Rotary Pickup,1.3L Wankel Rotary Engine,"1,308 cc",130.0,150.0,14.5 sec,160 Nm,Petrol,2.0,Orange,20000.0,Budget,car
CAR_1752,Mazda,Luce Rotary Coupe,1.3L Wankel Rotary Engine,"1,308 cc",135.0,175.0,12.0 sec,180 Nm,Petrol,4.0,Red,27500.0,Budget,car
CAR_1753,Mazda,Luce Rotary Coupe,1.3L Wankel Rotary Engine,"1,308 cc",135.0,175.0,12.0 sec,180 Nm,Petrol,4.0,Orange,27500.0,Budget,car
CAR_1754,Mazda,Luce Rotary Coupe,1.3L Wankel Rotary Engine,"1,308 cc",135.0,175.0,12.0 sec,180 Nm,Petrol,4.0,Silver,27500.0,Budget,car
CAR_1755,Mazda,Millenia S,2.5L V6,"2,500 cc",200.0,220.0,8.0 sec,250 Nm,Petrol,5.0,Green,32500.0,Mid-Range,car
CAR_1756,Mazda,787B (Race Car),2.6L Wankel Rotary Engine,"2,620 cc",700.0,320.0,3.5 sec,500 Nm,Petrol,1.0,Green,6000000.0,Ultra-Luxury,car
CAR_1757,Mazda,787B (Race Car),2.6L Wankel Rotary Engine,"2,620 cc",700.0,320.0,3.5 sec,500 Nm,Petrol,1.0,Grey,6000000.0,Ultra-Luxury,car
CAR_1758,Mazda,787B (Race Car),2.6L Wankel Rotary Engine,"2,620 cc",700.0,320.0,3.5 sec,500 Nm,Petrol,1.0,Brown,6000000.0,Ultra-Luxury,car
CAR_1759,Toyota,Crown Signia,2.5L Hybrid I4,2487 cc,240.0,180.0,7.6 sec,239 Nm,Hybrid,5.0,Blue,43590.0,Mid-Range,car
CAR_1760,Toyota,Crown Signia,2.5L Hybrid I4,2487 cc,240.0,180.0,7.6 sec,239 Nm,Hybrid,5.0,Yellow,43590.0,Mid-Range,car
CAR_1761,Toyota,Crown Signia,2.5L Hybrid I4,2487 cc,240.0,180.0,7.6 sec,239 Nm,Hybrid,5.0,Orange,43590.0,Mid-Range,car
CAR_1762,Toyota,4Runner (6Th Gen),2.4L Turbo I4 (i-FORCE MAX Hybrid),2393 cc + Battery,326.0,180.0,6.8 sec,630 Nm,Hybrid,7.0,Black,50000.0,Mid-Range,car
CAR_1763,Toyota,Corolla Cross,2.0L Gas / 2.0L Hybrid,1987 cc / Hybrid batt,169.0,190.0,8.0 – 9.2 sec,190 – 210 Nm,Hybrid,5.0,White,25210.0,Budget,car
CAR_1764,Toyota,C-Hr+,1.8L / 2.0L Hybrid,1798 / 1987 cc + batt,140.0,180.0,7.9 – 10.5 sec,190 – 205 Nm,Hybrid,5.0,Grey,33000.0,Mid-Range,car
CAR_1765,Toyota,C-Hr+,1.8L / 2.0L Hybrid,1798 / 1987 cc + batt,140.0,180.0,7.9 – 10.5 sec,190 – 205 Nm,Hybrid,5.0,Silver,33000.0,Mid-Range,car
CAR_1766,Toyota,C-Hr+,1.8L / 2.0L Hybrid,1798 / 1987 cc + batt,140.0,180.0,7.9 – 10.5 sec,190 – 205 Nm,Hybrid,5.0,Orange,33000.0,Mid-Range,car
CAR_1767,Toyota,Rav4 (6Th Gen),2.5L Hybrid / Plug-in Hybrid,2487 cc + batt,219.0,200.0,6.0 – 8.1 sec,221 – 400 Nm,Plug-in Hybrid,5.0,Blue,29000.0,Budget,car
