vehicle_id,model
BIKE_00000,
BIKE_00001,F 800 Gt
BIKE_00002,Motors Retro Star
BIKE_00003,Rsv4
BIKE_00004,Ninja Zx-6R
BIKE_00005,Mojito 50
BIKE_00006,V-Strom 650
BIKE_00007,Mt-09
BIKE_00008,Super Dink 125
BIKE_00009,Mt-09
BIKE_00010,Sport Glide
BIKE_00011,Ftr 1200
BIKE_00012,Ranger
BIKE_00013,Agility 125
BIKE_00014,Night Rod
BIKE_00015,Hypermotard 939
BIKE_00016,R Ninet
BIKE_00017,Road King
BIKE_00018,Versys 650
BIKE_00019,R 1200 C Montauk
BIKE_00020,R 1200 C Montauk
BIKE_00021,R 1200 C Montauk
BIKE_00022,Softail
BIKE_00023,
BIKE_00024,
BIKE_00025,R Ninet
BIKE_00026,
BIKE_00027,Bonneville T100
BIKE_00028,Vulcan S
BIKE_00029,Speed Triple 1050
BIKE_00030,Low Rider
BIKE_00031,Multistrada 1200
BIKE_00032,
BIKE_00033,Nrg 50
BIKE_00034,S 1000 Xr
BIKE_00035,Multistrada 1200
BIKE_00036,Road King
BIKE_00037,V-Rod
BIKE_00038,Agusta Brutale 675
BIKE_00039,Late Shovel
BIKE_00040,Crf 100
BIKE_00041,Z 1000
BIKE_00042,Bonneville T120
BIKE_00043,1190 Rc8
BIKE_00044,1190 Rc8
BIKE_00045,1190 Rc8
BIKE_00046,Rd 350
BIKE_00047,C 650 Gt
BIKE_00048,Versys 1000
BIKE_00049,
BIKE_00050,500 V
BIKE_00051,Moto Sirion 125
BIKE_00052,
BIKE_00053,
BIKE_00054,
BIKE_00055,Thruxton
BIKE_00056,Niken
BIKE_00057,Road King
BIKE_00058,Road King
BIKE_00059,Xdiavel
BIKE_00060,F 800 Gt
BIKE_00061,S 1000 Xr
BIKE_00062,Multistrada 1200
BIKE_00063,Tiger 800
BIKE_00064,Smr 300 2T
BIKE_00065,X-Adv
BIKE_00066,City
BIKE_00067,X-Adv
BIKE_00068,
BIKE_00069,C 650 Gt
BIKE_00070,R 1200 Rt
BIKE_00071,Xevo 125
BIKE_00072,Xevo 125
BIKE_00073,Xevo 125
BIKE_00074,F 900 Xr
BIKE_00075,Mp3 500
BIKE_00076,Primavera 50
BIKE_00077,Yzf-R1
BIKE_00078,Bonneville T100
BIKE_00079,Nc 750
BIKE_00080,
BIKE_00081,Mp3 300
BIKE_00082,Sh 150
BIKE_00083,Ninja 1000Sx
BIKE_00084,Nc 750
BIKE_00085,Dyna Super Glide
BIKE_00086,Crosstourer
BIKE_00087,Monster 796
BIKE_00088,Monster 796
BIKE_00089,Monster 796
BIKE_00090,X-Max 400
BIKE_00091,R 1200 Gs
BIKE_00092,Intruder M
BIKE_00093,Intruder M
BIKE_00094,Intruder M
BIKE_00095,Ninja Zx-6R
BIKE_00096,V-Strom 1050
BIKE_00097,Gts 300
BIKE_00098,899 Panigale
BIKE_00099,899 Panigale
BIKE_00100,899 Panigale
BIKE_00101,Monster 1100
BIKE_00102,R 1250 Rs
BIKE_00103,1290 Super Duke Gt
BIKE_00104,Chieftain
BIKE_00105,1190 Adventure
BIKE_00106,Ninja 650
BIKE_00107,Nc 750
BIKE_00108,C 650 Gt
BIKE_00109,Gsx-R 600
BIKE_00110,Cat 1000
BIKE_00111,
BIKE_00112,Sportster 1200
BIKE_00113,Fat Boy
BIKE_00114,X-City 250
BIKE_00115,
BIKE_00116,R 1200 Rt
BIKE_00117,R 80
BIKE_00118,High-Ball
BIKE_00119,Sr 50
BIKE_00120,Guzzi V 7
BIKE_00121,People S 200I
BIKE_00122,People S 200I
BIKE_00123,People S 200I
BIKE_00124,S 1000 Rr
BIKE_00125,Crf 1000
BIKE_00126,Cb 1000
BIKE_00127,Cbf 600
BIKE_00128,Diavel
BIKE_00129,Mt-03
BIKE_00130,Mt-03
BIKE_00131,Mt-03
BIKE_00132,Xvs 1300
BIKE_00133,F 850 Gs
BIKE_00134,Diavel
BIKE_00135,
BIKE_00136,Cb 500
BIKE_00137,Guzzi V 7
BIKE_00138,Tracer 900
BIKE_00139,Guzzi
BIKE_00140,Z 900
BIKE_00141,
BIKE_00142,Rocker C
BIKE_00143,Star 150
BIKE_00144,Scr 950
BIKE_00145,Cb 650
BIKE_00146,Scarabeo
BIKE_00147,Scrambler
BIKE_00148,790 Adventure
BIKE_00149,Sportster Forty Eight
BIKE_00150,Hypermotard 821
BIKE_00151,Hypermotard 821
BIKE_00152,Hypermotard 821
BIKE_00153,Dink 50
BIKE_00154,D'Elight
BIKE_00155,
BIKE_00156,Ftr 1200
BIKE_00157,Speed Triple 1050
BIKE_00158,Monster 1200
BIKE_00159,Sportster 1200
BIKE_00160,Scrambler
BIKE_00161,R 1250 Gs Adventure
BIKE_00162,R 1250 Rt
BIKE_00163,Road King
BIKE_00164,F 800 Gs
BIKE_00165,
BIKE_00166,Liberty 125
BIKE_00167,Hp4
BIKE_00168,Hp4
BIKE_00169,Hp4
BIKE_00170,
BIKE_00171,R 1200 Rt
BIKE_00172,Crf 1100
BIKE_00173,X-Max 300
BIKE_00174,Multistrada 1200
BIKE_00175,R 1200 Rt
BIKE_00176,Agusta Dragster
BIKE_00177,Zip Sp
BIKE_00178,Tiger 800
BIKE_00179,1290 Super Duke R
BIKE_00180,
BIKE_00181,Katana 1000
BIKE_00182,Katana 1000
BIKE_00183,Katana 1000
BIKE_00184,
BIKE_00185,Fat Bob
BIKE_00186,Xt 1200
BIKE_00187,W 800
BIKE_00188,Crf 1000
BIKE_00189,R 1200 Gs Adventure
BIKE_00190,Vn 1700
BIKE_00191,Super 8
BIKE_00192,R 1250 Gs
BIKE_00193,Vulcan S
BIKE_00194,Vrsc V-Rod
BIKE_00195,Road King
BIKE_00196,Road King
BIKE_00197,Chieftain
BIKE_00198,Cbf 600
BIKE_00199,Ninja Zx-6R
BIKE_00200,S 1000 Rr
BIKE_00201,King 125
BIKE_00202,Nmax
BIKE_00203,Gsx-S 750
BIKE_00204,Gsx-R 1000
BIKE_00205,Sh 125
BIKE_00206,Vzr 1800
BIKE_00207,Am Maverick
BIKE_00208,Versys 1000
BIKE_00209,Versys 650
BIKE_00210,R Ninet
BIKE_00211,Burgman 200
BIKE_00212,Monster 1200
BIKE_00213,R Ninet
BIKE_00214,Fxd
BIKE_00215,Tiger 1050
BIKE_00216,
BIKE_00217,G 310 Gs
BIKE_00218,Multistrada 1200
BIKE_00219,Ftr 1200
BIKE_00220,R 1200 Gs
BIKE_00221,Slider 50
BIKE_00222,S 1000 R
BIKE_00223,
BIKE_00224,
BIKE_00225,Ak 550
BIKE_00226,Bonneville T100
BIKE_00227,Ninja Zx-10R
BIKE_00228,Sportster 883
BIKE_00229,50
BIKE_00230,1190 Adventure
BIKE_00231,Ténéré 700
BIKE_00232,
BIKE_00233,S 1000 Rr
BIKE_00234,Versys 650
BIKE_00235,R 100
BIKE_00236,V-Rod
BIKE_00237,Gsx-R 1000
BIKE_00238,Scarabeo
BIKE_00239,Tracer 900
BIKE_00240,Gl 1800
BIKE_00241,Z 900
BIKE_00242,Versys 1000
BIKE_00243,F 750 Gs
BIKE_00244,Rocket Iii Touring
BIKE_00245,
BIKE_00246,Xsr 900
BIKE_00247,Mt-09
BIKE_00248,Dyna Super Glide
BIKE_00249,R 26
BIKE_00250,
BIKE_00251,Agility 50
BIKE_00252,Yzf-R1
BIKE_00253,Burgman 650
BIKE_00254,R 1200 R
BIKE_00255,
BIKE_00256,R 1200 Gs
BIKE_00257,Klr 600
BIKE_00258,900 Z
BIKE_00259,900 Z
BIKE_00260,900 Z
BIKE_00261,R Ninet
BIKE_00262,R 1200 Rt
BIKE_00263,Multistrada 1200
BIKE_00264,Street Twin
BIKE_00265,Gl 1800
BIKE_00266,350 Exc
BIKE_00267,Agusta Brutale 800
BIKE_00268,Gt 650I
BIKE_00269,
BIKE_00270,Xv 1700
BIKE_00271,Superlight
BIKE_00272,R 1200 Rt
BIKE_00273,Sportster 883
BIKE_00274,F 800 R
BIKE_00275,C 400 Gt
BIKE_00276,Panigale V4
BIKE_00277,F 800 Gs
BIKE_00278,Crf 1000
BIKE_00279,R Ninet
BIKE_00280,Caponord 1200
BIKE_00281,
BIKE_00282,Hypermotard 950
BIKE_00283,
BIKE_00284,
BIKE_00285,
BIKE_00286,Like 125
BIKE_00287,Vn 1500
BIKE_00288,Vn 1500
BIKE_00289,Vn 1500
BIKE_00290,Vn 1700
BIKE_00291,790 Adventure
BIKE_00292,Sh 125
BIKE_00293,Fat Bob
BIKE_00294,
BIKE_00295,Sportster Forty Eight
BIKE_00296,
BIKE_00297,
BIKE_00298,Scrambler
BIKE_00299,R 1200 Rt
BIKE_00300,R 1200 Gs
BIKE_00301,Burgman 400
BIKE_00302,V-Strom 1000
BIKE_00303,
BIKE_00304,Vision Tour
BIKE_00305,Guzzi 850 Le Mans
BIKE_00306,S 1000 Rr
BIKE_00307,Tmax 560
BIKE_00308,Sh 125
BIKE_00309,Gold Wing
BIKE_00310,
BIKE_00311,R Ninet
BIKE_00312,Gsx-R 1100
BIKE_00313,Nc 750
BIKE_00314,Vrsc V-Rod
BIKE_00315,R 80
BIKE_00316,Crosstourer
BIKE_00317,Panigale V4
BIKE_00318,X-Max 400
BIKE_00319,
BIKE_00320,Mt-09
BIKE_00321,S 1000 R
BIKE_00322,R 1200 Gs
BIKE_00323,
BIKE_00324,Mxu 550
BIKE_00325,Mxu 550
BIKE_00326,Mxu 550
BIKE_00327,Medley 125
BIKE_00328,Zip 50
BIKE_00329,Multistrada 1260
BIKE_00330,Multistrada 1100
BIKE_00331,F 750 Gs
BIKE_00332,
BIKE_00333,R 1200 Gs
BIKE_00334,Am
BIKE_00335,Am
BIKE_00336,Am
BIKE_00337,Xtz 1200
BIKE_00338,Mt-07
BIKE_00339,Guzzi 850 Le Mans
BIKE_00340,250 Exc
BIKE_00341,250 Exc
BIKE_00342,250 Exc
BIKE_00343,Cb 1000
BIKE_00344,S 1000 Xr
BIKE_00345,Road King
BIKE_00346,Fat Boy
BIKE_00347,People S 125
BIKE_00348,Rocket Iii Roadster
BIKE_00349,F 750 Gs
BIKE_00350,Scrambler
BIKE_00351,Guzzi 850 Le Mans
BIKE_00352,1290 Super Duke R
BIKE_00353,Sportster 1200
BIKE_00354,F 6 C
BIKE_00355,Liberty 50
BIKE_00356,
BIKE_00357,K 1600 Gt
BIKE_00358,Agility 200
BIKE_00359,Rocket Iii Touring
BIKE_00360,1290 Super Adventure
BIKE_00361,
BIKE_00362,Cmx 500
BIKE_00363,Agusta F4 750
BIKE_00364,R Ninet
BIKE_00365,Mp3 350
BIKE_00366,Daytona 675
BIKE_00367,Katana 1000
BIKE_00368,Katana 1000
BIKE_00369,Katana 1000
BIKE_00370,
BIKE_00371,Monster 1200
BIKE_00372,Fjr 1300
BIKE_00373,Yzf-R1
BIKE_00374,Z1000 Sx
BIKE_00375,Motors
BIKE_00376,Buggy 1100
BIKE_00377,Buggy 1100
BIKE_00378,Buggy 1100
BIKE_00379,Guzzi V 7
BIKE_00380,X-Town
BIKE_00381,250E
BIKE_00382,Tmax 530
BIKE_00383,
BIKE_00384,R 1200 Gs Lc
BIKE_00385,Multistrada 1260
BIKE_00386,Bonneville T100
BIKE_00387,
BIKE_00388,V-Strom 1050
BIKE_00389,Outlaw
BIKE_00390,Tmax Sx
BIKE_00391,Street Rod
BIKE_00392,Street Rod
BIKE_00393,Street Rod
BIKE_00394,Rsv4
BIKE_00395,Multistrada 1260
BIKE_00396,Yzf-R1
BIKE_00397,1290 Super Duke R
BIKE_00398,Mt-10
BIKE_00399,Cb 650
BIKE_00400,1290 Super Duke R
BIKE_00401,Cb 500
BIKE_00402,Hp4
BIKE_00403,Hp4
BIKE_00404,Hp4
BIKE_00405,Mt-09
BIKE_00406,X 10
BIKE_00407,X 10
BIKE_00408,X 10
BIKE_00409,R Ninet
BIKE_00410,Ninja Zx-10R
BIKE_00411,Niken
BIKE_00412,R 1250 R
BIKE_00413,Guzzi V 7
BIKE_00414,Legend Scooter
BIKE_00415,Sportster
BIKE_00416,390 Duke
BIKE_00417,Mt-09
BIKE_00418,Mp3 500
BIKE_00419,Majesty 400
BIKE_00420,Electra Glide
BIKE_00421,790 Duke
BIKE_00422,Cb 650
BIKE_00423,R Ninet
BIKE_00424,Z 900
BIKE_00425,Mxu 300
BIKE_00426,C 650
BIKE_00427,F 850 Gs
BIKE_00428,Motorcycles Ht
BIKE_00429,Scrambler
BIKE_00430,Yzf-R6
BIKE_00431,Softail
BIKE_00432,Scrambler
BIKE_00433,
BIKE_00434,Nc 750
BIKE_00435,Cbr 1000
BIKE_00436,Tiger 800
BIKE_00437,R 1200 Gs
BIKE_00438,Caballero 500
BIKE_00439,Katana 1000
BIKE_00440,Katana 1000
BIKE_00441,Katana 1000
BIKE_00442,R 1200 Rs
BIKE_00443,Blog 160
BIKE_00444,1000
BIKE_00445,1000
BIKE_00446,1000
BIKE_00447,Seventyfive 125
BIKE_00448,Ctx 700
BIKE_00449,Z 1000
BIKE_00450,Downtown 300I
BIKE_00451,1200 Custom
BIKE_00452,
BIKE_00453,V-Rod
BIKE_00454,Vmax
BIKE_00455,Mt-09
BIKE_00456,899 Panigale
BIKE_00457,899 Panigale
BIKE_00458,899 Panigale
BIKE_00459,Vfr 800
BIKE_00460,Primavera 150 3V
BIKE_00461,R 1200 R
BIKE_00462,Gsx-R 1000
BIKE_00463,R 1200 Gs
BIKE_00464,Heritage Softail
BIKE_00465,
BIKE_00466,Sh 150
BIKE_00467,701 Supermoto
BIKE_00468,Z 900
BIKE_00469,Tiger 900
BIKE_00470,F 700 Gs
BIKE_00471,R 1200 Gs
BIKE_00472,Xv 1600
BIKE_00473,Cygnus
BIKE_00474,S 1000 Xr
BIKE_00475,K 1600 Gt
BIKE_00476,X-Adv
BIKE_00477,Vn 900
BIKE_00478,Fat Bob
BIKE_00479,500 Exc
BIKE_00480,500 Exc
BIKE_00481,500 Exc
BIKE_00482,Mxu 700
BIKE_00483,Gsx-S 750
BIKE_00484,S 1000 Rr
BIKE_00485,R 1250 Rt
BIKE_00486,Quadrift 500
BIKE_00487,Ctx 700
BIKE_00488,Tracer 700
BIKE_00489,Z 900
BIKE_00490,R 100 Gs
BIKE_00491,V-Strom 650
BIKE_00492,Burgman 650
BIKE_00493,F 900 R
BIKE_00494,Mp3 500
BIKE_00495,R 1200 Rs
BIKE_00496,Road King
BIKE_00497,Ninja 650
BIKE_00498,1290 Super Duke R
BIKE_00499,R 1200 R
BIKE_00500,Vtx 1800
BIKE_00501,Sportster 1200
BIKE_00502,R 1200 Gs
BIKE_00503,Gts 300
BIKE_00504,R 1200
BIKE_00505,Niken
BIKE_00506,R 80/7
BIKE_00507,Xtm
BIKE_00508,Xenter 150
BIKE_00509,Xenter 150
BIKE_00510,Xenter 150
BIKE_00511,R 1200 Rs
BIKE_00512,Sprint
BIKE_00513,Bonneville Bobber
BIKE_00514,Gsx-R 1000
BIKE_00515,Sportster 1200
BIKE_00516,Fat Boy
BIKE_00517,Dyna Street Bob
BIKE_00518,S 1000 Xr
BIKE_00519,Scr 950
BIKE_00520,Thunderbird 6T
BIKE_00521,Thunderbird 6T
BIKE_00522,Thunderbird 6T
BIKE_00523,Moto Cforce 625
BIKE_00524,Thunderbird Sport
BIKE_00525,Vfr 1200
BIKE_00526,F 900 R
BIKE_00527,Jet 14
BIKE_00528,Cbr 650
BIKE_00529,
BIKE_00530,Versys 1000
BIKE_00531,Mt-09
BIKE_00532,Am Maverick
BIKE_00533,Ténéré 700
BIKE_00534,Vulcan S
BIKE_00535,Monster 1200
BIKE_00536,Sh 300
BIKE_00537,Z 1000
BIKE_00538,R 1200 Gs
BIKE_00539,Vs 1400
BIKE_00540,R 1250 Rs
BIKE_00541,Gsx-S 1000
BIKE_00542,F 850 Gs
BIKE_00543,Xvs 650
BIKE_00544,Xvs 650
BIKE_00545,Xvs 650
BIKE_00546,Heritage Softail
BIKE_00547,Crf 1000
BIKE_00548,Multistrada 1260
BIKE_00549,R18 Classic
BIKE_00550,Boardwalk
BIKE_00551,Scrambler
BIKE_00552,Ds 350
BIKE_00553,Electra Glide
BIKE_00554,Fat Boy
BIKE_00555,Cmx 500
BIKE_00556,Fat Boy
BIKE_00557,F 900 Xr
BIKE_00558,Fjr 1300
BIKE_00559,S 1000 R
BIKE_00560,Mt-09
BIKE_00561,
BIKE_00562,Pcx 125
BIKE_00563,390 Duke
BIKE_00564,
BIKE_00565,Panigale V4
BIKE_00566,R Ninet
BIKE_00567,R 1250 R
BIKE_00568,Vrsc Night Rod
BIKE_00569,Gsx-S 1000
BIKE_00570,Burgman 400
BIKE_00571,Tiger 1050
BIKE_00572,Vulcan S
BIKE_00573,People S 50
BIKE_00574,S 1000 Xr
BIKE_00575,
BIKE_00576,Multistrada 950
BIKE_00577,Multistrada 950
BIKE_00578,Multistrada 950
BIKE_00579,Xtz 1200
BIKE_00580,Z 900
BIKE_00581,50 N
BIKE_00582,50 N
BIKE_00583,50 N
BIKE_00584,Am Outlander
BIKE_00585,C 650 Gt
BIKE_00586,R 1200 Gs
BIKE_00587,Z 800
BIKE_00588,
BIKE_00589,Sh 150
BIKE_00590,Spirit
BIKE_00591,Symnh X
BIKE_00592,Symnh X
BIKE_00593,Symnh X
BIKE_00594,
BIKE_00595,125 Exc
BIKE_00596,125 Exc
BIKE_00597,125 Exc
BIKE_00598,R 69 S
BIKE_00599,R 69 S
BIKE_00600,R 69 S
BIKE_00601,C Evolution
BIKE_00602,R 1250 Gs
BIKE_00603,Xciting 500I
BIKE_00604,Xciting 500I
BIKE_00605,Xciting 500I
BIKE_00606,Road King
BIKE_00607,Xsr 700
BIKE_00608,Super 9
BIKE_00609,Et Rhône Ax Ii
BIKE_00610,Deluxe
BIKE_00611,Speed Triple S
BIKE_00612,V-Strom 650
BIKE_00613,Vulcan S
BIKE_00614,F 850 Gs
BIKE_00615,Bullet 50
BIKE_00616,1299 Panigale
BIKE_00617,Tracer 900
BIKE_00618,Street Triple R
BIKE_00619,Hypermotard 950
BIKE_00620,Gl 1800
BIKE_00621,X-City 125
BIKE_00622,
BIKE_00623,1290 Super Adventure
BIKE_00624,
BIKE_00625,125 Duke
BIKE_00626,Yzf-R1
BIKE_00627,Fjr 1300
BIKE_00628,Guzzi V 7
BIKE_00629,Gsr 750
BIKE_00630,Ninja 650
BIKE_00631,R 1200 Gs
BIKE_00632,R 1200 Gs
BIKE_00633,Softail
BIKE_00634,Nc 700
BIKE_00635,Diavel
BIKE_00636,Nc 750
BIKE_00637,Z 1000
BIKE_00638,R 1200 Gs
BIKE_00639,K 1600 Gt
BIKE_00640,R 1200 Gs Lc
BIKE_00641,Tmax 560
BIKE_00642,690 Duke
BIKE_00643,1190 Adventure
BIKE_00644,Symphony 125
BIKE_00645,R 50
BIKE_00646,S 1000 R
BIKE_00647,Gl 1800
BIKE_00648,F 850 Gs
BIKE_00649,Tmax 530
BIKE_00650,Pcx 125
BIKE_00651,S 1000 R
BIKE_00652,Dr 125
BIKE_00653,Cbr 650
BIKE_00654,1190 Adventure
BIKE_00655,Rs 250
BIKE_00656,F 850 Gs
BIKE_00657,Vmax
BIKE_00658,Ninja Zx-6R
BIKE_00659,S 1000 Xr
BIKE_00660,X-Adv
BIKE_00661,Versys 1000
BIKE_00662,Xb 12
BIKE_00663,
BIKE_00664,300 Exc
BIKE_00665,300 Exc
BIKE_00666,300 Exc
BIKE_00667,Vfr 1200
BIKE_00668,Tiger Explorer
BIKE_00669,Mp3 300
BIKE_00670,
BIKE_00671,C 650
BIKE_00672,
BIKE_00673,Mt-07
BIKE_00674,1190 Adventure
BIKE_00675,R 1200 Gs
BIKE_00676,
BIKE_00677,Zzr 1400
BIKE_00678,Moto Tr 125
BIKE_00679,50
BIKE_00680,Mgm Quad`S
BIKE_00681,F 900 R
BIKE_00682,S 1000 Xr
BIKE_00683,Moto Cforce 850
BIKE_00684,R 1200 Rs
BIKE_00685,People One
BIKE_00686,Eco-City
BIKE_00687,Ks 125
BIKE_00688,Ks 125
BIKE_00689,Ks 125
BIKE_00690,Monster 821
BIKE_00691,Am Renegade
BIKE_00692,Am Renegade
BIKE_00693,Am Renegade
BIKE_00694,Cbr 1000
BIKE_00695,Sportster Xr 1200
BIKE_00696,Xy 250
BIKE_00697,Sportster 1200
BIKE_00698,Cbf 1000
BIKE_00699,Race 50
BIKE_00700,Race 50
BIKE_00701,Race 50
BIKE_00702,Dyna Street Bob
BIKE_00703,F 800 Gs
BIKE_00704,Ctx 700
BIKE_00705,Xv 1900
BIKE_00706,Sportster 1200
BIKE_00707,Gsx-S 1000
BIKE_00708,
BIKE_00709,Yzf 1000
BIKE_00710,Vt 1300
BIKE_00711,Vt 1300
BIKE_00712,Vt 1300
BIKE_00713,Superior
BIKE_00714,Xt 1200
BIKE_00715,W 800
BIKE_00716,
BIKE_00717,Agusta Turismo Veloce 800
BIKE_00718,Tracer 700
BIKE_00719,Motors Retro Cruiser
BIKE_00720,Multistrada 1260
BIKE_00721,690 Duke
BIKE_00722,Bonneville T100
BIKE_00723,Cb 1000
BIKE_00724,Cbf 600
BIKE_00725,Moto Tracker
BIKE_00726,Wolf Sb 125 Ni
BIKE_00727,Wolf Sb 125 Ni
BIKE_00728,Wolf Sb 125 Ni
BIKE_00729,Mt-09
BIKE_00730,R 75/5
BIKE_00731,R 80 Gs
BIKE_00732,Sh 150
BIKE_00733,Ninja H2
BIKE_00734,Cb 1000
BIKE_00735,Multistrada 1200
BIKE_00736,Speed Triple 1050
BIKE_00737,1290 Super Adventure
BIKE_00738,S 1000 Rr
BIKE_00739,Crf 1100
BIKE_00740,F 900 Xr
BIKE_00741,996
BIKE_00742,Moto Cforce 600
BIKE_00743,Gsx-S 750
BIKE_00744,690 Duke
BIKE_00745,Yzf-R6
BIKE_00746,Z 900
BIKE_00747,Ps 125I
BIKE_00748,Ps 125I
BIKE_00749,Ps 125I
BIKE_00750,Sv 650
BIKE_00751,R 1200 Gs Adventure
BIKE_00752,Tracer 700
BIKE_00753,Agusta Turismo Veloce 800
BIKE_00754,790 Duke
BIKE_00755,General
BIKE_00756,R 100 Rs
BIKE_00757,Hayabusa
BIKE_00758,
BIKE_00759,Dyna Wide Glide
BIKE_00760,Xdiavel
BIKE_00761,Vfr 750
BIKE_00762,Vfr 750
BIKE_00763,Vfr 750
BIKE_00764,Leonardo 150
BIKE_00765,1198
BIKE_00766,
BIKE_00767,Xsr 900
BIKE_00768,Tiger 1200
BIKE_00769,R 1200 Gs
BIKE_00770,V-Rod
BIKE_00771,Xsr 700
BIKE_00772,Tuono
BIKE_00773,Vrsc V-Rod
BIKE_00774,
BIKE_00775,Pcx 125
BIKE_00776,Monster 796
BIKE_00777,Monster 796
BIKE_00778,Monster 796
BIKE_00779,Fat Boy
BIKE_00780,Zero Ds
BIKE_00781,Mt-01
BIKE_00782,350 Exc
BIKE_00783,R 1200 R
BIKE_00784,Ts 250
BIKE_00785,R 1200 Gs
BIKE_00786,Versys 650
BIKE_00787,
BIKE_00788,Cb 1100
BIKE_00789,Mt-09
BIKE_00790,Xl 1200
BIKE_00791,1290 Super Adventure
BIKE_00792,Tuono
BIKE_00793,F 900 R
BIKE_00794,Tuono
BIKE_00795,Fuoco 500
BIKE_00796,Tracer 700
BIKE_00797,Bullet 50
BIKE_00798,Vrsc Night Rod
BIKE_00799,Versys 1000
BIKE_00800,Yb 9
BIKE_00801,Mt-03
BIKE_00802,Mt-03
BIKE_00803,Mt-03
BIKE_00804,F 750 Gs
BIKE_00805,Cb 750 Four
BIKE_00806,Tiger 800
BIKE_00807,Cbr 1000
BIKE_00808,R 1200 R
BIKE_00809,900 Mhr
BIKE_00810,Softail
BIKE_00811,Hayabusa
BIKE_00812,
BIKE_00813,
BIKE_00814,Cbr 650
BIKE_00815,1290 Super Duke R
BIKE_00816,Am Renegade
BIKE_00817,Am Renegade
BIKE_00818,Am Renegade
BIKE_00819,Speed Triple 1050
BIKE_00820,Hurricane 500
BIKE_00821,Cb 125
BIKE_00822,Ténéré 700
BIKE_00823,R 1200 Rt
BIKE_00824,790 Adventure
BIKE_00825,V-Rod
BIKE_00826,Street 750
BIKE_00827,Z H2
BIKE_00828,M 1800 R
BIKE_00829,M 1800 R
BIKE_00830,M 1800 R
BIKE_00831,Cr6
BIKE_00832,Ninja Zx-10R
BIKE_00833,Cb 650
BIKE_00834,Fat Boy
BIKE_00835,Electra Glide
BIKE_00836,Scrambler
BIKE_00837,
BIKE_00838,R 1200 Gs
BIKE_00839,Multistrada 1200
BIKE_00840,
BIKE_00841,F 800 R
BIKE_00842,Multistrada 1200
BIKE_00843,Tracer 700
BIKE_00844,R 1200 Gs
BIKE_00845,Tiger 800
BIKE_00846,Booster
BIKE_00847,Nc 750
BIKE_00848,R 1200 Rt
BIKE_00849,S 1000 Xr
BIKE_00850,Electra Glide
BIKE_00851,Ninja 1000Sx
BIKE_00852,Rr 300
BIKE_00853,Tmax 500
BIKE_00854,R 1200 Gs Adventure
BIKE_00855,Tiger 800
BIKE_00856,Sh 150
BIKE_00857,Mt-07
BIKE_00858,Bonneville T120
BIKE_00859,Maxsym Tl
BIKE_00860,Monster 1200
BIKE_00861,Dog Ridgeback
BIKE_00862,Dyna Street Bob
BIKE_00863,Custom Bike
BIKE_00864,F 800 Gs
BIKE_00865,848
BIKE_00866,848
BIKE_00867,848
BIKE_00868,
BIKE_00869,Integra
BIKE_00870,Niken
BIKE_00871,1290 Super Duke R
BIKE_00872,1290 Super Adventure
BIKE_00873,Z H2
BIKE_00874,
BIKE_00875,
BIKE_00876,Yzf-R1
BIKE_00877,Xt 1200
BIKE_00878,790 Adventure
BIKE_00879,V-Rod
BIKE_00880,Monster 821
BIKE_00881,Z 1000
BIKE_00882,Cbr 500 R
BIKE_00883,Niken
BIKE_00884,Cb 1000
BIKE_00885,F 800 Gt
BIKE_00886,R 1200 Gs
BIKE_00887,Crf 1100
BIKE_00888,V-Strom 1000
BIKE_00889,1200 Custom
BIKE_00890,Cbf 1000
BIKE_00891,Sportster
BIKE_00892,Street Scrambler
BIKE_00893,Multistrada 1200
BIKE_00894,
BIKE_00895,Monster 821
BIKE_00896,
BIKE_00897,Xr 1200
BIKE_00898,Cb 650
BIKE_00899,R 1200 Gs
BIKE_00900,F 800 Gs
BIKE_00901,Versys 650
BIKE_00902,Tmax Sx
BIKE_00903,Nc 750
BIKE_00904,Street Triple R
BIKE_00905,Nc 750
BIKE_00906,Pepe
BIKE_00907,Electra Glide
BIKE_00908,R 1200 Gs
BIKE_00909,Scarabeo
BIKE_00910,C 650
BIKE_00911,Tmax 530
BIKE_00912,Burgman 200
BIKE_00913,Cbf 600
BIKE_00914,Gsx-S 750
BIKE_00915,Monster 1100
BIKE_00916,Scrambler
BIKE_00917,Vitpilen
BIKE_00918,Monster 797
BIKE_00919,Monster 797
BIKE_00920,Monster 797
BIKE_00921,Tracer 900
BIKE_00922,K 1300 S
BIKE_00923,R 1200 Gs Lc
BIKE_00924,Vtr 1000
BIKE_00925,Vtr 1000
BIKE_00926,Vtr 1000
BIKE_00927,Scrambler
BIKE_00928,Monster 1200
BIKE_00929,Vs 1400
BIKE_00930,Yfm 700
BIKE_00931,Forza 250
BIKE_00932,R 1200 Gs
BIKE_00933,Sx 50
BIKE_00934,Sx 50
BIKE_00935,Sx 50
BIKE_00936,
BIKE_00937,1000 Sport
BIKE_00938,R 100/7
BIKE_00939,Niken
BIKE_00940,C 650 Gt
BIKE_00941,Guzzi V 7
BIKE_00942,Fat Boy
BIKE_00943,Street Glide
BIKE_00944,Ninja Zx-10R
BIKE_00945,Beverly 350
BIKE_00946,Like 125
BIKE_00947,Sh 150
BIKE_00948,
BIKE_00949,Scrambler
BIKE_00950,S3
BIKE_00951,S3
BIKE_00952,S3
BIKE_00953,Ftr 1200
BIKE_00954,Crf 1100
BIKE_00955,F 750 Gs
BIKE_00956,K 1300 Gt
BIKE_00957,Fiddle 50
BIKE_00958,Scarabeo
BIKE_00959,R 1200 Gs
BIKE_00960,Cvo Breakout
BIKE_00961,Z 900
BIKE_00962,
BIKE_00963,Vn 900
BIKE_00964,X-Rider 150
BIKE_00965,Dyna Street Bob
BIKE_00966,X-Adv
BIKE_00967,Mt-10
BIKE_00968,C 400 X
BIKE_00969,Guzzi V 9
BIKE_00970,Versys 1000
BIKE_00971,R 1200 R
BIKE_00972,
BIKE_00973,Z 900
BIKE_00974,Tmax Sx
BIKE_00975,Ark 50
BIKE_00976,Ark 50
BIKE_00977,Ark 50
BIKE_00978,S 50
BIKE_00979,S 50
BIKE_00980,S 50
BIKE_00981,Electra Glide
BIKE_00982,
BIKE_00983,Hd 200
BIKE_00984,Hd 200
BIKE_00985,Hd 200
BIKE_00986,Bws
BIKE_00987,Shadow 750
BIKE_00988,N1S
BIKE_00989,Multistrada 1200
BIKE_00990,Downtown 300I
BIKE_00991,
BIKE_00992,Street Glide
BIKE_00993,Pcx 125
BIKE_00994,V-Strom 650
BIKE_00995,R 1200 Rt
BIKE_00996,R 1200 Gs
BIKE_00997,Rsv4
BIKE_00998,R Ninet
BIKE_00999,Super 8
BIKE_01000,F 900 Xr
BIKE_01001,S 1000 Rr
BIKE_01002,Xsr 700
BIKE_01003,R 1250 Gs
BIKE_01004,Xvs 1300
BIKE_01005,W 800
BIKE_01006,Yzf-R1
BIKE_01007,Fat Boy
BIKE_01008,R 1200 Gs
BIKE_01009,Rocket Iii Touring
BIKE_01010,Mt-07
BIKE_01011,Custom Bike
BIKE_01012,Seventyfive 125
BIKE_01013,
BIKE_01014,R 1200 Gs Adventure
BIKE_01015,X-Town
BIKE_01016,Tph 50
BIKE_01017,Tiger 800
BIKE_01018,R 1200 Rt
BIKE_01019,F 700 Gs
BIKE_01020,Shade Sport 850
BIKE_01021,S Znen-King
BIKE_01022,Yzf 750
BIKE_01023,Majesty 400
BIKE_01024,R Ninet
BIKE_01025,Vn 2000
BIKE_01026,Vn 2000
BIKE_01027,Vn 2000
BIKE_01028,Moto Cforce 800
BIKE_01029,Heritage Softail
BIKE_01030,C 400 Gt
BIKE_01031,1090 Adventure
BIKE_01032,1090 Adventure
BIKE_01033,1090 Adventure
BIKE_01034,Dyna Super Glide
BIKE_01035,Moto Cforce 820
BIKE_01036,Moto Cforce 820
BIKE_01037,Moto Cforce 820
BIKE_01038,Nc 750
BIKE_01039,Vt 750
BIKE_01040,Cmx 500
BIKE_01041,
BIKE_01042,690 Smc
BIKE_01043,690 Smc
BIKE_01044,690 Smc
BIKE_01045,Street Twin
BIKE_01046,Trident T 150
BIKE_01047,Z 900
BIKE_01048,R 1200 Gs
BIKE_01049,Tmax 530
BIKE_01050,Monster 1100
BIKE_01051,Dyna Fat Bob
BIKE_01052,Am Maverick
BIKE_01053,Dink 125
BIKE_01054,V-Strom 650
BIKE_01055,
BIKE_01056,
BIKE_01057,
BIKE_01058,Iron 883
BIKE_01059,Yzf-R1
BIKE_01060,F 800 R
BIKE_01061,Vision Tour
BIKE_01062,C 650 Gt
BIKE_01063,Cb 500
BIKE_01064,Pcx 125
BIKE_01065,Tiger 800
BIKE_01066,Sportster Xl 883
BIKE_01067,Caponord 1200
BIKE_01068,Outlander 650
BIKE_01069,Xt 1200
BIKE_01070,
BIKE_01071,1200 Custom
BIKE_01072,Cbr 1000
BIKE_01073,Monster 1200
BIKE_01074,Yzf-R1
BIKE_01075,Xsr 700
BIKE_01076,750 H2
BIKE_01077,1090 Adventure
BIKE_01078,1090 Adventure
BIKE_01079,1090 Adventure
BIKE_01080,R 100
BIKE_01081,Nc 750
BIKE_01082,Z 900
BIKE_01083,Forza 125
BIKE_01084,Sh 300
BIKE_01085,Cb 1000
BIKE_01086,Xsr 700
BIKE_01087,Multistrada 1200
BIKE_01088,Mt-07
BIKE_01089,S 1000 R
BIKE_01090,Gold Wing
BIKE_01091,Xb 12
BIKE_01092,Scout
BIKE_01093,Seventyfive 125
BIKE_01094,F 800 Gt
BIKE_01095,Yzf 1000
BIKE_01096,R 1200 Gs
BIKE_01097,R18
BIKE_01098,Xt 1200
BIKE_01099,Symphony 125
BIKE_01100,Cbr 1000
BIKE_01101,
BIKE_01102,Agusta Turismo Veloce 800
BIKE_01103,Crf 1000
BIKE_01104,R 1200 Gs Adventure
BIKE_01105,Scrambler
BIKE_01106,Ultra Classic
BIKE_01107,Zero Dsr
BIKE_01108,Sportster 1200
BIKE_01109,Tnt 1130 Cafe Racer
BIKE_01110,Gsx 650
BIKE_01111,Bonneville Se
BIKE_01112,W 800
BIKE_01113,Mp3 500
BIKE_01114,Sv 650
BIKE_01115,125 Xc
BIKE_01116,
BIKE_01117,Zzr 1400
BIKE_01118,Tiger 1200
BIKE_01119,Z 800
BIKE_01120,Hypermotard 821
BIKE_01121,Hypermotard 821
BIKE_01122,Hypermotard 821
BIKE_01123,Gt 250I
BIKE_01124,R 1200 Rt
BIKE_01125,Vt 1300
BIKE_01126,Vt 1300
BIKE_01127,Vt 1300
BIKE_01128,Gold Wing
BIKE_01129,Daytona 675
BIKE_01130,Agusta Brutale 800
BIKE_01131,Street Twin
BIKE_01132,Monster 1200
BIKE_01133,Bonneville T120
BIKE_01134,Heritage Softail
BIKE_01135,R 1250 Rt
BIKE_01136,
BIKE_01137,R 1200 Gs Lc
BIKE_01138,
BIKE_01139,690 Supermoto
BIKE_01140,Z 900
BIKE_01141,Xevo 125
BIKE_01142,Xevo 125
BIKE_01143,Xevo 125
BIKE_01144,Mt-07
BIKE_01145,Scrambler
BIKE_01146,Cb 1000
BIKE_01147,X-Max 400
BIKE_01148,Mt-09
BIKE_01149,Tracer 900
BIKE_01150,Cat 1000
BIKE_01151,R Ninet
BIKE_01152,1190 Adventure
BIKE_01153,Hypermotard 939
BIKE_01154,Bonneville T120
BIKE_01155,R 1250 Rt
BIKE_01156,Msx 125
BIKE_01157,1098
BIKE_01158,1098
BIKE_01159,1098
BIKE_01160,Ninja H2
BIKE_01161,R 1200 Gs
BIKE_01162,Softail
BIKE_01163,
BIKE_01164,Rs 660
BIKE_01165,Gsx-S 1000
BIKE_01166,Tracer 700
BIKE_01167,Kfx 700
BIKE_01168,Kfx 700
BIKE_01169,Kfx 700
BIKE_01170,
BIKE_01171,Rocket Iii Roadster
BIKE_01172,Softail
BIKE_01173,
BIKE_01174,
BIKE_01175,Super Dink 125
BIKE_01176,S 1000 R
BIKE_01177,Scout
BIKE_01178,Tiger 800
BIKE_01179,
BIKE_01180,Tiger Explorer
BIKE_01181,Z 900
BIKE_01182,R 1200 Gs
BIKE_01183,R Ninet
BIKE_01184,Crf 1100
BIKE_01185,Myroad 700I
BIKE_01186,Myroad 700I
BIKE_01187,Myroad 700I
BIKE_01188,Sportster Xr 1200
BIKE_01189,R 1200 R
BIKE_01190,Fat Boy
BIKE_01191,Xjr 1300
BIKE_01192,Gl 1800
BIKE_01193,Custom Bike
BIKE_01194,Tracer 900
BIKE_01195,Downtown 300I
BIKE_01196,W 800
BIKE_01197,Cre Baja
BIKE_01198,Cre Baja
BIKE_01199,Cre Baja
BIKE_01200,Rs 450
BIKE_01201,Road King
BIKE_01202,Street Glide
BIKE_01203,
BIKE_01204,Scrambler
BIKE_01205,500 Pantah
BIKE_01206,Rf1
BIKE_01207,Rsv4
BIKE_01208,Symphony 200
BIKE_01209,Cb 1000
BIKE_01210,F 800 Gs
BIKE_01211,Gl 1500
BIKE_01212,R 1200 Gs Lc
BIKE_01213,Nc 750
BIKE_01214,Beverly 350
BIKE_01215,Gsx-S 1000
BIKE_01216,Crf 450
BIKE_01217,Sportster 1200
BIKE_01218,F 750 Gs
BIKE_01219,Roadster
BIKE_01220,Mt-07
BIKE_01221,Scarabeo
BIKE_01222,Gsx-R 1000
BIKE_01223,Xt 700
BIKE_01224,B King
BIKE_01225,Guzzi Norge 1200
BIKE_01226,Ak 550
BIKE_01227,Gsx-R 600
BIKE_01228,
BIKE_01229,Tmax 560
BIKE_01230,Hayabusa
BIKE_01231,X-Max 400
BIKE_01232,R 1200 Gs Adventure
BIKE_01233,Crf 1000
BIKE_01234,1198
BIKE_01235,Ak 550
BIKE_01236,R 1200 Gs Adventure
BIKE_01237,Xb 12
BIKE_01238,Vfr 800
BIKE_01239,R Ninet
BIKE_01240,Tmax 560
BIKE_01241,Dyna Fat Bob
BIKE_01242,V-Strom 650
BIKE_01243,R 1200
BIKE_01244,Dyna Street Bob
BIKE_01245,Gts 300
BIKE_01246,
BIKE_01247,V-Strom 650
BIKE_01248,A 65
BIKE_01249,A 65
BIKE_01250,A 65
BIKE_01251,Guzzi V 85
BIKE_01252,X-Adv
BIKE_01253,Softail
BIKE_01254,1290 Super Duke Gt
BIKE_01255,Tiger 800
BIKE_01256,
BIKE_01257,R 1200 Gs
BIKE_01258,Sportster 883
BIKE_01259,Agusta F3
BIKE_01260,S 1000 Xr
BIKE_01261,S300 Fi
BIKE_01262,S300 Fi
BIKE_01263,S300 Fi
BIKE_01264,S 1000 R
BIKE_01265,R 1200 Gs
BIKE_01266,
BIKE_01267,R 1200 Gs Adventure
BIKE_01268,Bonneville T100
BIKE_01269,
BIKE_01270,Aerox
BIKE_01271,Cbr 1000
BIKE_01272,Rocker C
BIKE_01273,1299 Panigale
BIKE_01274,Guzzi Eldorado
BIKE_01275,Xjr 1300
BIKE_01276,S 1000 Xr
BIKE_01277,Street Triple R
BIKE_01278,1290 Super Adventure
BIKE_01279,S 1000 Xr
BIKE_01280,Z 900
BIKE_01281,S 1000 R
BIKE_01282,Ts 150
BIKE_01283,R 1200 Gs Adventure
BIKE_01284,R 1200 Gs Adventure
BIKE_01285,690 Supermoto
BIKE_01286,Nc 750
BIKE_01287,
BIKE_01288,Lx Touring 50
BIKE_01289,Sh 300
BIKE_01290,Niken
BIKE_01291,
BIKE_01292,
BIKE_01293,1290 Super Duke Gt
BIKE_01294,Agusta
BIKE_01295,R 1200 Rt
BIKE_01296,Roadmaster
BIKE_01297,Sportcity 250
BIKE_01298,1290 Super Adventure
BIKE_01299,Xsr 900
BIKE_01300,Softail
BIKE_01301,R Ninet
BIKE_01302,Fxd
BIKE_01303,Tuono
BIKE_01304,Chieftain
BIKE_01305,X-Town
BIKE_01306,50
BIKE_01307,Scrambler
BIKE_01308,1290 Super Duke R
BIKE_01309,F 750 Gs
BIKE_01310,Ultra Classic
BIKE_01311,R Ninet
BIKE_01312,Z 900
BIKE_01313,Joymax 125I
BIKE_01314,Joymax 125I
BIKE_01315,Joymax 125I
BIKE_01316,Rocker C
BIKE_01317,R Ninet
BIKE_01318,Sportster
BIKE_01319,F 900 R
BIKE_01320,Z1000 Sx
BIKE_01321,Agora
BIKE_01322,R 1200 Rt
BIKE_01323,R 60/6
BIKE_01324,Street Glide
BIKE_01325,X-Max 300
BIKE_01326,Z1000 Sx
BIKE_01327,Runner 125
BIKE_01328,916
BIKE_01329,Freeride E
BIKE_01330,V-Strom 650
BIKE_01331,Yzf-R1
BIKE_01332,Bonneville T100
BIKE_01333,R 1200 R
BIKE_01334,Softail
BIKE_01335,Fat Bob
BIKE_01336,
BIKE_01337,R 1200 Gs
BIKE_01338,V-Strom 650
BIKE_01339,Versys 650
BIKE_01340,1290 Super Duke R
BIKE_01341,Versys 650
BIKE_01342,Electra Glide
BIKE_01343,Rr 50
BIKE_01344,Vn 900
BIKE_01345,
BIKE_01346,Z 900
BIKE_01347,Dyna Street Bob
BIKE_01348,Monster 1100
BIKE_01349,S 1000 Rr
BIKE_01350,Ak 550
BIKE_01351,R 1200 R
BIKE_01352,Neos 50
BIKE_01353,Sportster 883
BIKE_01354,Vzr 1800
BIKE_01355,Motors Retro Star
BIKE_01356,F 850 Gs
BIKE_01357,R 1200 R
BIKE_01358,X-Max 400
BIKE_01359,Springfield
BIKE_01360,Cbr 125
BIKE_01361,1199 Panigale
BIKE_01362,Fjr 1300
BIKE_01363,R 1200 Gs
BIKE_01364,F 800 Gs Adventure
BIKE_01365,Xv 1600
BIKE_01366,701 Enduro
BIKE_01367,
BIKE_01368,X-Treme
BIKE_01369,Crox 50
BIKE_01370,Crox 50
BIKE_01371,Crox 50
BIKE_01372,Burgman 125
BIKE_01373,F 12
BIKE_01374,R18
BIKE_01375,R 1200 R
BIKE_01376,Agusta F3
BIKE_01377,
BIKE_01378,Gekko V2
BIKE_01379,R 1200 Gs
BIKE_01380,R 1200 Gs Adventure
BIKE_01381,X-Adv
BIKE_01382,
BIKE_01383,R 100 Rs
BIKE_01384,1290 Super Duke R
BIKE_01385,Niken
BIKE_01386,Multistrada 1200
BIKE_01387,Ftr 1200
BIKE_01388,F 700 Gs
BIKE_01389,Mp3 300
BIKE_01390,
BIKE_01391,Sv 650
BIKE_01392,
BIKE_01393,Monster 1100
BIKE_01394,V-Strom 650
BIKE_01395,Xtz 1200
BIKE_01396,Ak 550
BIKE_01397,Vtx 1800
BIKE_01398,Softail
BIKE_01399,
BIKE_01400,Mt-07
BIKE_01401,Scrambler
BIKE_01402,R 1200
BIKE_01403,Gsx-S 1000
BIKE_01404,K 1300
BIKE_01405,Softail
BIKE_01406,Gsx-S 1000
BIKE_01407,K 1600 B
BIKE_01408,K 1600 B
BIKE_01409,K 1600 B
BIKE_01410,Sportster 1200
BIKE_01411,Mp3 500
BIKE_01412,Cbr 500 R
BIKE_01413,K 1600 Gt
BIKE_01414,Mt-07
BIKE_01415,Quad
BIKE_01416,Quad
BIKE_01417,Quad
BIKE_01418,R 1200 Gs
BIKE_01419,C Evolution
BIKE_01420,Cb 1000
BIKE_01421,Yzf-R1
BIKE_01422,R 1200 Gs Lc
BIKE_01423,R 1200 Gs
BIKE_01424,R 1200 Gs
BIKE_01425,Speed Triple 1050
BIKE_01426,1290 Super Duke R
BIKE_01427,Multistrada 950
BIKE_01428,Multistrada 950
BIKE_01429,Multistrada 950
BIKE_01430,Nc 750
BIKE_01431,Hypermotard 939
BIKE_01432,C 650
BIKE_01433,Vegas 8-Ball
BIKE_01434,Streetfighter
BIKE_01435,Tmax 530
BIKE_01436,R 1200 Gs
BIKE_01437,R18
BIKE_01438,
BIKE_01439,Tracer 700
BIKE_01440,Tmax 530
BIKE_01441,Night Train
BIKE_01442,Tornado 1130
BIKE_01443,Cbf 1000
BIKE_01444,Cbf 600
BIKE_01445,Softail Slim
BIKE_01446,Burgman 400
BIKE_01447,Agusta F4 750
BIKE_01448,Speed Twin
BIKE_01449,Xjr 1300
BIKE_01450,Tracer 700
BIKE_01451,Katana 1000
BIKE_01452,Katana 1000
BIKE_01453,Katana 1000
BIKE_01454,Chieftain
BIKE_01455,Fz 8
BIKE_01456,Crf 1000
BIKE_01457,Yzf-R1
BIKE_01458,Cb 500
BIKE_01459,Gpr
BIKE_01460,Gpr
BIKE_01461,Gpr
BIKE_01462,Z 900
BIKE_01463,Mp3 500
BIKE_01464,Yzf-R1
BIKE_01465,Guzzi
BIKE_01466,R 1250 Rs
BIKE_01467,V-Rod
BIKE_01468,Cvo Breakout
BIKE_01469,Seventyfive 125
BIKE_01470,Pcx 125
BIKE_01471,Gl 1500
BIKE_01472,Sh 125
BIKE_01473,Tiger 1200
BIKE_01474,R 1200 Gs
BIKE_01475,Yfm 700
BIKE_01476,1290 Super Duke R
BIKE_01477,K 1600 Gt
BIKE_01478,Marathon
BIKE_01479,Marathon
BIKE_01480,Marathon
BIKE_01481,R 1200 Gs
BIKE_01482,Vision 110
BIKE_01483,F 700 Gs
BIKE_01484,F 800 Gs
BIKE_01485,Forza 250
BIKE_01486,Monster 821
BIKE_01487,Trident 900
BIKE_01488,Rx 50
BIKE_01489,Rx 50
BIKE_01490,Rx 50
BIKE_01491,R 1200 Gs
BIKE_01492,Softail
BIKE_01493,Hyperstrada
BIKE_01494,
BIKE_01495,
BIKE_01496,
BIKE_01497,Gold Wing
BIKE_01498,Gp 1
BIKE_01499,Fjr 1300
BIKE_01500,
BIKE_01501,Am
BIKE_01502,Am
BIKE_01503,Am
BIKE_01504,Pcx 125
BIKE_01505,Vn 1700
BIKE_01506,1290 Super Duke Gt
BIKE_01507,Dyna Street Bob
BIKE_01508,Iron 1200
BIKE_01509,Tiger 800
BIKE_01510,125 Duke
BIKE_01511,Dyna Super Glide
BIKE_01512,V-Strom 1000
BIKE_01513,Cb 500
BIKE_01514,Street Glide
BIKE_01515,Rsv4
BIKE_01516,Agusta
BIKE_01517,Caballero 500
BIKE_01518,R Ninet
BIKE_01519,Xvz 1300
BIKE_01520,Xsr 900
BIKE_01521,F 900 R
BIKE_01522,Dorsoduro
BIKE_01523,Softail
BIKE_01524,Am Maverick
BIKE_01525,Scrambler
BIKE_01526,R 1200 Rt
BIKE_01527,Mp3 Yourban
BIKE_01528,R 1200 Gs
BIKE_01529,Hypermotard 939
BIKE_01530,Corona 50
BIKE_01531,1190 Rc8
BIKE_01532,1190 Rc8
BIKE_01533,1190 Rc8
BIKE_01534,R 1250 Rt
BIKE_01535,Am Spyder Rs
BIKE_01536,
BIKE_01537,Address
BIKE_01538,Gl 1800
BIKE_01539,Rs 660
BIKE_01540,Softail
BIKE_01541,Nc 750
BIKE_01542,Fxdr 114
BIKE_01543,Iron 883
BIKE_01544,Agility 125
BIKE_01545,Z H2
BIKE_01546,K 1300 S
BIKE_01547,R 1250 Gs Adventure
BIKE_01548,
BIKE_01549,F 850 Gs
BIKE_01550,Z 800
BIKE_01551,Cb 1000
BIKE_01552,Scrambler
BIKE_01553,R 1200 Gs
BIKE_01554,Xdiavel
BIKE_01555,Mrt 50
BIKE_01556,
BIKE_01557,Ninja Zx-10R
BIKE_01558,
BIKE_01559,
BIKE_01560,Cat 700
BIKE_01561,Mt-07
BIKE_01562,Mt-10
BIKE_01563,Yzf-R1
BIKE_01564,
BIKE_01565,Agusta 350 S
BIKE_01566,Panigale V4
BIKE_01567,Medley 125
BIKE_01568,Cb 1000
BIKE_01569,Super Dink 125
BIKE_01570,Forza 300
BIKE_01571,K-Pipe 125
BIKE_01572,Softail
BIKE_01573,R 1200 Rs
BIKE_01574,Supersport
BIKE_01575,Z 900
BIKE_01576,848
BIKE_01577,848
BIKE_01578,848
BIKE_01579,Z 1000
BIKE_01580,Bonneville T100
BIKE_01581,Superlight
BIKE_01582,Am Outlander
BIKE_01583,Moto Cforce 450
BIKE_01584,Dyna Wide Glide
BIKE_01585,
BIKE_01586,R 1200 C Independent
BIKE_01587,Scout
BIKE_01588,R 1200 Gs
BIKE_01589,Shiver 900
BIKE_01590,R 850 R
BIKE_01591,R 1200 Gs Adventure
BIKE_01592,Nmax
BIKE_01593,Cb 1000
BIKE_01594,Tracer 900
BIKE_01595,Am Ryker
BIKE_01596,Am Ryker
BIKE_01597,Am Ryker
BIKE_01598,Tiger 900
BIKE_01599,Softail
BIKE_01600,Diavel
BIKE_01601,Nmax
BIKE_01602,Cbr 650
BIKE_01603,Cmx 500
BIKE_01604,
BIKE_01605,Road King
BIKE_01606,Xvs 650
BIKE_01607,Xvs 650
BIKE_01608,Xvs 650
BIKE_01609,749
BIKE_01610,R 1200 Rt
BIKE_01611,Dyna Street Bob
BIKE_01612,Ninja 650
BIKE_01613,Moto Cforce 520
BIKE_01614,Moto Cforce 520
BIKE_01615,Moto Cforce 520
BIKE_01616,Versys 1000
BIKE_01617,R 60
BIKE_01618,R 60
BIKE_01619,R 60
BIKE_01620,790 Duke
BIKE_01621,R Ninet
BIKE_01622,Bonneville Bobber
BIKE_01623,Cb 1100
BIKE_01624,Xsr 900
BIKE_01625,F 800 Gs Adventure
BIKE_01626,C 400 X
BIKE_01627,S 1000 Xr
BIKE_01628,Electra Glide
BIKE_01629,Vt 125
BIKE_01630,R 80
BIKE_01631,R 1200 Gs
BIKE_01632,
BIKE_01633,Gl 1800
BIKE_01634,
BIKE_01635,Sportsman 850
BIKE_01636,R 1250 R
BIKE_01637,Tuono
BIKE_01638,K 1300 S
BIKE_01639,R 1200 Gs
BIKE_01640,Electra Glide
BIKE_01641,899 Panigale
BIKE_01642,899 Panigale
BIKE_01643,899 Panigale
BIKE_01644,Soco Cux
BIKE_01645,Softail
BIKE_01646,Yzf-R1
BIKE_01647,750
BIKE_01648,750
BIKE_01649,750
BIKE_01650,899 Panigale
BIKE_01651,899 Panigale
BIKE_01652,899 Panigale
BIKE_01653,Thunderbird Sport
BIKE_01654,Scrambler
BIKE_01655,R 1200 Gs Adventure
BIKE_01656,Agility 50
BIKE_01657,Multistrada 1200
BIKE_01658,Burgman 650
BIKE_01659,Ciak 50
BIKE_01660,Gsx-R 750
BIKE_01661,Sportster
BIKE_01662,Er - 6 N
BIKE_01663,Guzzi
BIKE_01664,S 1000 Rr
BIKE_01665,
BIKE_01666,Softail
BIKE_01667,Cbr 650
BIKE_01668,Hypermotard 939
BIKE_01669,Hypermotard 1100
BIKE_01670,R 1200 Gs Lc
BIKE_01671,Fjr 1300
BIKE_01672,Ftr 1200
BIKE_01673,Runner 50
BIKE_01674,Multistrada 1200
BIKE_01675,Monster 821
BIKE_01676,R 100 Rs
BIKE_01677,Gts 300
BIKE_01678,
BIKE_01679,
BIKE_01680,Sportster
BIKE_01681,Road King
BIKE_01682,Xsr 900
BIKE_01683,
BIKE_01684,Ak 550
BIKE_01685,Speed Triple 1050
BIKE_01686,Crf 1100
BIKE_01687,Agusta F3
BIKE_01688,1125 Cr
BIKE_01689,1125 Cr
BIKE_01690,1125 Cr
BIKE_01691,Mt-09
BIKE_01692,F 900 R
BIKE_01693,Road King
BIKE_01694,Rr 50
BIKE_01695,F 700 Gs
BIKE_01696,Nc 750
BIKE_01697,Xjr 1300
BIKE_01698,Versys 650
BIKE_01699,Tiger 800
BIKE_01700,
BIKE_01701,R 1200 Gs
BIKE_01702,Mp3 350
BIKE_01703,Dyna Street Bob
BIKE_01704,R 1200 Rt
BIKE_01705,Multistrada 1260
BIKE_01706,Z 650
BIKE_01707,
BIKE_01708,R 1250 R
BIKE_01709,Guzzi V 85
BIKE_01710,1200 Custom
BIKE_01711,Scrambler
BIKE_01712,Fjr 1300
BIKE_01713,Gold Wing
BIKE_01714,R 1150 R
BIKE_01715,R 1150 R
BIKE_01716,R 1150 R
BIKE_01717,Softail
BIKE_01718,Memory
BIKE_01719,F 650 Gs
BIKE_01720,Moto Cforce 800
BIKE_01721,1190 Adventure
BIKE_01722,Allo
BIKE_01723,Allo
BIKE_01724,Allo
BIKE_01725,S 1000 Xr
BIKE_01726,V-Rod
BIKE_01727,848
BIKE_01728,848
BIKE_01729,848
BIKE_01730,
BIKE_01731,R 1200 Gs
BIKE_01732,R 1250 Rt
BIKE_01733,Crf 1000
BIKE_01734,Cbr 1000
BIKE_01735,1290 Super Duke R
BIKE_01736,Xtz 1200
BIKE_01737,Blog 125
BIKE_01738,Blog 125
BIKE_01739,Blog 125
BIKE_01740,Hypermotard 939
BIKE_01741,890 Adventure
BIKE_01742,
BIKE_01743,R 1250 Gs
BIKE_01744,
BIKE_01745,Agility 50
BIKE_01746,
BIKE_01747,Bonneville T120
BIKE_01748,Multistrada 1200
BIKE_01749,Vulcan S
BIKE_01750,R 1200 Gs
BIKE_01751,R 1200 Gs
BIKE_01752,C 650
BIKE_01753,Z 800
BIKE_01754,Mt-07
BIKE_01755,R 1250 R
BIKE_01756,R 1200 Gs Adventure
BIKE_01757,Multistrada 1200
BIKE_01758,Roadmaster
BIKE_01759,Road Glide
BIKE_01760,Ninja Zx-10R
BIKE_01761,1299 Panigale
BIKE_01762,Tracer 900
BIKE_01763,Multistrada 1260
BIKE_01764,S 1000 Rr
BIKE_01765,V-Strom 1050
BIKE_01766,F 750 Gs
BIKE_01767,Heritage Softail
BIKE_01768,People 125
BIKE_01769,Mt-07
BIKE_01770,Speed Triple S
BIKE_01771,R 1200 Gs Adventure
BIKE_01772,Agusta Brutale 800
BIKE_01773,Guzzi V 9
BIKE_01774,R 1200 C Independent
BIKE_01775,Xv 1900
BIKE_01776,X-Treme
BIKE_01777,Versys 1000
BIKE_01778,F 800 Gt
BIKE_01779,
BIKE_01780,Z 900
BIKE_01781,Joymax 300
BIKE_01782,R 1200 Rt
BIKE_01783,Xciting 300I
BIKE_01784,Z 900
BIKE_01785,1290 Super Duke R
BIKE_01786,X-Max 400
BIKE_01787,Tmax 530
BIKE_01788,Moto Cforce 450
BIKE_01789,Gl 1800
BIKE_01790,Address
BIKE_01791,Bonneville T120
BIKE_01792,S 1000 R
BIKE_01793,R 1200 R
BIKE_01794,Softail
BIKE_01795,Gsx-R 750
BIKE_01796,Softail
BIKE_01797,Fat Boy
BIKE_01798,Z 800
BIKE_01799,Typhoon
BIKE_01800,999
BIKE_01801,F 900 R
BIKE_01802,Kingpin 8-Ball
BIKE_01803,Sh 150
BIKE_01804,K 1300 R
BIKE_01805,Beverly 300
BIKE_01806,Xjr 1300
BIKE_01807,Mt-10
BIKE_01808,Street Glide
BIKE_01809,1290 Super Duke R
BIKE_01810,Tiger Explorer
BIKE_01811,Pan European
BIKE_01812,People S 125
BIKE_01813,
BIKE_01814,R Ninet
BIKE_01815,Beverly 350
BIKE_01816,Yfm 700
BIKE_01817,Gsx-R 600
BIKE_01818,R 1200 Gs
BIKE_01819,Gsx-R 750
BIKE_01820,Tracer 900
BIKE_01821,125 Duke
BIKE_01822,R 1200 Gs
BIKE_01823,Nrg 50
BIKE_01824,
BIKE_01825,R 1200 Gs Adventure
BIKE_01826,Custom Bike
BIKE_01827,R 1200 R
BIKE_01828,C 650 Gt
BIKE_01829,X-City 250
BIKE_01830,Yzf-R1
BIKE_01831,Softail
BIKE_01832,Scrambler
BIKE_01833,Scout
BIKE_01834,Lx 150
BIKE_01835,Vt 1300
BIKE_01836,Vt 1300
BIKE_01837,Vt 1300
BIKE_01838,X-Adv
BIKE_01839,1090 Adventure
BIKE_01840,1090 Adventure
BIKE_01841,1090 Adventure
BIKE_01842,Zip 25
BIKE_01843,F 850 Gs
BIKE_01844,
BIKE_01845,
BIKE_01846,Zephyr 1100
BIKE_01847,Mt-01
BIKE_01848,Soco Cux
BIKE_01849,900 Ss
BIKE_01850,Mt-07
BIKE_01851,Multistrada 1200
BIKE_01852,Cbr 125
BIKE_01853,Multistrada 1200
BIKE_01854,Agility 50
BIKE_01855,Xp 4T
BIKE_01856,Agusta Brutale 800
BIKE_01857,X-Max 400
BIKE_01858,790 Duke
BIKE_01859,Hypermotard 939
BIKE_01860,S 1000 Xr
BIKE_01861,People S 200I
BIKE_01862,People S 200I
BIKE_01863,People S 200I
BIKE_01864,Moto Terralander
BIKE_01865,Moto Terralander
BIKE_01866,Moto Terralander
BIKE_01867,Agusta F3
BIKE_01868,Cbf 125
BIKE_01869,Dyna Street Bob
BIKE_01870,Xsr 700
BIKE_01871,Crf 1100
BIKE_01872,F 900 Xr
BIKE_01873,Fiera 50 Xtreme
BIKE_01874,S 1000 Rr
BIKE_01875,Alp 200
BIKE_01876,Gsx-R 1000
BIKE_01877,Z1000 Sx
BIKE_01878,R 100 Rs
BIKE_01879,Mp3 300
BIKE_01880,Vmax
BIKE_01881,1290 Super Adventure
BIKE_01882,996
BIKE_01883,X-Max 400
BIKE_01884,690 Duke
BIKE_01885,Boom Trike
BIKE_01886,Primavera 50
BIKE_01887,Street Twin
BIKE_01888,Elefant 900
BIKE_01889,R18
BIKE_01890,Scout
BIKE_01891,
BIKE_01892,Yfm 660
BIKE_01893,Zip 50
BIKE_01894,Cvo Limited
BIKE_01895,
BIKE_01896,R 67
BIKE_01897,Grand Dink 125
BIKE_01898,
BIKE_01899,Road King
BIKE_01900,Mt-09
BIKE_01901,Medley 125
BIKE_01902,Tmax 530
BIKE_01903,Monster 1100
BIKE_01904,Yzf-R6
BIKE_01905,K 1600 Gt
BIKE_01906,Supermoto 125
BIKE_01907,Multistrada 1200
BIKE_01908,S 1000 Rr
BIKE_01909,Heritage Softail
BIKE_01910,Sportster 1200
BIKE_01911,Crf 1000
BIKE_01912,Pcx 125
BIKE_01913,Scrambler
BIKE_01914,Gold Wing
BIKE_01915,R 1250 Gs
BIKE_01916,F 900 Xr
BIKE_01917,Agility 50
BIKE_01918,K 1600 Gtl
BIKE_01919,Nmax
BIKE_01920,1290 Super Duke Gt
BIKE_01921,Gold Wing
BIKE_01922,F 900 R
BIKE_01923,Cb 1000
BIKE_01924,
BIKE_01925,Mt-09
BIKE_01926,V-Strom 650
BIKE_01927,Fat Boy
BIKE_01928,Z 900
BIKE_01929,Xvs 1300
BIKE_01930,
BIKE_01931,Sportster 883
BIKE_01932,Niken
BIKE_01933,Tmax Sx
BIKE_01934,
BIKE_01935,1198
BIKE_01936,R 100 R
BIKE_01937,Gsx 1300
BIKE_01938,Tracer 900
BIKE_01939,Guzzi V 7
BIKE_01940,Rsv4
BIKE_01941,Nsc 50 R
BIKE_01942,Nsc 50 R
BIKE_01943,Nsc 50 R
BIKE_01944,Crf 1100
BIKE_01945,R 1200 Gs
BIKE_01946,R 1200 Gs Adventure
BIKE_01947,Nm4 Vultus
BIKE_01948,R 1200 R
BIKE_01949,Yzf-R1
BIKE_01950,390 Duke
BIKE_01951,Z 900
BIKE_01952,Road King
BIKE_01953,790 Duke
BIKE_01954,1299 Superleggera
BIKE_01955,
BIKE_01956,Multistrada 1200
BIKE_01957,888
BIKE_01958,R 1200 Gs
BIKE_01959,Ninja Zx-10Rr
BIKE_01960,Ninja Zx-10Rr
BIKE_01961,Ninja Zx-10Rr
BIKE_01962,Monster 821
BIKE_01963,Ciak 50
BIKE_01964,Mt-07
BIKE_01965,Hypermotard 821
BIKE_01966,Hypermotard 821
BIKE_01967,Hypermotard 821
BIKE_01968,R 1200 Gs
BIKE_01969,Crf 1000
BIKE_01970,Vfr 1200
BIKE_01971,Am Maverick
BIKE_01972,Gold Wing
BIKE_01973,Road Glide
BIKE_01974,Monster 797
BIKE_01975,Monster 797
BIKE_01976,Monster 797
BIKE_01977,Monster 821
BIKE_01978,C 400 Gt
BIKE_01979,R Ninet
BIKE_01980,Fat Boy
BIKE_01981,Nc 750
BIKE_01982,Multistrada 1260
BIKE_01983,Carnaby 300
BIKE_01984,Xt 1200
BIKE_01985,Versys 650
BIKE_01986,
BIKE_01987,Z 900
BIKE_01988,Fat Boy
BIKE_01989,Guzzi V 7
BIKE_01990,
BIKE_01991,
BIKE_01992,Citycom 125
BIKE_01993,Cb 125
BIKE_01994,R 1200 Gs Lc
BIKE_01995,F 850 Gs
BIKE_01996,R 1200 R
BIKE_01997,Runner 50
BIKE_01998,Gsx-R 1100
BIKE_01999,F 850 Gs
BIKE_02000,Guzzi V 1000
BIKE_02001,Xvs 950
BIKE_02002,701 Supermoto
BIKE_02003,
BIKE_02004,Monster 1100
BIKE_02005,Gl 1800
BIKE_02006,Cb 1000
BIKE_02007,R Ninet
BIKE_02008,Street Glide
BIKE_02009,Scrambler
BIKE_02010,
BIKE_02011,F 750 Gs
BIKE_02012,Moto Cforce 820
BIKE_02013,Moto Cforce 820
BIKE_02014,Moto Cforce 820
BIKE_02015,Low Rider
BIKE_02016,F 650 Gs
BIKE_02017,
BIKE_02018,
BIKE_02019,1198
BIKE_02020,Mt-09
BIKE_02021,Multistrada 1260
BIKE_02022,R 1250 Gs Adventure
BIKE_02023,Road King
BIKE_02024,Road King
BIKE_02025,Agusta Dragster
BIKE_02026,Mt-07
BIKE_02027,
BIKE_02028,R 1200
BIKE_02029,Tango 250
BIKE_02030,Z 900
BIKE_02031,S 1000 Xr
BIKE_02032,Scrambler
BIKE_02033,690 Duke
BIKE_02034,990 Super Duke
BIKE_02035,Cbr 1000
BIKE_02036,R 1200 Rt
BIKE_02037,
BIKE_02038,F 700 Gs
BIKE_02039,F 800 Gs
BIKE_02040,Agusta Brutale 800
BIKE_02041,Es3
BIKE_02042,Sixteen 150
BIKE_02043,Rr Motard
BIKE_02044,Mt-10
BIKE_02045,
BIKE_02046,F 800 St
BIKE_02047,S1 125
BIKE_02048,Tiger 1050
BIKE_02049,
BIKE_02050,
BIKE_02051,Niken
BIKE_02052,Speedmaster
BIKE_02053,R Ninet
BIKE_02054,Neos 50
BIKE_02055,
BIKE_02056,
BIKE_02057,
BIKE_02058,Multistrada 1200
BIKE_02059,Senda
BIKE_02060,390 Duke
BIKE_02061,1290 Super Adventure
BIKE_02062,Nc 700
BIKE_02063,
BIKE_02064,Fat Bob
BIKE_02065,X-Max 250
BIKE_02066,F 850 Gs
BIKE_02067,Cbr 1000
BIKE_02068,Tmax 530
BIKE_02069,R 1250 Rt
BIKE_02070,Sh 150
BIKE_02071,Ninja Zx-10R
BIKE_02072,F 900 Xr
BIKE_02073,Nrg Power
BIKE_02074,Nrg Power
BIKE_02075,Nrg Power
BIKE_02076,Late Shovel
BIKE_02077,Sh 150
BIKE_02078,Multistrada 950
BIKE_02079,Multistrada 950
BIKE_02080,Multistrada 950
BIKE_02081,R 1200 Rs
BIKE_02082,Crf 1100
BIKE_02083,R 1100 Rs
BIKE_02084,Aeon Cobra
BIKE_02085,R 1200 Rt
BIKE_02086,1000 Sport
BIKE_02087,
BIKE_02088,Maxsym Tl
BIKE_02089,Hayabusa
BIKE_02090,Rs 660
BIKE_02091,Xdiavel
BIKE_02092,D'Elight
BIKE_02093,Tiger Explorer
BIKE_02094,Tuono
BIKE_02095,Street Twin
BIKE_02096,R 1200 Rt
BIKE_02097,R Ninet
BIKE_02098,1090 Adventure
BIKE_02099,1090 Adventure
BIKE_02100,1090 Adventure
BIKE_02101,125 Enduro
BIKE_02102,Multistrada 1200
BIKE_02103,
BIKE_02104,Liberty 125
BIKE_02105,S 1000 Xr
BIKE_02106,Xv 1600
BIKE_02107,
BIKE_02108,Vision 50
BIKE_02109,1290 Super Adventure
BIKE_02110,1290 Super Duke R
BIKE_02111,Orbit Ii
BIKE_02112,Heritage Springer
BIKE_02113,K 1600 Gt
BIKE_02114,
BIKE_02115,
BIKE_02116,Vfr 1200
BIKE_02117,990 Adventure
BIKE_02118,R 1200 Gs
BIKE_02119,C 650 Gt
BIKE_02120,R 1200 Rs
BIKE_02121,Streetfighter
BIKE_02122,Gl 1800
BIKE_02123,Softail
BIKE_02124,Bonneville T120
BIKE_02125,
BIKE_02126,R Ninet
BIKE_02127,Z 900
BIKE_02128,F 900 Xr
BIKE_02129,1290 Super Duke R
BIKE_02130,Mt-03
BIKE_02131,Mt-03
BIKE_02132,Mt-03
BIKE_02133,Xsm
BIKE_02134,125 Duke
BIKE_02135,V-Strom 650
BIKE_02136,Hypermotard 939
BIKE_02137,Yzf-R6
BIKE_02138,Crf 1000
BIKE_02139,Sv 650
BIKE_02140,R 1200 Gs
BIKE_02141,Katana 1000
BIKE_02142,Katana 1000
BIKE_02143,Katana 1000
BIKE_02144,S 1000 Rr
BIKE_02145,Tnt 1130
BIKE_02146,Xsr 900
BIKE_02147,
BIKE_02148,
BIKE_02149,
BIKE_02150,
BIKE_02151,Road King
BIKE_02152,Gsr 750
BIKE_02153,1299 Panigale
BIKE_02154,V-Strom 650
BIKE_02155,Guzzi V 7
BIKE_02156,Like 50
BIKE_02157,Am Spyder F3-S
BIKE_02158,Iron 883
BIKE_02159,Guzzi V 9
BIKE_02160,300 Xc
BIKE_02161,R 1200 Rs
BIKE_02162,1290 Super Duke R
BIKE_02163,Agusta F4 1000
BIKE_02164,Beverly 300
BIKE_02165,Tracer 900
BIKE_02166,Mp3 400
BIKE_02167,Mp3 400
BIKE_02168,Mp3 400
BIKE_02169,1200 Custom
BIKE_02170,Fjr 1300
BIKE_02171,
BIKE_02172,Vfr 1200
BIKE_02173,Kallio 50
BIKE_02174,Softail
BIKE_02175,Mt-09
BIKE_02176,Hypermotard 1100
BIKE_02177,Sv 650
BIKE_02178,Gsx-R 600
BIKE_02179,F 850 Gs
BIKE_02180,Zip 50
BIKE_02181,Crf 1000
BIKE_02182,Guzzi Le Mans
BIKE_02183,Guzzi Le Mans
BIKE_02184,Guzzi Le Mans
BIKE_02185,Rocket Iii Touring
BIKE_02186,R 1250 Rt
BIKE_02187,Fly 50
BIKE_02188,Fly 50
BIKE_02189,Fly 50
BIKE_02190,Sportster 1200
BIKE_02191,X-Adv
BIKE_02192,Super Glide
BIKE_02193,R Ninet
BIKE_02194,R 1200
BIKE_02195,K 1600 Gtl
BIKE_02196,Msx 125
BIKE_02197,Ak 550
BIKE_02198,Z 900
BIKE_02199,
BIKE_02200,F 900 R
BIKE_02201,Mt-09
BIKE_02202,R Ninet
BIKE_02203,
BIKE_02204,R 1100 S
BIKE_02205,1290 Super Adventure
BIKE_02206,Tracer 900
BIKE_02207,
BIKE_02208,Otello F.I.
BIKE_02209,Bonneville T100
BIKE_02210,Gtr 1400
BIKE_02211,R 1200 Rs
BIKE_02212,690 Smc
BIKE_02213,690 Smc
BIKE_02214,690 Smc
BIKE_02215,
BIKE_02216,Cb 650
BIKE_02217,Pk 50
BIKE_02218,R 1200 Gs
BIKE_02219,R 1200 Gs
BIKE_02220,Cb 1000
BIKE_02221,Rzr 900
BIKE_02222,Rzr 900
BIKE_02223,Rzr 900
BIKE_02224,Tmax 560
BIKE_02225,R 1200 Gs
BIKE_02226,Scr 950
BIKE_02227,X-City 250
BIKE_02228,K 1300 S
BIKE_02229,R 1200 R
BIKE_02230,Integra
BIKE_02231,F 850 Gs
BIKE_02232,Xsr 700
BIKE_02233,Yfm 700
BIKE_02234,Nc 750
BIKE_02235,Speedmaster
BIKE_02236,Agusta Brutale 1090
BIKE_02237,Hp4
BIKE_02238,Hp4
BIKE_02239,Hp4
BIKE_02240,790 Adventure
BIKE_02241,Sportster 883
BIKE_02242,R 1200 R
BIKE_02243,K 1600 Gt
BIKE_02244,
BIKE_02245,701 Supermoto
BIKE_02246,Versys 650
BIKE_02247,V-Rod
BIKE_02248,R 1200 Rt
BIKE_02249,Orbit Ii
BIKE_02250,R 1200 Gs
BIKE_02251,Buggy 800
BIKE_02252,R 1250 R
BIKE_02253,Niken
BIKE_02254,Crf 1100
BIKE_02255,
BIKE_02256,Xsr 700
BIKE_02257,Yz 450
BIKE_02258,Downtown 300I
BIKE_02259,Xjr 1300
BIKE_02260,
BIKE_02261,Crf 1000
BIKE_02262,R 1200 Rs
BIKE_02263,Heritage Softail
BIKE_02264,Dr 125
BIKE_02265,
BIKE_02266,Xl 1200
BIKE_02267,Sportster 883
BIKE_02268,V-Strom 1050
BIKE_02269,Sportster 1200
BIKE_02270,Cb 1000
BIKE_02271,X-Max 400
BIKE_02272,
BIKE_02273,Gl 1800
BIKE_02274,Multistrada 1200
BIKE_02275,Sportster 883
BIKE_02276,Road King
BIKE_02277,Sportster 883
BIKE_02278,
BIKE_02279,Night Train
BIKE_02280,Liberty 50
BIKE_02281,Yzf-R125
BIKE_02282,Dyna Wide Glide
BIKE_02283,Am Maverick
BIKE_02284,Agility 50
BIKE_02285,Heritage Softail
BIKE_02286,Cbr 1000
BIKE_02287,R 1200 Gs Adventure
BIKE_02288,
BIKE_02289,Sh 125
BIKE_02290,Tracer 700
BIKE_02291,Itank
BIKE_02292,V-Strom 650
BIKE_02293,R 1250 R
BIKE_02294,F 850 Gs
BIKE_02295,
BIKE_02296,Katana 1000
BIKE_02297,Katana 1000
BIKE_02298,Katana 1000
BIKE_02299,
BIKE_02300,Sx 50
BIKE_02301,Sx 50
BIKE_02302,Sx 50
BIKE_02303,Ninja 650
BIKE_02304,Gsx-S 1000
BIKE_02305,R 1200 Gs Adventure
BIKE_02306,Road King
BIKE_02307,Integra
BIKE_02308,W 800
BIKE_02309,Tracer 700
BIKE_02310,Fz 1
BIKE_02311,Heritage Softail
BIKE_02312,K 1300 S
BIKE_02313,Hypermotard 939
BIKE_02314,1290 Super Adventure
BIKE_02315,Street Glide
BIKE_02316,Insignio 250
BIKE_02317,R Ninet
BIKE_02318,Xdiavel
BIKE_02319,Ninja 650
BIKE_02320,Thruxton
BIKE_02321,V-Strom 1000
BIKE_02322,1198
BIKE_02323,350 Sprint
BIKE_02324,R 1200 Gs
BIKE_02325,S 1000 Rr
BIKE_02326,C Evolution
BIKE_02327,Allo
BIKE_02328,Allo
BIKE_02329,Allo
BIKE_02330,Cb 1000
BIKE_02331,R 1200 R
BIKE_02332,F 900 Xr
BIKE_02333,Low Rider
BIKE_02334,Multistrada 950
BIKE_02335,Multistrada 950
BIKE_02336,Multistrada 950
BIKE_02337,Cb 1000
BIKE_02338,Cbr 650
BIKE_02339,Electra Glide
BIKE_02340,R 1200 Gs
BIKE_02341,
BIKE_02342,Xenter 125
BIKE_02343,Trek 1130
BIKE_02344,Gsx-S 1000
BIKE_02345,Sportster Forty Eight
BIKE_02346,Street Glide
BIKE_02347,Mt-07
BIKE_02348,1098
BIKE_02349,1098
BIKE_02350,1098
BIKE_02351,Softail
BIKE_02352,
BIKE_02353,Versys 1000
BIKE_02354,Fat Boy
BIKE_02355,F 700 Gs
BIKE_02356,R Ninet
BIKE_02357,Gsx-R 1000
BIKE_02358,
BIKE_02359,Street Glide
BIKE_02360,V-Strom 650
BIKE_02361,Cb 1000
BIKE_02362,Electra Glide
BIKE_02363,1290 Super Adventure
BIKE_02364,
BIKE_02365,Srv 850
BIKE_02366,50M
BIKE_02367,50M
BIKE_02368,50M
BIKE_02369,Burgman 200
BIKE_02370,Fjr 1300
BIKE_02371,Ape
BIKE_02372,Road King
BIKE_02373,
BIKE_02374,Street 750
BIKE_02375,Tmax 530
BIKE_02376,Iron 883
BIKE_02377,S 1000 Rr
BIKE_02378,S 1000 R
BIKE_02379,Rs 660
BIKE_02380,S 125
BIKE_02381,F 800 Gs Adventure
BIKE_02382,
BIKE_02383,Z 900
BIKE_02384,D-Tracker 125
BIKE_02385,Am Outlander
BIKE_02386,Vmax
BIKE_02387,C 650 Gt
BIKE_02388,Nc 750
BIKE_02389,Quadro4
BIKE_02390,690 Duke
BIKE_02391,Street Glide
BIKE_02392,Versys 1000
BIKE_02393,Z 900
BIKE_02394,
BIKE_02395,Xenter 125
BIKE_02396,Yzf-R6
BIKE_02397,R Ninet
BIKE_02398,Vfr 1200
BIKE_02399,S 1000 Rr
BIKE_02400,Road King
BIKE_02401,Xtz 1200
BIKE_02402,Z 900
BIKE_02403,Novette
BIKE_02404,R Ninet
BIKE_02405,Bn 125
BIKE_02406,Bn 125
BIKE_02407,Bn 125
BIKE_02408,X-Adv
BIKE_02409,Mt-09
BIKE_02410,Road Glide
BIKE_02411,S 1000 Rr
BIKE_02412,G 650 Gs
BIKE_02413,959 Panigale
BIKE_02414,Street Glide
BIKE_02415,Ry6
BIKE_02416,R 1200 Rt
BIKE_02417,High-Ball
BIKE_02418,Xl 1200
BIKE_02419,R 1250 Gs
BIKE_02420,Multistrada 950
BIKE_02421,Multistrada 950
BIKE_02422,Multistrada 950
BIKE_02423,Aeon Cobra
BIKE_02424,Bullet 50
BIKE_02425,Roadmaster
BIKE_02426,
BIKE_02427,1190 Adventure
BIKE_02428,Explorer
BIKE_02429,
BIKE_02430,Primavera 50
BIKE_02431,Gts 300
BIKE_02432,R 90 S
BIKE_02433,R 90 S
BIKE_02434,R 90 S
BIKE_02435,Z 1000
BIKE_02436,R Ninet
BIKE_02437,Scrambler
BIKE_02438,Tracer 900
BIKE_02439,R 1200 Rt
BIKE_02440,Cb 650
BIKE_02441,899 Panigale
BIKE_02442,899 Panigale
BIKE_02443,899 Panigale
BIKE_02444,Vzr 1800
BIKE_02445,Resident 250
BIKE_02446,Gold Wing
BIKE_02447,K 1300 Gt
BIKE_02448,Moto Cforce 800
BIKE_02449,
BIKE_02450,
BIKE_02451,Trident 750
BIKE_02452,Trident 750
BIKE_02453,Trident 750
BIKE_02454,Fat Boy
BIKE_02455,Fe 501
BIKE_02456,Road King
BIKE_02457,Sv 650
BIKE_02458,V-Strom 1000
BIKE_02459,Burgman 400
BIKE_02460,Gsx 650
BIKE_02461,R Ninet
BIKE_02462,Heritage Softail
BIKE_02463,V-Strom 1000
BIKE_02464,S 1000 Xr
BIKE_02465,R 1200 Gs Adventure
BIKE_02466,Multistrada 950
BIKE_02467,Multistrada 950
BIKE_02468,Multistrada 950
BIKE_02469,Nc 750
BIKE_02470,690 Smc
BIKE_02471,690 Smc
BIKE_02472,690 Smc
BIKE_02473,
BIKE_02474,Tuono
BIKE_02475,Niken
BIKE_02476,Motors
BIKE_02477,Guzzi V 11
BIKE_02478,Guzzi V 11
BIKE_02479,Guzzi V 11
BIKE_02480,W 800
BIKE_02481,X-Max 300
BIKE_02482,Monster 900
BIKE_02483,Monster 900
BIKE_02484,Monster 900
BIKE_02485,Bandit 600
BIKE_02486,
BIKE_02487,R 1200 Rs
BIKE_02488,Thunderbird Sport
BIKE_02489,Dyna Super Glide
BIKE_02490,Z 900
BIKE_02491,R 1250 Gs
BIKE_02492,R 1200 Rt
BIKE_02493,Z 900
BIKE_02494,Vs 125
BIKE_02495,Vs 125
BIKE_02496,Vs 125
BIKE_02497,Rr 480
BIKE_02498,Cbr 1000
BIKE_02499,Fxd
BIKE_02500,Sh 150
BIKE_02501,Guzzi Bellagio
BIKE_02502,Agusta Brutale 800
BIKE_02503,Mt-10
BIKE_02504,Tricity
BIKE_02505,
BIKE_02506,X-Adv
BIKE_02507,Scout
BIKE_02508,Agusta
BIKE_02509,S 1000 Xr
BIKE_02510,Crf 1000
BIKE_02511,F 700 Gs
BIKE_02512,Mp3 500
BIKE_02513,Z 900
BIKE_02514,Vision Tour
BIKE_02515,S 1000 Xr
BIKE_02516,V-Strom 1050
BIKE_02517,690 Enduro
BIKE_02518,690 Enduro
BIKE_02519,690 Enduro
BIKE_02520,Streetfighter
BIKE_02521,Gsx-S 1000
BIKE_02522,Forza 300
BIKE_02523,Guzzi California 1400
BIKE_02524,Qooder
BIKE_02525,K 1600 Gt
BIKE_02526,Electra Glide
BIKE_02527,Sportster Xl 883
BIKE_02528,690 Enduro
BIKE_02529,690 Enduro
BIKE_02530,690 Enduro
BIKE_02531,Address
BIKE_02532,F 800 R
BIKE_02533,R 1250 Rs
BIKE_02534,Multistrada 1200
BIKE_02535,Dyna Super Glide
BIKE_02536,Moto
BIKE_02537,K 1600 Gt
BIKE_02538,Guzzi 850 Le Mans
BIKE_02539,1290 Super Adventure
BIKE_02540,
BIKE_02541,1290 Super Adventure
BIKE_02542,People S 50
BIKE_02543,Agility 150
BIKE_02544,X-Max 300
BIKE_02545,
BIKE_02546,Cmx 500
BIKE_02547,Versys 650
BIKE_02548,Roadster
BIKE_02549,Guzzi 1200 Sport
BIKE_02550,Hypermotard 939
BIKE_02551,Crossrunner
BIKE_02552,Vzr 1800
BIKE_02553,R 1250 Gs
BIKE_02554,Nmax
BIKE_02555,Xdiavel
BIKE_02556,Softail
BIKE_02557,Burgman 650
BIKE_02558,Pcx 125
BIKE_02559,Dyna Street Bob
BIKE_02560,Primavera
BIKE_02561,Moto Uforce 800
BIKE_02562,Vn 900
BIKE_02563,Street Rod
BIKE_02564,Street Rod
BIKE_02565,Street Rod
BIKE_02566,Road King
BIKE_02567,Multistrada 1200
BIKE_02568,R 1200 Rt
BIKE_02569,
BIKE_02570,Iron 883
BIKE_02571,K 1300 Gt
BIKE_02572,Fxd
BIKE_02573,1290 Super Duke R
BIKE_02574,200 Duke
BIKE_02575,F 800 Gs
BIKE_02576,
BIKE_02577,Ninja 1000Sx
BIKE_02578,F 900 R
BIKE_02579,Multistrada 1200
BIKE_02580,Mp3 500
BIKE_02581,X-Adv
BIKE_02582,Electra Glide
BIKE_02583,Lead
BIKE_02584,1198
BIKE_02585,K 1600 B
BIKE_02586,K 1600 B
BIKE_02587,K 1600 B
BIKE_02588,Dyna Super Glide
BIKE_02589,Xtz 1200
BIKE_02590,1290 Super Duke R
BIKE_02591,Agusta
BIKE_02592,1290 Super Adventure
BIKE_02593,Crf 1100
BIKE_02594,Softail
BIKE_02595,R 1200 R
BIKE_02596,Guzzi California 1400
BIKE_02597,V-Strom 650
BIKE_02598,Sprint St
BIKE_02599,C 650
BIKE_02600,Liberty 125
BIKE_02601,Tiger 800
BIKE_02602,Crf 1000
BIKE_02603,Night Rod
BIKE_02604,
BIKE_02605,R 1200 Gs
BIKE_02606,1199 Panigale
BIKE_02607,Vs 125
BIKE_02608,Vs 125
BIKE_02609,Vs 125
BIKE_02610,Fat Bob
BIKE_02611,Fjr 1300
BIKE_02612,R 1200 Rt
BIKE_02613,Gsx-R 600
BIKE_02614,Panigale V4
BIKE_02615,R 1200 Gs
BIKE_02616,790 Adventure
BIKE_02617,Z 650
BIKE_02618,R 1200 Gs Lc
BIKE_02619,Medley 125
BIKE_02620,S 1000 Xr
BIKE_02621,Fat Boy
BIKE_02622,Ranger
BIKE_02623,Am Outlander
BIKE_02624,Am Spyder Rs
BIKE_02625,Liberty 125
BIKE_02626,Z 1000
BIKE_02627,Xciting 400I
BIKE_02628,Z 900
BIKE_02629,Symply 50
BIKE_02630,Symply 50
BIKE_02631,Symply 50
BIKE_02632,S 1000 Rr
BIKE_02633,Gsr 750
BIKE_02634,Msx 125
BIKE_02635,Z1000 Sx
BIKE_02636,S 1000 Xr
BIKE_02637,X-Max 400
BIKE_02638,Zero Sr
BIKE_02639,Rocket Iii Roadster
BIKE_02640,R 1250 Gs
BIKE_02641,V-Strom 1000
BIKE_02642,Softail
BIKE_02643,F 850 Gs
BIKE_02644,F 800 Gt
BIKE_02645,Moto Cforce 625
BIKE_02646,K 1600 B
BIKE_02647,K 1600 B
BIKE_02648,K 1600 B
BIKE_02649,Enfield Continental Gt
BIKE_02650,Scarabeo
BIKE_02651,R Ninet
BIKE_02652,Crf 100
BIKE_02653,Beverly 400
BIKE_02654,Guzzi California
BIKE_02655,Custom Bike
BIKE_02656,Night Rod
BIKE_02657,Xrv 750
BIKE_02658,Mt-09
BIKE_02659,R 1250 Rt
BIKE_02660,Sportster
BIKE_02661,Cb 650
BIKE_02662,Mt-09
BIKE_02663,
BIKE_02664,
BIKE_02665,V-Strom 650
BIKE_02666,Yzf-R1
BIKE_02667,Xciting 300I
BIKE_02668,Guzzi V 7
BIKE_02669,Custom Bike
BIKE_02670,Multistrada 950
BIKE_02671,Multistrada 950
BIKE_02672,Multistrada 950
BIKE_02673,Tmax 530
BIKE_02674,Cb 1000
BIKE_02675,V-Rod
BIKE_02676,Vision 110
BIKE_02677,
BIKE_02678,Z 650
BIKE_02679,Agility 200
BIKE_02680,Versys 650
BIKE_02681,Cb 900
BIKE_02682,Guzzi Ercole
BIKE_02683,Guzzi Ercole
BIKE_02684,Guzzi Ercole
BIKE_02685,Ybr 125
BIKE_02686,Sportster
BIKE_02687,Agusta Turismo Veloce 800
BIKE_02688,Fireblade
BIKE_02689,Wolf Sb 250 Ni
BIKE_02690,Wolf Sb 250 Ni
BIKE_02691,Wolf Sb 250 Ni
BIKE_02692,Thruxton
BIKE_02693,Multistrada 950
BIKE_02694,Multistrada 950
BIKE_02695,Multistrada 950
BIKE_02696,
BIKE_02697,Road King
BIKE_02698,Orbit Ii
BIKE_02699,Multistrada 1200
BIKE_02700,Agility 125
BIKE_02701,Revival Scooter
BIKE_02702,
BIKE_02703,
BIKE_02704,Gsx-R 1000
BIKE_02705,Bx 125
BIKE_02706,Zero Sr
BIKE_02707,Z 900
BIKE_02708,Dyna Street Bob
BIKE_02709,
BIKE_02710,Xdiavel
BIKE_02711,R 100
BIKE_02712,Mp3 500
BIKE_02713,K 1200 Lt
BIKE_02714,K 1200 Lt
BIKE_02715,K 1200 Lt
BIKE_02716,R 1200 Rt
BIKE_02717,Mt-10
BIKE_02718,Road King
BIKE_02719,Sportster Forty Eight
BIKE_02720,Tracer 900
BIKE_02721,Dyna Street Bob
BIKE_02722,Dyna Street Bob
BIKE_02723,Ninja Zx-10R
BIKE_02724,Downtown 125I
BIKE_02725,Sprint Gt
BIKE_02726,Agusta Brutale 800
BIKE_02727,Guzzi
BIKE_02728,Thunderbird Commander
BIKE_02729,R 1250 Gs
BIKE_02730,Tracer 900
BIKE_02731,Mambo 125
BIKE_02732,790 Adventure
BIKE_02733,Jet 50
BIKE_02734,R Ninet
BIKE_02735,Z 650
BIKE_02736,848
BIKE_02737,848
BIKE_02738,848
BIKE_02739,
BIKE_02740,1190 Adventure
BIKE_02741,Orbit Ii
BIKE_02742,Bonneville Se
BIKE_02743,Niken
BIKE_02744,Enfield
BIKE_02745,450 Exc
BIKE_02746,Aquila 125
BIKE_02747,
BIKE_02748,X-Max 250
BIKE_02749,Vulcan S
BIKE_02750,Liberty 125
BIKE_02751,Sh 150
BIKE_02752,Mt-07
BIKE_02753,R 1200 Rt
BIKE_02754,Guzzi Airone
BIKE_02755,Agusta Stradale 800
BIKE_02756,Gsr 750
BIKE_02757,Bonneville T120
BIKE_02758,Sh 150
BIKE_02759,
BIKE_02760,People One
BIKE_02761,Vf 750
BIKE_02762,Yzf-R125
BIKE_02763,Iron 883
BIKE_02764,Versys 650
BIKE_02765,Yzf-R6
BIKE_02766,
BIKE_02767,Agility 50
BIKE_02768,Softail
BIKE_02769,1290 Super Duke Gt
BIKE_02770,Hypermotard 1100
BIKE_02771,Cbr 250
BIKE_02772,Cbr 250
BIKE_02773,Cbr 250
BIKE_02774,Gsx-S 1000
BIKE_02775,Z 900
BIKE_02776,Lt-Z 400
BIKE_02777,Lt-Z 400
BIKE_02778,Lt-Z 400
BIKE_02779,Mt-07
BIKE_02780,Cb 1000
BIKE_02781,Bonneville T100
BIKE_02782,Varadero
BIKE_02783,Varadero
BIKE_02784,Varadero
BIKE_02785,900 Z1
BIKE_02786,900 Z1
BIKE_02787,900 Z1
BIKE_02788,Rs 660
BIKE_02789,Sportster 1200
BIKE_02790,Xsr 700
BIKE_02791,Katana 1000
BIKE_02792,Katana 1000
BIKE_02793,Katana 1000
BIKE_02794,C 400 Gt
BIKE_02795,Hps 300I
BIKE_02796,990 Super Duke
BIKE_02797,Moto Zforce 1000
BIKE_02798,Moto Zforce 1000
BIKE_02799,Moto Zforce 1000
BIKE_02800,Iron 1200
BIKE_02801,Fz 1
BIKE_02802,Ninja 1000Sx
BIKE_02803,Tuono
BIKE_02804,Tracer 700
BIKE_02805,R Ninet
BIKE_02806,Streetfighter
BIKE_02807,F 800 Gt
BIKE_02808,Cmx 500
BIKE_02809,
BIKE_02810,Tmax 530
BIKE_02811,Fz 8
BIKE_02812,R 1250 Gs
BIKE_02813,Memory
BIKE_02814,Scrambler
BIKE_02815,Heritage
BIKE_02816,F 700 Gs
BIKE_02817,
BIKE_02818,K 1600
BIKE_02819,Sportster
BIKE_02820,Dyna Street Bob
BIKE_02821,Sfera
BIKE_02822,Cb 1100
BIKE_02823,S 1000 Xr
BIKE_02824,Agusta F3
BIKE_02825,R 1250 Rt
BIKE_02826,Crf 1000
BIKE_02827,Yzf-R1
BIKE_02828,Night Rod
BIKE_02829,Am Maverick
BIKE_02830,
BIKE_02831,Scarabeo
BIKE_02832,R 1200 Rs
BIKE_02833,Iron 1200
BIKE_02834,F 800 R
BIKE_02835,Rc 125
BIKE_02836,C 400 Gt
BIKE_02837,Xenter 150
BIKE_02838,Xenter 150
BIKE_02839,Xenter 150
BIKE_02840,690 Duke
BIKE_02841,Tmax 530
BIKE_02842,50 Sx
BIKE_02843,790 Adventure
BIKE_02844,790 Adventure
BIKE_02845,Scrambler
BIKE_02846,Fz 8
BIKE_02847,Guzzi
BIKE_02848,1290 Super Adventure
BIKE_02849,Trophy
BIKE_02850,Cat 1000
BIKE_02851,Agusta F4 1000 R 312
BIKE_02852,Agusta F4 1000 R 312
BIKE_02853,Agusta F4 1000 R 312
BIKE_02854,Cbf 1000
BIKE_02855,R 1200 Gs Adventure
BIKE_02856,Guzzi V 7
BIKE_02857,
BIKE_02858,Z 1000
BIKE_02859,
BIKE_02860,Gsx 750
BIKE_02861,Street Glide
BIKE_02862,S 1000 R
BIKE_02863,Cat 700
BIKE_02864,Am Maverick
BIKE_02865,R 1200 Gs
BIKE_02866,J300
BIKE_02867,Moto Code 125
BIKE_02868,Sportster 883
BIKE_02869,3.0
BIKE_02870,Guzzi Griso 1200
BIKE_02871,959 Panigale
BIKE_02872,Road King
BIKE_02873,Medley 150
BIKE_02874,R 1250 Gs
BIKE_02875,A 65
BIKE_02876,A 65
BIKE_02877,A 65
BIKE_02878,Softail
BIKE_02879,Primavera
BIKE_02880,Crf 1000
BIKE_02881,Wl 750 Flathead
BIKE_02882,Wl 750 Flathead
BIKE_02883,Wl 750 Flathead
BIKE_02884,Aeon Cobra
BIKE_02885,Sh 125
BIKE_02886,500 Exc
BIKE_02887,500 Exc
BIKE_02888,500 Exc
BIKE_02889,K 1200 S
BIKE_02890,K 1200 S
BIKE_02891,K 1200 S
BIKE_02892,790 Adventure
BIKE_02893,
BIKE_02894,R 1250 Rt
BIKE_02895,Burgman 400
BIKE_02896,C 650 Gt
BIKE_02897,
BIKE_02898,Z 400
BIKE_02899,Z 400
BIKE_02900,Z 400
BIKE_02901,Cb 1100
BIKE_02902,K 1600 Gtl
BIKE_02903,Hypermotard 950
BIKE_02904,
BIKE_02905,Agusta F4 1000
BIKE_02906,Sr 50
BIKE_02907,Super 8
BIKE_02908,Cb 650
BIKE_02909,X-Max 400
BIKE_02910,F 800 R
BIKE_02911,Zzr 1400
BIKE_02912,X-Adv
BIKE_02913,Fz 1
BIKE_02914,X-Max 250
BIKE_02915,Roadmaster
BIKE_02916,S 1000 Rr
BIKE_02917,Softail
BIKE_02918,R 1200 Gs
BIKE_02919,N1S
BIKE_02920,Am Ryker
BIKE_02921,Am Ryker
BIKE_02922,Am Ryker
BIKE_02923,R 1200 Gs Lc
BIKE_02924,F 850 Gs
BIKE_02925,Vs 1400
BIKE_02926,Electra Glide
BIKE_02927,Joymax 250
BIKE_02928,
BIKE_02929,Crf 1000
BIKE_02930,S 1000 Rr
BIKE_02931,America Lt
BIKE_02932,R 1200 Gs
BIKE_02933,Versys 1000
BIKE_02934,1199 Panigale
BIKE_02935,Yzf-R1
BIKE_02936,390 Adventure
BIKE_02937,390 Adventure
BIKE_02938,390 Adventure
BIKE_02939,Superlight
BIKE_02940,Am 800 Renegade
BIKE_02941,Am 800 Renegade
BIKE_02942,Am 800 Renegade
BIKE_02943,R 1250 Gs
BIKE_02944,R 1200 Gs Adventure
BIKE_02945,Gsx-R 125
BIKE_02946,C 400 Gt
BIKE_02947,F 850 Gs
BIKE_02948,F 800 St
BIKE_02949,Xsr 700
BIKE_02950,Rf1
BIKE_02951,Multistrada 950
BIKE_02952,Multistrada 950
BIKE_02953,Multistrada 950
BIKE_02954,Aerox
BIKE_02955,Tmax 530
BIKE_02956,S 1000 Rr
BIKE_02957,Multistrada 950
BIKE_02958,Multistrada 950
BIKE_02959,Multistrada 950
BIKE_02960,X-Max 400
BIKE_02961,Am Maverick
BIKE_02962,Fjr 1300
BIKE_02963,Bs 300
BIKE_02964,Cb 1100
BIKE_02965,Px 150
BIKE_02966,Yzf-R1
BIKE_02967,Guzzi V 7
BIKE_02968,Tiger 1200
BIKE_02969,
BIKE_02970,Guzzi V 65
BIKE_02971,R 1200 Gs Adventure
BIKE_02972,S 1000 Rr
BIKE_02973,Agusta Brutale 800
BIKE_02974,Bonneville T120
BIKE_02975,S 1000 Xr
BIKE_02976,Gl 1800
BIKE_02977,S 1000 Xr
BIKE_02978,Multistrada 1200
BIKE_02979,X-Max 125
BIKE_02980,Es1
BIKE_02981,Bonneville T100
BIKE_02982,F 850 Gs
BIKE_02983,R 1200 Gs Lc
BIKE_02984,Cb 1000
BIKE_02985,Agusta Brutale
BIKE_02986,Crf 1000
BIKE_02987,
BIKE_02988,S 1000 Rr
BIKE_02989,Senda
BIKE_02990,Dyna Street Bob
BIKE_02991,Z 1000
BIKE_02992,Tracer 900
BIKE_02993,Cb 1100
BIKE_02994,Tmax 530
BIKE_02995,X-Max 250
BIKE_02996,Ak 550
BIKE_02997,R 1250 Rt
BIKE_02998,Mt-09
BIKE_02999,R 1200 Gs Adventure
BIKE_03000,R 1250 R
BIKE_03001,Softail Slim
BIKE_03002,R Ninet
BIKE_03003,S 1000 Xr
BIKE_03004,R 1200 Gs Lc
BIKE_03005,Tr Troll 1
BIKE_03006,F 650 Gs
BIKE_03007,Vlr 1800
BIKE_03008,R 1250 Gs
BIKE_03009,Moto Classic S 125I
BIKE_03010,Tmax Sx
BIKE_03011,
BIKE_03012,
BIKE_03013,Heritage Softail
BIKE_03014,Cb 350
BIKE_03015,F 800
BIKE_03016,R 1200 R
BIKE_03017,R 1250 Gs
BIKE_03018,R 100/7
BIKE_03019,Guzzi V 7
BIKE_03020,
BIKE_03021,F 800 Gs
BIKE_03022,Vulcan S
BIKE_03023,50 N
BIKE_03024,50 N
BIKE_03025,50 N
BIKE_03026,
BIKE_03027,R Ninet
BIKE_03028,
BIKE_03029,Crf 1000
BIKE_03030,Ak 550
BIKE_03031,Monster 1200
BIKE_03032,R 1200 Gs
BIKE_03033,Rsv4
BIKE_03034,S 1000 R
BIKE_03035,Motorcycles Sq4
BIKE_03036,Street Glide
BIKE_03037,R Ninet
BIKE_03038,Xtz 1200
BIKE_03039,Rocket Tfc
BIKE_03040,Nc 750
BIKE_03041,Speed Triple 1050
BIKE_03042,
BIKE_03043,Am Spyder Rt
BIKE_03044,Fat Boy
BIKE_03045,F 700 Gs
BIKE_03046,Gsx-S 750
BIKE_03047,R 1250 Gs Adventure
BIKE_03048,Rc 125
BIKE_03049,Gladius 650
BIKE_03050,Agusta Brutale 990
BIKE_03051,Agusta Brutale 990
BIKE_03052,Agusta Brutale 990
BIKE_03053,Cbr 650
BIKE_03054,Guzzi V 7
BIKE_03055,Dyna Low Rider
BIKE_03056,
BIKE_03057,Tracer 900
BIKE_03058,Monster 821
BIKE_03059,Multistrada 1200
BIKE_03060,Xt 1200
BIKE_03061,R 1250 Rs
BIKE_03062,X-Max 250
BIKE_03063,Multistrada 1200
BIKE_03064,
BIKE_03065,R Ninet
BIKE_03066,Caballero 50
BIKE_03067,Paul Smart 1000
BIKE_03068,Cb 650
BIKE_03069,Multistrada 1260
BIKE_03070,Gsx 1250
BIKE_03071,Vfr 1200
BIKE_03072,Electra Glide
BIKE_03073,Gsx 750
BIKE_03074,Speed Triple 1050
BIKE_03075,1290 Super Adventure
BIKE_03076,Zip 50
BIKE_03077,Resident 250
BIKE_03078,Z 800
BIKE_03079,Tiger 1200
BIKE_03080,Fiddle 50
BIKE_03081,8-Ball
BIKE_03082,1199 Panigale
BIKE_03083,Softail
BIKE_03084,Agusta Brutale 990
BIKE_03085,Agusta Brutale 990
BIKE_03086,Agusta Brutale 990
BIKE_03087,C Evolution
BIKE_03088,Thruxton
BIKE_03089,Like 150
BIKE_03090,Softail
BIKE_03091,Crf 1000
BIKE_03092,Guzzi Stelvio 1200
BIKE_03093,R 1200 Rt
BIKE_03094,Dyna Street Bob
BIKE_03095,Crf 1000
BIKE_03096,Agusta F3
BIKE_03097,Sh 150
BIKE_03098,R 1200 Rs
BIKE_03099,1190 Adventure
BIKE_03100,Multistrada 1100
BIKE_03101,R Ninet
BIKE_03102,K 1600 Gtl
BIKE_03103,Electra Glide
BIKE_03104,Rsv4
BIKE_03105,Tmax 530
BIKE_03106,Night Rod
BIKE_03107,C 650 Gt
BIKE_03108,R 1250 Gs
BIKE_03109,F 750 Gs
BIKE_03110,Tiger 1200
BIKE_03111,Tmax 530
BIKE_03112,Vfr 800
BIKE_03113,N1S
BIKE_03114,888
BIKE_03115,Nr 750
BIKE_03116,Xl 1200
BIKE_03117,Rocker C
BIKE_03118,Yzf-R1
BIKE_03119,
BIKE_03120,M 1800 R
BIKE_03121,M 1800 R
BIKE_03122,M 1800 R
BIKE_03123,
BIKE_03124,Primavera 50
BIKE_03125,Gsx-R 1000
BIKE_03126,Moto Cforce 625
BIKE_03127,Dorsoduro
BIKE_03128,Gts 125
BIKE_03129,R 1200 Gs
BIKE_03130,Heritage Softail
BIKE_03131,
BIKE_03132,S 1000 R
BIKE_03133,Tiger 800
BIKE_03134,R Ninet
BIKE_03135,Rs 50
BIKE_03136,Rs 50
BIKE_03137,Rs 50
BIKE_03138,Bullet 50
BIKE_03139,Rocket Iii Roadster
BIKE_03140,Db 200
BIKE_03141,Hypermotard 939
BIKE_03142,Multistrada 1200
BIKE_03143,Yzf-R1
BIKE_03144,C Evolution
BIKE_03145,Tmax Sx
BIKE_03146,Z 900
BIKE_03147,Primavera 50
BIKE_03148,Z 900
BIKE_03149,Z 900
BIKE_03150,F 800 Gs
BIKE_03151,F 750 Gs
BIKE_03152,Yz 125
BIKE_03153,Dice
BIKE_03154,Tracer 900
BIKE_03155,Moto Terralander
BIKE_03156,Moto Terralander
BIKE_03157,Moto Terralander
BIKE_03158,Vfr 1200
BIKE_03159,Gsx-S 1000
BIKE_03160,Hypermotard 939
BIKE_03161,Xjr 1300
BIKE_03162,Moto Cforce 850
BIKE_03163,996
BIKE_03164,959 Panigale
BIKE_03165,S 1000 Rr
BIKE_03166,Primavera 50
BIKE_03167,R 1250 Rt
BIKE_03168,Mrt 50
BIKE_03169,Agility 50
BIKE_03170,Vulcan S
BIKE_03171,Tiger 1200
BIKE_03172,Sportster Forty Eight
BIKE_03173,R Ninet
BIKE_03174,Scrambler
BIKE_03175,690 Smc
BIKE_03176,690 Smc
BIKE_03177,690 Smc
BIKE_03178,Guzzi California 1400
BIKE_03179,1090 Adventure
BIKE_03180,1090 Adventure
BIKE_03181,1090 Adventure
BIKE_03182,Night Train
BIKE_03183,R 1200 Rt
BIKE_03184,Softail
BIKE_03185,Tracer 900
BIKE_03186,Fat Bob
BIKE_03187,Dyna Street Bob
BIKE_03188,Road King
BIKE_03189,Softail
BIKE_03190,People Gt300I
BIKE_03191,Softail
BIKE_03192,Cb 1000
BIKE_03193,Nc 750
BIKE_03194,X-Max 125
BIKE_03195,R 1200 Gs Lc
BIKE_03196,Tmax 560
BIKE_03197,Cbr 650
BIKE_03198,
BIKE_03199,Mp3 500
BIKE_03200,Diavel
BIKE_03201,Gsx-R 750
BIKE_03202,
BIKE_03203,S 1000 Xr
BIKE_03204,Joyride 200
BIKE_03205,Joyride 200
BIKE_03206,Joyride 200
BIKE_03207,Street Glide
BIKE_03208,V-Strom 1000
BIKE_03209,Rs 50
BIKE_03210,Rs 50
BIKE_03211,Rs 50
BIKE_03212,F 700 Gs
BIKE_03213,Cb 750 Four
BIKE_03214,
BIKE_03215,Dyna Low Rider
BIKE_03216,1290 Super Duke R
BIKE_03217,F 900 Xr
BIKE_03218,Z 750
BIKE_03219,Street Triple R
BIKE_03220,
BIKE_03221,Ape
BIKE_03222,Moto Cforce 850
BIKE_03223,King Quad
BIKE_03224,
BIKE_03225,R 1200 Gs Lc
BIKE_03226,Am Spyder F3-S
BIKE_03227,C 650
BIKE_03228,Burgman 650
BIKE_03229,Hammer 8-Ball
BIKE_03230,Monster 1100
BIKE_03231,Multistrada 1200
BIKE_03232,Thruxton
BIKE_03233,Nrg Power
BIKE_03234,Nrg Power
BIKE_03235,Nrg Power
BIKE_03236,S 1000 R
BIKE_03237,Rocket Iii Touring
BIKE_03238,
BIKE_03239,Super Dink 125
BIKE_03240,People Gti
BIKE_03241,People Gti
BIKE_03242,People Gti
BIKE_03243,Tmax 500
BIKE_03244,R 1200 Rt
BIKE_03245,Nc 750
BIKE_03246,Softail
BIKE_03247,Vt 1100
BIKE_03248,Softail
BIKE_03249,Speed Triple R
BIKE_03250,Sw-T 400
BIKE_03251,X-Adv
BIKE_03252,Multistrada 1260
BIKE_03253,351 Osl
BIKE_03254,1290 Super Adventure
BIKE_03255,Dyna Super Glide
BIKE_03256,R 1
BIKE_03257,790 Duke
BIKE_03258,Gmx 450
BIKE_03259,1098
BIKE_03260,1098
BIKE_03261,1098
BIKE_03262,Vn 900
BIKE_03263,Supersport
BIKE_03264,X-Adv
BIKE_03265,R 1200 R
BIKE_03266,R 1200 Gs
BIKE_03267,Diavel
BIKE_03268,
BIKE_03269,Ninja 1000Sx
BIKE_03270,R 100 Gs Paris-Dakar
BIKE_03271,Moto Cforce 800
BIKE_03272,R 80 R
BIKE_03273,R 80 R
BIKE_03274,R 80 R
BIKE_03275,Rx 50
BIKE_03276,Rx 50
BIKE_03277,Rx 50
BIKE_03278,Multistrada 1200
BIKE_03279,Liberty 125
BIKE_03280,Tracer 700
BIKE_03281,Crf 250
BIKE_03282,Mt-09
BIKE_03283,Cbr 600
BIKE_03284,Gpz 600
BIKE_03285,Vn 1600
BIKE_03286,Vn 1600
BIKE_03287,Vn 1600
BIKE_03288,Cbr 1000
BIKE_03289,Gsx-S 750
BIKE_03290,Mt-09
BIKE_03291,Electra Glide
BIKE_03292,Z1000 Sx
BIKE_03293,Crf 1000
BIKE_03294,Yzf-R1
BIKE_03295,X-Max 250
BIKE_03296,Moto
BIKE_03297,
BIKE_03298,R 1200 Gs Lc
BIKE_03299,Speed Triple R
BIKE_03300,Fat Boy
BIKE_03301,1290 Super Duke Gt
BIKE_03302,V-Strom 1000
BIKE_03303,
BIKE_03304,R 1200 Gs
BIKE_03305,Cbr 1000
BIKE_03306,100 Cc
BIKE_03307,S 1000 Xr
BIKE_03308,
BIKE_03309,Tiger Explorer
BIKE_03310,Multistrada 1260
BIKE_03311,R 1200 Rt
BIKE_03312,350 Rs
BIKE_03313,R 1200 Gs Adventure
BIKE_03314,Hypermotard 1100
BIKE_03315,Sportster 1000
BIKE_03316,Gts 300
BIKE_03317,
BIKE_03318,Z 900
BIKE_03319,X-Max 400
BIKE_03320,Bonneville T120
BIKE_03321,Bonneville Se
BIKE_03322,Cbr 1000
BIKE_03323,Fat Bob
BIKE_03324,Thunderbird Storm
BIKE_03325,Thunderbird Storm
BIKE_03326,Thunderbird Storm
BIKE_03327,Vl 800
BIKE_03328,Street Glide
BIKE_03329,Agusta Brutale 675
BIKE_03330,Tiger 800
BIKE_03331,
BIKE_03332,R 75/5
BIKE_03333,Dyna Low Rider
BIKE_03334,K 1600 Gt
BIKE_03335,
BIKE_03336,Tiger 800
BIKE_03337,Tmax 560
BIKE_03338,Tnt 125
BIKE_03339,Tnt 125
BIKE_03340,Tnt 125
BIKE_03341,Guzzi V 7
BIKE_03342,851
BIKE_03343,851
BIKE_03344,851
BIKE_03345,
BIKE_03346,Z1000 Sx
BIKE_03347,Road King
BIKE_03348,Yzf-R6
BIKE_03349,Xt 1200
BIKE_03350,Tiger Explorer
BIKE_03351,
BIKE_03352,W 800
BIKE_03353,1190 Adventure
BIKE_03354,Guzzi Falcone
BIKE_03355,
BIKE_03356,
BIKE_03357,Versys 1000
BIKE_03358,R 1200 R
BIKE_03359,Dyna Wide Glide
BIKE_03360,Downtown 200I
BIKE_03361,Downtown 200I
BIKE_03362,Downtown 200I
BIKE_03363,Mt-07
BIKE_03364,Vrsc V-Rod
BIKE_03365,
BIKE_03366,R 1200 Rt
BIKE_03367,Speed Triple 1050
BIKE_03368,752 S
BIKE_03369,Xl 883
BIKE_03370,Mt-09
BIKE_03371,Guzzi Mgs-01
BIKE_03372,Trike Highway
BIKE_03373,Thunderbird Sport
BIKE_03374,Streetfighter
BIKE_03375,Cityblade
BIKE_03376,Cityblade
BIKE_03377,Cityblade
BIKE_03378,Super 8
BIKE_03379,Iron 883
BIKE_03380,Sportster 883
BIKE_03381,Sportster Xl 883
BIKE_03382,Gsx-S 1000
BIKE_03383,S 1000 Xr
BIKE_03384,Ninja Zx-10R
BIKE_03385,R 69
BIKE_03386,Low Rider
BIKE_03387,Ninja 650
BIKE_03388,Agusta Dragster
BIKE_03389,R Ninet
BIKE_03390,Bonneville T120
BIKE_03391,Mt-10
BIKE_03392,F 800 St
BIKE_03393,K 1300 R
BIKE_03394,F 900 R
BIKE_03395,899 Panigale
BIKE_03396,899 Panigale
BIKE_03397,899 Panigale
BIKE_03398,
BIKE_03399,Tmax Dx
BIKE_03400,Gtr 1400
BIKE_03401,Tracer 900
BIKE_03402,C 650
BIKE_03403,Multistrada 1200
BIKE_03404,Sv 650
BIKE_03405,
BIKE_03406,X-Adv
BIKE_03407,Street Triple 675
BIKE_03408,Dyna Super Glide
BIKE_03409,V-Rod
BIKE_03410,R 1200 Rt
BIKE_03411,Mt-10
BIKE_03412,Café Racer
BIKE_03413,Cb 1000
BIKE_03414,Tracer 900
BIKE_03415,S 1000 Xr
BIKE_03416,Multistrada 1200
BIKE_03417,R 1200 Rt
BIKE_03418,Custom Bike
BIKE_03419,Yzf-R7
BIKE_03420,X-Max 400
BIKE_03421,R 1200 Rt
BIKE_03422,
BIKE_03423,Vzr 1800
BIKE_03424,R Ninet
BIKE_03425,Zzr 1400
BIKE_03426,R 1200 Gs
BIKE_03427,Softail Slim
BIKE_03428,R 80
BIKE_03429,Bonneville T120
BIKE_03430,R 1200 Rt
BIKE_03431,Mxu 700
BIKE_03432,Vt 750
BIKE_03433,Tuono
BIKE_03434,Gsx-S 750
BIKE_03435,Panigale V4
BIKE_03436,R 1200
BIKE_03437,
BIKE_03438,R 1250 R
BIKE_03439,
BIKE_03440,Sv 650
BIKE_03441,Sportster Xl 883
BIKE_03442,Versys 650
BIKE_03443,Enfield Continental Gt
BIKE_03444,Rr 300
BIKE_03445,R Ninet
BIKE_03446,Springfield
BIKE_03447,R 1200 R
BIKE_03448,Diavel
BIKE_03449,Monster 1200
BIKE_03450,Thruxton
BIKE_03451,Cb 1100
BIKE_03452,Smr 300 2T
BIKE_03453,S 1000 R
BIKE_03454,F 900 R
BIKE_03455,
BIKE_03456,Rocket X
BIKE_03457,Rocket X
BIKE_03458,Rocket X
BIKE_03459,Night Rod
BIKE_03460,R 1200 Gs
BIKE_03461,Softail
BIKE_03462,Rocket Iii Roadster
BIKE_03463,Fat Boy
BIKE_03464,Fat Boy
BIKE_03465,
BIKE_03466,Agusta F4 1000
BIKE_03467,1190 Adventure
BIKE_03468,Sportster Forty Eight
BIKE_03469,Varadero
BIKE_03470,Varadero
BIKE_03471,Varadero
BIKE_03472,Agusta Brutale 1090
BIKE_03473,Super Glide
BIKE_03474,R Ninet
BIKE_03475,Crf 1100
BIKE_03476,Gl 1800
BIKE_03477,Xl 1000
BIKE_03478,Scrambler
BIKE_03479,K 1600 Gt
BIKE_03480,R 1200 Gs Lc
BIKE_03481,Street Triple 675
BIKE_03482,1290 Super Adventure
BIKE_03483,Aerox
BIKE_03484,
BIKE_03485,Sh 150
BIKE_03486,Vfr 1200
BIKE_03487,Pcx 150
BIKE_03488,Pcx 150
BIKE_03489,Pcx 150
BIKE_03490,R 50
BIKE_03491,Quannon 125
BIKE_03492,Crf 1100
BIKE_03493,Fat Boy
BIKE_03494,Crosstourer
BIKE_03495,Tapo Rs
BIKE_03496,Monster 821
BIKE_03497,Gsx-S 750
BIKE_03498,Am Ryker
BIKE_03499,Am Ryker
BIKE_03500,Am Ryker
BIKE_03501,Bn 125
BIKE_03502,Bn 125
BIKE_03503,Bn 125
BIKE_03504,Yzf-R6
BIKE_03505,Fjr 1300
BIKE_03506,Guzzi V 65
BIKE_03507,Superior
BIKE_03508,Fat Boy
BIKE_03509,Ctx 700
BIKE_03510,Z 900
BIKE_03511,Sport Glide
BIKE_03512,Tmax 530
BIKE_03513,Street Rod
BIKE_03514,Street Rod
BIKE_03515,Street Rod
BIKE_03516,R 1200 R
BIKE_03517,S 1000 Rr
BIKE_03518,Bonneville T120
BIKE_03519,R 1200 Gs
BIKE_03520,S 1000 Xr
BIKE_03521,R 1200
BIKE_03522,R 1200 C
BIKE_03523,R Ninet
BIKE_03524,S 1000 Rr
BIKE_03525,R 25
BIKE_03526,S 1000 Xr
BIKE_03527,701 Supermoto
BIKE_03528,R 1200 Gs
BIKE_03529,Road King
BIKE_03530,R 80 R
BIKE_03531,R 80 R
BIKE_03532,R 80 R
BIKE_03533,R Ninet
BIKE_03534,Tmax Dx
BIKE_03535,Yzf-R6
BIKE_03536,Tiger 800
BIKE_03537,Tri Glide
BIKE_03538,Tri Glide
BIKE_03539,Tri Glide
BIKE_03540,Wr 450
BIKE_03541,
BIKE_03542,Tmax 530
BIKE_03543,Crf 1100
BIKE_03544,
BIKE_03545,
BIKE_03546,F 900 R
BIKE_03547,Ks 125 Sport
BIKE_03548,Ks 125 Sport
BIKE_03549,Ks 125 Sport
BIKE_03550,S 1000 Xr
BIKE_03551,Fiddle 50
BIKE_03552,Sportsman 570
BIKE_03553,Moto Uforce 800
BIKE_03554,Rocket X
BIKE_03555,Rocket X
BIKE_03556,Rocket X
BIKE_03557,S 1000 R
BIKE_03558,Street Twin
BIKE_03559,Softail
BIKE_03560,Thruxton
BIKE_03561,Multistrada 1200
BIKE_03562,Xl 1200
BIKE_03563,Primavera
BIKE_03564,Diavel
BIKE_03565,Enfield Interceptor
BIKE_03566,F 800 Gt
BIKE_03567,Derapage
BIKE_03568,Tracer 900
BIKE_03569,
BIKE_03570,City Bike/Mosquito
BIKE_03571,
BIKE_03572,Cb 650
BIKE_03573,Ninja 650
BIKE_03574,Xdiavel
BIKE_03575,R 1200 Gs Lc
BIKE_03576,Mt-09
BIKE_03577,C 400 X
BIKE_03578,Guzzi V 7
BIKE_03579,1290 Super Duke R
BIKE_03580,R 1200 Gs Adventure
BIKE_03581,Ninja Zx-6R
BIKE_03582,R 1200 Rt
BIKE_03583,Speed Triple 1050
BIKE_03584,Tiger 900
BIKE_03585,Z 900
BIKE_03586,K 1600
BIKE_03587,Xvs 950
BIKE_03588,Liberty 150
BIKE_03589,Custom Bike
BIKE_03590,Yzf-R1
BIKE_03591,
BIKE_03592,Cbx 500
BIKE_03593,Ténéré 700
BIKE_03594,Chief
BIKE_03595,Bonneville T120
BIKE_03596,K 1300 S
BIKE_03597,R 1150 Gs Adventure
BIKE_03598,F 800 Gs Adventure
BIKE_03599,S 1000 R
BIKE_03600,R 1200 Gs Lc
BIKE_03601,Fat Boy
BIKE_03602,R 1200 Gs
BIKE_03603,Morini Corsaro 1200
BIKE_03604,1290 Super Adventure
BIKE_03605,R 1200 Gs Lc
BIKE_03606,Crossrunner
BIKE_03607,Fjr 1300
BIKE_03608,C 650
BIKE_03609,Niken
BIKE_03610,R 1200 Rt
BIKE_03611,Vt 750
BIKE_03612,Nmax
BIKE_03613,Cb 650
BIKE_03614,Forza 125
BIKE_03615,C 650
BIKE_03616,Road King
BIKE_03617,R 1200 Gs Adventure
BIKE_03618,Streetfighter
BIKE_03619,Agusta Brutale 800
BIKE_03620,Gsr 750
BIKE_03621,Tiger 800
BIKE_03622,Am Spyder F3-S
BIKE_03623,690 Smc
BIKE_03624,690 Smc
BIKE_03625,690 Smc
BIKE_03626,Z 800
BIKE_03627,F 800 Gs
BIKE_03628,Road King
BIKE_03629,Chieftain
BIKE_03630,Versys 650
BIKE_03631,Jet 14
BIKE_03632,Bad Boy
BIKE_03633,Bad Boy
BIKE_03634,Bad Boy
BIKE_03635,R 1200 Rt
BIKE_03636,Xv 950
BIKE_03637,Bonneville T214
BIKE_03638,Diavel
BIKE_03639,Rocket Iii Roadster
BIKE_03640,R 1200 Gs Adventure
BIKE_03641,Lx 50
BIKE_03642,R 1200 Rt
BIKE_03643,R 45
BIKE_03644,Crf 1100
BIKE_03645,
BIKE_03646,
BIKE_03647,Sport Glide
BIKE_03648,Sportster 883
BIKE_03649,K 1600 Gt
BIKE_03650,790 Duke
BIKE_03651,R 1200 R
BIKE_03652,D'Elight
BIKE_03653,K 1600 Gt
BIKE_03654,V-Strom 650
BIKE_03655,Vtr 1000
BIKE_03656,Vtr 1000
BIKE_03657,Vtr 1000
BIKE_03658,Tmax Sx
BIKE_03659,Xl 1200
BIKE_03660,R 1250 Rt
BIKE_03661,Dorsoduro
BIKE_03662,Scrambler
BIKE_03663,Vision 110
BIKE_03664,690 Smc
BIKE_03665,690 Smc
BIKE_03666,690 Smc
BIKE_03667,C 400 X
BIKE_03668,Heritage
BIKE_03669,Softail
BIKE_03670,F 800 Gs
BIKE_03671,Multistrada 1200
BIKE_03672,Guzzi
BIKE_03673,V-Strom 650
BIKE_03674,500 H1
BIKE_03675,F 700 Gs
BIKE_03676,X-Max 400
BIKE_03677,Skycruiser
BIKE_03678,Hypermotard 796
BIKE_03679,Hypermotard 796
BIKE_03680,Hypermotard 796
BIKE_03681,Cb 1000
BIKE_03682,X-Max 300
BIKE_03683,Vlr 1800
BIKE_03684,Am Renegade
BIKE_03685,Am Renegade
BIKE_03686,Am Renegade
BIKE_03687,R 1250 R
BIKE_03688,R Ninet
BIKE_03689,R 1250 Gs Adventure
BIKE_03690,Multistrada 1260
BIKE_03691,Vulcan S
BIKE_03692,Monster 1200
BIKE_03693,Nexus 125
BIKE_03694,F 900 R
BIKE_03695,F 800 R
BIKE_03696,Nc 750
BIKE_03697,Crf 1100
BIKE_03698,Heritage Softail
BIKE_03699,Agusta F4 1000
BIKE_03700,
BIKE_03701,Cat 1000
BIKE_03702,
BIKE_03703,F 800 Gs
BIKE_03704,Ninja 650
BIKE_03705,V-Strom 1000
BIKE_03706,Sportster Xl 883
BIKE_03707,Cb 500
BIKE_03708,Ninja 250 R
BIKE_03709,Ninja 250 R
BIKE_03710,Ninja 250 R
BIKE_03711,R 1200 Gs
BIKE_03712,Softail
BIKE_03713,F 850 Gs
BIKE_03714,R 1250 Rt
BIKE_03715,R 1200 R
BIKE_03716,
BIKE_03717,Speed Triple 1050
BIKE_03718,Agility 200
BIKE_03719,J1000
BIKE_03720,Xv 950
BIKE_03721,Z 900
BIKE_03722,F 800
BIKE_03723,Cbr 650
BIKE_03724,Road King
BIKE_03725,Nc 750
BIKE_03726,R 1250 Gs
BIKE_03727,Scrambler
BIKE_03728,Iron 883
BIKE_03729,R 80 R
BIKE_03730,R 80 R
BIKE_03731,R 80 R
BIKE_03732,Gtr 1400
BIKE_03733,Cb 650
BIKE_03734,Heritage Springer
BIKE_03735,Vfr
BIKE_03736,790 Adventure
BIKE_03737,Bonneville Bobber
BIKE_03738,S 1000 R
BIKE_03739,Mt-03
BIKE_03740,Mt-03
BIKE_03741,Mt-03
BIKE_03742,R 1200 Gs
BIKE_03743,Sh 150
BIKE_03744,C 400 Gt
BIKE_03745,R 1200 Gs
BIKE_03746,Scrambler
BIKE_03747,Z 125
BIKE_03748,Cb 650
BIKE_03749,Tzr 50
BIKE_03750,Z 900
BIKE_03751,
BIKE_03752,Dyna Street Bob
BIKE_03753,R Ninet
BIKE_03754,Vulcan 900
BIKE_03755,Tmax 530
BIKE_03756,Scrambler
BIKE_03757,Versys 1000
BIKE_03758,Thunderbird Storm
BIKE_03759,Thunderbird Storm
BIKE_03760,Thunderbird Storm
BIKE_03761,Vn 900
BIKE_03762,Sport Glide
BIKE_03763,1290 Super Adventure
BIKE_03764,Nc 750
BIKE_03765,Tiger 800
BIKE_03766,Fxd
BIKE_03767,F 850 Gs
BIKE_03768,Fc 350
BIKE_03769,Ak 550
BIKE_03770,Dirt Track
BIKE_03771,Dirt Track
BIKE_03772,Dirt Track
BIKE_03773,Tiger 900
BIKE_03774,X-Max 250
BIKE_03775,Rr 400
BIKE_03776,Crf 1000
BIKE_03777,Multistrada 1260
BIKE_03778,Z 650
BIKE_03779,R 67
BIKE_03780,Am Outlander
BIKE_03781,750 Ss
BIKE_03782,1290 Super Adventure
BIKE_03783,R Ninet
BIKE_03784,Gl 1800
BIKE_03785,
BIKE_03786,790 Duke
BIKE_03787,Multistrada 1200
BIKE_03788,R 1200 R
BIKE_03789,Majesty 400
BIKE_03790,Agusta F3
BIKE_03791,525 Xc
BIKE_03792,Monster 821
BIKE_03793,Speed Triple 1050
BIKE_03794,1290 Super Duke R
BIKE_03795,Am Spyder Rs
BIKE_03796,
BIKE_03797,Agusta Superveloce 800
BIKE_03798,S 1000 R
BIKE_03799,F 6 C
BIKE_03800,Bonneville T120
BIKE_03801,People 125
BIKE_03802,Diavel
BIKE_03803,Fc 250
BIKE_03804,R 1200 Gs
BIKE_03805,250 Exc
BIKE_03806,250 Exc
BIKE_03807,250 Exc
BIKE_03808,Cbr 650
BIKE_03809,R 1200 Rt
BIKE_03810,Sh 300
BIKE_03811,Dyna Switchback
BIKE_03812,Dyna Switchback
BIKE_03813,Dyna Switchback
BIKE_03814,Fat Boy
BIKE_03815,V-Rod
BIKE_03816,R 1200 Rt
BIKE_03817,Electra Glide
BIKE_03818,W 800
BIKE_03819,F 850 Gs
BIKE_03820,Vn 1700
BIKE_03821,Electra Glide
BIKE_03822,Monster 800
BIKE_03823,Ak 550
BIKE_03824,Z 1000
BIKE_03825,Multistrada 1200
BIKE_03826,F 850 Gs
BIKE_03827,R 60
BIKE_03828,R 60
BIKE_03829,R 60
BIKE_03830,Roadster
BIKE_03831,Guzzi Gtv
BIKE_03832,Rzr 1000
BIKE_03833,Z 900
BIKE_03834,R 1200 Rt
BIKE_03835,K 1300 S
BIKE_03836,Paul Smart 1000
BIKE_03837,Sportster Xl 883
BIKE_03838,Rsv4
BIKE_03839,Supersport
BIKE_03840,Ninja 1000Sx
BIKE_03841,Gsx-R 1000
BIKE_03842,Diavel
BIKE_03843,R 1200 Gs
BIKE_03844,V-Strom 1000
BIKE_03845,Heritage Softail
BIKE_03846,Tmax 560
BIKE_03847,Scarabeo
BIKE_03848,Am Traxter
BIKE_03849,Ultra Classic
BIKE_03850,X-Town
BIKE_03851,Superior
BIKE_03852,Tmax 530
BIKE_03853,Fxd
BIKE_03854,R 1200 Gs
BIKE_03855,
BIKE_03856,Xvs 950
BIKE_03857,R 1200 Gs Adventure
BIKE_03858,Cb 650
BIKE_03859,V-Strom 1000
BIKE_03860,R 1250 Rt
BIKE_03861,R 1200 R
BIKE_03862,F 700 Gs
BIKE_03863,
BIKE_03864,
BIKE_03865,
BIKE_03866,Crf 1000
BIKE_03867,Hypermotard 939
BIKE_03868,
BIKE_03869,C 400 Gt
BIKE_03870,Ultra Limited
BIKE_03871,Am
BIKE_03872,Am
BIKE_03873,Am
BIKE_03874,R 100 S
BIKE_03875,R 100 S
BIKE_03876,R 100 S
BIKE_03877,
BIKE_03878,
BIKE_03879,Vn 1700
BIKE_03880,
BIKE_03881,Electra Glide
BIKE_03882,Gtr 1400
BIKE_03883,Thruxton
BIKE_03884,Bonneville T100
BIKE_03885,Commando
BIKE_03886,Bonneville Bobber
BIKE_03887,Iron 883
BIKE_03888,Moto Cforce 625
BIKE_03889,Rocket Iii Roadster
BIKE_03890,Agusta Turismo Veloce 800
BIKE_03891,Z 900
BIKE_03892,Burgman 125
BIKE_03893,Emily
BIKE_03894,X-Adv
BIKE_03895,Panigale V4
BIKE_03896,Gsx-R 600
BIKE_03897,Majesty 400
BIKE_03898,Ftr 1200
BIKE_03899,Xl 1200
BIKE_03900,Streetfighter
BIKE_03901,Cbr 650
BIKE_03902,Liberty 50
BIKE_03903,Gsx-R 1000
BIKE_03904,Guzzi California
BIKE_03905,Rr 125
BIKE_03906,Rr 125
BIKE_03907,Rr 125
BIKE_03908,Ultra Limited
BIKE_03909,Beverly 300
BIKE_03910,Panigale R
BIKE_03911,Z 1000
BIKE_03912,
BIKE_03913,Gl 1800
BIKE_03914,Sprint 125 I.E.
BIKE_03915,Nc 750
BIKE_03916,R 1200 Rt
BIKE_03917,Vn 1600
BIKE_03918,Vn 1600
BIKE_03919,Vn 1600
BIKE_03920,Xsr 700
BIKE_03921,Softail
BIKE_03922,Liberty 125
BIKE_03923,Mt-07
BIKE_03924,C 650 Gt
BIKE_03925,Iron 883
BIKE_03926,Mp3 Yourban
BIKE_03927,R 1200 Gs
BIKE_03928,R 1200 Cl
BIKE_03929,R 1200 Cl
BIKE_03930,R 1200 Cl
BIKE_03931,Mt-125
BIKE_03932,Fjr 1300
BIKE_03933,Guzzi V 7
BIKE_03934,
BIKE_03935,Street Triple 765
BIKE_03936,Thruxton
BIKE_03937,Gsx-R 600
BIKE_03938,Fz 8
BIKE_03939,Rzr 900
BIKE_03940,Rzr 900
BIKE_03941,Rzr 900
BIKE_03942,Crosstourer
BIKE_03943,Z 900
BIKE_03944,K 1600 Gt
BIKE_03945,R 1200 Gs
BIKE_03946,Cb 1000
BIKE_03947,Gsx-S 1000
BIKE_03948,F 800 Gs
BIKE_03949,Xt 1200
BIKE_03950,Ninja 650
BIKE_03951,Tiger 800
BIKE_03952,
BIKE_03953,Multistrada 1200
BIKE_03954,Crosstourer
BIKE_03955,1098
BIKE_03956,1098
BIKE_03957,1098
BIKE_03958,S 1000 Xr
BIKE_03959,Agusta 350 S
BIKE_03960,Mt-10
BIKE_03961,Beverly 300
BIKE_03962,790 Adventure
BIKE_03963,Dyna Low Rider
BIKE_03964,
BIKE_03965,Bonneville T100
BIKE_03966,
BIKE_03967,Guzzi
BIKE_03968,K 75 S
BIKE_03969,R 1200 Rt
BIKE_03970,Multistrada 1200
BIKE_03971,Xsr 700
BIKE_03972,R Ninet
BIKE_03973,Sportster 1200
BIKE_03974,Crf 1000
BIKE_03975,Sfida 1000
BIKE_03976,Agusta Brutale 1090
BIKE_03977,Blade 1000
BIKE_03978,Cb 650
BIKE_03979,Integra
BIKE_03980,Monster 797
BIKE_03981,Monster 797
BIKE_03982,Monster 797
BIKE_03983,Xrv 750
BIKE_03984,
BIKE_03985,
BIKE_03986,Scarabeo
BIKE_03987,Pcx 125
BIKE_03988,Dyna Glide
BIKE_03989,Dyna Glide
BIKE_03990,Dyna Glide
BIKE_03991,Scarabeo
BIKE_03992,Tmax 530
BIKE_03993,R 1200 Gs Adventure
BIKE_03994,K 1600 Gt
BIKE_03995,
BIKE_03996,Rx 125
BIKE_03997,Mt-09
BIKE_03998,F 800 Gs Adventure
BIKE_03999,Gl 1800
BIKE_04000,R 1200 Rt
BIKE_04001,Vulcan S
BIKE_04002,Multistrada 1200
BIKE_04003,F 800 Gs
BIKE_04004,Sportster 1200
BIKE_04005,Cat Alterra
BIKE_04006,Vulcan S
BIKE_04007,Street Twin
BIKE_04008,F 650 Gs
BIKE_04009,Beverly 350
BIKE_04010,V-Strom 650
BIKE_04011,Z 900
BIKE_04012,Tricity
BIKE_04013,F 800 Gs
BIKE_04014,X-Adv
BIKE_04015,Electra Glide
BIKE_04016,Scrambler
BIKE_04017,F 800 Gs
BIKE_04018,Xsr 700
BIKE_04019,
BIKE_04020,Sportster 1200
BIKE_04021,1090 Adventure
BIKE_04022,1090 Adventure
BIKE_04023,1090 Adventure
BIKE_04024,F 850 Gs
BIKE_04025,Cb 750
BIKE_04026,Guzzi V 85
BIKE_04027,Vl 800
BIKE_04028,Sr 50
BIKE_04029,Trike Mustang
BIKE_04030,Trike Mustang
BIKE_04031,Trike Mustang
BIKE_04032,Tuono
BIKE_04033,Gsx-S 1000
BIKE_04034,F 700 Gs
BIKE_04035,Tuono
BIKE_04036,Intruder C
BIKE_04037,Road King
BIKE_04038,Crf 1100
BIKE_04039,Softail
BIKE_04040,Agility 150
BIKE_04041,N1S
BIKE_04042,Am Outlander
BIKE_04043,Speed Twin
BIKE_04044,Tiger Explorer
BIKE_04045,Gold Wing
BIKE_04046,Speed Triple 1050
BIKE_04047,
BIKE_04048,F 900 Xr
BIKE_04049,X-Adv
BIKE_04050,F 900 R
BIKE_04051,Multistrada 1200
BIKE_04052,Sportster Forty Eight
BIKE_04053,
BIKE_04054,1190 Rc8
BIKE_04055,1190 Rc8
BIKE_04056,1190 Rc8
BIKE_04057,Hd 125
BIKE_04058,Gsx-R 600
BIKE_04059,Cb 1300
BIKE_04060,Cbr 600
BIKE_04061,F 900 R
BIKE_04062,Scrambler
BIKE_04063,Niken
BIKE_04064,Saturno
BIKE_04065,Ninja 650
BIKE_04066,R 1200 Gs
BIKE_04067,Integra
BIKE_04068,Mt-09
BIKE_04069,B King
BIKE_04070,Silverblade
BIKE_04071,
BIKE_04072,R 1200 Rt
BIKE_04073,Street Triple Rx
BIKE_04074,Street Triple Rx
BIKE_04075,Street Triple Rx
BIKE_04076,R 1200 Gs Lc
BIKE_04077,Typhoon
BIKE_04078,
BIKE_04079,
BIKE_04080,
BIKE_04081,Yzf-R1
BIKE_04082,Heritage Softail
BIKE_04083,K 1600 B
BIKE_04084,K 1600 B
BIKE_04085,K 1600 B
BIKE_04086,Guzzi California 1100
BIKE_04087,K 1
BIKE_04088,Electra Glide
BIKE_04089,R Ninet
BIKE_04090,K 1600 Grand America
BIKE_04091,Bonneville T100
BIKE_04092,S 1000 R
BIKE_04093,R 90/6
BIKE_04094,Street Triple 675
BIKE_04095,F 800 Gs
BIKE_04096,
BIKE_04097,Versys 1000
BIKE_04098,Crosstourer
BIKE_04099,Custom Bike
BIKE_04100,Xjr 1300
BIKE_04101,Street Glide
BIKE_04102,Cb 1300
BIKE_04103,Crf 1000
BIKE_04104,Gsx-R 1000
BIKE_04105,S 125
BIKE_04106,Street 750
BIKE_04107,Cbr 1000
BIKE_04108,Multistrada 1200
BIKE_04109,Z 400
BIKE_04110,Z 400
BIKE_04111,Z 400
BIKE_04112,Digita 50
BIKE_04113,R 1200 Gs
BIKE_04114,F 750 Gs
BIKE_04115,Tiger 1050
BIKE_04116,Cbr 125
BIKE_04117,Guzzi V 7
BIKE_04118,Fat Boy
BIKE_04119,701 Supermoto
BIKE_04120,Mt-09
BIKE_04121,Tmax Sx
BIKE_04122,Road Glide
BIKE_04123,Z 800
BIKE_04124,Runner 50
BIKE_04125,Nmax
BIKE_04126,Moto
BIKE_04127,R 1200 Gs
BIKE_04128,Z 1000
BIKE_04129,Bx 125
BIKE_04130,999
BIKE_04131,Cbx 500
BIKE_04132,Fat Boy
BIKE_04133,Speedmaster
BIKE_04134,X-Max 250
BIKE_04135,Versys 1000
BIKE_04136,Cb 1300
BIKE_04137,Tracer 900
BIKE_04138,R 1200 Gs
BIKE_04139,Z 900
BIKE_04140,Multistrada 1200
BIKE_04141,S 1000 Rr
BIKE_04142,
BIKE_04143,Café Racer
BIKE_04144,Café Racer
BIKE_04145,Café Racer
BIKE_04146,Monster 797
BIKE_04147,Monster 797
BIKE_04148,Monster 797
BIKE_04149,
BIKE_04150,Race 50
BIKE_04151,Race 50
BIKE_04152,Race 50
BIKE_04153,1299 Panigale
BIKE_04154,R 1200 Gs
BIKE_04155,Cbr 650
BIKE_04156,People Gti
BIKE_04157,People Gti
BIKE_04158,People Gti
BIKE_04159,Qv3
BIKE_04160,Beverly 300
BIKE_04161,Ape
BIKE_04162,Street Scrambler
BIKE_04163,Softail Slim
BIKE_04164,Night Train
BIKE_04165,690 Smc
BIKE_04166,690 Smc
BIKE_04167,690 Smc
BIKE_04168,R 1200 Rt
BIKE_04169,Tmax Dx
BIKE_04170,Dorsoduro
BIKE_04171,Sportster Forty Eight
BIKE_04172,Bonneville Bobber
BIKE_04173,Multistrada 950
BIKE_04174,Multistrada 950
BIKE_04175,Multistrada 950
BIKE_04176,Heritage Softail
BIKE_04177,Xsr 700
BIKE_04178,Enfield
BIKE_04179,Crf 1000
BIKE_04180,Hypermotard 1100
BIKE_04181,Bonneville T120
BIKE_04182,Tiger 1050
BIKE_04183,Beverly 300
BIKE_04184,790 Adventure
BIKE_04185,R 1200 Rt
BIKE_04186,Tmax 530
BIKE_04187,Hd 200
BIKE_04188,Hd 200
BIKE_04189,Hd 200
BIKE_04190,Grand Dink 300
BIKE_04191,Cb 500
BIKE_04192,S 1000 R
BIKE_04193,450 Exc
BIKE_04194,Super 8
BIKE_04195,1190 Adventure
BIKE_04196,R 1250 Gs
BIKE_04197,Rs 3
BIKE_04198,Ego
BIKE_04199,Ego
BIKE_04200,Ego
BIKE_04201,Tmax 530
BIKE_04202,Z 750
BIKE_04203,X-Adv
BIKE_04204,Cb 500
BIKE_04205,K 1600 Gt
BIKE_04206,F 850 Gs
BIKE_04207,V-Strom 1000
BIKE_04208,Nc 750
BIKE_04209,Soco Ts
BIKE_04210,Sportster Xl 883
BIKE_04211,Sonic
BIKE_04212,Slingshot
BIKE_04213,
BIKE_04214,
BIKE_04215,
BIKE_04216,Bonneville T120
BIKE_04217,R 1200 Rs
BIKE_04218,X-Adv
BIKE_04219,Tiger 800
BIKE_04220,1290 Super Duke R
BIKE_04221,K 1600 Gt
BIKE_04222,F 850 Gs
BIKE_04223,790 Duke
BIKE_04224,Cre Baja
BIKE_04225,Cre Baja
BIKE_04226,Cre Baja
BIKE_04227,Gsx-R 1000
BIKE_04228,Xsr 900
BIKE_04229,Agusta Brutale 1090
BIKE_04230,Agility 50
BIKE_04231,S 1000 R
BIKE_04232,Guzzi California 1400
BIKE_04233,Red Devil
BIKE_04234,K 1600 Gtl
BIKE_04235,Vt 1300
BIKE_04236,Vt 1300
BIKE_04237,Vt 1300
BIKE_04238,Dyna Super Glide
BIKE_04239,899 Panigale
BIKE_04240,899 Panigale
BIKE_04241,899 Panigale
BIKE_04242,Agusta Rivale 800
BIKE_04243,Multistrada 1260
BIKE_04244,Wl 750 Flathead
BIKE_04245,Wl 750 Flathead
BIKE_04246,Wl 750 Flathead
BIKE_04247,R 1200 Gs
BIKE_04248,Street Twin
BIKE_04249,Sportster Forty Eight
BIKE_04250,Tracer 700
BIKE_04251,Z 1300
BIKE_04252,
BIKE_04253,R 1200 Gs Adventure
BIKE_04254,Guzzi V 85
BIKE_04255,R Ninet
BIKE_04256,Z 900
BIKE_04257,R 1250 Gs
BIKE_04258,Haycroft 125
BIKE_04259,St 1300
BIKE_04260,Cx 500
BIKE_04261,Ape
BIKE_04262,Z 900
BIKE_04263,R 1200 Gs Adventure
BIKE_04264,Am Outlander
BIKE_04265,Versys 650
BIKE_04266,Monster 797
BIKE_04267,Monster 797
BIKE_04268,Monster 797
BIKE_04269,R 1200 Rt
BIKE_04270,Agusta Dragster
BIKE_04271,690 Smc
BIKE_04272,690 Smc
BIKE_04273,690 Smc
BIKE_04274,Softail Slim
BIKE_04275,S3
BIKE_04276,S3
BIKE_04277,S3
BIKE_04278,F 850 Gs
BIKE_04279,Tmax 530
BIKE_04280,
BIKE_04281,R 1200 Gs
BIKE_04282,K 1600 Gtl
BIKE_04283,750 Sfc
BIKE_04284,R 1200 Gs Lc
BIKE_04285,Blog 125
BIKE_04286,Blog 125
BIKE_04287,Blog 125
BIKE_04288,R 1200 Gs Lc
BIKE_04289,Vrsc Night Rod
BIKE_04290,Thruxton
BIKE_04291,Scrambler
BIKE_04292,Custom Bike
BIKE_04293,Vtx 1300
BIKE_04294,Ninja Zx-6R
BIKE_04295,
BIKE_04296,Speed Twin
BIKE_04297,Ks 125 Sport
BIKE_04298,Ks 125 Sport
BIKE_04299,Ks 125 Sport
BIKE_04300,R 1100 S Boxercup Replika
BIKE_04301,Monster 821
BIKE_04302,Senda
BIKE_04303,900 Ss
BIKE_04304,Z 1000
BIKE_04305,Guzzi 850 T
BIKE_04306,Trike Highway
BIKE_04307,1290 Super Duke Gt
BIKE_04308,Tiger 800
BIKE_04309,R 1200 Rs
BIKE_04310,Guzzi California 1400
BIKE_04311,Crf 1100
BIKE_04312,
BIKE_04313,C 400 Gt
BIKE_04314,F 900 Xr
BIKE_04315,
BIKE_04316,Heritage Softail
BIKE_04317,Ftr 1200
BIKE_04318,Sportster Xl 883
BIKE_04319,R 1250 R
BIKE_04320,1090 Adventure
BIKE_04321,1090 Adventure
BIKE_04322,1090 Adventure
BIKE_04323,S 1000 R
BIKE_04324,Sixteen 150
BIKE_04325,Hypermotard 939
BIKE_04326,K 1300 R
BIKE_04327,X-Adv
BIKE_04328,R 1200 Rt
BIKE_04329,Ks 125
BIKE_04330,Ks 125
BIKE_04331,Ks 125
BIKE_04332,Panigale V4
BIKE_04333,Mt-09
BIKE_04334,
BIKE_04335,Sx 125
BIKE_04336,Sx 125
BIKE_04337,Sx 125
BIKE_04338,Xtz 1200
BIKE_04339,Sportsman 850
BIKE_04340,Dyna Street Bob
BIKE_04341,Guzzi V 7
BIKE_04342,1199 Panigale
BIKE_04343,790 Adventure
BIKE_04344,R 1250 Rt
BIKE_04345,Tracer 900
BIKE_04346,Softail
BIKE_04347,S 1000 Rr
BIKE_04348,Agusta Brutale
BIKE_04349,Xenter 125
BIKE_04350,Super Dink 125
BIKE_04351,Street Glide
BIKE_04352,Mt-125
BIKE_04353,Tracer 900
BIKE_04354,Gpz 750
BIKE_04355,V-Strom 1000
BIKE_04356,Agusta F3
BIKE_04357,Fat Boy
BIKE_04358,Chief
BIKE_04359,
BIKE_04360,Heritage Softail
BIKE_04361,R 1250 Gs
BIKE_04362,Sportster Forty Eight
BIKE_04363,Star 125
BIKE_04364,Pan European
BIKE_04365,Ninja 650
BIKE_04366,Panigale V4
BIKE_04367,Guzzi V 9
BIKE_04368,Xciting 400I
BIKE_04369,F 750 Gs
BIKE_04370,Cb 650
BIKE_04371,
BIKE_04372,K 1600 Gt
BIKE_04373,Trophy
BIKE_04374,Sportster Forty Eight
BIKE_04375,K 1300 S
BIKE_04376,Street Glide
BIKE_04377,Sr 50
BIKE_04378,Agility 125
BIKE_04379,
BIKE_04380,R 1250 Rt
BIKE_04381,Custom Bike
BIKE_04382,Monster 1200
BIKE_04383,Mt-07
BIKE_04384,Agility 125
BIKE_04385,
BIKE_04386,R Ninet
BIKE_04387,Versys 1000
BIKE_04388,R Ninet
BIKE_04389,Speed Triple S
BIKE_04390,Xl 1200
BIKE_04391,R 1250 Rt
BIKE_04392,F 750 Gs
BIKE_04393,
BIKE_04394,Scrambler
BIKE_04395,Streetfighter
BIKE_04396,Paul Smart 1000
BIKE_04397,C 400 Gt
BIKE_04398,Ninja 650
BIKE_04399,
BIKE_04400,Softail
BIKE_04401,Cb 1000
BIKE_04402,1098
BIKE_04403,1098
BIKE_04404,1098
BIKE_04405,Cbr 1000
BIKE_04406,Crosstourer
BIKE_04407,Electra Glide
BIKE_04408,Xv 1700
BIKE_04409,Rzr 1000
BIKE_04410,Niken
BIKE_04411,Street Glide
BIKE_04412,Nc 750
BIKE_04413,R 1200 Gs
BIKE_04414,Cb 1100
BIKE_04415,F 800 Gs
BIKE_04416,
BIKE_04417,Bonneville T100
BIKE_04418,Racing
BIKE_04419,Racing
BIKE_04420,Racing
BIKE_04421,Pcx 125
BIKE_04422,R Ninet
BIKE_04423,Freeride E
BIKE_04424,Scrambler
BIKE_04425,R 850
BIKE_04426,Hyperstrada
BIKE_04427,Xt 1200
BIKE_04428,Pr7 600
BIKE_04429,1198
BIKE_04430,F 900 R
BIKE_04431,V-Rod
BIKE_04432,W 800
BIKE_04433,Bonneville Newchurch
BIKE_04434,Agusta F4 1000
BIKE_04435,Vt 750
BIKE_04436,1290 Super Adventure
BIKE_04437,Multistrada 1260
BIKE_04438,S 1000 Rr
BIKE_04439,Tmax Dx
BIKE_04440,Pcx 125
BIKE_04441,Ranger
BIKE_04442,Smr 125 2T
BIKE_04443,Fjr 1300
BIKE_04444,Agusta Brutale 990
BIKE_04445,Agusta Brutale 990
BIKE_04446,Agusta Brutale 990
BIKE_04447,Beverly 300
BIKE_04448,Agility 150
BIKE_04449,Moto Cforce 625
BIKE_04450,
BIKE_04451,Guzzi V 11
BIKE_04452,Guzzi V 11
BIKE_04453,Guzzi V 11
BIKE_04454,
BIKE_04455,Heritage Softail
BIKE_04456,Tmax 530
BIKE_04457,R 1200 R
BIKE_04458,Dyna Super Glide
BIKE_04459,Svartpilen
BIKE_04460,Fat Boy
BIKE_04461,Xsr 900
BIKE_04462,Guzzi Mgx-21
BIKE_04463,Fjr 1300
BIKE_04464,S 1000 Rr
BIKE_04465,Multistrada 950
BIKE_04466,Multistrada 950
BIKE_04467,Multistrada 950
BIKE_04468,R 1200 Rs
BIKE_04469,Versys 650
BIKE_04470,Sm Supermoto
BIKE_04471,R 1200 Gs
BIKE_04472,Booster
BIKE_04473,R 1200 R
BIKE_04474,Agusta
BIKE_04475,Rs 660
BIKE_04476,Yzf-R1
BIKE_04477,Gtr 1400
BIKE_04478,Custom Bike
BIKE_04479,Cmx 500
BIKE_04480,Fjr 1300
BIKE_04481,Road King
BIKE_04482,C Evolution
BIKE_04483,Road Glide
BIKE_04484,K 1300
BIKE_04485,
BIKE_04486,R 1200 C
BIKE_04487,Katana 1000
BIKE_04488,Katana 1000
BIKE_04489,Katana 1000
BIKE_04490,Fe 501
BIKE_04491,Monster 821
BIKE_04492,People Gt300I
BIKE_04493,R 65
BIKE_04494,R 1200 Gs Adventure
BIKE_04495,Vfr 1200
BIKE_04496,C Evolution
BIKE_04497,Custom Bike
BIKE_04498,S 1000 R
BIKE_04499,Dorsoduro
BIKE_04500,Tricity
BIKE_04501,Tracer 700
BIKE_04502,Trk 251
BIKE_04503,Rapide
BIKE_04504,Monster 1200
BIKE_04505,Nc 750
BIKE_04506,Electra Glide
BIKE_04507,Niken
BIKE_04508,Speed Triple S
BIKE_04509,Tracer 700
BIKE_04510,C 650 Gt
BIKE_04511,R 1250 Gs
BIKE_04512,Smx 125
BIKE_04513,Fxdr 114
BIKE_04514,Sh 125
BIKE_04515,V-Rod
BIKE_04516,R 1200 Gs
BIKE_04517,Diavel
BIKE_04518,
BIKE_04519,Bws
BIKE_04520,Centro
BIKE_04521,Vision 110
BIKE_04522,1190 Adventure
BIKE_04523,701 Supermoto
BIKE_04524,Mt-09
BIKE_04525,
BIKE_04526,
BIKE_04527,Cb 1000
BIKE_04528,
BIKE_04529,350S
BIKE_04530,350S
BIKE_04531,350S
BIKE_04532,Crf 1000
BIKE_04533,Monster 1200
BIKE_04534,Guzzi V 7
BIKE_04535,R 1200
BIKE_04536,Agusta Brutale 675
BIKE_04537,Fat Boy
BIKE_04538,Seventyfive 125
BIKE_04539,Softail
BIKE_04540,Dyna Street Bob
BIKE_04541,Ninja 1000Sx
BIKE_04542,Nc 750
BIKE_04543,X-Max 300
BIKE_04544,F 6 C
BIKE_04545,Mt-09
BIKE_04546,Iron 883
BIKE_04547,R 90/6
BIKE_04548,
BIKE_04549,Cb 400
BIKE_04550,Tuono
BIKE_04551,
BIKE_04552,F 700 Gs
BIKE_04553,Z 900
BIKE_04554,Cat 1000
BIKE_04555,900 Ss
BIKE_04556,W 800
BIKE_04557,Agility 125
BIKE_04558,Burgman 400
BIKE_04559,Scrambler
BIKE_04560,S 1000 Xr
BIKE_04561,Xsr 700
BIKE_04562,Allo
BIKE_04563,Allo
BIKE_04564,Allo
BIKE_04565,R 1250 Gs
BIKE_04566,
BIKE_04567,En 300 2T
BIKE_04568,Agility 125
BIKE_04569,Xsr 700
BIKE_04570,Mt-10
BIKE_04571,
BIKE_04572,550 Supermoto
BIKE_04573,Mt-07
BIKE_04574,Tzr 50
BIKE_04575,Dyna Street Bob
BIKE_04576,
BIKE_04577,Multistrada 950
BIKE_04578,Multistrada 950
BIKE_04579,Multistrada 950
BIKE_04580,Ninja 1000Sx
BIKE_04581,
BIKE_04582,Versys 1000
BIKE_04583,Ninja 650
BIKE_04584,350 Desmo
BIKE_04585,
BIKE_04586,R 1200 R
BIKE_04587,
BIKE_04588,Niken
BIKE_04589,Tmax Dx
BIKE_04590,C 650 Gt
BIKE_04591,R 1200 Gs
BIKE_04592,
BIKE_04593,F 850 Gs
BIKE_04594,Moto Tm
BIKE_04595,
BIKE_04596,
BIKE_04597,
BIKE_04598,
BIKE_04599,S 1000 Rr
BIKE_04600,K-Xct 300I
BIKE_04601,S 1000 Rr
BIKE_04602,Bn 125
BIKE_04603,Bn 125
BIKE_04604,Bn 125
BIKE_04605,Bonneville T120
BIKE_04606,Vrsc Night Rod
BIKE_04607,Dyna Street Bob
BIKE_04608,F 800 R
BIKE_04609,Street Triple R
BIKE_04610,Thruxton
BIKE_04611,Tmax 530
BIKE_04612,
BIKE_04613,Z 1000
BIKE_04614,Guzzi Stelvio 1200
BIKE_04615,Z 650
BIKE_04616,Vrsc V-Rod
BIKE_04617,F 800 Gs Adventure
BIKE_04618,R 1200 Gs
BIKE_04619,1290 Super Duke R
BIKE_04620,Wr 125
BIKE_04621,Wr 125
BIKE_04622,Wr 125
BIKE_04623,R 100 R
BIKE_04624,R 1200 Rs
BIKE_04625,Gts 125
BIKE_04626,V-Strom 1050
BIKE_04627,S 1000 Xr
BIKE_04628,
BIKE_04629,Tiger Explorer
BIKE_04630,
BIKE_04631,Nc 750
BIKE_04632,R 1200 Gs
BIKE_04633,
BIKE_04634,
BIKE_04635,Mana 850
BIKE_04636,C 650 Gt
BIKE_04637,Jet 14
BIKE_04638,R 1200 Rt
BIKE_04639,
BIKE_04640,601 Osl
BIKE_04641,
BIKE_04642,Rm 50
BIKE_04643,W 800
BIKE_04644,R 1200 Gs
BIKE_04645,Ninja Zx-10R
BIKE_04646,Rf1
BIKE_04647,Softail Slim
BIKE_04648,
BIKE_04649,St 1300
BIKE_04650,
BIKE_04651,
BIKE_04652,
BIKE_04653,1290 Super Adventure
BIKE_04654,Agility 125
BIKE_04655,X-Max 250
BIKE_04656,Am Ryker
BIKE_04657,Am Ryker
BIKE_04658,Am Ryker
BIKE_04659,Sportster 883
BIKE_04660,F 900 Xr
BIKE_04661,Agility 125
BIKE_04662,J300
BIKE_04663,Ninja 650
BIKE_04664,S 1000 Xr
BIKE_04665,K 1200
BIKE_04666,Late Shovel
BIKE_04667,Tracer 900
BIKE_04668,S 1000 Rr
BIKE_04669,Scrambler
BIKE_04670,Tmax Sx
BIKE_04671,Monster 821
BIKE_04672,S 1000 Rr
BIKE_04673,Vrsc Night Rod
BIKE_04674,Ybr 250
BIKE_04675,Dyna Street Bob
BIKE_04676,
BIKE_04677,V-Rod
BIKE_04678,Softail
BIKE_04679,150
BIKE_04680,690 Enduro
BIKE_04681,690 Enduro
BIKE_04682,690 Enduro
BIKE_04683,R 1200 Gs Adventure
BIKE_04684,Iron 883
BIKE_04685,Sportster 1200
BIKE_04686,X-Max 250
BIKE_04687,Yzf-R6
BIKE_04688,R 1250 Rt
BIKE_04689,Lx 125
BIKE_04690,R 1200 Gs Adventure
BIKE_04691,Heritage Softail
BIKE_04692,F 850 Gs
BIKE_04693,R 1200 Rt
BIKE_04694,Softail
BIKE_04695,R 1250 Gs
BIKE_04696,1299 Panigale
BIKE_04697,Scout
BIKE_04698,Agusta Stradale 800
BIKE_04699,Versys 650
BIKE_04700,F 900 Xr
BIKE_04701,Gold Wing
BIKE_04702,Tracer 700
BIKE_04703,Multistrada 950
BIKE_04704,Multistrada 950
BIKE_04705,Multistrada 950
BIKE_04706,Forza 300
BIKE_04707,Fireblade
BIKE_04708,Sm 500 R
BIKE_04709,Monster 821
BIKE_04710,
BIKE_04711,
BIKE_04712,
BIKE_04713,Xvs 1300
BIKE_04714,Bonneville T100
BIKE_04715,Mt-09
BIKE_04716,K 100 Rs
BIKE_04717,Xjr 1300
BIKE_04718,Supersport
BIKE_04719,Mt-07
BIKE_04720,Hyperstrada
BIKE_04721,Agility 50
BIKE_04722,V-Strom 650
BIKE_04723,Xb 12
BIKE_04724,Ybr 125
BIKE_04725,
BIKE_04726,Z 900
BIKE_04727,
BIKE_04728,R 1200
BIKE_04729,Gl 1800
BIKE_04730,Multistrada 1200
BIKE_04731,Bonneville T120
BIKE_04732,Fat Boy
BIKE_04733,
BIKE_04734,Tmax 530
BIKE_04735,
BIKE_04736,R 1200 R
BIKE_04737,Nc 750
BIKE_04738,R 1200 Gs Adventure
BIKE_04739,Custom Bike
BIKE_04740,Supersport
BIKE_04741,R 1250 Rs
BIKE_04742,Z 900
BIKE_04743,Mp3 300
BIKE_04744,
BIKE_04745,X-Max 250
BIKE_04746,Agusta F4
BIKE_04747,X-Adv
BIKE_04748,790 Duke
BIKE_04749,Xtz 1200
BIKE_04750,Softail
BIKE_04751,F 800 Gs
BIKE_04752,
BIKE_04753,People Gt300I
BIKE_04754,Street Scrambler
BIKE_04755,Maxsym 400I
BIKE_04756,X-Max 400
BIKE_04757,Niken
BIKE_04758,Agusta Brutale 800
BIKE_04759,Downtown 300I
BIKE_04760,Tmax Sx
BIKE_04761,
BIKE_04762,
BIKE_04763,
BIKE_04764,Hypermotard 821
BIKE_04765,Hypermotard 821
BIKE_04766,Hypermotard 821
BIKE_04767,Cb 500
BIKE_04768,Fc 450
BIKE_04769,Rsv4
BIKE_04770,Tmax 530
BIKE_04771,R 1200 Gs
BIKE_04772,V-Strom 650
BIKE_04773,R 80 Gs
BIKE_04774,Sportster 1200
BIKE_04775,R 1250 R
BIKE_04776,Nc 750
BIKE_04777,Versys 1000
BIKE_04778,F 700 Gs
BIKE_04779,R Ninet
BIKE_04780,Sv 650
BIKE_04781,Dyna Street Bob
BIKE_04782,
BIKE_04783,1290 Super Duke Gt
BIKE_04784,1290 Super Adventure
BIKE_04785,
BIKE_04786,
BIKE_04787,Thruxton
BIKE_04788,Gsx-R 750
BIKE_04789,
BIKE_04790,Drd
BIKE_04791,Drd
BIKE_04792,Drd
BIKE_04793,F 800 Gt
BIKE_04794,Fz 1
BIKE_04795,
BIKE_04796,R 1200 C Independent
BIKE_04797,F 800
BIKE_04798,Streetfighter
BIKE_04799,Tiger 1050
BIKE_04800,V-Strom 650
BIKE_04801,Tuono
BIKE_04802,Forza 125
BIKE_04803,F 800 Gs
BIKE_04804,790 Duke
BIKE_04805,
BIKE_04806,Gold Wing
BIKE_04807,Xdiavel
BIKE_04808,Street Scrambler
BIKE_04809,Fireblade
BIKE_04810,
BIKE_04811,Agusta
BIKE_04812,Burgman 400
BIKE_04813,F 12
BIKE_04814,Xv 950
BIKE_04815,Vzr 1800
BIKE_04816,Diavel
BIKE_04817,R 1200 Gs
BIKE_04818,F 700 Gs
BIKE_04819,X 7
BIKE_04820,X 7
BIKE_04821,X 7
BIKE_04822,Guzzi 850 T
BIKE_04823,K 1600 Gtl
BIKE_04824,Guzzi V 7
BIKE_04825,Dyna Super Glide
BIKE_04826,R 1200 Rt
BIKE_04827,Beverly 300
BIKE_04828,Xsr 900
BIKE_04829,V-Strom 1000
BIKE_04830,S 1000 Xr
BIKE_04831,R 1250 R
BIKE_04832,Street Triple Rx
BIKE_04833,Street Triple Rx
BIKE_04834,Street Triple Rx
BIKE_04835,S 1000 Xr
BIKE_04836,Ftr 1200
BIKE_04837,310 X
BIKE_04838,1290 Super Adventure
BIKE_04839,Multistrada 1200
BIKE_04840,F 900 Xr
BIKE_04841,Mt-07
BIKE_04842,Guzzi 850 Le Mans
BIKE_04843,Ninja Zx-6R
BIKE_04844,Diavel
BIKE_04845,Flexi
BIKE_04846,R 1200 Gs
BIKE_04847,K 1600 Gt
BIKE_04848,Vulcan S
BIKE_04849,Sprint
BIKE_04850,Symphony 150
BIKE_04851,Yzf-R1
BIKE_04852,Bonneville Bobber
BIKE_04853,Multistrada 1200
BIKE_04854,790 Duke
BIKE_04855,
BIKE_04856,R 1200 R
BIKE_04857,Gz 125
BIKE_04858,Am Maverick
BIKE_04859,Tiger 800
BIKE_04860,R 26
BIKE_04861,Scout
BIKE_04862,S 1000 Rr
BIKE_04863,
BIKE_04864,Sportster 1200
BIKE_04865,Intruder M
BIKE_04866,Intruder M
BIKE_04867,Intruder M
BIKE_04868,S 1000 Rr
BIKE_04869,Streetfighter
BIKE_04870,Xv 950
BIKE_04871,Xciting 400I
BIKE_04872,Scrambler
BIKE_04873,Scout
BIKE_04874,K 1600 B
BIKE_04875,K 1600 B
BIKE_04876,K 1600 B
BIKE_04877,Guzzi Norge 1200
BIKE_04878,Streetfighter
BIKE_04879,Dyna Wide Glide
BIKE_04880,Ninja H2
BIKE_04881,Iron 883
BIKE_04882,Street Triple R
BIKE_04883,
BIKE_04884,
BIKE_04885,
BIKE_04886,Monster 821
BIKE_04887,Supersport
BIKE_04888,Xv 1600
BIKE_04889,790 Duke
BIKE_04890,Tmax 560
BIKE_04891,Zr 1000
BIKE_04892,Zr 1000
BIKE_04893,Zr 1000
BIKE_04894,50 N
BIKE_04895,50 N
BIKE_04896,50 N
BIKE_04897,K 1300 R
BIKE_04898,
BIKE_04899,Z 800
BIKE_04900,701 Supermoto
BIKE_04901,F 900 Xr
BIKE_04902,Sportster 883
BIKE_04903,Cb 1000
BIKE_04904,Ninja 650
BIKE_04905,S 1000 R
BIKE_04906,Crf 1100
BIKE_04907,F 900 R
BIKE_04908,Sportster 1200
BIKE_04909,790 Adventure
BIKE_04910,Tuono
BIKE_04911,Trike Low Rider
BIKE_04912,Trike Low Rider
BIKE_04913,Trike Low Rider
BIKE_04914,V-Strom 1050
BIKE_04915,Mt-07
BIKE_04916,Sv 650
BIKE_04917,Cbx 500
BIKE_04918,Gsx-R 600
BIKE_04919,Downtown 300I
BIKE_04920,R 1200 Rt
BIKE_04921,Nc 750
BIKE_04922,X-City 125
BIKE_04923,C 650
BIKE_04924,Vector St 300
BIKE_04925,Nc 750
BIKE_04926,Mp3 500
BIKE_04927,Custom Bike
BIKE_04928,R 80
BIKE_04929,Tmax 560
BIKE_04930,
BIKE_04931,Night Rod
BIKE_04932,R Ninet
BIKE_04933,Agusta F4 750
BIKE_04934,1290 Super Duke R
BIKE_04935,Crf 1000
BIKE_04936,
BIKE_04937,Z 900
BIKE_04938,Cbr 650
BIKE_04939,Gas Ec 300
BIKE_04940,Thruxton
BIKE_04941,Moto Cforce 820
BIKE_04942,Moto Cforce 820
BIKE_04943,Moto Cforce 820
BIKE_04944,Gsr 750
BIKE_04945,Sh 150
BIKE_04946,Gl 1800
BIKE_04947,R Ninet
BIKE_04948,R 1250 Gs Adventure
BIKE_04949,Vn 900
BIKE_04950,Monster 821
BIKE_04951,Tmax 530
BIKE_04952,
BIKE_04953,
BIKE_04954,
BIKE_04955,Bonneville T100
BIKE_04956,Cbr 1000
BIKE_04957,Intruder C
BIKE_04958,Panigale V4
BIKE_04959,Aerox
BIKE_04960,F 800 Gs
BIKE_04961,Crf 1000
BIKE_04962,Agility 125
BIKE_04963,Medley 150
BIKE_04964,V-Rod
BIKE_04965,Dyna Fat Bob
BIKE_04966,Sv 650
BIKE_04967,
BIKE_04968,Mt-09
BIKE_04969,Gtr 1400
BIKE_04970,Monster 1200
BIKE_04971,Iron 883
BIKE_04972,F 800 Gs Adventure
BIKE_04973,R 1200 Gs
BIKE_04974,Z 400
BIKE_04975,Z 400
BIKE_04976,Z 400
BIKE_04977,Monster 1200
BIKE_04978,Majesty 125
BIKE_04979,Majesty 125
BIKE_04980,Majesty 125
BIKE_04981,Night Train
BIKE_04982,
BIKE_04983,R 1200 C
BIKE_04984,990 Adventure
BIKE_04985,Tiger Sport
BIKE_04986,Tuono
BIKE_04987,R Ninet
BIKE_04988,Agusta F3
BIKE_04989,Versys 650
BIKE_04990,
BIKE_04991,Bd 250
BIKE_04992,Dyna Street Bob
BIKE_04993,Rsv4
BIKE_04994,Tiger Explorer
BIKE_04995,Road King
BIKE_04996,Streetfighter
BIKE_04997,Street Glide
BIKE_04998,Electra Glide
BIKE_04999,Cb 650
BIKE_05000,R 1200
BIKE_05001,F 800 Gt
BIKE_05002,R 1200 Gs
BIKE_05003,R 1200 Gs
BIKE_05004,1290 Super Adventure
BIKE_05005,Sportster 1200
BIKE_05006,Cat Alterra
BIKE_05007,V-Strom 1000
BIKE_05008,Electra Glide
BIKE_05009,Gsx-S 1000
BIKE_05010,Mp3 350
BIKE_05011,R 1200 Gs Adventure
BIKE_05012,R 1100 Gs
BIKE_05013,
BIKE_05014,R 1200 Gs
BIKE_05015,Xl 883
BIKE_05016,Cb 1000
BIKE_05017,Xr 1200
BIKE_05018,Z 650
BIKE_05019,Ninja Zx-10Rr
BIKE_05020,Ninja Zx-10Rr
BIKE_05021,Ninja Zx-10Rr
BIKE_05022,Dyna Fat Bob
BIKE_05023,Cmx 500
BIKE_05024,Electra Glide
BIKE_05025,Crf 1000
BIKE_05026,Crf 1000
BIKE_05027,Guzzi V 85
BIKE_05028,
BIKE_05029,Vulcan S
BIKE_05030,Cbr 650
BIKE_05031,Ak 550
BIKE_05032,Moto Tr 50
BIKE_05033,300 Exc
BIKE_05034,300 Exc
BIKE_05035,300 Exc
BIKE_05036,Vfr 1200
BIKE_05037,Street Rod
BIKE_05038,Street Rod
BIKE_05039,Street Rod
BIKE_05040,Iron 883
BIKE_05041,Crf 1000
BIKE_05042,
BIKE_05043,R 1200 Gs
BIKE_05044,Agusta Brutale 910
BIKE_05045,Cvo Breakout
BIKE_05046,R 1200 Gs
BIKE_05047,F 850 Gs
BIKE_05048,Cbr 1000
BIKE_05049,Vtx 1800
BIKE_05050,R 100 Gs
BIKE_05051,Tracer 900
BIKE_05052,Gsx-R 1000
BIKE_05053,F 900 R
BIKE_05054,R 1200
BIKE_05055,Heritage Softail
BIKE_05056,Agility 50
BIKE_05057,Mt-09
BIKE_05058,Sportster 1200
BIKE_05059,F 800 Gs
BIKE_05060,899 Panigale
BIKE_05061,899 Panigale
BIKE_05062,899 Panigale
BIKE_05063,Fjr 1300
BIKE_05064,Ninja 650
BIKE_05065,Mt-10
BIKE_05066,F 900 Xr
BIKE_05067,Yzf-R1
BIKE_05068,Vfr 800
BIKE_05069,R 1250 Gs
BIKE_05070,
BIKE_05071,S 1000 Rr
BIKE_05072,1290 Super Adventure
BIKE_05073,Guzzi
BIKE_05074,C 650 Gt
BIKE_05075,Springfield
BIKE_05076,Multistrada 1200
BIKE_05077,Crf 1000
BIKE_05078,Capri 125
BIKE_05079,1290 Super Duke R
BIKE_05080,
BIKE_05081,Softail Slim
BIKE_05082,Bonneville T140V
BIKE_05083,
BIKE_05084,R 1200
BIKE_05085,Niken
BIKE_05086,Z 900
BIKE_05087,R 1200 R
BIKE_05088,Scout
BIKE_05089,Scrambler
BIKE_05090,Sprint
BIKE_05091,R 1200 Gs Lc
BIKE_05092,Versys 650
BIKE_05093,R 1200 Gs
BIKE_05094,
BIKE_05095,Xt 1200
BIKE_05096,R Ninet
BIKE_05097,Z1000 Sx
BIKE_05098,Road King
BIKE_05099,R Ninet
BIKE_05100,Cbr 1000
BIKE_05101,Agusta Dragster
BIKE_05102,Varadero
BIKE_05103,Varadero
BIKE_05104,Varadero
BIKE_05105,
BIKE_05106,R 80/7
BIKE_05107,R 1200 R
BIKE_05108,Hypermotard 939
BIKE_05109,Tiger Sport
BIKE_05110,Softail
BIKE_05111,
BIKE_05112,Rs 50
BIKE_05113,Rs 50
BIKE_05114,Rs 50
BIKE_05115,125 Duke
BIKE_05116,Wr 125
BIKE_05117,Wr 125
BIKE_05118,Wr 125
BIKE_05119,Scrambler
BIKE_05120,Sv 1000
BIKE_05121,K 1600
BIKE_05122,Pcx 125
BIKE_05123,Ms3I 250
BIKE_05124,R 1200 Gs
BIKE_05125,C 650 Gt
BIKE_05126,
BIKE_05127,R 1200 Gs
BIKE_05128,
BIKE_05129,R 1200 Gs Adventure
BIKE_05130,R 1200 Gs
BIKE_05131,Drd
BIKE_05132,Drd
BIKE_05133,Drd
BIKE_05134,Xevo 250
BIKE_05135,R Ninet
BIKE_05136,R 1200 Rt
BIKE_05137,Guzzi V 9
BIKE_05138,Sh 150
BIKE_05139,Guzzi Le Mans
BIKE_05140,Guzzi Le Mans
BIKE_05141,Guzzi Le Mans
BIKE_05142,Sm 500 R
BIKE_05143,Guzzi
BIKE_05144,Scrambler
BIKE_05145,Speed Triple 1050
BIKE_05146,Tiger 900
BIKE_05147,Versys 1000
BIKE_05148,790 Duke
BIKE_05149,Thruxton
BIKE_05150,Tnt 125
BIKE_05151,Tnt 125
BIKE_05152,Tnt 125
BIKE_05153,F 750 Gs
BIKE_05154,Speed Triple 1050
BIKE_05155,990 Adventure
BIKE_05156,R 1200 R
BIKE_05157,Softail
BIKE_05158,
BIKE_05159,Road King
BIKE_05160,Cb 1000
BIKE_05161,
BIKE_05162,Z 650
BIKE_05163,Versys 1000
BIKE_05164,Multistrada 950
BIKE_05165,Multistrada 950
BIKE_05166,Multistrada 950
BIKE_05167,R 1200 R
BIKE_05168,X-Adv
BIKE_05169,R 80 R
BIKE_05170,R 80 R
BIKE_05171,R 80 R
BIKE_05172,
BIKE_05173,Forza 300
BIKE_05174,C 650 Gt
BIKE_05175,Dyna Street Bob
BIKE_05176,Eco-City
BIKE_05177,Rr 390
BIKE_05178,Tmax 530
BIKE_05179,Agusta F3
BIKE_05180,16 Racing
BIKE_05181,Burgman 650
BIKE_05182,Liberty 50
BIKE_05183,Mt-07
BIKE_05184,Speedmaster
BIKE_05185,K 1600 Gt
BIKE_05186,X-Max 300
BIKE_05187,Hypermotard 1100
BIKE_05188,Atlantic 300
BIKE_05189,
BIKE_05190,Downtown 300I
BIKE_05191,Late Shovel
BIKE_05192,R 1200 R
BIKE_05193,Sportster 883
BIKE_05194,R 1250 R
BIKE_05195,Monster 1100
BIKE_05196,S 1000 Xr
BIKE_05197,Maxsym 400I
BIKE_05198,Tmax 530
BIKE_05199,Xt 1200
BIKE_05200,F 900 Xr
BIKE_05201,Yzf-R3
BIKE_05202,1290 Super Adventure
BIKE_05203,Cb 1000
BIKE_05204,Dyna Street Bob
BIKE_05205,Tiger 800
BIKE_05206,Bonneville T100
BIKE_05207,Sb 6
BIKE_05208,1290 Super Adventure
BIKE_05209,Xt 1200
BIKE_05210,Z 900
BIKE_05211,Tmax 530
BIKE_05212,Scrambler
BIKE_05213,R 1200 Gs
BIKE_05214,Tiger Explorer
BIKE_05215,R 1200 Rt
BIKE_05216,R 1200 Rt
BIKE_05217,R 1200 Gs Lc
BIKE_05218,Z 800
BIKE_05219,Grand Dink 300
BIKE_05220,Cat 1000
BIKE_05221,Forza 300
BIKE_05222,Fiddle 125
BIKE_05223,Am Renegade
BIKE_05224,Am Renegade
BIKE_05225,Am Renegade
BIKE_05226,
BIKE_05227,Fat Bob
BIKE_05228,Ck 125
BIKE_05229,Mt-09
BIKE_05230,B King
BIKE_05231,Custom Bike
BIKE_05232,Sr Max 300
BIKE_05233,Sr Max 300
BIKE_05234,Sr Max 300
BIKE_05235,R 80 Gs
BIKE_05236,
BIKE_05237,
BIKE_05238,F 850 Gs
BIKE_05239,Niken
BIKE_05240,Electra Glide
BIKE_05241,Agusta Turismo Veloce 800
BIKE_05242,Fat Boy
BIKE_05243,R 1250 Gs Adventure
BIKE_05244,
BIKE_05245,F 900 Xr
BIKE_05246,Gsr 600
BIKE_05247,F 800 R
BIKE_05248,Multistrada 950
BIKE_05249,Multistrada 950
BIKE_05250,Multistrada 950
BIKE_05251,R 1200
BIKE_05252,Sh 300
BIKE_05253,848
BIKE_05254,848
BIKE_05255,848
BIKE_05256,C 650 Gt
BIKE_05257,Tornado
BIKE_05258,390 Duke
BIKE_05259,R 1200 Gs
BIKE_05260,Vulcan S
BIKE_05261,Vrsc Night Rod
BIKE_05262,Z1000 Sx
BIKE_05263,Trooper 800
BIKE_05264,Bianchi
BIKE_05265,Bonneville T120
BIKE_05266,R 1200 R
BIKE_05267,S 1000 R
BIKE_05268,Cb 750
BIKE_05269,R 1250 Rt
BIKE_05270,Yzf-R6
BIKE_05271,
BIKE_05272,Gsx-R 1000
BIKE_05273,Nc 750
BIKE_05274,Blade 1000
BIKE_05275,Dyna Street Bob
BIKE_05276,Bonneville T120
BIKE_05277,Dyna Low Rider
BIKE_05278,
BIKE_05279,R Ninet
BIKE_05280,Crox 50
BIKE_05281,Crox 50
BIKE_05282,Crox 50
BIKE_05283,R 1200 Gs Lc
BIKE_05284,Streetfighter
BIKE_05285,Cb 1100
BIKE_05286,Vrsc Night Rod
BIKE_05287,Tmax 530
BIKE_05288,
BIKE_05289,R 1250 Rt
BIKE_05290,R 1200 Gs Adventure
BIKE_05291,F 750 Gs
BIKE_05292,Sportster Forty Eight
BIKE_05293,Scrambler
BIKE_05294,Crf 450
BIKE_05295,R 1200 Gs
BIKE_05296,Nc 750
BIKE_05297,Agusta
BIKE_05298,Z 900
BIKE_05299,
BIKE_05300,690 Duke
BIKE_05301,Bonneville T100
BIKE_05302,Electra Glide
BIKE_05303,F 800 St
BIKE_05304,Multistrada 950
BIKE_05305,Multistrada 950
BIKE_05306,Multistrada 950
BIKE_05307,
BIKE_05308,Crf 1000
BIKE_05309,Guzzi V 7
BIKE_05310,Cbr 650
BIKE_05311,S 1000 Rr
BIKE_05312,R 1200 Gs
BIKE_05313,Z 650
BIKE_05314,R 1250 Gs
BIKE_05315,F 900 Xr
BIKE_05316,Street Triple 765
BIKE_05317,Ultra Limited
BIKE_05318,Mt-07
BIKE_05319,Scrambler
BIKE_05320,Quannon 125
BIKE_05321,R Ninet
BIKE_05322,Lx 50
BIKE_05323,Agility 125
BIKE_05324,Trike Low Rider
BIKE_05325,Trike Low Rider
BIKE_05326,Trike Low Rider
BIKE_05327,R 1200 R
BIKE_05328,S 51
BIKE_05329,S 51
BIKE_05330,S 51
BIKE_05331,Mt-03
BIKE_05332,Mt-03
BIKE_05333,Mt-03
BIKE_05334,R 1200 Rt
BIKE_05335,K 1300
BIKE_05336,K 1300
BIKE_05337,Sportster 1200
BIKE_05338,Diavel
BIKE_05339,1190 Rc8
BIKE_05340,1190 Rc8
BIKE_05341,1190 Rc8
BIKE_05342,R 1200 Rs
BIKE_05343,Gsx-R 750
BIKE_05344,1199 Panigale
BIKE_05345,Multistrada 1200
BIKE_05346,Monster 821
BIKE_05347,Guzzi Mille Gt
BIKE_05348,K 1600 Gt
BIKE_05349,R 1200 Gs Lc
BIKE_05350,Tmax 530
BIKE_05351,R 1200 Gs
BIKE_05352,Nc 750
BIKE_05353,Tmax 530
BIKE_05354,Monster 821
BIKE_05355,Sh 150
BIKE_05356,F 800 Gt
BIKE_05357,900 Mhr
BIKE_05358,
BIKE_05359,C 400 X
BIKE_05360,Sw-T 400
BIKE_05361,Sr 50
BIKE_05362,Cb 1000
BIKE_05363,R 80
BIKE_05364,Multistrada 1200
BIKE_05365,50 Se-R
BIKE_05366,Primavera 50
BIKE_05367,
BIKE_05368,R 1200 R
BIKE_05369,Z 900
BIKE_05370,996
BIKE_05371,Cb 650
BIKE_05372,Burgman 400
BIKE_05373,Streetfighter
BIKE_05374,Versys 1000
BIKE_05375,Scrambler
BIKE_05376,Black X-Max
BIKE_05377,Agility 150
BIKE_05378,R 1250 Gs
BIKE_05379,Tiger Sport
BIKE_05380,Cbr 250
BIKE_05381,Cbr 250
BIKE_05382,Cbr 250
BIKE_05383,Fat Boy
BIKE_05384,Monster 796
BIKE_05385,Monster 796
BIKE_05386,Monster 796
BIKE_05387,R 50
BIKE_05388,R 1200 Gs
BIKE_05389,Dyna Fat Bob
BIKE_05390,
BIKE_05391,Agusta Brutale 675
BIKE_05392,F 800 Gt
BIKE_05393,Soco Cux
BIKE_05394,Street Triple R
BIKE_05395,Rsv4
BIKE_05396,Heritage Softail
BIKE_05397,Xsr 900
BIKE_05398,W 800
BIKE_05399,Downtown 300I
BIKE_05400,Cb 1000
BIKE_05401,R 1250 Rt
BIKE_05402,900 Z1
BIKE_05403,900 Z1
BIKE_05404,900 Z1
BIKE_05405,
BIKE_05406,R 1200 Gs Adventure
BIKE_05407,Gt 550
BIKE_05408,Cbr 125
BIKE_05409,Crf 1000
BIKE_05410,
BIKE_05411,R 1200 Gs
BIKE_05412,R 1250 Rt
BIKE_05413,Outlaw
BIKE_05414,S 1000 Rr
BIKE_05415,Fat Boy
BIKE_05416,Sportster 883
BIKE_05417,Tmax 530
BIKE_05418,Two Fifty
BIKE_05419,C Evolution
BIKE_05420,Gsx-R 1000
BIKE_05421,C Evolution
BIKE_05422,Chief
BIKE_05423,Rocket Iii Touring
BIKE_05424,Am Spyder F3-S
BIKE_05425,Z 800
BIKE_05426,Cb 650
BIKE_05427,Z 900
BIKE_05428,Ranger
BIKE_05429,R 1200 Gs
BIKE_05430,R 1200 Gs
BIKE_05431,Cmx 500
BIKE_05432,
BIKE_05433,Gold Wing
BIKE_05434,Street Scrambler
BIKE_05435,Cvo Limited
BIKE_05436,Cbf 125
BIKE_05437,Multistrada 1260
BIKE_05438,Rs 660
BIKE_05439,Dyna Super Glide
BIKE_05440,Z 1000
BIKE_05441,1098
BIKE_05442,1098
BIKE_05443,1098
BIKE_05444,F 900 R
BIKE_05445,Zip 25
BIKE_05446,Flipper
BIKE_05447,Flipper
BIKE_05448,Flipper
BIKE_05449,Ninja 650
BIKE_05450,Agility 125
BIKE_05451,R 1200 Gs
BIKE_05452,Dyna Street Bob
BIKE_05453,Gts 300
BIKE_05454,Gts 300
BIKE_05455,Gts 300
BIKE_05456,Moto
BIKE_05457,Cmx 500
BIKE_05458,1290 Super Adventure
BIKE_05459,Electra Glide
BIKE_05460,Xvs 1100
BIKE_05461,Xb 12
BIKE_05462,Gl 1800
BIKE_05463,Guzzi V 7
BIKE_05464,1050 Adventure
BIKE_05465,
BIKE_05466,Cb 1000
BIKE_05467,1290 Super Adventure
BIKE_05468,Z 900
BIKE_05469,F 800 Gs
BIKE_05470,Cbf 125
BIKE_05471,
BIKE_05472,Xt 1200
BIKE_05473,R 1200 R
BIKE_05474,R 1200 Gs Lc
BIKE_05475,
BIKE_05476,Gsr 750
BIKE_05477,Electric
BIKE_05478,Dr 800
BIKE_05479,Tiger 800
BIKE_05480,V-Rod
BIKE_05481,390 Adventure
BIKE_05482,390 Adventure
BIKE_05483,390 Adventure
BIKE_05484,R Ninet
BIKE_05485,Crf 1000
BIKE_05486,Gold Wing
BIKE_05487,Softail
BIKE_05488,999
BIKE_05489,Dorsoduro
BIKE_05490,F 800 Gs
BIKE_05491,
BIKE_05492,Fc 350
BIKE_05493,Pcx 125
BIKE_05494,Agusta F4 1000
BIKE_05495,Medley 125
BIKE_05496,F 850 Gs
BIKE_05497,Road King
BIKE_05498,Versys 650
BIKE_05499,Fly 50
BIKE_05500,Fly 50
BIKE_05501,Fly 50
BIKE_05502,R 1200 Gs
BIKE_05503,Sw-T 400
BIKE_05504,Nsc 50 R
BIKE_05505,Nsc 50 R
BIKE_05506,Nsc 50 R
BIKE_05507,Street Glide
BIKE_05508,Tmax 530
BIKE_05509,Blade 550
BIKE_05510,Z 900
BIKE_05511,Tmax 560
BIKE_05512,Moto Grs 125
BIKE_05513,
BIKE_05514,S 1000 Xr
BIKE_05515,Mp3 500
BIKE_05516,Xsr 700
BIKE_05517,R 1200 Gs Adventure
BIKE_05518,Heritage Softail
BIKE_05519,Yzf-R6
BIKE_05520,R 80
BIKE_05521,0.5
BIKE_05522,Custom Bike
BIKE_05523,
BIKE_05524,
BIKE_05525,
BIKE_05526,Wr 125
BIKE_05527,Wr 125
BIKE_05528,Wr 125
BIKE_05529,Sportster 1200
BIKE_05530,Sprint
BIKE_05531,Niken
BIKE_05532,Fat Boy
BIKE_05533,Speed Twin
BIKE_05534,F 850 Gs
BIKE_05535,
BIKE_05536,Monkey Zb 50
BIKE_05537,R 1200 R
BIKE_05538,Tiger 800
BIKE_05539,F 900 Xr
BIKE_05540,Fat Boy
BIKE_05541,Tmax 530
BIKE_05542,R 1200 Gs Adventure
BIKE_05543,
BIKE_05544,
BIKE_05545,R 1200 Gs
BIKE_05546,Road King
BIKE_05547,F 750 Gs
BIKE_05548,Tiger 800
BIKE_05549,Superlow
BIKE_05550,Superlow
BIKE_05551,Superlow
BIKE_05552,R18
BIKE_05553,
BIKE_05554,Panigale V4
BIKE_05555,
BIKE_05556,R 100
BIKE_05557,
BIKE_05558,C 650
BIKE_05559,Dyna Fat Bob
BIKE_05560,Softail
BIKE_05561,Niken
BIKE_05562,Cbr 500 R
BIKE_05563,Tiger Explorer
BIKE_05564,1199 Panigale
BIKE_05565,Xv 1600
BIKE_05566,1190Rx
BIKE_05567,1190Rx
BIKE_05568,1190Rx
BIKE_05569,Ninja Zx-6R
BIKE_05570,Scrambler
BIKE_05571,Custom Bike
BIKE_05572,Agusta F4 1078
BIKE_05573,Multistrada 950
BIKE_05574,Multistrada 950
BIKE_05575,Multistrada 950
BIKE_05576,R Ninet
BIKE_05577,R 1200 C Independent
BIKE_05578,
BIKE_05579,Multistrada 1200
BIKE_05580,Z 1000
BIKE_05581,Yzf-R1
BIKE_05582,Dyna Super Glide
BIKE_05583,Cbr 1000
BIKE_05584,F 800 Gs Adventure
BIKE_05585,Nc 750
BIKE_05586,Scrambler
BIKE_05587,Tiger 1050
BIKE_05588,
BIKE_05589,Hypermotard 939
BIKE_05590,F 800 R
BIKE_05591,R 1200 Gs
BIKE_05592,F 800 Gs
BIKE_05593,Cbr 1000
BIKE_05594,Street Scrambler
BIKE_05595,K 1600 Gt
BIKE_05596,Tracer 900
BIKE_05597,Guzzi V 7
BIKE_05598,X-Adv
BIKE_05599,Softail
BIKE_05600,Versys 650
BIKE_05601,K 100
BIKE_05602,S 1000 R
BIKE_05603,Cb 750
BIKE_05604,Tracer 900
BIKE_05605,Ninja 250 R
BIKE_05606,Ninja 250 R
BIKE_05607,Ninja 250 R
BIKE_05608,790 Duke
BIKE_05609,Crf 1100
BIKE_05610,Heritage Softail
BIKE_05611,
BIKE_05612,R 1200 Gs
BIKE_05613,Sportster Forty Eight
BIKE_05614,Sportster Forty Eight
BIKE_05615,Cb 1000
BIKE_05616,Sportster 1200
BIKE_05617,Multistrada 1200
BIKE_05618,Aerox
BIKE_05619,1290 Super Adventure
BIKE_05620,R 1200 Gs
BIKE_05621,R 1250 Gs
BIKE_05622,
BIKE_05623,Tmax 530
BIKE_05624,Morini Corsaro 125
BIKE_05625,R 1250 Gs Adventure
BIKE_05626,Softail
BIKE_05627,Agusta Dragster
BIKE_05628,
BIKE_05629,Guzzi California
BIKE_05630,Tracer 900
BIKE_05631,Fat Boy
BIKE_05632,990 Supermoto
BIKE_05633,R 1200
BIKE_05634,R 1200 Gs
BIKE_05635,Tlr 200
BIKE_05636,Supermoto 125
BIKE_05637,1190 Adventure
BIKE_05638,R 1250 R
BIKE_05639,Gts 250
BIKE_05640,Gts 250
BIKE_05641,Gts 250
BIKE_05642,Ak 550
BIKE_05643,999
BIKE_05644,
BIKE_05645,Zero Dsr
BIKE_05646,Neos 50
BIKE_05647,Cb 1100
BIKE_05648,Agusta Turismo Veloce 800
BIKE_05649,Agusta Brutale 920
BIKE_05650,F 800 Gs
BIKE_05651,Xl 883
BIKE_05652,Moto Cforce 625
BIKE_05653,R Ninet
BIKE_05654,
BIKE_05655,R 1200 Gs
BIKE_05656,Xl 1200
BIKE_05657,Cbr 1000
BIKE_05658,Road King
BIKE_05659,Monster 1200
BIKE_05660,Ctx 1300
BIKE_05661,Ctx 1300
BIKE_05662,Ctx 1300
BIKE_05663,Heritage Softail
BIKE_05664,752 S
BIKE_05665,Guzzi 1200 Sport
BIKE_05666,Maxsym 400I
BIKE_05667,R 1200 Gs
BIKE_05668,Ak 550
BIKE_05669,Agusta Dragster
BIKE_05670,Tri Glide
BIKE_05671,Tri Glide
BIKE_05672,Tri Glide
BIKE_05673,F 800 Gs
BIKE_05674,Gsr 750
BIKE_05675,S 1000 R
BIKE_05676,Caponord 1200
BIKE_05677,Guzzi Bellagio
BIKE_05678,Primavera
BIKE_05679,Xtz 1200
BIKE_05680,Street Triple 675
BIKE_05681,C Evolution
BIKE_05682,Tmax 560
BIKE_05683,Dyna Super Glide
BIKE_05684,Xsr 700
BIKE_05685,Monster 1200
BIKE_05686,Softail
BIKE_05687,Scarabeo
BIKE_05688,Z 650
BIKE_05689,Ns 400
BIKE_05690,Katana 1000
BIKE_05691,Katana 1000
BIKE_05692,Katana 1000
BIKE_05693,Diavel
BIKE_05694,Tricity
BIKE_05695,Futura One
BIKE_05696,V-Strom 1050
BIKE_05697,F 900 R
BIKE_05698,F 750 Gs
BIKE_05699,1290 Super Adventure
BIKE_05700,Vx-2
BIKE_05701,Guzzi Falcone
BIKE_05702,1290 Super Duke R
BIKE_05703,Scrambler
BIKE_05704,Yzf-R1
BIKE_05705,Multistrada 1200
BIKE_05706,F 850 Gs
BIKE_05707,
BIKE_05708,1290 Super Duke Gt
BIKE_05709,Crf 1000
BIKE_05710,Pcx 125
BIKE_05711,Ninja H2
BIKE_05712,Nrx 1800
BIKE_05713,250 Enduro
BIKE_05714,C 650
BIKE_05715,
BIKE_05716,Crf 1000
BIKE_05717,Liberty 150
BIKE_05718,Road Glide
BIKE_05719,390 Adventure
BIKE_05720,390 Adventure
BIKE_05721,390 Adventure
BIKE_05722,C 650 Gt
BIKE_05723,1299 Superleggera
BIKE_05724,
BIKE_05725,Road Glide
BIKE_05726,Night Rod
BIKE_05727,Ninja Zx-6R
BIKE_05728,1200 Custom
BIKE_05729,
BIKE_05730,
BIKE_05731,
BIKE_05732,F 800 Gs Adventure
BIKE_05733,Multistrada 1260
BIKE_05734,790 Duke
BIKE_05735,Sportster 1200
BIKE_05736,K 1600
BIKE_05737,Panigale V4
BIKE_05738,Tiger 800
BIKE_05739,Tiger 1050
BIKE_05740,Vn 900
BIKE_05741,Cbr 1000
BIKE_05742,Rc 125
BIKE_05743,R 1200 Gs
BIKE_05744,Xtz 1200
BIKE_05745,
BIKE_05746,Nz 500
BIKE_05747,Street Glide
BIKE_05748,
BIKE_05749,Street Twin
BIKE_05750,Dyna Wide Glide
BIKE_05751,Bonneville T100
BIKE_05752,Agility 200
BIKE_05753,
BIKE_05754,Fe 450
BIKE_05755,8-Ball
BIKE_05756,Streetfighter
BIKE_05757,Fjr 1300
BIKE_05758,
BIKE_05759,
BIKE_05760,Nc 750
BIKE_05761,Wla
BIKE_05762,Wla
BIKE_05763,Wla
BIKE_05764,Fz 8
BIKE_05765,Ak 550
BIKE_05766,C 400 X
BIKE_05767,Mt-09
BIKE_05768,Agility 125
BIKE_05769,Mt-07
BIKE_05770,
BIKE_05771,Sportster Forty Eight
BIKE_05772,Mt-09
BIKE_05773,
BIKE_05774,R 1250 R
BIKE_05775,Agility 125
BIKE_05776,Z 900
BIKE_05777,Vn 1700
BIKE_05778,R 1200 Gs
BIKE_05779,C Evolution
BIKE_05780,Agility 125
BIKE_05781,
BIKE_05782,Gsx-R 125
BIKE_05783,Z 900
BIKE_05784,Yxz 1000
BIKE_05785,R Ninet
BIKE_05786,Crosstourer
BIKE_05787,Heritage Softail
BIKE_05788,
BIKE_05789,
BIKE_05790,Road King
BIKE_05791,Fjr 1300
BIKE_05792,Tuono
BIKE_05793,Dyna Low Rider
BIKE_05794,R 1200 R
BIKE_05795,R 1200 Rt
BIKE_05796,Yzf-R1
BIKE_05797,Primavera 50
BIKE_05798,Thunderbird Storm
BIKE_05799,Thunderbird Storm
BIKE_05800,Thunderbird Storm
BIKE_05801,1190 Adventure
BIKE_05802,Speed Triple R
BIKE_05803,Street Glide
BIKE_05804,Soco Cux
BIKE_05805,K 1200
BIKE_05806,Cbr 600
BIKE_05807,K 1600 Gt
BIKE_05808,F 850 Gs
BIKE_05809,X-Adv
BIKE_05810,Electra Glide
BIKE_05811,R Ninet
BIKE_05812,Kb 3
BIKE_05813,Ninja H2
BIKE_05814,Kle 500
BIKE_05815,St 1300
BIKE_05816,Zip 50
BIKE_05817,Tmax Dx
BIKE_05818,Es3
BIKE_05819,Mp3 400
BIKE_05820,Mp3 400
BIKE_05821,Mp3 400
BIKE_05822,1290 Super Duke R
BIKE_05823,Fireblade
BIKE_05824,Monster 797
BIKE_05825,Monster 797
BIKE_05826,Monster 797
BIKE_05827,Vfr 1200
BIKE_05828,S 1000 Xr
BIKE_05829,F 650 St
BIKE_05830,Sportster Xl 883
BIKE_05831,Softail
BIKE_05832,V-Strom 1000
BIKE_05833,Sportster 1200
BIKE_05834,R 1200 Gs Lc
BIKE_05835,Pcx 125
BIKE_05836,S 1000 R
BIKE_05837,1190Rx
BIKE_05838,1190Rx
BIKE_05839,1190Rx
BIKE_05840,Z1000 Sx
BIKE_05841,Jet 14
BIKE_05842,Dn-01
BIKE_05843,Dn-01
BIKE_05844,Dn-01
BIKE_05845,Tiger 800
BIKE_05846,Cbr 500 R
BIKE_05847,Tiger Explorer
BIKE_05848,Multistrada 1260
BIKE_05849,Xl 1200
BIKE_05850,750 F1
BIKE_05851,Ninja 650
BIKE_05852,300R
BIKE_05853,Vt 1300
BIKE_05854,Vt 1300
BIKE_05855,Vt 1300
BIKE_05856,S 1000 Xr
BIKE_05857,
BIKE_05858,Agility 200
BIKE_05859,Rocket Iii Roadster
BIKE_05860,Zip 50
BIKE_05861,Integra
BIKE_05862,
BIKE_05863,Mt-09
BIKE_05864,Gsx-S 1000
BIKE_05865,Ak 550
BIKE_05866,Road Glide
BIKE_05867,
BIKE_05868,Sh 150
BIKE_05869,Imperiale
BIKE_05870,Nc 750
BIKE_05871,Mt-10
BIKE_05872,Speed Triple R
BIKE_05873,C 400 X
BIKE_05874,R 1200 Rt
BIKE_05875,690 Enduro
BIKE_05876,690 Enduro
BIKE_05877,690 Enduro
BIKE_05878,Tmax Sx
BIKE_05879,Rsv4
BIKE_05880,Guzzi V 9
BIKE_05881,Z1000 Sx
BIKE_05882,Monster 1100
BIKE_05883,Z 1000
BIKE_05884,Utv
BIKE_05885,K 1600 B
BIKE_05886,K 1600 B
BIKE_05887,K 1600 B
BIKE_05888,F 800 Gt
BIKE_05889,Mp3 Lt
BIKE_05890,Burgman 650
BIKE_05891,Fjr 1300
BIKE_05892,K 1600
BIKE_05893,F 800 R
BIKE_05894,
BIKE_05895,R 1200 Gs Adventure
BIKE_05896,
BIKE_05897,
BIKE_05898,Tuono
BIKE_05899,
BIKE_05900,1290 Super Duke R
BIKE_05901,Street 750
BIKE_05902,K 1600 Gt
BIKE_05903,Yzf-R1
BIKE_05904,Cbr 1000
BIKE_05905,
BIKE_05906,Multistrada 950
BIKE_05907,Multistrada 950
BIKE_05908,Multistrada 950
BIKE_05909,Road King
BIKE_05910,R 1200 Gs
BIKE_05911,R 1200 Gs
BIKE_05912,
BIKE_05913,
BIKE_05914,1199 Panigale
BIKE_05915,Katana 1000
BIKE_05916,Katana 1000
BIKE_05917,Katana 1000
BIKE_05918,Tiger Explorer
BIKE_05919,Tmax 560
BIKE_05920,Tiger Explorer
BIKE_05921,Mp3 125
BIKE_05922,Multistrada 1200
BIKE_05923,Liberty 50
BIKE_05924,Vzr 1800
BIKE_05925,Crf 1100
BIKE_05926,
BIKE_05927,Crf 1000
BIKE_05928,Sportster Forty Eight
BIKE_05929,Thunderbird Sport
BIKE_05930,Scrambler
BIKE_05931,1190 Adventure
BIKE_05932,Liberty 150
BIKE_05933,Cross Country Cory Ness
BIKE_05934,Rocket Iii Roadster
BIKE_05935,Agusta F3
BIKE_05936,F 800 Gs
BIKE_05937,K 1300
BIKE_05938,Z1000 Sx
BIKE_05939,Agility 125
BIKE_05940,
BIKE_05941,S 1000 Rr
BIKE_05942,Cr 500
BIKE_05943,Guzzi V 7
BIKE_05944,Tiger 800
BIKE_05945,R 1200 R
BIKE_05946,Versys 1000
BIKE_05947,200 Duke
BIKE_05948,990 Supermoto
BIKE_05949,Mxu 700
BIKE_05950,Cvo Limited
BIKE_05951,R 1200 Gs Lc
BIKE_05952,Moto Cforce 450
BIKE_05953,Hypermotard 821
BIKE_05954,Hypermotard 821
BIKE_05955,Hypermotard 821
BIKE_05956,Yzf-R6
BIKE_05957,Freewing F.I.
BIKE_05958,Scout
BIKE_05959,X1
BIKE_05960,Z1000 Sx
BIKE_05961,R 80 Gs
BIKE_05962,Gsx-S 1000
BIKE_05963,Cre Baja
BIKE_05964,Cre Baja
BIKE_05965,Cre Baja
BIKE_05966,Electra Glide
BIKE_05967,
BIKE_05968,Agility 150
BIKE_05969,Uxv 450
BIKE_05970,V-Strom 650
BIKE_05971,R 1200 Gs
BIKE_05972,Monster 1200
BIKE_05973,K 1600 Gt
BIKE_05974,
BIKE_05975,Liberty 125
BIKE_05976,Nrg 50
BIKE_05977,Versys 650
BIKE_05978,Aerox
BIKE_05979,X-Adv
BIKE_05980,Sportster
BIKE_05981,Guzzi California 1100
BIKE_05982,Symphony 125
BIKE_05983,Boulevard 25/50
BIKE_05984,Vn 900
BIKE_05985,Crf 1000
BIKE_05986,Moto Cforce 820
BIKE_05987,Moto Cforce 820
BIKE_05988,Moto Cforce 820
BIKE_05989,Gsx-S 1000
BIKE_05990,Cbr 1000
BIKE_05991,Trk 502
BIKE_05992,Cbr 500 R
BIKE_05993,Xdiavel
BIKE_05994,Niken
BIKE_05995,Ninja H2
BIKE_05996,Z 1000
BIKE_05997,X 10
BIKE_05998,X 10
BIKE_05999,X 10
BIKE_06000,Ninja 650
BIKE_06001,Z 900
BIKE_06002,Fat Boy
BIKE_06003,1290 Super Adventure
BIKE_06004,Bn 302
BIKE_06005,Bn 302
BIKE_06006,Bn 302
BIKE_06007,Symphony 50
BIKE_06008,Symphony 50
BIKE_06009,Symphony 50
BIKE_06010,1290 Super Adventure
BIKE_06011,K 1300 Gt
BIKE_06012,Dyna Wide Glide
BIKE_06013,Dyna Street Bob
BIKE_06014,Vrsc Night Rod
BIKE_06015,Cb 125
BIKE_06016,848
BIKE_06017,848
BIKE_06018,848
BIKE_06019,Scrambler
BIKE_06020,X-Max 125
BIKE_06021,R 1200 Gs
BIKE_06022,Beverly 300
BIKE_06023,Agusta
BIKE_06024,Ultra Limited
BIKE_06025,R 75/6
BIKE_06026,Niken
BIKE_06027,Daystar F.I.
BIKE_06028,
BIKE_06029,Ninja 650
BIKE_06030,Softail
BIKE_06031,
BIKE_06032,Guzzi California 1400
BIKE_06033,Tracer 900
BIKE_06034,
BIKE_06035,R 1200 Gs
BIKE_06036,F 900 R
BIKE_06037,Road King
BIKE_06038,Crossrunner
BIKE_06039,Downtown 300I
BIKE_06040,Monster 821
BIKE_06041,Z 800
BIKE_06042,690 Smc
BIKE_06043,690 Smc
BIKE_06044,690 Smc
BIKE_06045,Gsx 1300
BIKE_06046,Tracer 900
BIKE_06047,Moto Cforce 1000
BIKE_06048,Monster 1200
BIKE_06049,Xciting 300I
BIKE_06050,Multistrada 1200
BIKE_06051,R 1200 Gs
BIKE_06052,Like 200I
BIKE_06053,K 1300 S
BIKE_06054,F 700 Gs
BIKE_06055,Mt-10
BIKE_06056,Gsx-S 1000
BIKE_06057,Tiger 900
BIKE_06058,R 1200 Gs Adventure
BIKE_06059,Electra Glide
BIKE_06060,890 Duke
BIKE_06061,890 Duke
BIKE_06062,890 Duke
BIKE_06063,Tmax Sx
BIKE_06064,R 1200 C
BIKE_06065,Liberty 150
BIKE_06066,S 1000 Rr
BIKE_06067,Guzzi Sport 15
BIKE_06068,Thruxton
BIKE_06069,Sh 125
BIKE_06070,Z 1000
BIKE_06071,R 1200 Gs
BIKE_06072,X-Adv
BIKE_06073,Mrt Sm
BIKE_06074,W 800
BIKE_06075,Cb 750
BIKE_06076,1000 Sport
BIKE_06077,Softail
BIKE_06078,Scr 950
BIKE_06079,
BIKE_06080,
BIKE_06081,High-Ball
BIKE_06082,Iron 883
BIKE_06083,V Moto
BIKE_06084,S 1000 Rr
BIKE_06085,Raptor 1000
BIKE_06086,851
BIKE_06087,851
BIKE_06088,851
BIKE_06089,Gl 1800
BIKE_06090,Xr 500
BIKE_06091,Vn 2000
BIKE_06092,Vn 2000
BIKE_06093,Vn 2000
BIKE_06094,Sportster Forty Eight
BIKE_06095,R 1250 Rs
BIKE_06096,Electra Glide
BIKE_06097,Gsx-S 1000
BIKE_06098,R 1200 Gs Lc
BIKE_06099,S 1000 Xr
BIKE_06100,Liberty 125
BIKE_06101,R 1200 Gs
BIKE_06102,
BIKE_06103,Hayabusa
BIKE_06104,Vl 800
BIKE_06105,Sportster 883
BIKE_06106,Softail
BIKE_06107,
BIKE_06108,Mp3 250
BIKE_06109,R 1200 Gs Lc
BIKE_06110,Multistrada 1200
BIKE_06111,1190 Adventure
BIKE_06112,R 1200 Gs
BIKE_06113,Nmax
BIKE_06114,Versys 650
BIKE_06115,R Ninet
BIKE_06116,S 1000 Rr
BIKE_06117,Cb 1100
BIKE_06118,
BIKE_06119,Cross Roads
BIKE_06120,Zero Fxs
BIKE_06121,
BIKE_06122,Z 900
BIKE_06123,Panigale V4
BIKE_06124,Gs 160
BIKE_06125,Agusta Rivale 800
BIKE_06126,Supersport
BIKE_06127,Shiver 750
BIKE_06128,R 1250 Rt
BIKE_06129,Cat 1000
BIKE_06130,
BIKE_06131,Guzzi Griso 1200
BIKE_06132,Mt-09
BIKE_06133,R Ninet
BIKE_06134,People Gti
BIKE_06135,People Gti
BIKE_06136,People Gti
BIKE_06137,Downtown 300I
BIKE_06138,
BIKE_06139,Bonneville America
BIKE_06140,Bonneville America
BIKE_06141,Bonneville America
BIKE_06142,Bonneville Newchurch
BIKE_06143,R 1150 Gs Adventure
BIKE_06144,
BIKE_06145,Tx 750
BIKE_06146,Dyna Street Bob
BIKE_06147,S 1000 R
BIKE_06148,
BIKE_06149,F 800 Gs Adventure
BIKE_06150,C 650
BIKE_06151,Multistrada 1200
BIKE_06152,R 1200 Gs Adventure
BIKE_06153,Integra
BIKE_06154,R 1200 Gs Adventure
BIKE_06155,K 1300 R
BIKE_06156,Ténéré 700
BIKE_06157,
BIKE_06158,Crf 1100
BIKE_06159,Street Triple 765
BIKE_06160,R 1250 Gs
BIKE_06161,Downtown 300I
BIKE_06162,R Ninet
BIKE_06163,V-Strom 650
BIKE_06164,S 50
BIKE_06165,S 50
BIKE_06166,S 50
BIKE_06167,Sportster
BIKE_06168,Sportster Xl 883
BIKE_06169,R Ninet
BIKE_06170,S 1000 Xr
BIKE_06171,R 1250 Rt
BIKE_06172,Beverly 400
BIKE_06173,Nc 750
BIKE_06174,
BIKE_06175,
BIKE_06176,Fe 350
BIKE_06177,Trophy
BIKE_06178,Fjr 1300
BIKE_06179,Thunderbird Lt
BIKE_06180,Thunderbird Lt
BIKE_06181,Thunderbird Lt
BIKE_06182,Agusta Brutale 800
BIKE_06183,
BIKE_06184,150 Gs
BIKE_06185,V-Strom 1000
BIKE_06186,Tmax 530
BIKE_06187,S 1000 Rr
BIKE_06188,F 850 Gs
BIKE_06189,
BIKE_06190,Crf 1100
BIKE_06191,Ak 550
BIKE_06192,Scrambler
BIKE_06193,X-Max 125
BIKE_06194,Scrambler
BIKE_06195,Agusta Dragster
BIKE_06196,R 1200 R
BIKE_06197,
BIKE_06198,Tmax Sx
BIKE_06199,K 1600 B
BIKE_06200,K 1600 B
BIKE_06201,K 1600 B
BIKE_06202,Xv 125
BIKE_06203,Street Triple Rx
BIKE_06204,Street Triple Rx
BIKE_06205,Street Triple Rx
BIKE_06206,Agility 50
BIKE_06207,Rs 660
BIKE_06208,Monster S4R
BIKE_06209,Monster S4R
BIKE_06210,Monster S4R
BIKE_06211,Ninja Zx-6R
BIKE_06212,Mp3 500
BIKE_06213,V-Strom 650
BIKE_06214,R 1200 Gs Adventure
BIKE_06215,Vfr 1200
BIKE_06216,Cvo Breakout
BIKE_06217,Agility 200
BIKE_06218,
BIKE_06219,R Ninet
BIKE_06220,Gsx-S 750
BIKE_06221,F 750 Gs
BIKE_06222,Gsx-R 600
BIKE_06223,Xt 1200
BIKE_06224,Rocket Iii Roadster
BIKE_06225,
BIKE_06226,R 1200 Rt
BIKE_06227,R Ninet
BIKE_06228,Retro
BIKE_06229,Retro
BIKE_06230,Retro
BIKE_06231,Sportster Xl 883
BIKE_06232,R 1250 Gs
BIKE_06233,Ak 550
BIKE_06234,Z 1000
BIKE_06235,Xvz 1300
BIKE_06236,Panigale V4
BIKE_06237,R 1200 Gs Adventure
BIKE_06238,1290 Super Adventure
BIKE_06239,1290 Super Adventure
BIKE_06240,Cb 1000
BIKE_06241,Raptor 700
BIKE_06242,Tracer 700
BIKE_06243,Tmax 530
BIKE_06244,Sportster
BIKE_06245,People Gt300I
BIKE_06246,1198
BIKE_06247,
BIKE_06248,
BIKE_06249,
BIKE_06250,701 Supermoto
BIKE_06251,Softail
BIKE_06252,Vl 1500
BIKE_06253,Vl 1500
BIKE_06254,Vl 1500
BIKE_06255,R 1200 Gs Adventure
BIKE_06256,Tx 750
BIKE_06257,250 Exc
BIKE_06258,250 Exc
BIKE_06259,250 Exc
BIKE_06260,Elettrica
BIKE_06261,1290 Super Duke Gt
BIKE_06262,Qooder
BIKE_06263,B King
BIKE_06264,Integra
BIKE_06265,Dog K-9
BIKE_06266,Tiger 1050
BIKE_06267,Xl 1200
BIKE_06268,
BIKE_06269,Z 900
BIKE_06270,Monster 1200
BIKE_06271,Z 800
BIKE_06272,50
BIKE_06273,X-Max 400
BIKE_06274,Tiger Explorer
BIKE_06275,Xsr 700
BIKE_06276,Z 1000
BIKE_06277,Agusta F4 750
BIKE_06278,Gold Wing
BIKE_06279,Monster 821
BIKE_06280,Mp3 500
BIKE_06281,S 1000 R
BIKE_06282,Tiger 1200
BIKE_06283,Bonneville Bobber
BIKE_06284,R Ninet
BIKE_06285,Z 900
BIKE_06286,Tiger 1050
BIKE_06287,Aragon 50
BIKE_06288,
BIKE_06289,450 Exc
BIKE_06290,Like 50
BIKE_06291,R Ninet
BIKE_06292,Agusta Brutale 1090
BIKE_06293,S 1000 Rr
BIKE_06294,F 900 R
BIKE_06295,Gsx-R 1000
BIKE_06296,Cb 125
BIKE_06297,Am
BIKE_06298,Am
BIKE_06299,Am
BIKE_06300,Softail
BIKE_06301,R Ninet
BIKE_06302,Joymax 125I
BIKE_06303,Joymax 125I
BIKE_06304,Joymax 125I
BIKE_06305,750
BIKE_06306,750
BIKE_06307,750
BIKE_06308,Ak 550
BIKE_06309,Inazuma 250
BIKE_06310,Inazuma 250
BIKE_06311,Inazuma 250
BIKE_06312,R 1200 R Classic
BIKE_06313,Rocker C
BIKE_06314,Xt 1200
BIKE_06315,390 Duke
BIKE_06316,R 1200 R
BIKE_06317,Rsv4
BIKE_06318,F 800 R
BIKE_06319,Gold Wing
BIKE_06320,Crf 1100
BIKE_06321,Softail
BIKE_06322,Agility 50
BIKE_06323,C 650
BIKE_06324,Vs 125
BIKE_06325,Vs 125
BIKE_06326,Vs 125
BIKE_06327,Tracer 700
BIKE_06328,Elettrica
BIKE_06329,Trike Highway
BIKE_06330,R 1200 Rs
BIKE_06331,Gsx-S 750
BIKE_06332,390 Duke
BIKE_06333,Rocker C
BIKE_06334,
BIKE_06335,Sportster 1200
BIKE_06336,Street Rod
BIKE_06337,Street Rod
BIKE_06338,Street Rod
BIKE_06339,Dyna Super Glide
BIKE_06340,Gl 1500
BIKE_06341,Pcx 125
BIKE_06342,Forza 300
BIKE_06343,Cb 500
BIKE_06344,G 650 Gs
BIKE_06345,K 1200 S
BIKE_06346,K 1200 S
BIKE_06347,K 1200 S
BIKE_06348,Tmax 530
BIKE_06349,Z 900
BIKE_06350,Cb 1000
BIKE_06351,Bonneville T120
BIKE_06352,Tracer 700
BIKE_06353,Agility 50
BIKE_06354,Hs4
BIKE_06355,R 1250 Rt
BIKE_06356,Sportster 883
BIKE_06357,Sh 150
BIKE_06358,R 1200 R
BIKE_06359,S 1000 Xr
BIKE_06360,Am Outlander
BIKE_06361,B King
BIKE_06362,R 1200 C Montauk
BIKE_06363,R 1200 C Montauk
BIKE_06364,R 1200 C Montauk
BIKE_06365,Multistrada 1200
BIKE_06366,Hayabusa
BIKE_06367,
BIKE_06368,F 900 Xr
BIKE_06369,Moto 650 Mt
BIKE_06370,S 1000 Rr
BIKE_06371,Xsr 900
BIKE_06372,Cbr 1000
BIKE_06373,Guzzi
BIKE_06374,S 1000 Xr
BIKE_06375,R 1200 Rt
BIKE_06376,Mt-09
BIKE_06377,Rs 125
BIKE_06378,Es3
BIKE_06379,F 800 Gs
BIKE_06380,K 1300 R
BIKE_06381,1198
BIKE_06382,Cbr 600
BIKE_06383,Thruxton
BIKE_06384,1000 Gt
BIKE_06385,W 800
BIKE_06386,F 800 R
BIKE_06387,Integra
BIKE_06388,
BIKE_06389,Heritage Softail
BIKE_06390,Memory
BIKE_06391,Electra Glide
BIKE_06392,S 1000 Xr
BIKE_06393,Ys 125
BIKE_06394,Ys 125
BIKE_06395,Ys 125
BIKE_06396,Street Twin
BIKE_06397,Hypermotard 1100
BIKE_06398,Dominator
BIKE_06399,R 1200 Gs
BIKE_06400,W 800
BIKE_06401,S 1000 Rr
BIKE_06402,Street Twin
BIKE_06403,K 1600 Gtl
BIKE_06404,St 1100
BIKE_06405,Z 900
BIKE_06406,Diavel
BIKE_06407,X-Max 250
BIKE_06408,R 1200 Gs
BIKE_06409,Cbr 1000
BIKE_06410,Vrsc V-Rod
BIKE_06411,Tracer 900
BIKE_06412,Sportster Forty Eight
BIKE_06413,Cb 500
BIKE_06414,Pulsar 135
BIKE_06415,Cbr 600
BIKE_06416,Z 900
BIKE_06417,Tiger 800
BIKE_06418,Agusta Brutale 800
BIKE_06419,Bonneville T120
BIKE_06420,F 6 C
BIKE_06421,Ténéré 700
BIKE_06422,X-Adv
BIKE_06423,R 1200 Gs
BIKE_06424,F 800 Gs
BIKE_06425,Xjr 1200
BIKE_06426,Am Outlander
BIKE_06427,R 1200 Gs
BIKE_06428,Xl 883
BIKE_06429,Cb 1000
BIKE_06430,Vrsc Night Rod
BIKE_06431,Z H2
BIKE_06432,R 1200 Gs Adventure
BIKE_06433,Cb 1000
BIKE_06434,
BIKE_06435,
BIKE_06436,Daytona 675
BIKE_06437,Yzf-R125
BIKE_06438,Rocket Iii Touring
BIKE_06439,Dyna Street Bob
BIKE_06440,Gl 1500
BIKE_06441,Beverly 125
BIKE_06442,C Evolution
BIKE_06443,Hypermotard 939
BIKE_06444,People Gt300I
BIKE_06445,Bonneville Spirit
BIKE_06446,350 Exc
BIKE_06447,Vulcan S
BIKE_06448,Scarabeo
BIKE_06449,Bonneville T120
BIKE_06450,R Ninet
BIKE_06451,Bonneville Bobber
BIKE_06452,Tuono
BIKE_06453,Medley 125
BIKE_06454,America Lt
BIKE_06455,X-Max 125
BIKE_06456,R 1200 Gs
BIKE_06457,R 1200 Gs
BIKE_06458,Supersport
BIKE_06459,Xl 1200
BIKE_06460,Tiger 1200
BIKE_06461,Ak 550
BIKE_06462,Sr 50
BIKE_06463,Sx 50
BIKE_06464,Sx 50
BIKE_06465,Sx 50
BIKE_06466,People S 200I
BIKE_06467,People S 200I
BIKE_06468,People S 200I
BIKE_06469,R 1200 R
BIKE_06470,R 1200 Gs
BIKE_06471,1290 Super Duke R
BIKE_06472,Xt 1200
BIKE_06473,Zzr 1400
BIKE_06474,Crf 1000
BIKE_06475,Scarabeo
BIKE_06476,Yzf-R1
BIKE_06477,Cb 1000
BIKE_06478,
BIKE_06479,
BIKE_06480,
BIKE_06481,Vfr 800
BIKE_06482,Ftr 1200
BIKE_06483,Ninja 650
BIKE_06484,
BIKE_06485,
BIKE_06486,Rocker C
BIKE_06487,Versys 650
BIKE_06488,
BIKE_06489,
BIKE_06490,
BIKE_06491,1290 Super Duke Gt
BIKE_06492,Scout
BIKE_06493,Gsx-S 750
BIKE_06494,Tiger 1200
BIKE_06495,
BIKE_06496,Panhead
BIKE_06497,R 1200 Rt
BIKE_06498,Tmax Sx
BIKE_06499,Fjr 1300
BIKE_06500,Cracker 50
BIKE_06501,V-Strom 650
BIKE_06502,V-Strom 650
BIKE_06503,1290 Super Adventure
BIKE_06504,Address
BIKE_06505,R Ninet
BIKE_06506,Cb 1000
BIKE_06507,R 1200 Rt
BIKE_06508,General
BIKE_06509,C 400 X
BIKE_06510,Multistrada 1200
BIKE_06511,K 1600 Gt
BIKE_06512,F 650 Cs
BIKE_06513,Fat Boy
BIKE_06514,R 1200 Gs Adventure
BIKE_06515,J300
BIKE_06516,Pbr 125
BIKE_06517,R 1200 Rt
BIKE_06518,Vedette
BIKE_06519,Cbr 1000
BIKE_06520,
BIKE_06521,Multistrada 950
BIKE_06522,Multistrada 950
BIKE_06523,Multistrada 950
BIKE_06524,R 1200 Rt
BIKE_06525,Streetfighter
BIKE_06526,V-Strom 1000
BIKE_06527,916
BIKE_06528,Pcx 125
BIKE_06529,Guzzi 850 Le Mans
BIKE_06530,Tiger 800
BIKE_06531,F 800 Gs
BIKE_06532,Yzf-R1
BIKE_06533,K 1300
BIKE_06534,K 1300
BIKE_06535,Crf 1000
BIKE_06536,Sixteen 150
BIKE_06537,R 1250 R
BIKE_06538,Fuoco 500
BIKE_06539,St 1300
BIKE_06540,
BIKE_06541,F 800 Gt
BIKE_06542,Vfr 800
BIKE_06543,Cb 1000
BIKE_06544,1190 Adventure
BIKE_06545,Tmax 560
BIKE_06546,S 1000 Rr
BIKE_06547,300 Exc
BIKE_06548,300 Exc
BIKE_06549,300 Exc
BIKE_06550,R Ninet
BIKE_06551,Z1000 Sx
BIKE_06552,R 80
BIKE_06553,Road Glide
BIKE_06554,Sportster Xl 883
BIKE_06555,Scrambler
BIKE_06556,Tiger Explorer
BIKE_06557,Multistrada 1200
BIKE_06558,Ninja 650
BIKE_06559,Moto Cforce 820
BIKE_06560,Moto Cforce 820
BIKE_06561,Moto Cforce 820
BIKE_06562,Softail
BIKE_06563,X-Max 300
BIKE_06564,790 Duke
BIKE_06565,R 50
BIKE_06566,Iron 883
BIKE_06567,R 1200 C Montauk
BIKE_06568,R 1200 C Montauk
BIKE_06569,R 1200 C Montauk
BIKE_06570,F 750 Gs
BIKE_06571,S 1000 Rr
BIKE_06572,Gsx-S 750
BIKE_06573,Majesty 400
BIKE_06574,Agility 200
BIKE_06575,F 700 Gs
BIKE_06576,R 1200 Gs
BIKE_06577,Mt-10
BIKE_06578,Vt 1300
BIKE_06579,Vt 1300
BIKE_06580,Vt 1300
BIKE_06581,Cbr 1000
BIKE_06582,R 1200 Rt
BIKE_06583,Tmax 530
BIKE_06584,Heritage Softail
BIKE_06585,Sportster 883
BIKE_06586,Xenter 125
BIKE_06587,R 1200 Gs
BIKE_06588,Sportster Forty Eight
BIKE_06589,Yxz 1000
BIKE_06590,R 1200 Gs
BIKE_06591,
BIKE_06592,Xb 12
BIKE_06593,Dyna Street Bob
BIKE_06594,V50
BIKE_06595,V50
BIKE_06596,V50
BIKE_06597,R 1200 R
BIKE_06598,Fat Boy
BIKE_06599,Gold Wing
BIKE_06600,Fat Boy
BIKE_06601,Am
BIKE_06602,Am
BIKE_06603,Am
BIKE_06604,Tracer 700
BIKE_06605,S 1000 Xr
BIKE_06606,R 1200 Gs Adventure
BIKE_06607,S 1000 Rr
BIKE_06608,Bonneville T120
BIKE_06609,Xt 1200
BIKE_06610,Tmax 530
BIKE_06611,Chief
BIKE_06612,K 1600 Gt
BIKE_06613,Softail Slim
BIKE_06614,Cb 125
BIKE_06615,Rf1
BIKE_06616,Z 650
BIKE_06617,Road King
BIKE_06618,Mt-10
BIKE_06619,S 1000 R
BIKE_06620,
BIKE_06621,Cb 1000
BIKE_06622,Nc 750
BIKE_06623,F 900 Xr
BIKE_06624,R 1200 Gs
BIKE_06625,1290 Super Adventure
BIKE_06626,R 1200 Gs
BIKE_06627,Ybr 125
BIKE_06628,Cbf 125
BIKE_06629,Cross Country Tour
BIKE_06630,Streetfighter
BIKE_06631,Vmax
BIKE_06632,Nrg Mc3
BIKE_06633,Liberty 50
BIKE_06634,
BIKE_06635,Hs4
BIKE_06636,S 1000 Rr
BIKE_06637,
BIKE_06638,Crf 1100
BIKE_06639,
BIKE_06640,K 1600 Gt
BIKE_06641,Niken
BIKE_06642,Crf 1100
BIKE_06643,R 1200 R
BIKE_06644,Gl 1800
BIKE_06645,Nuda 900
BIKE_06646,Gl 1800
BIKE_06647,R 1250 R
BIKE_06648,
BIKE_06649,1290 Super Adventure
BIKE_06650,F 750 Gs
BIKE_06651,Gsx-R 750
BIKE_06652,Z 900
BIKE_06653,Road King
BIKE_06654,Gl 1500
BIKE_06655,W 800
BIKE_06656,
BIKE_06657,Monster 900
BIKE_06658,Monster 900
BIKE_06659,Monster 900
BIKE_06660,Mt-10
BIKE_06661,Rr Enduro
BIKE_06662,Rr Enduro
BIKE_06663,Rr Enduro
BIKE_06664,S 1000 Rr
BIKE_06665,Chieftain
BIKE_06666,Diesis 50
BIKE_06667,
BIKE_06668,Sh 350I
BIKE_06669,Street Glide
BIKE_06670,Cb 1100
BIKE_06671,Crosstourer
BIKE_06672,1290 Super Duke R
BIKE_06673,990 Adventure
BIKE_06674,Cbr 600
BIKE_06675,
BIKE_06676,C 650
BIKE_06677,Gsx-R 1100
BIKE_06678,Gsx 1300
BIKE_06679,Versys 650
BIKE_06680,F 800 Gs
BIKE_06681,
BIKE_06682,Gtr 1400
BIKE_06683,S 1000 R
BIKE_06684,Guzzi
BIKE_06685,Nc 750
BIKE_06686,Medley 125
BIKE_06687,899 Panigale
BIKE_06688,899 Panigale
BIKE_06689,899 Panigale
BIKE_06690,B King
BIKE_06691,
BIKE_06692,Hypermotard 939
BIKE_06693,K 100 Lt
BIKE_06694,K 100 Lt
BIKE_06695,K 100 Lt
BIKE_06696,Scrambler
BIKE_06697,
BIKE_06698,749
BIKE_06699,W 800
BIKE_06700,Atlantic 300
BIKE_06701,Rsv4
BIKE_06702,Agusta Brutale 800
BIKE_06703,
BIKE_06704,F 10
BIKE_06705,F 10
BIKE_06706,F 10
BIKE_06707,F 700 Gs
BIKE_06708,Imz 650
BIKE_06709,
BIKE_06710,Street Glide
BIKE_06711,Fz 8
BIKE_06712,Versys 650
BIKE_06713,Tracer 900
BIKE_06714,F 800 R
BIKE_06715,R 1250 R
BIKE_06716,Guzzi V 7
BIKE_06717,G 650 Gs
BIKE_06718,Z 1000
BIKE_06719,
BIKE_06720,Nc 750
BIKE_06721,Vtx 1300
BIKE_06722,
BIKE_06723,Versys 650
BIKE_06724,300 Sef
BIKE_06725,R 1250 Rs
BIKE_06726,K 1600 Gtl
BIKE_06727,
BIKE_06728,Fireblade
BIKE_06729,S 1000 Xr
BIKE_06730,Mt-09
BIKE_06731,Lx 50
BIKE_06732,Z 1000
BIKE_06733,Softail
BIKE_06734,Multistrada 950
BIKE_06735,Multistrada 950
BIKE_06736,Multistrada 950
BIKE_06737,C 400 X
BIKE_06738,Low Rider
BIKE_06739,
BIKE_06740,Ninja 1000Sx
BIKE_06741,X-Adv
BIKE_06742,Crf 1100
BIKE_06743,Dyna Fat Bob
BIKE_06744,R 1200 Gs Adventure
BIKE_06745,Cbr 650
BIKE_06746,Sportster Forty Eight
BIKE_06747,Integra
BIKE_06748,Motors Retro Star
BIKE_06749,R 80
BIKE_06750,R Ninet
BIKE_06751,R 1200 Gs
BIKE_06752,Tiger 1050
BIKE_06753,Road Glide
BIKE_06754,Bonneville T100
BIKE_06755,Monster 797
BIKE_06756,Monster 797
BIKE_06757,Monster 797
BIKE_06758,Fjr 1300
BIKE_06759,R 1250 Gs
BIKE_06760,Tmax 530
BIKE_06761,Road King
BIKE_06762,Xl 1200
BIKE_06763,Gt 380
BIKE_06764,Hypermotard 821
BIKE_06765,Hypermotard 821
BIKE_06766,Hypermotard 821
BIKE_06767,950 Supermoto
BIKE_06768,R Ninet
BIKE_06769,Crf 1100
BIKE_06770,Heritage Softail
BIKE_06771,Superior
BIKE_06772,Vfr 800
BIKE_06773,Liberty 50
BIKE_06774,Sixteen 150
BIKE_06775,R 1200 R
BIKE_06776,V-Strom 1000
BIKE_06777,R 100 Rs
BIKE_06778,Sportster 1200
BIKE_06779,
BIKE_06780,
BIKE_06781,Forza 300
BIKE_06782,Blade 1000
BIKE_06783,Cbf 125
BIKE_06784,Scrambler
BIKE_06785,Sportster 883
BIKE_06786,
BIKE_06787,Rr 125
BIKE_06788,Rr 125
BIKE_06789,Rr 125
BIKE_06790,Hammer
BIKE_06791,Dyna Wide Glide
BIKE_06792,Scrambler
BIKE_06793,Sportster Xl 883
BIKE_06794,
BIKE_06795,Yzf-R1
BIKE_06796,Dyna Street Bob
BIKE_06797,Scr 950
BIKE_06798,1290 Super Adventure
BIKE_06799,Crossrunner
BIKE_06800,F 700 Gs
BIKE_06801,Yfm 700
BIKE_06802,R 75/6
BIKE_06803,Z 1000
BIKE_06804,Monster 1200
BIKE_06805,Tmax 530
BIKE_06806,Cb 650
BIKE_06807,Guzzi Bellagio
BIKE_06808,Xt 125
BIKE_06809,Pcx 125
BIKE_06810,Dyna Fat Bob
BIKE_06811,W 800
BIKE_06812,Cbr 1000
BIKE_06813,V-Strom 1050
BIKE_06814,Cat 1000
BIKE_06815,Dyna Super Glide
BIKE_06816,R 1250 Gs
BIKE_06817,Fjr 1300
BIKE_06818,Sprint
BIKE_06819,Vfr 800
BIKE_06820,V-Strom 1050
BIKE_06821,Deluxe
BIKE_06822,Niken
BIKE_06823,
BIKE_06824,Gts 300
BIKE_06825,C 400 Gt
BIKE_06826,Blade 550
BIKE_06827,Crf 1100
BIKE_06828,R 1250 Gs Adventure
BIKE_06829,
BIKE_06830,Burgman 650
BIKE_06831,Guzzi
BIKE_06832,Scrambler
BIKE_06833,1190 Adventure
BIKE_06834,S 1000 R
BIKE_06835,752 S
BIKE_06836,R 1200 C
BIKE_06837,Mt-07
BIKE_06838,Cx 650
BIKE_06839,F 800 Gs Adventure
BIKE_06840,S 1000 Rr
BIKE_06841,Moto Cforce 800
BIKE_06842,Scrambler
BIKE_06843,
BIKE_06844,
BIKE_06845,
BIKE_06846,Fz 8
BIKE_06847,Xl 1200
BIKE_06848,R 1200 Rt
BIKE_06849,1290 Super Duke R
BIKE_06850,
BIKE_06851,Vn 900
BIKE_06852,F 800 Gt
BIKE_06853,Guzzi V 7
BIKE_06854,Mt-09
BIKE_06855,
BIKE_06856,Custom Bike
BIKE_06857,
BIKE_06858,
BIKE_06859,Tiger 800
BIKE_06860,390 Duke
BIKE_06861,Ak 550
BIKE_06862,Mt-01
BIKE_06863,
BIKE_06864,Fjr 1300
BIKE_06865,
BIKE_06866,Raptor 125
BIKE_06867,Multistrada 1200
BIKE_06868,Crf 1000
BIKE_06869,R 1250 Rs
BIKE_06870,Tiger 1200
BIKE_06871,R 1250 Rt
BIKE_06872,S 1000 R
BIKE_06873,Cb 650
BIKE_06874,Crf 1100
BIKE_06875,Ybr 125
BIKE_06876,Guzzi V 7
BIKE_06877,Scrambler
BIKE_06878,Grizzly 700
BIKE_06879,Electra Glide
BIKE_06880,
BIKE_06881,Guzzi California 1400
BIKE_06882,S 1000 Rr
BIKE_06883,
BIKE_06884,Bonneville T120
BIKE_06885,Cbr 125
BIKE_06886,Gsx-S 1000
BIKE_06887,R 1200 Gs
BIKE_06888,Softail
BIKE_06889,Scrambler
BIKE_06890,Trial 125
BIKE_06891,V-Rod
BIKE_06892,888
BIKE_06893,Cbr 1000
BIKE_06894,Sportster 1200
BIKE_06895,V-Strom 1050
BIKE_06896,R 1250 Rt
BIKE_06897,Crf 1000
BIKE_06898,Cbr 900
BIKE_06899,Yzf-R1
BIKE_06900,F 700 Gs
BIKE_06901,F 850 Gs
BIKE_06902,Xv 125
BIKE_06903,R 1200 Gs
BIKE_06904,Dyna Wide Glide
BIKE_06905,Trike Low Rider
BIKE_06906,Trike Low Rider
BIKE_06907,Trike Low Rider
BIKE_06908,Agusta Rivale 800
BIKE_06909,Crf 1000
BIKE_06910,Am Renegade
BIKE_06911,Am Renegade
BIKE_06912,Am Renegade
BIKE_06913,1199 Panigale
BIKE_06914,F 850 Gs
BIKE_06915,Sportster 1200
BIKE_06916,Guzzi
BIKE_06917,R Ninet
BIKE_06918,Qooder
BIKE_06919,Crf 1000
BIKE_06920,R Ninet
BIKE_06921,Z 900
BIKE_06922,R 1200 Rs
BIKE_06923,Caballero 500
BIKE_06924,Streetfighter
BIKE_06925,Cat 1000
BIKE_06926,R 1200 Gs Adventure
BIKE_06927,Tmax 530
BIKE_06928,Mt-09
BIKE_06929,
BIKE_06930,Crf 1100
BIKE_06931,R 1200 Rt
BIKE_06932,Sportster 883
BIKE_06933,Flame X
BIKE_06934,R 1200 R
BIKE_06935,R 1200 Gs Adventure
BIKE_06936,Ss
BIKE_06937,Tmax 530
BIKE_06938,1290 Super Duke Gt
BIKE_06939,Agility 125
BIKE_06940,R 1250 Gs
BIKE_06941,Cb 1000
BIKE_06942,Classico Li
BIKE_06943,Versys 650
BIKE_06944,Xv 950
BIKE_06945,F 850 Gs
BIKE_06946,F 750 Gs
BIKE_06947,Sportster 883
BIKE_06948,Cbr 125
BIKE_06949,Crm Basic
BIKE_06950,R Ninet
BIKE_06951,Xl 1200
BIKE_06952,Softail Slim
BIKE_06953,R 1200 Rs
BIKE_06954,Z 1000
BIKE_06955,
BIKE_06956,Quad
BIKE_06957,Quad
BIKE_06958,Quad
BIKE_06959,Mt-07
BIKE_06960,Gunner
BIKE_06961,Gunner
BIKE_06962,Gunner
BIKE_06963,F 800
BIKE_06964,Sportster Forty Eight
BIKE_06965,Street Triple 765
BIKE_06966,F 800 Gs
BIKE_06967,959 Panigale
BIKE_06968,1290 Super Adventure
BIKE_06969,Monster 1100
BIKE_06970,Joymax 125I
BIKE_06971,Joymax 125I
BIKE_06972,Joymax 125I
BIKE_06973,Black Seven
BIKE_06974,Dyna Street Bob
BIKE_06975,Xl 1200
BIKE_06976,Gl 1800
BIKE_06977,Z 900
BIKE_06978,
BIKE_06979,K 1600 Gt
BIKE_06980,Yzf-R7
BIKE_06981,K-Xct 125
BIKE_06982,F 850 Gs
BIKE_06983,C 650
BIKE_06984,1050 Adventure
BIKE_06985,Dyna Fat Bob
BIKE_06986,Cb 1000
BIKE_06987,Panigale V4
BIKE_06988,Guzzi 850 T
BIKE_06989,Crf 1000
BIKE_06990,Sh 150
BIKE_06991,S 1000 Xr
BIKE_06992,Gsx-S 750
BIKE_06993,Sh 300
BIKE_06994,
BIKE_06995,X-Max 400
BIKE_06996,R 1200 Gs
BIKE_06997,
BIKE_06998,Fjr 1300
BIKE_06999,Fireblade
BIKE_07000,
BIKE_07001,Tuono
BIKE_07002,Bonneville Bobber
BIKE_07003,R 1200 Rs
BIKE_07004,S 1000 R
BIKE_07005,Standart - Eco
BIKE_07006,
BIKE_07007,R 1200 Rs
BIKE_07008,Fat Boy
BIKE_07009,R 1250 R
BIKE_07010,Nc 750
BIKE_07011,Niken
BIKE_07012,Mp3 500
BIKE_07013,Z 1000
BIKE_07014,Z 900
BIKE_07015,K 1300 R
BIKE_07016,Xciting 400I
BIKE_07017,Z 1000
BIKE_07018,
BIKE_07019,Gl 1800
BIKE_07020,1290 Super Adventure
BIKE_07021,K 1100 Rs
BIKE_07022,Medley 150
BIKE_07023,Gl 1800
BIKE_07024,
BIKE_07025,Softail
BIKE_07026,Vfr 1200
BIKE_07027,
BIKE_07028,F 850 Gs
BIKE_07029,1290 Super Duke R
BIKE_07030,Moto Tr 125
BIKE_07031,Joyride 200
BIKE_07032,Joyride 200
BIKE_07033,Joyride 200
BIKE_07034,1190 Adventure
BIKE_07035,Diavel
BIKE_07036,
BIKE_07037,Z 1000
BIKE_07038,S3
BIKE_07039,S3
BIKE_07040,S3
BIKE_07041,Yzf-R1
BIKE_07042,Crf 1000
BIKE_07043,Agusta F4 1000
BIKE_07044,Tc 85
BIKE_07045,Jigger 50
BIKE_07046,C Evolution
BIKE_07047,Gsx-R 600
BIKE_07048,Mio
BIKE_07049,
BIKE_07050,Softail
BIKE_07051,Speed Triple 1050
BIKE_07052,Tiger 1050
BIKE_07053,1290 Super Duke R
BIKE_07054,Am Spyder Rs
BIKE_07055,Guzzi Griso 1200
BIKE_07056,
BIKE_07057,Heritage Softail
BIKE_07058,Multistrada 950
BIKE_07059,Multistrada 950
BIKE_07060,Multistrada 950
BIKE_07061,Heritage Softail
BIKE_07062,R 1200 Gs Adventure
BIKE_07063,Tmax Sx
BIKE_07064,
BIKE_07065,Vz 800
BIKE_07066,Mp3 500
BIKE_07067,Versys 650
BIKE_07068,R 1250 Gs
BIKE_07069,Mt-10
BIKE_07070,V-Strom 1000
BIKE_07071,
BIKE_07072,Softail Slim
BIKE_07073,Cbr 650
BIKE_07074,Cb 1000
BIKE_07075,
BIKE_07076,F 12
BIKE_07077,R 1200 Gs Adventure
BIKE_07078,Niken
BIKE_07079,S 1000 Rr
BIKE_07080,Cb 1000
BIKE_07081,Xsr 900
BIKE_07082,V-Strom 1000
BIKE_07083,Cbr 500 R
BIKE_07084,Fxdr 114
BIKE_07085,Medley 125
BIKE_07086,Qv3
BIKE_07087,Qv3
BIKE_07088,Qv3
BIKE_07089,Pcx 125
BIKE_07090,R Ninet
BIKE_07091,K-Xct 300I
BIKE_07092,
BIKE_07093,Burgman 650
BIKE_07094,Ak 550
BIKE_07095,Rr 390
BIKE_07096,R 1200 R
BIKE_07097,
BIKE_07098,X-Max 250
BIKE_07099,Wr 125
BIKE_07100,Wr 125
BIKE_07101,Wr 125
BIKE_07102,Mt-09
BIKE_07103,Z 900
BIKE_07104,Xrv 750
BIKE_07105,Cmx 500
BIKE_07106,Buggy 1100
BIKE_07107,Buggy 1100
BIKE_07108,Buggy 1100
BIKE_07109,Sportster Xl 883
BIKE_07110,Multistrada 1200
BIKE_07111,
BIKE_07112,Multistrada 1200
BIKE_07113,R 1250 Rt
BIKE_07114,R 1200
BIKE_07115,Crf 1000
BIKE_07116,Crf 1000
BIKE_07117,Elefant 650
BIKE_07118,Rkv 125
BIKE_07119,Qv3
BIKE_07120,R 1250 R
BIKE_07121,790 Duke
BIKE_07122,S 1000 R
BIKE_07123,Crf 1000
BIKE_07124,Mp3 500
BIKE_07125,
BIKE_07126,Guzzi California 1400
BIKE_07127,
BIKE_07128,Tiger 800
BIKE_07129,
BIKE_07130,Crf 450
BIKE_07131,People 250
BIKE_07132,Cmx 500
BIKE_07133,Beverly 300
BIKE_07134,Guzzi V 7
BIKE_07135,Multistrada 1200
BIKE_07136,R Ninet
BIKE_07137,S 1000 Xr
BIKE_07138,
BIKE_07139,
BIKE_07140,
BIKE_07141,S 125
BIKE_07142,Mp3 Yourban
BIKE_07143,959 Panigale
BIKE_07144,851
BIKE_07145,851
BIKE_07146,851
BIKE_07147,Beverly 300
BIKE_07148,Agusta Brutale 920
BIKE_07149,X-City 125
BIKE_07150,R 1200 Rs
BIKE_07151,Tmax 530
BIKE_07152,Road Glide
BIKE_07153,R 1250 Gs
BIKE_07154,888
BIKE_07155,F 700 Gs
BIKE_07156,V-Strom 650
BIKE_07157,Super Duke
BIKE_07158,Super Duke
BIKE_07159,Super Duke
BIKE_07160,K 1300 S
BIKE_07161,Cb 1000
BIKE_07162,S 1000 Rr
BIKE_07163,Mt-10
BIKE_07164,Xl 1200
BIKE_07165,Xv 1900
BIKE_07166,S 1000 Rr
BIKE_07167,Grand Dink 300
BIKE_07168,Ténéré 700
BIKE_07169,V-Rod
BIKE_07170,
BIKE_07171,750 H2
BIKE_07172,St 1300
BIKE_07173,R Ninet
BIKE_07174,F 800
BIKE_07175,690 Enduro
BIKE_07176,690 Enduro
BIKE_07177,690 Enduro
BIKE_07178,Hypermotard 796
BIKE_07179,Hypermotard 796
BIKE_07180,Hypermotard 796
BIKE_07181,Cb 650
BIKE_07182,Am Outlander
BIKE_07183,F 900 Xr
BIKE_07184,
BIKE_07185,Bonneville T120
BIKE_07186,Gts 250
BIKE_07187,Gtr 1400
BIKE_07188,R 1200 Gs
BIKE_07189,Z 1000
BIKE_07190,Sportster 1200
BIKE_07191,Road King
BIKE_07192,X Large 300
BIKE_07193,Monster 821
BIKE_07194,Softail
BIKE_07195,R Ninet
BIKE_07196,R 1200 R
BIKE_07197,R 1250 Gs Adventure
BIKE_07198,
BIKE_07199,Eco-Fun
BIKE_07200,Gsx 250
BIKE_07201,Xl 1200
BIKE_07202,
BIKE_07203,
BIKE_07204,Fxd
BIKE_07205,F 750 Gs
BIKE_07206,R 1200 Gs
BIKE_07207,Tiger Explorer
BIKE_07208,Crf 1000
BIKE_07209,R 1200 Rs
BIKE_07210,Fj-09
BIKE_07211,C 650
BIKE_07212,R18
BIKE_07213,X-Adv
BIKE_07214,Scrambler
BIKE_07215,K 1200 Rs
BIKE_07216,N1S
BIKE_07217,V-Strom 650
BIKE_07218,Agusta Dragster
BIKE_07219,R 90
BIKE_07220,R 1
BIKE_07221,Mp3 250
BIKE_07222,Fjr 1300
BIKE_07223,Shade Sport 650
BIKE_07224,Sportsman 1000
BIKE_07225,Sportsman 1000
BIKE_07226,Sportsman 1000
BIKE_07227,Cbx 500
BIKE_07228,R 1200 Gs Adventure
BIKE_07229,Multistrada 950
BIKE_07230,Multistrada 950
BIKE_07231,Multistrada 950
BIKE_07232,
BIKE_07233,Gsx-R 1000
BIKE_07234,
BIKE_07235,Srv 850
BIKE_07236,Ninja 650
BIKE_07237,Tmax 530
BIKE_07238,125 Duke
BIKE_07239,R 1200 Rt
BIKE_07240,F 800 St
BIKE_07241,Orbit Iii
BIKE_07242,Orbit Iii
BIKE_07243,Orbit Iii
BIKE_07244,K 1300
BIKE_07245,T140W Tss
BIKE_07246,F 850 Gs
BIKE_07247,Softail
BIKE_07248,Downtown 200I
BIKE_07249,Downtown 200I
BIKE_07250,Downtown 200I
BIKE_07251,R 1200 Gs
BIKE_07252,R 1200 Rt
BIKE_07253,500 H1
BIKE_07254,Scarabeo
BIKE_07255,Vs 1400
BIKE_07256,Nc 750
BIKE_07257,500 H1
BIKE_07258,
BIKE_07259,Guzzi V 7
BIKE_07260,1299 Panigale
BIKE_07261,Multistrada 1200
BIKE_07262,X-Adv
BIKE_07263,Agusta Stradale 800
BIKE_07264,Integra
BIKE_07265,Cb 125
BIKE_07266,Mt-07
BIKE_07267,Guzzi V 7
BIKE_07268,Custom Bike
BIKE_07269,848
BIKE_07270,848
BIKE_07271,848
BIKE_07272,Street Glide
BIKE_07273,Maxsym 400I
BIKE_07274,R 1200 Gs Adventure
BIKE_07275,Vulcan 1700
BIKE_07276,1290 Super Adventure
BIKE_07277,
BIKE_07278,Crf 1100
BIKE_07279,Thruxton
BIKE_07280,Road Glide
BIKE_07281,F 900 Xr
BIKE_07282,Fat Boy
BIKE_07283,R 1200 Rt
BIKE_07284,Yzf-R1
BIKE_07285,Hypermotard 796
BIKE_07286,Hypermotard 796
BIKE_07287,Hypermotard 796
BIKE_07288,G 650
BIKE_07289,R 1200 Gs
BIKE_07290,Scrambler
BIKE_07291,Yiying
BIKE_07292,Yiying
BIKE_07293,Yiying
BIKE_07294,Blade 550
BIKE_07295,N1S
BIKE_07296,701 Supermoto
BIKE_07297,899 Panigale
BIKE_07298,899 Panigale
BIKE_07299,899 Panigale
BIKE_07300,
BIKE_07301,S 1000 Rr
BIKE_07302,
BIKE_07303,
BIKE_07304,Z 1000
BIKE_07305,Leonardo 150
BIKE_07306,R 1200 Gs Lc
BIKE_07307,K 1200
BIKE_07308,Z 900
BIKE_07309,Scrambler
BIKE_07310,Sportster 1200
BIKE_07311,125 Exc
BIKE_07312,125 Exc
BIKE_07313,125 Exc
BIKE_07314,Iron 883
BIKE_07315,Mt-07
BIKE_07316,Z 1000
BIKE_07317,R 1200 Gs Lc
BIKE_07318,Tricity
BIKE_07319,1290 Super Adventure
BIKE_07320,C 650 Gt
BIKE_07321,M1
BIKE_07322,M1
BIKE_07323,M1
BIKE_07324,Caballero 50
BIKE_07325,Heritage Softail
BIKE_07326,R 1200 St
BIKE_07327,R 1200 C Montauk
BIKE_07328,R 1200 C Montauk
BIKE_07329,R 1200 C Montauk
BIKE_07330,R 71
BIKE_07331,1290 Super Duke Gt
BIKE_07332,
BIKE_07333,Tiger 1200
BIKE_07334,F 800 Gt
BIKE_07335,R 1200 Rt
BIKE_07336,Fe 450
BIKE_07337,F 650 Gs
BIKE_07338,Sportsman 1000
BIKE_07339,Sportsman 1000
BIKE_07340,Sportsman 1000
BIKE_07341,Versys 1000
BIKE_07342,Vn 800
BIKE_07343,890 Duke
BIKE_07344,890 Duke
BIKE_07345,890 Duke
BIKE_07346,Z 1000
BIKE_07347,790 Adventure
BIKE_07348,Gsx-R 750
BIKE_07349,Streetfighter
BIKE_07350,R 1200 Gs Adventure
BIKE_07351,
BIKE_07352,Agusta F4
BIKE_07353,Road King
BIKE_07354,Cb 650
BIKE_07355,G 650 Xcountry
BIKE_07356,R 1250 Gs
BIKE_07357,790 Duke
BIKE_07358,Tmax 530
BIKE_07359,Racing 125
BIKE_07360,Multistrada 1200
BIKE_07361,
BIKE_07362,R 1200 R
BIKE_07363,Monster 1200
BIKE_07364,Z 900
BIKE_07365,Primavera
BIKE_07366,
BIKE_07367,Tiger 800
BIKE_07368,Speed Triple 1050
BIKE_07369,Guzzi V 9
BIKE_07370,Sw-T 400
BIKE_07371,F 750 Gs
BIKE_07372,
BIKE_07373,S 1000 Xr
BIKE_07374,
BIKE_07375,Mt-07
BIKE_07376,Moto Cforce 520
BIKE_07377,Moto Cforce 520
BIKE_07378,Moto Cforce 520
BIKE_07379,S 1000 Xr
BIKE_07380,R 1250 Rt
BIKE_07381,
BIKE_07382,
BIKE_07383,
BIKE_07384,
BIKE_07385,F 800 R
BIKE_07386,R 1250 Rs
BIKE_07387,K 1300
BIKE_07388,Road Glide
BIKE_07389,S 1000 R
BIKE_07390,
BIKE_07391,790 Duke
BIKE_07392,Z 1300
BIKE_07393,X 9
BIKE_07394,Medley 125
BIKE_07395,Sportster
BIKE_07396,R 1200 Rt
BIKE_07397,R 1200 Gs
BIKE_07398,F 900 R
BIKE_07399,690 Enduro
BIKE_07400,690 Enduro
BIKE_07401,690 Enduro
BIKE_07402,
BIKE_07403,R Ninet
BIKE_07404,Dyna Super Glide
BIKE_07405,Gl 1800
BIKE_07406,C 600
BIKE_07407,C 600
BIKE_07408,C 600
BIKE_07409,
BIKE_07410,Guzzi 750 S
BIKE_07411,Tmax 530
BIKE_07412,Vulcan S
BIKE_07413,X-Max 300
BIKE_07414,Ninja 1000Sx
BIKE_07415,Pcx 125
BIKE_07416,Yfm 450
BIKE_07417,
BIKE_07418,Mt-07
BIKE_07419,
BIKE_07420,Fx5
BIKE_07421,1290 Super Adventure
BIKE_07422,Gsx 1300
BIKE_07423,Scrambler
BIKE_07424,R 1200 Gs
BIKE_07425,Vn 900
BIKE_07426,R 1200 R
BIKE_07427,848
BIKE_07428,848
BIKE_07429,848
BIKE_07430,Xtz 1200
BIKE_07431,Cbr 1000
BIKE_07432,F 900 Xr
BIKE_07433,R 1200 Gs Lc
BIKE_07434,
BIKE_07435,1125 Cr
BIKE_07436,1125 Cr
BIKE_07437,1125 Cr
BIKE_07438,Beverly 125
BIKE_07439,Gsx 1300
BIKE_07440,Z 900
BIKE_07441,
BIKE_07442,Z 1000
BIKE_07443,Tmax Dx
BIKE_07444,Cb 650
BIKE_07445,Crf 1000
BIKE_07446,R 1200 Gs
BIKE_07447,1090 Adventure
BIKE_07448,1090 Adventure
BIKE_07449,1090 Adventure
BIKE_07450,Sport Glide
BIKE_07451,Guzzi V 7
BIKE_07452,Tuono
BIKE_07453,Fjr 1300
BIKE_07454,C Evolution
BIKE_07455,Fat Boy
BIKE_07456,Niken
BIKE_07457,St 1300
BIKE_07458,
BIKE_07459,Cbr 1000
BIKE_07460,F 850 Gs
BIKE_07461,Rsv4
BIKE_07462,Guzzi V 7
BIKE_07463,Street Glide
BIKE_07464,R 1200 Gs
BIKE_07465,F 700 Gs
BIKE_07466,Katana 1000
BIKE_07467,Katana 1000
BIKE_07468,Katana 1000
BIKE_07469,Sportsman 550
BIKE_07470,Nc 750
BIKE_07471,R 1250 Rt
BIKE_07472,R Ninet
BIKE_07473,Agusta Dragster
BIKE_07474,Heritage Softail
BIKE_07475,1290 Super Duke R
BIKE_07476,Guzzi California 1100
BIKE_07477,Et 4
BIKE_07478,Gsx-R 1000
BIKE_07479,Enfield Interceptor
BIKE_07480,K 1600 Gt
BIKE_07481,Mp3 500
BIKE_07482,1199 Panigale
BIKE_07483,K 1300 S
BIKE_07484,Mt-07
BIKE_07485,Monster 797
BIKE_07486,Monster 797
BIKE_07487,Monster 797
BIKE_07488,Fe 250
BIKE_07489,Mt-09
BIKE_07490,Cbf 1000
BIKE_07491,Integra
BIKE_07492,Uxv 700
BIKE_07493,
BIKE_07494,501 Osl
BIKE_07495,790 Duke
BIKE_07496,F 800 Gs Adventure
BIKE_07497,F 650
BIKE_07498,F 650
BIKE_07499,F 650
BIKE_07500,Crox 50
BIKE_07501,Crox 50
BIKE_07502,Crox 50
BIKE_07503,
BIKE_07504,Blade 1000
BIKE_07505,Sportster Forty Eight
BIKE_07506,Bt49Qt-7
BIKE_07507,
BIKE_07508,Thruxton
BIKE_07509,Beverly 300
BIKE_07510,
BIKE_07511,S 1000 Xr
BIKE_07512,
BIKE_07513,F 800 Gs
BIKE_07514,Fjr 1300
BIKE_07515,Nc 700
BIKE_07516,Street Glide
BIKE_07517,Multistrada 1200
BIKE_07518,Fjr 1300
BIKE_07519,1290 Super Duke R
BIKE_07520,K 1300 R
BIKE_07521,1190 Adventure
BIKE_07522,R Ninet
BIKE_07523,Sportsman 1000
BIKE_07524,Sportsman 1000
BIKE_07525,Sportsman 1000
BIKE_07526,Sh 300
BIKE_07527,Sportster 1200
BIKE_07528,F 900 Xr
BIKE_07529,Cbr 1000
BIKE_07530,Z 1000
BIKE_07531,S 1000 Xr
BIKE_07532,Hyperstrada
BIKE_07533,F 900 R
BIKE_07534,Agility 200
BIKE_07535,999
BIKE_07536,Dirt Track
BIKE_07537,Dirt Track
BIKE_07538,Dirt Track
BIKE_07539,Bws
BIKE_07540,Rd 500
BIKE_07541,Rd 500
BIKE_07542,Rd 500
BIKE_07543,Rf1
BIKE_07544,Monster 1200
BIKE_07545,Early Shovel
BIKE_07546,Cbr 125
BIKE_07547,Vtr 1000
BIKE_07548,Vtr 1000
BIKE_07549,Vtr 1000
BIKE_07550,Softail
BIKE_07551,Rsv 1000 R
BIKE_07552,R 1200 Rt
BIKE_07553,Mt-09
BIKE_07554,
BIKE_07555,Tx 750
BIKE_07556,701 Supermoto
BIKE_07557,R 1200 Gs Adventure
BIKE_07558,
BIKE_07559,900 Ss
BIKE_07560,Cb 1000
BIKE_07561,Srv 850
BIKE_07562,Tmax 530
BIKE_07563,Rs 660
BIKE_07564,Tiger 800
BIKE_07565,Scrambler
BIKE_07566,
BIKE_07567,Softail
BIKE_07568,R 1250 Rt
BIKE_07569,Monster 900
BIKE_07570,Monster 900
BIKE_07571,Monster 900
BIKE_07572,Agusta Brutale
BIKE_07573,R 1200 Gs
BIKE_07574,R Ninet
BIKE_07575,R 1250 Gs
BIKE_07576,1290 Super Duke R
BIKE_07577,Cbr 600
BIKE_07578,Multistrada 1200
BIKE_07579,Mt-10
BIKE_07580,Nc 750
BIKE_07581,
BIKE_07582,V-Rod
BIKE_07583,
BIKE_07584,
BIKE_07585,Versys 1000
BIKE_07586,Guzzi Griso 1100
BIKE_07587,R 1200 R
BIKE_07588,R 1200 R
BIKE_07589,Tmax 530
BIKE_07590,Tmax 530
BIKE_07591,Downtown 300I
BIKE_07592,Cb 1100
BIKE_07593,Bws
BIKE_07594,R 1200 Gs
BIKE_07595,R 1200
BIKE_07596,Atlantic 250
BIKE_07597,G 310 Gs
BIKE_07598,Rg 500
BIKE_07599,Rg 500
BIKE_07600,Rg 500
BIKE_07601,Agusta
BIKE_07602,V-Strom 650
BIKE_07603,Fat Boy
BIKE_07604,Electra Glide
BIKE_07605,Electra Glide
BIKE_07606,V-Rod
BIKE_07607,R Ninet
BIKE_07608,Softail
BIKE_07609,Cbr 600
BIKE_07610,Ln 125
BIKE_07611,Burgman 650
BIKE_07612,
BIKE_07613,Ninja Zx-10R
BIKE_07614,R 100 S
BIKE_07615,R 100 S
BIKE_07616,R 100 S
BIKE_07617,Niken
BIKE_07618,Tmax 530
BIKE_07619,1090 Adventure
BIKE_07620,1090 Adventure
BIKE_07621,1090 Adventure
BIKE_07622,
BIKE_07623,125 Xc
BIKE_07624,946
BIKE_07625,Crf 1000
BIKE_07626,
BIKE_07627,Aquila 125
BIKE_07628,1000
BIKE_07629,1000
BIKE_07630,1000
BIKE_07631,Sportster Xl 883
BIKE_07632,V-Strom 1000
BIKE_07633,F 800 Gs
BIKE_07634,R 1200 R Classic
BIKE_07635,Electra Glide
BIKE_07636,Dyna Super Glide
BIKE_07637,Gsx-S 750
BIKE_07638,Gl 1800
BIKE_07639,Z 750
BIKE_07640,Softail
BIKE_07641,Sportster Xl 883
BIKE_07642,R 1200 Gs
BIKE_07643,
BIKE_07644,Enfield Bullet 500
BIKE_07645,Enfield Bullet 500
BIKE_07646,Enfield Bullet 500
BIKE_07647,K 1600
BIKE_07648,Trophy
BIKE_07649,R 1200 Gs
BIKE_07650,Dog K-9
BIKE_07651,Sh 150
BIKE_07652,R Ninet
BIKE_07653,Jl-Ma
BIKE_07654,Imperiale
BIKE_07655,Yzf-R125
BIKE_07656,Z 750
BIKE_07657,Burgman 650
BIKE_07658,F 700
BIKE_07659,F 700
BIKE_07660,F 700
BIKE_07661,Aerox
BIKE_07662,Gtr 1400
BIKE_07663,Versys 650
BIKE_07664,Cvo Limited
BIKE_07665,
BIKE_07666,
BIKE_07667,Street Scrambler
BIKE_07668,Mp3 500
BIKE_07669,Xv 535
BIKE_07670,Xv 535
BIKE_07671,Xv 535
BIKE_07672,Z 900
BIKE_07673,Agusta Turismo Veloce 800
BIKE_07674,R 1200 Gs
BIKE_07675,Scrambler
BIKE_07676,Softail
BIKE_07677,R 1200 Gs Adventure
BIKE_07678,Tmax 530
BIKE_07679,Rsv4
BIKE_07680,Guzzi 850 Le Mans
BIKE_07681,1290 Super Duke Gt
BIKE_07682,Sh 150
BIKE_07683,Dyna Super Glide
BIKE_07684,Xdiavel
BIKE_07685,
BIKE_07686,Nc 750
BIKE_07687,848
BIKE_07688,848
BIKE_07689,848
BIKE_07690,Yzf-R1
BIKE_07691,Vision 110
BIKE_07692,Crf 1000
BIKE_07693,Streetfighter
BIKE_07694,Sportster 1200
BIKE_07695,Enfield
BIKE_07696,R 1250 Rt
BIKE_07697,Guzzi V 7
BIKE_07698,Agusta
BIKE_07699,Thruxton
BIKE_07700,Cb 1000
BIKE_07701,Road King
BIKE_07702,R 1200 Gs Lc
BIKE_07703,Ys 125
BIKE_07704,Ys 125
BIKE_07705,Ys 125
BIKE_07706,R 1200 Gs
BIKE_07707,Ranger
BIKE_07708,Fuoco 500
BIKE_07709,Black Seven
BIKE_07710,Yzf-R1
BIKE_07711,Cb 650
BIKE_07712,V-Strom 650
BIKE_07713,Dyna Fat Bob
BIKE_07714,Liberty 50
BIKE_07715,K 1600 Gt
BIKE_07716,990 Supermoto
BIKE_07717,Xtz 1200
BIKE_07718,Iron 883
BIKE_07719,
BIKE_07720,K 1600 Gt
BIKE_07721,Road King
BIKE_07722,Streetfighter
BIKE_07723,Vfr 1200
BIKE_07724,Xt 500
BIKE_07725,W 800
BIKE_07726,Yzf-R1
BIKE_07727,Cbf 1000
BIKE_07728,K 1300
BIKE_07729,F 900 R
BIKE_07730,S 1000 Xr
BIKE_07731,Vl 1500
BIKE_07732,Vl 1500
BIKE_07733,Vl 1500
BIKE_07734,Enfield Interceptor
BIKE_07735,F 800 Gt
BIKE_07736,Sportster Xl 883
BIKE_07737,R 1200 Gs Adventure
BIKE_07738,Street Triple 765
BIKE_07739,Z1000 Sx
BIKE_07740,Cbr 1000
BIKE_07741,Multistrada 1200
BIKE_07742,1198
BIKE_07743,F 900 R
BIKE_07744,Cbf 1000
BIKE_07745,R 1200 Gs Adventure
BIKE_07746,Fiddle 125
BIKE_07747,R 1200 Gs Lc
BIKE_07748,1290 Super Adventure
BIKE_07749,Vn 1700
BIKE_07750,K 1300 S
BIKE_07751,R 1200 C
BIKE_07752,New Qooder
BIKE_07753,R 1200 Gs
BIKE_07754,R 1200 Rt
BIKE_07755,1290 Super Adventure
BIKE_07756,Yb 10
BIKE_07757,C 400 Gt
BIKE_07758,R 1200 Gs
BIKE_07759,Vn 1700
BIKE_07760,
BIKE_07761,Dyna Low Rider
BIKE_07762,Street Rod
BIKE_07763,Street Rod
BIKE_07764,Street Rod
BIKE_07765,Veloce Gt
BIKE_07766,C Evolution
BIKE_07767,Gsx-R 750
BIKE_07768,790 Adventure
BIKE_07769,Agusta Dragster
BIKE_07770,R 100 Gs
BIKE_07771,R 1200 Gs Adventure
BIKE_07772,Sportster Forty Eight
BIKE_07773,Z 900
BIKE_07774,Iron 883
BIKE_07775,Xsr 700
BIKE_07776,Tmax 530
BIKE_07777,Softail Slim
BIKE_07778,Gsx-R 600
BIKE_07779,X-Adv
BIKE_07780,R 1200 Gs
BIKE_07781,Vision 110
BIKE_07782,Speed Triple 1050
BIKE_07783,Gsx-R 750
BIKE_07784,Xsr 700
BIKE_07785,Dog Pitbull
BIKE_07786,Dog Pitbull
BIKE_07787,Dog Pitbull
BIKE_07788,
BIKE_07789,
BIKE_07790,
BIKE_07791,Primavera 50
BIKE_07792,Vendetta 50
BIKE_07793,Gsx-S 1000
BIKE_07794,Monster 796
BIKE_07795,Monster 796
BIKE_07796,Monster 796
BIKE_07797,Monster 1200
BIKE_07798,
BIKE_07799,
BIKE_07800,V-Strom 1000
BIKE_07801,Tracer 900
BIKE_07802,Nmax
BIKE_07803,R 1250 R
BIKE_07804,Tracer 900
BIKE_07805,Speed Triple 1050
BIKE_07806,Sportster 1200
BIKE_07807,Crf 1000
BIKE_07808,Fat Bob
BIKE_07809,Senda
BIKE_07810,Es2
BIKE_07811,S 1000 Xr
BIKE_07812,Pcx 125
BIKE_07813,Fjr 1300
BIKE_07814,Crf 1000
BIKE_07815,Kallio 50
BIKE_07816,Tmax 530
BIKE_07817,Sportster 1200
BIKE_07818,Aerox
BIKE_07819,S 1000 R
BIKE_07820,R 1200 Rt
BIKE_07821,Cbr 1100
BIKE_07822,
BIKE_07823,R 1200 R
BIKE_07824,Medley 125
BIKE_07825,500 V
BIKE_07826,Kx 250
BIKE_07827,Sportster
BIKE_07828,Gsx-S 1000
BIKE_07829,Inazuma 250
BIKE_07830,Inazuma 250
BIKE_07831,Inazuma 250
BIKE_07832,Road Glide
BIKE_07833,Symphony 125
BIKE_07834,Xl 1000
BIKE_07835,People Gt300I
BIKE_07836,Panigale V4
BIKE_07837,Am Spyder St-S
BIKE_07838,Panigale V4
BIKE_07839,Rf 900
BIKE_07840,C 400 X
BIKE_07841,Xvs 1300
BIKE_07842,Gsp 50
BIKE_07843,R 1250 Gs
BIKE_07844,Mt-10
BIKE_07845,Gsx-R 1000
BIKE_07846,Monster 1100
BIKE_07847,Sportster 1200
BIKE_07848,Shiver 900
BIKE_07849,Road Glide
BIKE_07850,Liberty 50
BIKE_07851,Versys 1000
BIKE_07852,Road King
BIKE_07853,Burgman 650
BIKE_07854,Moto Cforce 1000
BIKE_07855,Phantom
BIKE_07856,Phantom
BIKE_07857,Phantom
BIKE_07858,R 1250 Gs Adventure
BIKE_07859,Mt-07
BIKE_07860,
BIKE_07861,Scrambler
BIKE_07862,Dyna Wide Glide
BIKE_07863,Sportster
BIKE_07864,Dyna Street Bob
BIKE_07865,Road King
BIKE_07866,Bonneville T120
BIKE_07867,1200 Custom
BIKE_07868,Heritage Springer
BIKE_07869,R 1200 Gs
BIKE_07870,
BIKE_07871,Zzr 1400
BIKE_07872,Crf 1000
BIKE_07873,Z 1000
BIKE_07874,1290 Super Duke R
BIKE_07875,S 1000 Rr
BIKE_07876,Medley 125
BIKE_07877,Z 1000
BIKE_07878,
BIKE_07879,Zip 50
BIKE_07880,Xv 1900
BIKE_07881,F 750 Gs
BIKE_07882,Nc 750
BIKE_07883,1290 Super Duke R
BIKE_07884,
BIKE_07885,
BIKE_07886,Fat Boy
BIKE_07887,790 Duke
BIKE_07888,Tmax 530
BIKE_07889,Versys 650
BIKE_07890,S 1000 Rr
BIKE_07891,Bonneville T100
BIKE_07892,890 Duke
BIKE_07893,890 Duke
BIKE_07894,890 Duke
BIKE_07895,Ape
BIKE_07896,Wolverine 450
BIKE_07897,Crosstourer
BIKE_07898,R Ninet
BIKE_07899,Diavel
BIKE_07900,Vn 1700
BIKE_07901,Trigger Sm
BIKE_07902,Vision 110
BIKE_07903,F 800 Gs
BIKE_07904,Cbr 1000
BIKE_07905,Agusta Brutale 675
BIKE_07906,R Ninet
BIKE_07907,F 800 Gt
BIKE_07908,
BIKE_07909,Z 900
BIKE_07910,Mt-09
BIKE_07911,Moto Jetmax 250
BIKE_07912,Rcr 50
BIKE_07913,Diavel
BIKE_07914,
BIKE_07915,Multistrada 1260
BIKE_07916,Z 900
BIKE_07917,R 1200 Gs Adventure
BIKE_07918,F 700 Gs
BIKE_07919,Agility 125
BIKE_07920,F 800 Gs
BIKE_07921,Katana 1000
BIKE_07922,Katana 1000
BIKE_07923,Katana 1000
BIKE_07924,Cb 500
BIKE_07925,Multistrada 1200
BIKE_07926,
BIKE_07927,Nc 750
BIKE_07928,F 900 Xr
BIKE_07929,Deluxe
BIKE_07930,Yzf 1000
BIKE_07931,
BIKE_07932,
BIKE_07933,1125 Cr
BIKE_07934,1125 Cr
BIKE_07935,1125 Cr
BIKE_07936,Custom Bike
BIKE_07937,R Ninet
BIKE_07938,Otello 125
BIKE_07939,
BIKE_07940,
BIKE_07941,Heritage Springer
BIKE_07942,Ultra Classic
BIKE_07943,F 900 R
BIKE_07944,Joyride 200
BIKE_07945,Joyride 200
BIKE_07946,Joyride 200
BIKE_07947,1090 Adventure
BIKE_07948,1090 Adventure
BIKE_07949,1090 Adventure
BIKE_07950,
BIKE_07951,
BIKE_07952,
BIKE_07953,B King
BIKE_07954,990 Supermoto
BIKE_07955,Cbr 125
BIKE_07956,Z 900
BIKE_07957,Cb 1100
BIKE_07958,Z 900
BIKE_07959,F 800 R
BIKE_07960,Gts 250
BIKE_07961,X-Max 250
BIKE_07962,Jiaji / Huatian
BIKE_07963,R 1250 Rt
BIKE_07964,Thruxton
BIKE_07965,Cb 500
BIKE_07966,Monster 797
BIKE_07967,Monster 797
BIKE_07968,Monster 797
BIKE_07969,C Evolution
BIKE_07970,790 Duke
BIKE_07971,250 Exc
BIKE_07972,250 Exc
BIKE_07973,250 Exc
BIKE_07974,Z 1000
BIKE_07975,Niken
BIKE_07976,
BIKE_07977,Streetfighter
BIKE_07978,R 100 Gs
BIKE_07979,Mt-07
BIKE_07980,916
BIKE_07981,Xv 950
BIKE_07982,
BIKE_07983,K 1600 B
BIKE_07984,K 1600 B
BIKE_07985,K 1600 B
BIKE_07986,Yzf-R1
BIKE_07987,Dyna Street Bob
BIKE_07988,F 700 Gs
BIKE_07989,Street 750
BIKE_07990,Xvs 650
BIKE_07991,Xvs 650
BIKE_07992,Xvs 650
BIKE_07993,Road King
BIKE_07994,Liberty 125
BIKE_07995,Fs 450
BIKE_07996,R Ninet
BIKE_07997,Tesi 3/D
BIKE_07998,Fat Boy
BIKE_07999,Sportster 1200
BIKE_08000,K 1300
BIKE_08001,Gold Wing
BIKE_08002,R Ninet
BIKE_08003,1290 Super Duke Gt
BIKE_08004,Ninja Zx-10Rr
BIKE_08005,Ninja Zx-10Rr
BIKE_08006,Ninja Zx-10Rr
BIKE_08007,Tiger Explorer
BIKE_08008,Tricity
BIKE_08009,Gold Wing
BIKE_08010,Liberty 50
BIKE_08011,Nmax
BIKE_08012,Hypermotard 950
BIKE_08013,Scrambler
BIKE_08014,Hp 2 Megamoto
BIKE_08015,R 1200 Rt
BIKE_08016,Super Dink 125
BIKE_08017,Thunderbird Sport
BIKE_08018,Gl 1800
BIKE_08019,Mt-09
BIKE_08020,Street Glide
BIKE_08021,Custom Bike
BIKE_08022,Mp3 400
BIKE_08023,Mp3 400
BIKE_08024,Mp3 400
BIKE_08025,Qooder
BIKE_08026,Mp3 500
BIKE_08027,Crf 1000
BIKE_08028,R 1200 R
BIKE_08029,Fe 501
BIKE_08030,K 1300 Gt
BIKE_08031,Hypermotard 939
BIKE_08032,
BIKE_08033,Road King
BIKE_08034,
BIKE_08035,Jet 4
BIKE_08036,Jet 4
BIKE_08037,Jet 4
BIKE_08038,Mp3 300
BIKE_08039,
BIKE_08040,Guzzi Stelvio 1200
BIKE_08041,R Ninet
BIKE_08042,Ténéré 700
BIKE_08043,
BIKE_08044,Niken
BIKE_08045,Z 900
BIKE_08046,Boardwalk
BIKE_08047,
BIKE_08048,C 400 Gt
BIKE_08049,
BIKE_08050,Vitpilen
BIKE_08051,690 Enduro
BIKE_08052,690 Enduro
BIKE_08053,690 Enduro
BIKE_08054,R 1200 Rt
BIKE_08055,Xl 883
BIKE_08056,S 1000 Xr
BIKE_08057,K 1600 Gtl
BIKE_08058,R 1200 C
BIKE_08059,K 1600 Gt
BIKE_08060,701 Enduro
BIKE_08061,Sh 125
BIKE_08062,Vfr 1200
BIKE_08063,R 1250 Gs
BIKE_08064,Monster 1200
BIKE_08065,1290 Super Duke R
BIKE_08066,Vn 800
BIKE_08067,R 1200 Rt
BIKE_08068,R 1200 Gs Adventure
BIKE_08069,
BIKE_08070,Gl 1800
BIKE_08071,V-Rod
BIKE_08072,Cb 650
BIKE_08073,
BIKE_08074,
BIKE_08075,R 1200 Gs
BIKE_08076,Integra
BIKE_08077,Cbf 1000
BIKE_08078,
BIKE_08079,Gsx-R 1000
BIKE_08080,K 1600 Gt
BIKE_08081,Multistrada 1260
BIKE_08082,900 Ss
BIKE_08083,
BIKE_08084,K 1600 Gt
BIKE_08085,R 1200 R
BIKE_08086,R 1200 Gs
BIKE_08087,Super 8
BIKE_08088,Integra
BIKE_08089,1290 Super Adventure
BIKE_08090,Trophy
BIKE_08091,Speed Twin
BIKE_08092,
BIKE_08093,R Ninet
BIKE_08094,
BIKE_08095,Am Spyder Rs
BIKE_08096,Thunderbird 6T
BIKE_08097,Thunderbird 6T
BIKE_08098,Thunderbird 6T
BIKE_08099,R Ninet
BIKE_08100,Qooder
BIKE_08101,R 1200 C
BIKE_08102,Tiger 800
BIKE_08103,R 1200 Gs Adventure
BIKE_08104,Felsberg 125
BIKE_08105,Mt-10
BIKE_08106,Vtr 1000
BIKE_08107,Vtr 1000
BIKE_08108,Vtr 1000
BIKE_08109,Z 650
BIKE_08110,Trike Highway
BIKE_08111,R 1200 Gs Adventure
BIKE_08112,Sportster Xr 1200
BIKE_08113,Mt-09
BIKE_08114,1200 Custom
BIKE_08115,Scrambler
BIKE_08116,Tuono
BIKE_08117,F 900 Xr
BIKE_08118,Vfr 1200
BIKE_08119,Downtown 125I
BIKE_08120,Xt 1200
BIKE_08121,Speed Triple 1050
BIKE_08122,C 650
BIKE_08123,Hypermotard 950
BIKE_08124,Bonneville Bobber
BIKE_08125,Guzzi V 7
BIKE_08126,Dorsoduro
BIKE_08127,Softail
BIKE_08128,F 10
BIKE_08129,F 10
BIKE_08130,F 10
BIKE_08131,
BIKE_08132,Electra Glide
BIKE_08133,Xv 535
BIKE_08134,Xv 535
BIKE_08135,Xv 535
BIKE_08136,Z 650
BIKE_08137,Sv 650
BIKE_08138,S 1000 R
BIKE_08139,Agusta Brutale 1078
BIKE_08140,
BIKE_08141,Versys 1000
BIKE_08142,Shadow 750
BIKE_08143,Mt-07
BIKE_08144,Agusta Dragster
BIKE_08145,
BIKE_08146,Sr 400
BIKE_08147,Xv 1600
BIKE_08148,R 1250 Rt
BIKE_08149,Tmax 530
BIKE_08150,V-Strom 650
BIKE_08151,K 1600
BIKE_08152,Madison 250
BIKE_08153,Trident 750
BIKE_08154,Trident 750
BIKE_08155,Trident 750
BIKE_08156,Gsx-S 1000
BIKE_08157,Gsx-S 1000
BIKE_08158,Sportster 1200
BIKE_08159,Five Hundred 400
BIKE_08160,Street Scrambler
BIKE_08161,1290 Super Duke Gt
BIKE_08162,
BIKE_08163,S 1000 R
BIKE_08164,Tiger 800
BIKE_08165,Scrambler
BIKE_08166,Sportster Forty Eight
BIKE_08167,Ctx 1300
BIKE_08168,Ctx 1300
BIKE_08169,Ctx 1300
BIKE_08170,1299 Panigale
BIKE_08171,Supersport
BIKE_08172,
BIKE_08173,
BIKE_08174,Address
BIKE_08175,Vt 1300
BIKE_08176,Vt 1300
BIKE_08177,Vt 1300
BIKE_08178,Neos 50
BIKE_08179,Tph 50
BIKE_08180,C 600 Sport
BIKE_08181,Z 900
BIKE_08182,Majesty 400
BIKE_08183,1125 Cr
BIKE_08184,1125 Cr
BIKE_08185,1125 Cr
BIKE_08186,Ténéré 700
BIKE_08187,R 1200 R
BIKE_08188,Night Rod
BIKE_08189,Agility 125
BIKE_08190,K 1600 Gt
BIKE_08191,R 50
BIKE_08192,K 1300 R
BIKE_08193,1290 Super Adventure
BIKE_08194,Mt-125
BIKE_08195,Sportster 1200
BIKE_08196,Scooter 50
BIKE_08197,Sport Glide
BIKE_08198,Sportster 883
BIKE_08199,Road King
BIKE_08200,Pcx 125
BIKE_08201,Downtown 350I
BIKE_08202,Downtown 350I
BIKE_08203,Downtown 350I
BIKE_08204,S 1000 Rr
BIKE_08205,R 1250 Gs
BIKE_08206,Tiger 800
BIKE_08207,Dirt Track
BIKE_08208,Dirt Track
BIKE_08209,Dirt Track
BIKE_08210,
BIKE_08211,Streetfighter
BIKE_08212,1190 Adventure
BIKE_08213,Fireblade
BIKE_08214,R 1200 R
BIKE_08215,Liberty 150
BIKE_08216,F 800 R
BIKE_08217,Cbf 125
BIKE_08218,Tracer 900
BIKE_08219,Db 7
BIKE_08220,Sr 50
BIKE_08221,Guzzi V 11
BIKE_08222,Guzzi V 11
BIKE_08223,Guzzi V 11
BIKE_08224,Bonneville T100
BIKE_08225,
BIKE_08226,Mp3 500
BIKE_08227,Beverly 300
BIKE_08228,
BIKE_08229,F 900 R
BIKE_08230,Agusta F4 1078
BIKE_08231,R 1200 Gs Adventure
BIKE_08232,Pcx 150
BIKE_08233,Pcx 150
BIKE_08234,Pcx 150
BIKE_08235,
BIKE_08236,Guzzi
BIKE_08237,Cbr 1000
BIKE_08238,Cbr 650
BIKE_08239,Bonneville T120
BIKE_08240,S 1000 Rr
BIKE_08241,Rr 50
BIKE_08242,Gts 300
BIKE_08243,Cb 125
BIKE_08244,Crosstourer
BIKE_08245,Concours
BIKE_08246,Shadow 750
BIKE_08247,250 Exc
BIKE_08248,250 Exc
BIKE_08249,250 Exc
BIKE_08250,R 1200 R
BIKE_08251,F/J
BIKE_08252,
BIKE_08253,S 1000 Rr
BIKE_08254,F 850 Gs
BIKE_08255,X-Adv
BIKE_08256,Mt-10
BIKE_08257,
BIKE_08258,Yfm 700
BIKE_08259,Z 1000
BIKE_08260,Xtz 1200
BIKE_08261,
BIKE_08262,V200
BIKE_08263,Springfield
BIKE_08264,Sportster Forty Eight
BIKE_08265,1090 Adventure
BIKE_08266,1090 Adventure
BIKE_08267,1090 Adventure
BIKE_08268,Heritage Softail
BIKE_08269,R Ninet
BIKE_08270,Mp3 500
BIKE_08271,Tmax 530
BIKE_08272,Scrambler
BIKE_08273,Cb 100
BIKE_08274,Cb 100
BIKE_08275,Cb 100
BIKE_08276,450 Smr
BIKE_08277,790 Adventure
BIKE_08278,690 Enduro
BIKE_08279,690 Enduro
BIKE_08280,690 Enduro
BIKE_08281,
BIKE_08282,
BIKE_08283,Z 1000
BIKE_08284,450 R
BIKE_08285,Gl 1200
BIKE_08286,R 100
BIKE_08287,Am Renegade
BIKE_08288,Am Renegade
BIKE_08289,Am Renegade
BIKE_08290,Ninja Zx-10R
BIKE_08291,Fat Boy
BIKE_08292,
BIKE_08293,K 100 Rs
BIKE_08294,Cmx 500
BIKE_08295,R 1200
BIKE_08296,1290 Super Duke R
BIKE_08297,Gl 1500
BIKE_08298,Fat Boy
BIKE_08299,Softail
BIKE_08300,R 1200 Gs Adventure
BIKE_08301,Softail
BIKE_08302,Fxdr 114
BIKE_08303,D'Elight
BIKE_08304,
BIKE_08305,
BIKE_08306,Vtx 1800
BIKE_08307,Wr 450
BIKE_08308,Scrambler
BIKE_08309,
BIKE_08310,K 1600 Gt
BIKE_08311,F 750 Gs
BIKE_08312,F 800 Gs
BIKE_08313,F 800 Gs
BIKE_08314,Grand Dink 300
BIKE_08315,
BIKE_08316,S 1000 Rr
BIKE_08317,Integra
BIKE_08318,Sh 300
BIKE_08319,Ctx 1300
BIKE_08320,Ctx 1300
BIKE_08321,Ctx 1300
BIKE_08322,Dyna Fat Bob
BIKE_08323,Electra Glide
BIKE_08324,Custom Bike
BIKE_08325,Crf 1100
BIKE_08326,999
BIKE_08327,Cmx 500
BIKE_08328,Magnum
BIKE_08329,Guzzi Audace
BIKE_08330,Cb 1000
BIKE_08331,Crf 1100
BIKE_08332,En 300 2T
BIKE_08333,X-Adv
BIKE_08334,Lt-R 450
BIKE_08335,Lt-R 450
BIKE_08336,Lt-R 450
BIKE_08337,R 1200 Gs Adventure
BIKE_08338,Dt 50
BIKE_08339,Password 250
BIKE_08340,Password 250
BIKE_08341,Password 250
BIKE_08342,Runner 50
BIKE_08343,
BIKE_08344,C 650
BIKE_08345,F 850 Gs
BIKE_08346,Hypermotard 1100
BIKE_08347,1299 Panigale
BIKE_08348,R 1200 R
BIKE_08349,Night Rod
BIKE_08350,690 Supermoto
BIKE_08351,Ultra Classic
BIKE_08352,R 1200 Rt
BIKE_08353,V-Strom 650
BIKE_08354,
BIKE_08355,F 800 R
BIKE_08356,350S
BIKE_08357,350S
BIKE_08358,350S
BIKE_08359,F 900 Xr
BIKE_08360,S 1000 R
BIKE_08361,R 1200 Gs Lc
BIKE_08362,Ténéré 700
BIKE_08363,Electra Glide
BIKE_08364,Agusta
BIKE_08365,Fat Bob
BIKE_08366,Am Spyder F3-S
BIKE_08367,Sportster Forty Eight
BIKE_08368,Cb 1000
BIKE_08369,R 1250 Gs
BIKE_08370,Vt 750
BIKE_08371,
BIKE_08372,Crf 1100
BIKE_08373,Speedjet 50
BIKE_08374,Thunderbird Storm
BIKE_08375,Thunderbird Storm
BIKE_08376,Thunderbird Storm
BIKE_08377,Sportster Xl 883
BIKE_08378,Fat Boy
BIKE_08379,Beverly 350
BIKE_08380,790 Duke
BIKE_08381,690 Duke
BIKE_08382,Tracer 900
BIKE_08383,Agility 125
BIKE_08384,S 1000 Rr
BIKE_08385,Mio
BIKE_08386,Dyna Street Bob
BIKE_08387,
BIKE_08388,R 1250 Rt
BIKE_08389,
BIKE_08390,Zero S
BIKE_08391,Zero S
BIKE_08392,Zero S
BIKE_08393,1290 Super Adventure
BIKE_08394,C 400 Gt
BIKE_08395,Sh 300
BIKE_08396,V-Strom 1050
BIKE_08397,Gsx-S 750
BIKE_08398,V-Strom 650
BIKE_08399,Sportcity 125
BIKE_08400,Sportcity 125
BIKE_08401,Sportcity 125
BIKE_08402,1290 Super Adventure
BIKE_08403,Yzf-R1
BIKE_08404,Tmax 530
BIKE_08405,
BIKE_08406,Mt-09
BIKE_08407,Cb 1100
BIKE_08408,S 1000 Xr
BIKE_08409,Cb 650
BIKE_08410,Yzf-R1
BIKE_08411,Sportster Forty Eight
BIKE_08412,D'Elight
BIKE_08413,Liberty 150
BIKE_08414,Nc 750
BIKE_08415,Scrambler
BIKE_08416,Ninja 400
BIKE_08417,Multistrada 1200
BIKE_08418,F 800 Gs
BIKE_08419,Late Shovel
BIKE_08420,V-Strom 1050
BIKE_08421,Tmax 560
BIKE_08422,Night Train
BIKE_08423,Z 1000
BIKE_08424,Road King
BIKE_08425,Burgman 400
BIKE_08426,Hammer S 106
BIKE_08427,
BIKE_08428,Guzzi V 35
BIKE_08429,Street Triple R
BIKE_08430,Heritage Softail
BIKE_08431,
BIKE_08432,Tmax 530
BIKE_08433,Yzf-R1
BIKE_08434,X-Adv
BIKE_08435,Sportster Xr 1200
BIKE_08436,Sportster
BIKE_08437,Intruder M
BIKE_08438,Intruder M
BIKE_08439,Intruder M
BIKE_08440,701 Supermoto
BIKE_08441,Gsx-R 600
BIKE_08442,Fc 250
BIKE_08443,K 1600 Gtl Exclusive
BIKE_08444,K 1600 Gtl Exclusive
BIKE_08445,K 1600 Gtl Exclusive
BIKE_08446,Dorsoduro
BIKE_08447,S 1000 Rr
BIKE_08448,Hoffmann
BIKE_08449,Guzzi V 9
BIKE_08450,Crf 1000
BIKE_08451,F 800 Gs
BIKE_08452,Agility 125
BIKE_08453,Sh 300
BIKE_08454,F 700 Gs
BIKE_08455,R 1250 Gs Adventure
BIKE_08456,Tmax 530
BIKE_08457,Primavera 125
BIKE_08458,F 900 R
BIKE_08459,R 1200 Gs
BIKE_08460,Cb 750
BIKE_08461,
BIKE_08462,Tmax 530
BIKE_08463,Guzzi California
BIKE_08464,K 1600 Gtl
BIKE_08465,Softail
BIKE_08466,Mt-07
BIKE_08467,Xt 1200
BIKE_08468,Z 1000
BIKE_08469,
BIKE_08470,
BIKE_08471,
BIKE_08472,C 650 Gt
BIKE_08473,Norelli
BIKE_08474,
BIKE_08475,
BIKE_08476,
BIKE_08477,Fjr 1300
BIKE_08478,Z 900
BIKE_08479,R 1200 Gs
BIKE_08480,Agusta 350 S
BIKE_08481,Diavel
BIKE_08482,R 1200 Gs
BIKE_08483,Xb 12
BIKE_08484,R 1200 Gs Lc
BIKE_08485,Xsr 700
BIKE_08486,St 1300
BIKE_08487,Carnaby 125
BIKE_08488,Z 900
BIKE_08489,Speed Triple R
BIKE_08490,C 650 Gt
BIKE_08491,Multistrada 950
BIKE_08492,Multistrada 950
BIKE_08493,Multistrada 950
BIKE_08494,R Ninet
BIKE_08495,R Ninet
BIKE_08496,
BIKE_08497,R 1200 Gs
BIKE_08498,Hypermotard 950
BIKE_08499,Tracer 900
BIKE_08500,S 1000 R
BIKE_08501,R18
BIKE_08502,Sprint
BIKE_08503,Ninja Zx-6R
BIKE_08504,S 1000 Xr
BIKE_08505,Road Glide
BIKE_08506,1199 Panigale
BIKE_08507,848
BIKE_08508,848
BIKE_08509,848
BIKE_08510,S 1000 Xr
BIKE_08511,Xciting 400I
BIKE_08512,K 1600 Gt
BIKE_08513,Multistrada 1200
BIKE_08514,Yager Gt
BIKE_08515,Yager Gt
BIKE_08516,Yager Gt
BIKE_08517,Rsv4
BIKE_08518,S 1000 R
BIKE_08519,Multistrada 950
BIKE_08520,Multistrada 950
BIKE_08521,Multistrada 950
BIKE_08522,Mp3 500
BIKE_08523,Yzf-R1
BIKE_08524,990 Super Duke
BIKE_08525,Mt-07
BIKE_08526,
BIKE_08527,X-Max 300
BIKE_08528,Xt 1200
BIKE_08529,R 1200 Gs
BIKE_08530,Pan European
BIKE_08531,Sportster Xlch 1000
BIKE_08532,Yzf-R1
BIKE_08533,Multistrada 1200
BIKE_08534,Sportster 1200
BIKE_08535,Diavel
BIKE_08536,C1
BIKE_08537,Road Glide
BIKE_08538,Z 650
BIKE_08539,Vitpilen
BIKE_08540,Tiger 1050
BIKE_08541,Judge
BIKE_08542,W 800
BIKE_08543,Dyna Super Glide
BIKE_08544,Street Triple R
BIKE_08545,1290 Super Adventure
BIKE_08546,V-Strom 1050
BIKE_08547,Cbr 900
BIKE_08548,Sportster Xr 1200
BIKE_08549,Cbf 125
BIKE_08550,R 1200 Rt
BIKE_08551,Street Glide
BIKE_08552,Agility 125
BIKE_08553,F 750 Gs
BIKE_08554,S 1000 R
BIKE_08555,Tiger Explorer
BIKE_08556,
BIKE_08557,F 6 C
BIKE_08558,
BIKE_08559,Downtown 300I
BIKE_08560,Beverly 300
BIKE_08561,Heritage Softail
BIKE_08562,Sportster
BIKE_08563,Xsr 700
BIKE_08564,
BIKE_08565,Gl 1800
BIKE_08566,
BIKE_08567,Guzzi California 1400
BIKE_08568,Thruxton
BIKE_08569,Softail
BIKE_08570,Tmax 530
BIKE_08571,50E
BIKE_08572,R 1250 Gs
BIKE_08573,Hypermotard 939
BIKE_08574,Rs 660
BIKE_08575,R 45
BIKE_08576,R 1200 Gs Lc
BIKE_08577,Rr 50
BIKE_08578,Xsr 900
BIKE_08579,Road King
BIKE_08580,Fat Boy
BIKE_08581,Downtown 300I
BIKE_08582,Livewire
BIKE_08583,Softail
BIKE_08584,R 1200 R
BIKE_08585,Z 900
BIKE_08586,Z 1300
BIKE_08587,Street Glide
BIKE_08588,Scrambler
BIKE_08589,1000
BIKE_08590,1000
BIKE_08591,1000
BIKE_08592,Heritage Softail
BIKE_08593,R 1200 Gs
BIKE_08594,
BIKE_08595,848
BIKE_08596,848
BIKE_08597,848
BIKE_08598,Bonneville Se
BIKE_08599,
BIKE_08600,Ak 550
BIKE_08601,Sv 650
BIKE_08602,K 1100 Rs
BIKE_08603,F 750 Gs
BIKE_08604,Cbr 650
BIKE_08605,R 1200 Gs
BIKE_08606,R 1200 Gs
BIKE_08607,
BIKE_08608,R 1200 Gs Lc
BIKE_08609,Sportster 883
BIKE_08610,E-Trike
BIKE_08611,Z 650
BIKE_08612,Enfield Superbullet
BIKE_08613,Agility 50
BIKE_08614,Mt-09
BIKE_08615,Cb 650
BIKE_08616,R 1250 Gs
BIKE_08617,Heritage Springer
BIKE_08618,Sportcity 300
BIKE_08619,Jackfire
BIKE_08620,R 1150 Rt
BIKE_08621,R 1150 Rt
BIKE_08622,R 1150 Rt
BIKE_08623,Speed Triple 1050
BIKE_08624,Tiger 800
BIKE_08625,
BIKE_08626,Crf 1100
BIKE_08627,
BIKE_08628,Symphony 200
BIKE_08629,Rs 125
BIKE_08630,
BIKE_08631,V-Strom 650
BIKE_08632,R 1200 Gs Adventure
BIKE_08633,Bonneville T120
BIKE_08634,Rcr 50
BIKE_08635,Rocker C
BIKE_08636,690 Smc
BIKE_08637,690 Smc
BIKE_08638,690 Smc
BIKE_08639,R 1200 Gs Lc
BIKE_08640,S 1000 R
BIKE_08641,Pcx 125
BIKE_08642,Agility 125
BIKE_08643,Tracer 900
BIKE_08644,790 Duke
BIKE_08645,Gtr 1400
BIKE_08646,Panigale V4
BIKE_08647,990 Super Duke
BIKE_08648,Scrambler
BIKE_08649,Multistrada 1200
BIKE_08650,Tuono
BIKE_08651,Tmax 560
BIKE_08652,K 1300 S
BIKE_08653,Silver Wing
BIKE_08654,Silver Wing
BIKE_08655,Silver Wing
BIKE_08656,899 Panigale
BIKE_08657,899 Panigale
BIKE_08658,899 Panigale
BIKE_08659,Dyna Glide
BIKE_08660,Dyna Glide
BIKE_08661,Dyna Glide
BIKE_08662,Nc 750
BIKE_08663,
BIKE_08664,R 1200 Gs
BIKE_08665,Tango 250
BIKE_08666,125 Duke
BIKE_08667,Yzf-R3
BIKE_08668,R 1200 Gs
BIKE_08669,R Ninet
BIKE_08670,Guzzi Gtv
BIKE_08671,Versys 650
BIKE_08672,
BIKE_08673,R 1200 Rs
BIKE_08674,
BIKE_08675,Xjr 1300
BIKE_08676,R Ninet
BIKE_08677,Smr 125 2T
BIKE_08678,Mt-09
BIKE_08679,F 800 R
BIKE_08680,Speed Triple 1050
BIKE_08681,Vfr 1200
BIKE_08682,R 1200 Gs Adventure
BIKE_08683,Tmax 530
BIKE_08684,Cbr 1000
BIKE_08685,Yzf 1000
BIKE_08686,Tricity
BIKE_08687,Tuono
BIKE_08688,Z 1000
BIKE_08689,Monster 821
BIKE_08690,Ninja Zx-6R
BIKE_08691,Gtr 1400
BIKE_08692,
BIKE_08693,Speed Twin
BIKE_08694,Z 900
BIKE_08695,125 Duke
BIKE_08696,R Ninet
BIKE_08697,R 1200 Gs
BIKE_08698,R 1150 Rs
BIKE_08699,Dink 200
BIKE_08700,1199 Panigale
BIKE_08701,C 400 X
BIKE_08702,Z 1000
BIKE_08703,Rocket Iii Touring
BIKE_08704,Crf 1100
BIKE_08705,C 650 Gt
BIKE_08706,Chieftain
BIKE_08707,Z 900
BIKE_08708,R 1250 Rt
BIKE_08709,F 800 Gs
BIKE_08710,Road King
BIKE_08711,Blade 1000
BIKE_08712,Z 900
BIKE_08713,Gl 1800
BIKE_08714,V-Strom 1000
BIKE_08715,R 1200 Gs Adventure
BIKE_08716,750 Sport
BIKE_08717,K 1600 Gtl
BIKE_08718,R 1200 Gs
BIKE_08719,Zzr 1400
BIKE_08720,Tmax 530
BIKE_08721,Sportster
BIKE_08722,
BIKE_08723,Niken
BIKE_08724,F 700 Gs
BIKE_08725,Scrambler
BIKE_08726,Speed Twin
BIKE_08727,Ranger
BIKE_08728,R 1250 Gs Adventure
BIKE_08729,Mt-07
BIKE_08730,Symnh X
BIKE_08731,Symnh X
BIKE_08732,Symnh X
BIKE_08733,Softail
BIKE_08734,Mp3 500
BIKE_08735,Gsx-S 1000
BIKE_08736,K 1200
BIKE_08737,Fat Boy
BIKE_08738,Sportster 1200
BIKE_08739,R 1200 Gs
BIKE_08740,
BIKE_08741,F 900 Xr
BIKE_08742,
BIKE_08743,Fat Boy
BIKE_08744,Sportster 1200
BIKE_08745,1299 Panigale
BIKE_08746,R 1200 Rs
BIKE_08747,R Ninet
BIKE_08748,Guzzi 850 T
BIKE_08749,Yzf-R1
BIKE_08750,Hypermotard 939
BIKE_08751,Medley 125
BIKE_08752,Street Glide
BIKE_08753,Motors Energy
BIKE_08754,R 1200 Gs Lc
BIKE_08755,R 1200 Gs
BIKE_08756,Z 650
BIKE_08757,
BIKE_08758,G3
BIKE_08759,
BIKE_08760,
BIKE_08761,
BIKE_08762,Burgman 650
BIKE_08763,Multistrada 950
BIKE_08764,Multistrada 950
BIKE_08765,Multistrada 950
BIKE_08766,Scrambler
BIKE_08767,Forza 250
BIKE_08768,Diavel
BIKE_08769,R 1200 Gs
BIKE_08770,S 1000 Rr
BIKE_08771,Gl 1800
BIKE_08772,R 1200 R
BIKE_08773,City
BIKE_08774,990 Supermoto
BIKE_08775,Pan European
BIKE_08776,C 400 Gt
BIKE_08777,Crf 450
BIKE_08778,Yfm 700
BIKE_08779,Super Dink 125
BIKE_08780,Xl 1200
BIKE_08781,Kx 250
BIKE_08782,
BIKE_08783,R 1250 Rt
BIKE_08784,S 1000 Xr
BIKE_08785,Fz 1
BIKE_08786,Z 900
BIKE_08787,Agusta F4
BIKE_08788,Sportster 1200
BIKE_08789,Softail
BIKE_08790,R 1200 Gs
BIKE_08791,X-Adv
BIKE_08792,Fuoco 500
BIKE_08793,851
BIKE_08794,851
BIKE_08795,851
BIKE_08796,Skycruiser
BIKE_08797,C 600 Sport
BIKE_08798,
BIKE_08799,Crf 1100
BIKE_08800,Gsx-R 750
BIKE_08801,R 1200 Gs Adventure
BIKE_08802,
BIKE_08803,Street Twin
BIKE_08804,S 1000 Xr
BIKE_08805,F 900 Xr
BIKE_08806,Cb 650
BIKE_08807,Vrsc V-Rod
BIKE_08808,Vulcan 1700
BIKE_08809,S 1000 Rr
BIKE_08810,R 80 R
BIKE_08811,R 80 R
BIKE_08812,R 80 R
BIKE_08813,Superlight
BIKE_08814,Multistrada 1200
BIKE_08815,S 1000 Rr
BIKE_08816,
BIKE_08817,Gsx-S 1000
BIKE_08818,Tuono
BIKE_08819,
BIKE_08820,Impala
BIKE_08821,1290 Super Adventure
BIKE_08822,Low Rider
BIKE_08823,X-Max 400
BIKE_08824,
BIKE_08825,V-Strom 1000
BIKE_08826,Sprint St
BIKE_08827,R 1200 Gs
BIKE_08828,R 1200 Rt
BIKE_08829,R 1200 Gs
BIKE_08830,848
BIKE_08831,848
BIKE_08832,848
BIKE_08833,S 1000 Xr
BIKE_08834,F 850 Gs
BIKE_08835,Jla
BIKE_08836,Jla
BIKE_08837,Jla
BIKE_08838,R 1200 Gs
BIKE_08839,Sm 500 R
BIKE_08840,K 1600 Gtl
BIKE_08841,F 850 Gs
BIKE_08842,K 1600 Gt
BIKE_08843,Nmax
BIKE_08844,Softail
BIKE_08845,R 1200 Rt
BIKE_08846,Heritage Softail
BIKE_08847,Bonneville Se
BIKE_08848,Multistrada 1200
BIKE_08849,Fe 501
BIKE_08850,Beverly 300
BIKE_08851,Gold Wing
BIKE_08852,R 1200 Gs
BIKE_08853,Monster 821
BIKE_08854,Cb 1000
BIKE_08855,Heritage Springer
BIKE_08856,Crf 1000
BIKE_08857,Dyna Fat Bob
BIKE_08858,Versys 1000
BIKE_08859,R 1200 Gs
BIKE_08860,S 1000 Xr
BIKE_08861,Caponord 1200
BIKE_08862,Starfighter
BIKE_08863,Moto Cforce 820
BIKE_08864,Moto Cforce 820
BIKE_08865,Moto Cforce 820
BIKE_08866,Z 800
BIKE_08867,Gold Wing
BIKE_08868,Xl 1200
BIKE_08869,R 1200 Gs Lc
BIKE_08870,
BIKE_08871,Xt 1200
BIKE_08872,R 1200 Gs Adventure
BIKE_08873,Tuono
BIKE_08874,Yzf-R1
BIKE_08875,Carnaby 250
BIKE_08876,Aerox
BIKE_08877,
BIKE_08878,Inazuma 250
BIKE_08879,Inazuma 250
BIKE_08880,Inazuma 250
BIKE_08881,R 1200 Gs
BIKE_08882,Supersport
BIKE_08883,Z 650
BIKE_08884,Thruxton
BIKE_08885,R 50
BIKE_08886,R 1200 Gs Adventure
BIKE_08887,Dog K-9
BIKE_08888,R 1200 Gs
BIKE_08889,
BIKE_08890,Fireblade
BIKE_08891,Gtv Via Montenapoleone Se
BIKE_08892,S 1000 Xr
BIKE_08893,Tiger Explorer
BIKE_08894,F 800 R
BIKE_08895,Custom Bike
BIKE_08896,R 1200 Rt
BIKE_08897,S 1000 Xr
BIKE_08898,Z 900
BIKE_08899,Agusta Turismo Veloce 800
BIKE_08900,S 1000 R
BIKE_08901,Am Outlander
BIKE_08902,Heritage Softail
BIKE_08903,1299 Superleggera
BIKE_08904,F 750 Gs
BIKE_08905,
BIKE_08906,
BIKE_08907,
BIKE_08908,Senda
BIKE_08909,Rs 660
BIKE_08910,Tiger 800
BIKE_08911,1200 Custom
BIKE_08912,S 1000 Rr
BIKE_08913,Electra Glide
BIKE_08914,Fz-10
BIKE_08915,S 1000 Xr
BIKE_08916,Gsx-R 1000
BIKE_08917,R 1200 R
BIKE_08918,S 1000 Xr
BIKE_08919,R 1200 Gs
BIKE_08920,Aerox
BIKE_08921,Cj 360
BIKE_08922,Zzr 1400
BIKE_08923,Sh 300
BIKE_08924,Scrambler
BIKE_08925,Multistrada 1260
BIKE_08926,Xl 1200
BIKE_08927,Hurricane 400
BIKE_08928,Scarabeo
BIKE_08929,R 1200 Gs Adventure
BIKE_08930,
BIKE_08931,Electra Glide
BIKE_08932,Low Rider
BIKE_08933,Dyna Street Bob
BIKE_08934,Niken
BIKE_08935,R 100
BIKE_08936,Lxv 125
BIKE_08937,
BIKE_08938,
BIKE_08939,Versys 1000
BIKE_08940,Yz 250
BIKE_08941,Heritage Softail
BIKE_08942,Mrt 50
BIKE_08943,Like 125
BIKE_08944,R 1200 Gs
BIKE_08945,X-City 250
BIKE_08946,Vf 750
BIKE_08947,
BIKE_08948,Electra Glide
BIKE_08949,Multistrada 950
BIKE_08950,Multistrada 950
BIKE_08951,Multistrada 950
BIKE_08952,Softail
BIKE_08953,Cbr 1000
BIKE_08954,
BIKE_08955,Sportster Xr 1200
BIKE_08956,Sportsman 800
BIKE_08957,K 1300 Gt
BIKE_08958,Espro 45
BIKE_08959,Cbf 125
BIKE_08960,Vfr 800
BIKE_08961,Street Triple R
BIKE_08962,Gsx-S 1000
BIKE_08963,F 700 Gs
BIKE_08964,Electra Glide
BIKE_08965,Fat Bob
BIKE_08966,R Ninet
BIKE_08967,Tuono
BIKE_08968,R 1200 Gs
BIKE_08969,V-Strom 1000
BIKE_08970,C Evolution
BIKE_08971,Softail
BIKE_08972,Street Scrambler
BIKE_08973,
BIKE_08974,R 1200 Gs Adventure
BIKE_08975,S 1000 R
BIKE_08976,Rkv 125
BIKE_08977,R 1250 R
BIKE_08978,Flipper
BIKE_08979,Flipper
BIKE_08980,Flipper
BIKE_08981,
BIKE_08982,R 1200 Rt
BIKE_08983,R 1200 Rt
BIKE_08984,Iron 883
BIKE_08985,Fjr 1300
BIKE_08986,Versys 650
BIKE_08987,Crf 1100
BIKE_08988,X-Max 250
BIKE_08989,Gts Super Sport
BIKE_08990,R 1200 Rt
BIKE_08991,Street Scrambler
BIKE_08992,R 1200 Gs
BIKE_08993,Fes 125
BIKE_08994,R18
BIKE_08995,Monster 821
BIKE_08996,Tiger Explorer
BIKE_08997,Xt 1200
BIKE_08998,
BIKE_08999,Gsx-S 1000
BIKE_09000,Guzzi V 7
BIKE_09001,Thruxton
BIKE_09002,Hypermotard 939
BIKE_09003,Cbr 1000
BIKE_09004,Moto Grs 125
BIKE_09005,Crf 1100
BIKE_09006,R 1200 Gs
BIKE_09007,
BIKE_09008,Street Glide
BIKE_09009,Dyna Low Rider
BIKE_09010,Nc 750
BIKE_09011,790 Duke
BIKE_09012,Cat Alterra
BIKE_09013,Heritage Softail
BIKE_09014,Z H2
BIKE_09015,Gsx-R 1000
BIKE_09016,Tmax 530
BIKE_09017,Mt-10
BIKE_09018,Fly 50
BIKE_09019,Fly 50
BIKE_09020,Fly 50
BIKE_09021,V-Strom 650
BIKE_09022,Niken
BIKE_09023,
BIKE_09024,Xtz 1200
BIKE_09025,Niken
BIKE_09026,Sportster 883
BIKE_09027,
BIKE_09028,Monster 1200
BIKE_09029,1000
BIKE_09030,1000
BIKE_09031,1000
BIKE_09032,Crf 1000
BIKE_09033,R 1200 Gs
BIKE_09034,R 1200 Gs Lc
BIKE_09035,Street Scrambler
BIKE_09036,C 400 Gt
BIKE_09037,Mt-09
BIKE_09038,S 1000 R
BIKE_09039,Dyna Street Bob
BIKE_09040,Caponord 1200
BIKE_09041,Cmx 500
BIKE_09042,R Ninet
BIKE_09043,Cmx 500
BIKE_09044,Diavel
BIKE_09045,
BIKE_09046,X-Adv
BIKE_09047,Integra
BIKE_09048,Tdm 900
BIKE_09049,Tdm 900
BIKE_09050,Tdm 900
BIKE_09051,Vzr 1800
BIKE_09052,X-Adv
BIKE_09053,Nc 750
BIKE_09054,Night Rod
BIKE_09055,Monster 821
BIKE_09056,
BIKE_09057,Softail
BIKE_09058,Street Triple 675
BIKE_09059,Katana 1000
BIKE_09060,Katana 1000
BIKE_09061,Katana 1000
BIKE_09062,V-Strom 650
BIKE_09063,
BIKE_09064,Zzr 1400
BIKE_09065,Niken
BIKE_09066,Gsx-S 1000
BIKE_09067,Gtr 1400
BIKE_09068,Crf 1100
BIKE_09069,Monster 797
BIKE_09070,Monster 797
BIKE_09071,Monster 797
BIKE_09072,Multistrada 950
BIKE_09073,Multistrada 950
BIKE_09074,Multistrada 950
BIKE_09075,R 1200 Rs
BIKE_09076,R Ninet
BIKE_09077,Scrambler
BIKE_09078,Liberty 150
BIKE_09079,R 1200 Gs
BIKE_09080,Mxu 550
BIKE_09081,Mxu 550
BIKE_09082,Mxu 550
BIKE_09083,Vfr 1200
BIKE_09084,Orbit Ii
BIKE_09085,R 90/6
BIKE_09086,Streetfighter
BIKE_09087,Rsv4
BIKE_09088,Versys 1000
BIKE_09089,Bandit 1250
BIKE_09090,Crf 1000
BIKE_09091,X-Adv
BIKE_09092,Zip 50
BIKE_09093,R 1200 Gs Adventure
BIKE_09094,Vision 110
BIKE_09095,Fat Boy
BIKE_09096,Star 125
BIKE_09097,Cat 1000
BIKE_09098,F 850 Gs
BIKE_09099,
BIKE_09100,F 800 R
BIKE_09101,R 1200 Rt
BIKE_09102,
BIKE_09103,Nc 750
BIKE_09104,R 1200 R
BIKE_09105,Tiger Explorer
BIKE_09106,R 1200 Rt
BIKE_09107,
BIKE_09108,Mp3 500
BIKE_09109,
BIKE_09110,Cb 125
BIKE_09111,Thruxton
BIKE_09112,Agusta Brutale 1090
BIKE_09113,Gsx-S 1000
BIKE_09114,Speed Triple 1050
BIKE_09115,
BIKE_09116,Visar 125I
BIKE_09117,S 1000 Xr
BIKE_09118,Tmax 500
BIKE_09119,R 1200 Gs
BIKE_09120,Primavera 50
BIKE_09121,450 Exc
BIKE_09122,F 750 Gs
BIKE_09123,R 90 S
BIKE_09124,R 90 S
BIKE_09125,R 90 S
BIKE_09126,Tz 350
BIKE_09127,
BIKE_09128,Multistrada 1200
BIKE_09129,Xv 950
BIKE_09130,Db 8
BIKE_09131,F 750 Gs
BIKE_09132,Crf 1000
BIKE_09133,Zzr 1100
BIKE_09134,Zzr 1100
BIKE_09135,Zzr 1100
BIKE_09136,Ninja Zx-10Rr
BIKE_09137,Ninja Zx-10Rr
BIKE_09138,Ninja Zx-10Rr
BIKE_09139,Versys 1000
BIKE_09140,Cmx 500
BIKE_09141,
BIKE_09142,F 900 Xr
BIKE_09143,1199 Panigale
BIKE_09144,K 1600 B
BIKE_09145,K 1600 B
BIKE_09146,K 1600 B
BIKE_09147,Road King
BIKE_09148,Xtz 1200
BIKE_09149,Sr 50
BIKE_09150,
BIKE_09151,C 600
BIKE_09152,C 600
BIKE_09153,C 600
BIKE_09154,Z 1000
BIKE_09155,Wr 125
BIKE_09156,Wr 125
BIKE_09157,Wr 125
BIKE_09158,Monster 797
BIKE_09159,Monster 797
BIKE_09160,Monster 797
BIKE_09161,R 1200 R
BIKE_09162,Sportster 1200
BIKE_09163,Versys 650
BIKE_09164,R 1200 Rt
BIKE_09165,Vision 50
BIKE_09166,Burgman 650
BIKE_09167,Cb 750
BIKE_09168,R 1200 Gs
BIKE_09169,
BIKE_09170,Road Glide
BIKE_09171,Iron 883
BIKE_09172,790 Adventure
BIKE_09173,Beverly 300
BIKE_09174,Fat Boy
BIKE_09175,
BIKE_09176,996
BIKE_09177,Tmax Sx
BIKE_09178,1290 Super Adventure
BIKE_09179,Sportster Forty Eight
BIKE_09180,Mp3 500
BIKE_09181,Z1000 Sx
BIKE_09182,Thruxton
BIKE_09183,Xdiavel
BIKE_09184,R Ninet
BIKE_09185,Agusta Brutale
BIKE_09186,S 1000 R
BIKE_09187,1299 Panigale
BIKE_09188,Guzzi
BIKE_09189,
BIKE_09190,X-Adv
BIKE_09191,R 1200 Rt
BIKE_09192,Street Glide
BIKE_09193,Softail
BIKE_09194,Cb 1000
BIKE_09195,Mp3 Lt
BIKE_09196,Wl 750 Flathead
BIKE_09197,Wl 750 Flathead
BIKE_09198,Wl 750 Flathead
BIKE_09199,Grizzly 550
BIKE_09200,Blade 600
BIKE_09201,Hypermotard 939
BIKE_09202,S 1000 Xr
BIKE_09203,Diavel
BIKE_09204,Agusta Brutale 1090
BIKE_09205,X 10
BIKE_09206,X 10
BIKE_09207,X 10
BIKE_09208,Zzr 1400
BIKE_09209,Sh 125
BIKE_09210,Hp2 Enduro
BIKE_09211,C 650 Gt
BIKE_09212,R 1200
BIKE_09213,R 1200 R
BIKE_09214,Gsx-R 1100
BIKE_09215,F 800 Gs
BIKE_09216,
BIKE_09217,Xt 1200
BIKE_09218,Agility 125
BIKE_09219,Z 800
BIKE_09220,Gts 125
BIKE_09221,690 Duke
BIKE_09222,Custom Bike
BIKE_09223,R 1200 Gs
BIKE_09224,S 1000 Rr
BIKE_09225,Versys 650
BIKE_09226,790 Adventure
BIKE_09227,R 1250 Gs
BIKE_09228,
BIKE_09229,X-Adv
BIKE_09230,Agility 125
BIKE_09231,Vfr 800
BIKE_09232,C 400 Gt
BIKE_09233,Guzzi V 7
BIKE_09234,K 1600
BIKE_09235,Cmx 500
BIKE_09236,R 1250 Gs Adventure
BIKE_09237,Crf 1100
BIKE_09238,V-Strom 1000
BIKE_09239,S 1000 Xr
BIKE_09240,Crossrunner
BIKE_09241,
BIKE_09242,Downtown 300I
BIKE_09243,Ls 650
BIKE_09244,Gsx-R 1000
BIKE_09245,Tmax 530
BIKE_09246,Caballero 50
BIKE_09247,Vtx 1800
BIKE_09248,Mp3 250
BIKE_09249,Scrambler
BIKE_09250,Xsr 900
BIKE_09251,Cbf 1000
BIKE_09252,Hp 2 Megamoto
BIKE_09253,Tmax 530
BIKE_09254,Softail
BIKE_09255,R 1250 Gs
BIKE_09256,Dyna Street Bob
BIKE_09257,S 1000 R
BIKE_09258,Tracer 900
BIKE_09259,Multistrada 1200
BIKE_09260,Cbr 650
BIKE_09261,Cbf 125
BIKE_09262,
BIKE_09263,Xsr 700
BIKE_09264,Ninja Zx-10R
BIKE_09265,F 800 Gt
BIKE_09266,R 1200 Gs
BIKE_09267,888
BIKE_09268,Z 800
BIKE_09269,R 100 R
BIKE_09270,
BIKE_09271,Sw-T 400
BIKE_09272,Low Rider
BIKE_09273,Sportster 883
BIKE_09274,Hp4
BIKE_09275,Hp4
BIKE_09276,Hp4
BIKE_09277,R Ninet
BIKE_09278,Ak 550
BIKE_09279,900 Z
BIKE_09280,900 Z
BIKE_09281,900 Z
BIKE_09282,F 800 R
BIKE_09283,Am Renegade
BIKE_09284,Am Renegade
BIKE_09285,Am Renegade
BIKE_09286,F 750 Gs
BIKE_09287,F 850 Gs
BIKE_09288,B Eyas
BIKE_09289,Multistrada 1200
BIKE_09290,R 1200 Gs
BIKE_09291,1190 Adventure
BIKE_09292,Niken
BIKE_09293,
BIKE_09294,1125 R
BIKE_09295,R 60
BIKE_09296,R 60
BIKE_09297,R 60
BIKE_09298,
BIKE_09299,Sh 125
BIKE_09300,R 1200 Gs
BIKE_09301,Mt-07
BIKE_09302,Streetfighter
BIKE_09303,Caponord 1200
BIKE_09304,450 Exc
BIKE_09305,Gsx 750
BIKE_09306,K-Xct 125
BIKE_09307,Gold Wing
BIKE_09308,Gl 1800
BIKE_09309,Gl 1800
BIKE_09310,Marathon
BIKE_09311,Marathon
BIKE_09312,Marathon
BIKE_09313,Tango 50
BIKE_09314,1290 Super Duke R
BIKE_09315,
BIKE_09316,Crf 1100
BIKE_09317,Moto Tr 125
BIKE_09318,Night Train
BIKE_09319,Hypermotard 939
BIKE_09320,1050 Adventure
BIKE_09321,Xv 750
BIKE_09322,Xv 750
BIKE_09323,Xv 750
BIKE_09324,Nc 750
BIKE_09325,Gsx-R 1000
BIKE_09326,Versys 1000
BIKE_09327,S 1000 Rr
BIKE_09328,Low Rider
BIKE_09329,Crosstourer
BIKE_09330,Vfr 1200
BIKE_09331,F 900 R
BIKE_09332,R 1200 Gs
BIKE_09333,Gsr 750
BIKE_09334,Agusta Brutale
BIKE_09335,Symphony 125
BIKE_09336,Xvs 1300
BIKE_09337,Zip 50
BIKE_09338,Beverly 300
BIKE_09339,Cb 1000
BIKE_09340,Crf 450
BIKE_09341,Ninja 1000Sx
BIKE_09342,V-Strom 650
BIKE_09343,Scrambler
BIKE_09344,Agility 125
BIKE_09345,
BIKE_09346,Vfr 1200
BIKE_09347,Gsx-R 1000
BIKE_09348,
BIKE_09349,Nc 750
BIKE_09350,R Ninet
BIKE_09351,Tdm 900
BIKE_09352,Tdm 900
BIKE_09353,Tdm 900
BIKE_09354,Tiger Explorer
BIKE_09355,R 1200 Gs Lc
BIKE_09356,F 900 R
BIKE_09357,Multistrada 1200
BIKE_09358,
BIKE_09359,Night Train
BIKE_09360,1098
BIKE_09361,1098
BIKE_09362,1098
BIKE_09363,Heritage Softail
BIKE_09364,F 800 R
BIKE_09365,Nc 750
BIKE_09366,Nc 750
BIKE_09367,R 26
BIKE_09368,
BIKE_09369,Beverly 400
BIKE_09370,Guzzi Nuovo Falcone
BIKE_09371,Guzzi Nuovo Falcone
BIKE_09372,Guzzi Nuovo Falcone
BIKE_09373,X-Max 300
BIKE_09374,X-Max 125
BIKE_09375,Agusta Brutale 800
BIKE_09376,Wla
BIKE_09377,Wla
BIKE_09378,Wla
BIKE_09379,Yzf-R125
BIKE_09380,Vn 1700
BIKE_09381,Speed Triple 1050
BIKE_09382,Yfz 450
BIKE_09383,
BIKE_09384,Shadow 750
BIKE_09385,Scout
BIKE_09386,
BIKE_09387,Atlantic 300
BIKE_09388,Mt-10
BIKE_09389,
BIKE_09390,F 800 R
BIKE_09391,Z 900
BIKE_09392,Street 750
BIKE_09393,Freeride 250
BIKE_09394,Fat Boy
BIKE_09395,Late Shovel
BIKE_09396,Multistrada 1200
BIKE_09397,Late Shovel
BIKE_09398,V-Strom 650
BIKE_09399,R 1200 Gs Adventure
BIKE_09400,1190 Adventure
BIKE_09401,C Evolution
BIKE_09402,Rzr 1000
BIKE_09403,851
BIKE_09404,851
BIKE_09405,851
BIKE_09406,Guzzi California 1400
BIKE_09407,Street Glide
BIKE_09408,Gl 1800
BIKE_09409,Vn 1700
BIKE_09410,Road King
BIKE_09411,Yzf-R1
BIKE_09412,Super 8
BIKE_09413,999
BIKE_09414,Gold Wing
BIKE_09415,R Ninet
BIKE_09416,Vrsc V-Rod
BIKE_09417,Vn 900
BIKE_09418,Heritage Softail
BIKE_09419,Versys 650
BIKE_09420,Forza 300
BIKE_09421,K 1300 S
BIKE_09422,Wr 125
BIKE_09423,Wr 125
BIKE_09424,Wr 125
BIKE_09425,R 1200 Gs
BIKE_09426,R Ninet
BIKE_09427,Street Twin
BIKE_09428,Sh 150
BIKE_09429,Evolis 125
BIKE_09430,R 69 S
BIKE_09431,R 69 S
BIKE_09432,R 69 S
BIKE_09433,Road King
BIKE_09434,Speed Triple R
BIKE_09435,R Ninet
BIKE_09436,690 Smc
BIKE_09437,690 Smc
BIKE_09438,690 Smc
BIKE_09439,S 1000 Xr
BIKE_09440,R 1250 Rt
BIKE_09441,C Evolution
BIKE_09442,R 1200 Gs
BIKE_09443,Mt-10
BIKE_09444,Super Dink 300
BIKE_09445,Sportster 1200
BIKE_09446,
BIKE_09447,R 1200 Rt
BIKE_09448,Versys 650
BIKE_09449,R 1200 Rs
BIKE_09450,Ninja H2
BIKE_09451,Fat Boy
BIKE_09452,Multistrada 950
BIKE_09453,Multistrada 950
BIKE_09454,Multistrada 950
BIKE_09455,Streetfighter
BIKE_09456,R 1200 Gs
BIKE_09457,Guzzi Breva 1100
BIKE_09458,Ninja Zx-10R
BIKE_09459,Fz 1
BIKE_09460,Sh 150
BIKE_09461,Dyna Street Bob
BIKE_09462,R 1250 Gs
BIKE_09463,V-Strom 650
BIKE_09464,R 75/6
BIKE_09465,Monster 1200
BIKE_09466,Cityliner 125
BIKE_09467,1050 Adventure
BIKE_09468,50
BIKE_09469,Street 750
BIKE_09470,R 1200 R
BIKE_09471,Xt 1200
BIKE_09472,Z 1000
BIKE_09473,Panigale V4
BIKE_09474,
BIKE_09475,Tracer 900
BIKE_09476,Cb 1000
BIKE_09477,Zero Ds
BIKE_09478,Like 125
BIKE_09479,Bonneville T100
BIKE_09480,Heritage
BIKE_09481,Z 1000
BIKE_09482,Iron 883
BIKE_09483,C Evolution
BIKE_09484,Moto Tw 125
BIKE_09485,Rx 125
BIKE_09486,
BIKE_09487,1200 Custom
BIKE_09488,Xsr 900
BIKE_09489,Z1000 Sx
BIKE_09490,900 Z
BIKE_09491,900 Z
BIKE_09492,900 Z
BIKE_09493,R 1200 Gs
BIKE_09494,Gold Wing
BIKE_09495,R 26
BIKE_09496,Vulcan 900
BIKE_09497,Road King
BIKE_09498,R 1200 Gs
BIKE_09499,S 1000 Rr
BIKE_09500,Xb 9
BIKE_09501,1090 Adventure
BIKE_09502,1090 Adventure
BIKE_09503,1090 Adventure
BIKE_09504,K 1
BIKE_09505,Deluxe
BIKE_09506,Elite 350
BIKE_09507,Downtown 350I
BIKE_09508,Downtown 350I
BIKE_09509,Downtown 350I
BIKE_09510,Tmax 530
BIKE_09511,R 1200 R
BIKE_09512,Monster 796
BIKE_09513,Monster 796
BIKE_09514,Monster 796
BIKE_09515,
BIKE_09516,Zzr 1400
BIKE_09517,V-Strom 1000
BIKE_09518,Orbit Ii
BIKE_09519,Ninja 650
BIKE_09520,Fifty
BIKE_09521,Es3
BIKE_09522,Electric
BIKE_09523,Versys 650
BIKE_09524,Sportster Xl 883
BIKE_09525,C 650 Gt
BIKE_09526,R 1200 Gs
BIKE_09527,Sportster Forty Eight
BIKE_09528,Thruxton
BIKE_09529,990 Adventure
BIKE_09530,Hypermotard 950
BIKE_09531,Cbr 600
BIKE_09532,R 1250 Gs
BIKE_09533,Xl 1200
BIKE_09534,C Evolution
BIKE_09535,Pcx 150
BIKE_09536,Pcx 150
BIKE_09537,Pcx 150
BIKE_09538,K 1300
BIKE_09539,R 71
BIKE_09540,Street Scrambler
BIKE_09541,Speed Triple 1050
BIKE_09542,
BIKE_09543,Dorsoduro
BIKE_09544,Electra Glide
BIKE_09545,Cbf 1000
BIKE_09546,N1S
BIKE_09547,R 100/7
BIKE_09548,Tiger 1200
BIKE_09549,Crf 1000
BIKE_09550,Tracer 700
BIKE_09551,Panigale V4
BIKE_09552,Multistrada 1200
BIKE_09553,Yzf-R1
BIKE_09554,Atv 50
BIKE_09555,
BIKE_09556,
BIKE_09557,Joymax 300
BIKE_09558,Sportster Xl 883
BIKE_09559,Supersport
BIKE_09560,Rally 50
BIKE_09561,Vn 900
BIKE_09562,Agusta Brutale
BIKE_09563,Multistrada 1200
BIKE_09564,Derapage
BIKE_09565,Agility 50
BIKE_09566,R 1200 Gs Adventure
BIKE_09567,
BIKE_09568,85 Sx
BIKE_09569,Smx 125I Supermoto
BIKE_09570,Road King
BIKE_09571,S 1000 Rr
BIKE_09572,Fat Boy
BIKE_09573,Typhoon
BIKE_09574,959 Panigale
BIKE_09575,Panigale V4
BIKE_09576,S 1000 Rr
BIKE_09577,Monster 1100
BIKE_09578,Sh 125
BIKE_09579,R 1200 Gs
BIKE_09580,Vrsc V-Rod
BIKE_09581,
BIKE_09582,
BIKE_09583,Nc 750
BIKE_09584,Xl 600
BIKE_09585,Road King
BIKE_09586,Zr 750
BIKE_09587,Zr 750
BIKE_09588,Zr 750
BIKE_09589,F 800 Gs
BIKE_09590,
BIKE_09591,Multistrada 1200
BIKE_09592,
BIKE_09593,Sportster 1200
BIKE_09594,Address
BIKE_09595,Thruxton
BIKE_09596,R 1200 Gs Lc
BIKE_09597,
BIKE_09598,
BIKE_09599,
BIKE_09600,Tmax 530
BIKE_09601,
BIKE_09602,Rocket Iii Roadster
BIKE_09603,1290 Super Duke Gt
BIKE_09604,R 1200 Gs
BIKE_09605,Mt-07
BIKE_09606,
BIKE_09607,Moto Cforce 850
BIKE_09608,
BIKE_09609,Burgman 650
BIKE_09610,Atlantic 125
BIKE_09611,Medley 125
BIKE_09612,F 750 Gs
BIKE_09613,F 750 Gs
BIKE_09614,Softail
BIKE_09615,Tzr 50
BIKE_09616,Rc 50
BIKE_09617,C 650
BIKE_09618,Iron 1200
BIKE_09619,R 1200 C
BIKE_09620,Heritage
BIKE_09621,Super Glide
BIKE_09622,
BIKE_09623,690 Smc
BIKE_09624,690 Smc
BIKE_09625,690 Smc
BIKE_09626,Z 650
BIKE_09627,Lx 50
BIKE_09628,
BIKE_09629,Sportster 883
BIKE_09630,Wr 125
BIKE_09631,Wr 125
BIKE_09632,Wr 125
BIKE_09633,Sr Max 300
BIKE_09634,Sr Max 300
BIKE_09635,Sr Max 300
BIKE_09636,Freeride E
BIKE_09637,Commando
BIKE_09638,Sportster Xl 883
BIKE_09639,Softail Slim
BIKE_09640,Z 1000
BIKE_09641,Z 900
BIKE_09642,F 900 R
BIKE_09643,Sportster 1200
BIKE_09644,916
BIKE_09645,Z 800
BIKE_09646,Monster 796
BIKE_09647,Monster 796
BIKE_09648,Monster 796
BIKE_09649,Xsr 700
BIKE_09650,R 1200 Gs Adventure
BIKE_09651,Ninja Zx-10R
BIKE_09652,Gt 750
BIKE_09653,Guzzi Airone
BIKE_09654,R 1250 Gs
BIKE_09655,V-Strom 650
BIKE_09656,R 1200 Gs
BIKE_09657,Cbr 650
BIKE_09658,Cygnus
BIKE_09659,Am Maverick
BIKE_09660,Cb 1000
BIKE_09661,Tiger 900
BIKE_09662,Klx 250
BIKE_09663,K 100
BIKE_09664,Ps 125I
BIKE_09665,Ps 125I
BIKE_09666,Ps 125I
BIKE_09667,Aerox
BIKE_09668,Ultra Limited
BIKE_09669,Mp3 500
BIKE_09670,R 1250 Rt
BIKE_09671,Z 900
BIKE_09672,Z 800
BIKE_09673,R 1200 Gs
BIKE_09674,R 1200 Gs
BIKE_09675,
BIKE_09676,Monster 796
BIKE_09677,Monster 796
BIKE_09678,Monster 796
BIKE_09679,V-Strom 1000
BIKE_09680,1290 Super Duke Gt
BIKE_09681,Vfr 800
BIKE_09682,Cb 750
BIKE_09683,Ninja 650
BIKE_09684,Gsx-S 750
BIKE_09685,Tmax 560
BIKE_09686,Monster 821
BIKE_09687,Guzzi 1000 Sp
BIKE_09688,R 1200 Gs
BIKE_09689,F 800 R
BIKE_09690,R 1200 Gs Adventure
BIKE_09691,Tmax 530
BIKE_09692,
BIKE_09693,Gold Wing
BIKE_09694,Thruxton
BIKE_09695,1290 Super Adventure
BIKE_09696,Ninja Zx-6R
BIKE_09697,S 1000 Xr
BIKE_09698,R 1200 Rs
BIKE_09699,Buggy 1100
BIKE_09700,Buggy 1100
BIKE_09701,Buggy 1100
BIKE_09702,Panhead
BIKE_09703,Monster 1200
BIKE_09704,R 1200 Rt
BIKE_09705,R 1200 Rt
BIKE_09706,R 1200 Rt
BIKE_09707,Z 900
BIKE_09708,Cb 125
BIKE_09709,Gsr 750
BIKE_09710,Ultra Limited
BIKE_09711,W 800
BIKE_09712,950 Super Enduro R
BIKE_09713,Cb 500
BIKE_09714,K 1600 Gt
BIKE_09715,
BIKE_09716,R 80
BIKE_09717,R 1200 Gs
BIKE_09718,Bandit 650
BIKE_09719,Bandit 650
BIKE_09720,Bandit 650
BIKE_09721,Road King
BIKE_09722,K 1600 B
BIKE_09723,K 1600 B
BIKE_09724,K 1600 B
BIKE_09725,Gsx-S 750
BIKE_09726,Heritage Softail
BIKE_09727,Xsr 900
BIKE_09728,959 Panigale
BIKE_09729,R 1200 R Classic
BIKE_09730,Dt 125
BIKE_09731,Crf 1000
BIKE_09732,Gl 1800
BIKE_09733,R 1200 Gs Adventure
BIKE_09734,
BIKE_09735,Tiger 800
BIKE_09736,
BIKE_09737,F 900 Xr
BIKE_09738,S 1000 R
BIKE_09739,Tuono
BIKE_09740,Jackpot
BIKE_09741,Tiger 800
BIKE_09742,Mt-09
BIKE_09743,Like 125
BIKE_09744,999
BIKE_09745,Uxv 700
BIKE_09746,Cb 750 Four
BIKE_09747,F 800 R
BIKE_09748,F 650 Gs
BIKE_09749,Burgman 650
BIKE_09750,
BIKE_09751,R 1200 Gs Adventure
BIKE_09752,Trike
BIKE_09753,
BIKE_09754,Cb 650
BIKE_09755,V-Strom 650
BIKE_09756,Yzf-R1
BIKE_09757,R18 Classic
BIKE_09758,R 1200 Rt
BIKE_09759,
BIKE_09760,Majesty 400
BIKE_09761,K 1600 Gtl
BIKE_09762,X-Adv
BIKE_09763,Hawk Li
BIKE_09764,Vfr
BIKE_09765,1090 Adventure
BIKE_09766,1090 Adventure
BIKE_09767,1090 Adventure
BIKE_09768,899 Panigale
BIKE_09769,899 Panigale
BIKE_09770,899 Panigale
BIKE_09771,
BIKE_09772,V-Strom 650
BIKE_09773,
BIKE_09774,Vtx 1800
BIKE_09775,Street Triple 765
BIKE_09776,C 650 Gt
BIKE_09777,Cb 1000
BIKE_09778,Shadow 750
BIKE_09779,Iron 883
BIKE_09780,Ape
BIKE_09781,Agusta F4
BIKE_09782,
BIKE_09783,Cb 650
BIKE_09784,1290 Super Duke Gt
BIKE_09785,Guzzi
BIKE_09786,Z 900
BIKE_09787,Mt-01
BIKE_09788,Downtown 300I
BIKE_09789,1299 Panigale
BIKE_09790,Diavel
BIKE_09791,Gsx-S 1000
BIKE_09792,Ninja 650
BIKE_09793,R 1200 Gs
BIKE_09794,Xjr 1300
BIKE_09795,C 400 X
BIKE_09796,
BIKE_09797,Tmax 530
BIKE_09798,790 Adventure
BIKE_09799,Trike
BIKE_09800,Tornado Le 900
BIKE_09801,R Ninet
BIKE_09802,Cb 500
BIKE_09803,Scrambler
BIKE_09804,R 1200 Gs Adventure
BIKE_09805,Gsx 750
BIKE_09806,Speed Triple 1050
BIKE_09807,F/J
BIKE_09808,Multistrada 1200
BIKE_09809,R 1200 R
BIKE_09810,851
BIKE_09811,851
BIKE_09812,851
BIKE_09813,Chief
BIKE_09814,
BIKE_09815,Tmax 560
BIKE_09816,Softail
BIKE_09817,Moto Cforce 1000
BIKE_09818,
BIKE_09819,Mt-09
BIKE_09820,Sh 300
BIKE_09821,
BIKE_09822,Zero S
BIKE_09823,Zero S
BIKE_09824,Zero S
BIKE_09825,R 1250 Gs
BIKE_09826,Street Triple R
BIKE_09827,S 1000 R
BIKE_09828,F 900 Xr
BIKE_09829,Z 900
BIKE_09830,Am Maverick
BIKE_09831,King Quad
BIKE_09832,F 900 Xr
BIKE_09833,Street 750
BIKE_09834,Crosstourer
BIKE_09835,Agusta
BIKE_09836,Gsx 1300
BIKE_09837,V-Strom 650
BIKE_09838,G 125
BIKE_09839,Star 200
BIKE_09840,F 850 Gs
BIKE_09841,Ftr 1200
BIKE_09842,Gsx-R 600
BIKE_09843,Blade 1000
BIKE_09844,R 1200 Gs
BIKE_09845,Softail
BIKE_09846,Mt-07
BIKE_09847,
BIKE_09848,Cmx 500
BIKE_09849,Yzf-R6
BIKE_09850,Yzf-R1
BIKE_09851,R Ninet
BIKE_09852,R 1200 Gs
BIKE_09853,Am Traxter
BIKE_09854,S 1000 Rr
BIKE_09855,Cbr 650
BIKE_09856,Trike Low Rider
BIKE_09857,Trike Low Rider
BIKE_09858,Trike Low Rider
BIKE_09859,300Ac
BIKE_09860,Qooder
BIKE_09861,C Evolution
BIKE_09862,Cb 650
BIKE_09863,S 1000 R
BIKE_09864,Qv3
BIKE_09865,125 Duke
BIKE_09866,X-Max 300
BIKE_09867,K 1300 R
BIKE_09868,Vt 1300
BIKE_09869,Vt 1300
BIKE_09870,Vt 1300
BIKE_09871,
BIKE_09872,R Ninet
BIKE_09873,
BIKE_09874,X-Max 250
BIKE_09875,K 1600 Gt
BIKE_09876,Tmax 530
BIKE_09877,Cb 650
BIKE_09878,
BIKE_09879,Mt-07
BIKE_09880,Super 8
BIKE_09881,Soco Tc
BIKE_09882,Crf 1000
BIKE_09883,Crf 1100
BIKE_09884,Tmax 530
BIKE_09885,S 1000 Rr
BIKE_09886,Tiger 800
BIKE_09887,Moto Sirion 50
BIKE_09888,R 1200 Gs
BIKE_09889,Daytona 955I
BIKE_09890,790 Duke
BIKE_09891,Burgman 200
BIKE_09892,Tmax Dx
BIKE_09893,Gsx 750
BIKE_09894,Dyna Super Glide
BIKE_09895,
BIKE_09896,Bonneville T120
BIKE_09897,
BIKE_09898,Crf 1000
BIKE_09899,K 1600 Gtl
BIKE_09900,R 1200 Gs
BIKE_09901,Agusta Brutale 800
BIKE_09902,Fat Boy
BIKE_09903,125
BIKE_09904,Electra Glide
BIKE_09905,
BIKE_09906,Z 900
BIKE_09907,Primavera 50
BIKE_09908,Guzzi Griso 1200
BIKE_09909,Sportster 1200
BIKE_09910,Outlook 125
BIKE_09911,Guzzi V 7
BIKE_09912,Road King
BIKE_09913,R 1200 Gs
BIKE_09914,C 600 Sport
BIKE_09915,F 900 Xr
BIKE_09916,Tiger 800
BIKE_09917,Cb 1100
BIKE_09918,Road King
BIKE_09919,
BIKE_09920,
BIKE_09921,
BIKE_09922,Panigale V4
BIKE_09923,Downtown 300I
BIKE_09924,Agility 125
BIKE_09925,Vrsc V-Rod
BIKE_09926,Thunderbird Storm
BIKE_09927,Thunderbird Storm
BIKE_09928,Thunderbird Storm
BIKE_09929,Gsx-S 750
BIKE_09930,Crf 1100
BIKE_09931,S 1000 Rr
BIKE_09932,Msx 125
BIKE_09933,Predator
BIKE_09934,F 800 Gs
BIKE_09935,Sh 125
BIKE_09936,Vfr 800
BIKE_09937,C1
BIKE_09938,1290 Super Duke R
BIKE_09939,Rsv4
BIKE_09940,Enfield Himalayan
BIKE_09941,
BIKE_09942,R Ninet
BIKE_09943,
BIKE_09944,Fjr 1300
BIKE_09945,Vfr 1200
BIKE_09946,Ak 550
BIKE_09947,Gsx 750
BIKE_09948,Supersport
BIKE_09949,F 800 Gs
BIKE_09950,
BIKE_09951,Fs 450
BIKE_09952,Dyna Street Bob
BIKE_09953,Softail
BIKE_09954,
BIKE_09955,1290 Super Adventure
BIKE_09956,R Ninet
BIKE_09957,Z 900
BIKE_09958,Monster 796
BIKE_09959,Monster 796
BIKE_09960,Monster 796
BIKE_09961,Road Glide
BIKE_09962,Integra
BIKE_09963,V-Strom 650
BIKE_09964,Night Rod
BIKE_09965,
BIKE_09966,Multistrada 950
BIKE_09967,Multistrada 950
BIKE_09968,Multistrada 950
BIKE_09969,Tmax 530
BIKE_09970,Cvo Pro Street
BIKE_09971,Versys 650
BIKE_09972,Pesaro
BIKE_09973,C 650
BIKE_09974,Electra Glide
BIKE_09975,Panhead
BIKE_09976,Vn 1700
BIKE_09977,Smt 50
BIKE_09978,Dyna Wide Glide
BIKE_09979,Multistrada 950
BIKE_09980,Multistrada 950
BIKE_09981,Multistrada 950
BIKE_09982,Dyna Super Glide
BIKE_09983,R 1250 R
BIKE_09984,
BIKE_09985,R 1250 Rt
BIKE_09986,X-Adv
BIKE_09987,Diavel
BIKE_09988,Gsx-S 1000
BIKE_09989,S 1000 R
BIKE_09990,Ninja Zx-10R
BIKE_09991,R 1200 Rt
BIKE_09992,Agility 50
BIKE_09993,R 1200 Gs Lc
BIKE_09994,R Ninet
BIKE_09995,Rsv4
BIKE_09996,Tmax 560
BIKE_09997,
BIKE_09998,Hammer 8-Ball
BIKE_09999,Cbr 650
BIKE_10000,690 Duke
BIKE_10001,Fat Boy
BIKE_10002,Iron 883
BIKE_10003,R 1200 R
BIKE_10004,Tracer 900
BIKE_10005,R 1200 Gs
BIKE_10006,Softail
BIKE_10007,S 1000 Rr
BIKE_10008,
BIKE_10009,Xt 660
BIKE_10010,Vfr 800
BIKE_10011,Vfr 1200
BIKE_10012,Rsv 1000 Tuono R
BIKE_10013,R 1200 Gs
BIKE_10014,Aquila 125
BIKE_10015,Rsv4
BIKE_10016,F 900 R
BIKE_10017,R 1200 Cl
BIKE_10018,R 1200 Cl
BIKE_10019,R 1200 Cl
BIKE_10020,Sportster 1200
BIKE_10021,Fat Boy
BIKE_10022,
BIKE_10023,Scrambler
BIKE_10024,R 1200 R
BIKE_10025,R 80 Rt
BIKE_10026,1290 Super Duke R
BIKE_10027,R 1200 Gs Adventure
BIKE_10028,Crf 1000
BIKE_10029,Crossrunner
BIKE_10030,
BIKE_10031,Canyon 320
BIKE_10032,Vfr 1200
BIKE_10033,Z 900
BIKE_10034,Cbr 125
BIKE_10035,R 1200 Gs
BIKE_10036,Moto Code 125
BIKE_10037,Cb 750 Four
BIKE_10038,Raptor 700
BIKE_10039,Agusta F4 1000 R 312
BIKE_10040,Agusta F4 1000 R 312
BIKE_10041,Agusta F4 1000 R 312
BIKE_10042,848
BIKE_10043,848
BIKE_10044,848
BIKE_10045,1500 Gt
BIKE_10046,V-Strom 1000
BIKE_10047,Iron 883
BIKE_10048,Rr 50
BIKE_10049,R 1200 Gs
BIKE_10050,Tracer 900
BIKE_10051,Monster 796
BIKE_10052,Monster 796
BIKE_10053,Monster 796
BIKE_10054,1290 Super Duke R
BIKE_10055,R 1150 Rt
BIKE_10056,R 1150 Rt
BIKE_10057,R 1150 Rt
BIKE_10058,Multistrada 1200
BIKE_10059,Speed Triple 1050
BIKE_10060,Multistrada 1200
BIKE_10061,1290 Super Adventure
BIKE_10062,F 900 Xr
BIKE_10063,Guzzi
BIKE_10064,Vt 750
BIKE_10065,Road King
BIKE_10066,Fly 50
BIKE_10067,Fly 50
BIKE_10068,Fly 50
BIKE_10069,R 1200 Gs Lc
BIKE_10070,Guzzi 1100 Sport
BIKE_10071,
BIKE_10072,
BIKE_10073,R 1200 R
BIKE_10074,Z 900
BIKE_10075,Moto Cforce 1000
BIKE_10076,Mp3 500
BIKE_10077,Tmax 530
BIKE_10078,R 1200 Gs
BIKE_10079,Mp3 500
BIKE_10080,Sv 650
BIKE_10081,Gts 300
BIKE_10082,Crf 1000
BIKE_10083,R 80 Gs
BIKE_10084,Guzzi V 7
BIKE_10085,V-Strom 1050
BIKE_10086,R 1200 Gs
BIKE_10087,Tracer 900
BIKE_10088,
BIKE_10089,Custom Bike
BIKE_10090,R 1200 Gs
BIKE_10091,Softail
BIKE_10092,Sixty Five
BIKE_10093,Vn 1500
BIKE_10094,Vn 1500
BIKE_10095,Vn 1500
BIKE_10096,Versys 650
BIKE_10097,Xtz 1200
BIKE_10098,Rf1
BIKE_10099,Night Rod
BIKE_10100,125 Duke
BIKE_10101,R 1200 Gs Adventure
BIKE_10102,Gsx 1250
BIKE_10103,S 1000 Rr
BIKE_10104,S 1000 R
BIKE_10105,Streetfighter
BIKE_10106,Versys 1000
BIKE_10107,Cobra 420
BIKE_10108,Diavel
BIKE_10109,Nmax
BIKE_10110,1290 Super Duke R
BIKE_10111,Night Rod
BIKE_10112,S 1000 Rr
BIKE_10113,990 Adventure
BIKE_10114,Scrambler
BIKE_10115,Road Glide
BIKE_10116,F 900 R
BIKE_10117,Lx 50
BIKE_10118,Felsberg 125
BIKE_10119,Z 1000
BIKE_10120,V-Rod
BIKE_10121,Yfa 125
BIKE_10122,V-Rod
BIKE_10123,
BIKE_10124,
BIKE_10125,Tuono
BIKE_10126,Tmax 530
BIKE_10127,R 1200 Gs Lc
BIKE_10128,Hammer S
BIKE_10129,Hammer S
BIKE_10130,Hammer S
BIKE_10131,
BIKE_10132,1290 Super Duke R
BIKE_10133,
BIKE_10134,Orbit Ii
BIKE_10135,Fat Boy
BIKE_10136,Nc 750
BIKE_10137,Am Maverick
BIKE_10138,701 Supermoto
BIKE_10139,F 800
BIKE_10140,690 Duke
BIKE_10141,N1S
BIKE_10142,Supersport
BIKE_10143,
BIKE_10144,Motors Unu
BIKE_10145,Sh 150
BIKE_10146,
BIKE_10147,Allo
BIKE_10148,Allo
BIKE_10149,Allo
BIKE_10150,Sh 125
BIKE_10151,Vfr 1200
BIKE_10152,Nuda 900
BIKE_10153,Gsx-S 750
BIKE_10154,V-Strom 650
BIKE_10155,Ninja Zx-10R
BIKE_10156,Ds 350
BIKE_10157,Beverly 350
BIKE_10158,Crf 1000
BIKE_10159,F 750 Gs
BIKE_10160,Yzf-R1
BIKE_10161,R 1200 Gs
BIKE_10162,S 1000 Rr
BIKE_10163,Quadro3
BIKE_10164,Vtr 1000
BIKE_10165,Vtr 1000
BIKE_10166,Vtr 1000
BIKE_10167,Vl 800
BIKE_10168,Te 300
BIKE_10169,R 1200
BIKE_10170,Gt 750
BIKE_10171,
BIKE_10172,Ultra Classic
BIKE_10173,Xciting 500I
BIKE_10174,Xciting 500I
BIKE_10175,Xciting 500I
BIKE_10176,Cbr 650
BIKE_10177,K 1600 Gt
BIKE_10178,Crf 1100
BIKE_10179,
BIKE_10180,Tiger 1200
BIKE_10181,790 Duke
BIKE_10182,Scrambler
BIKE_10183,Agusta F3
BIKE_10184,Tiger 800
BIKE_10185,
BIKE_10186,S 1000 R
BIKE_10187,S 1000 Rr
BIKE_10188,1290 Super Duke Gt
BIKE_10189,Dyna Fat Bob
BIKE_10190,Speed Triple 1050
BIKE_10191,Guzzi California 1400
BIKE_10192,K 1300 S
BIKE_10193,R 1100 Rs
BIKE_10194,Vision 50
BIKE_10195,
BIKE_10196,Cbr 125
BIKE_10197,Tmax 560
BIKE_10198,Mp3 Lt
BIKE_10199,Cbr 1000
BIKE_10200,
BIKE_10201,Tmax Sx
BIKE_10202,Deluxe
BIKE_10203,
BIKE_10204,K 1600 Gt
BIKE_10205,V-Strom 650
BIKE_10206,Moto Cforce 820
BIKE_10207,Moto Cforce 820
BIKE_10208,Moto Cforce 820
BIKE_10209,Z 900
BIKE_10210,Tmax 530
BIKE_10211,Multistrada 1200
BIKE_10212,Rsv4
BIKE_10213,R 1200 Gs
BIKE_10214,Softail
BIKE_10215,Agusta Turismo Veloce 800
BIKE_10216,Agility 125
BIKE_10217,Low Rider
BIKE_10218,R 1250 R
BIKE_10219,Softail
BIKE_10220,R Ninet
BIKE_10221,Z 1000
BIKE_10222,
BIKE_10223,Gts 300
BIKE_10224,Nc 750
BIKE_10225,F 750 Gs
BIKE_10226,
BIKE_10227,Grand Dink 300
BIKE_10228,F 800 Gs Adventure
BIKE_10229,
BIKE_10230,Heritage Softail
BIKE_10231,1290 Super Duke R
BIKE_10232,Ultra Limited
BIKE_10233,R 1250 R
BIKE_10234,
BIKE_10235,People Gt300I
BIKE_10236,Versys 1000
BIKE_10237,Guzzi 850 Le Mans
BIKE_10238,Electra Glide
BIKE_10239,X-Adv
BIKE_10240,Gts Super Sport
BIKE_10241,F 900 R
BIKE_10242,
BIKE_10243,
BIKE_10244,Fat Boy
BIKE_10245,Tuono
BIKE_10246,
BIKE_10247,Mp3 300
BIKE_10248,Road King
BIKE_10249,Streetfighter
BIKE_10250,F 800 Gt
BIKE_10251,Boardwalk
BIKE_10252,Multistrada 1200
BIKE_10253,Burgman 150
BIKE_10254,Xjr 1300
BIKE_10255,Street Twin
BIKE_10256,Street Glide
BIKE_10257,
BIKE_10258,Diavel
BIKE_10259,V-Strom 1000
BIKE_10260,Rf1
BIKE_10261,Xciting 500I
BIKE_10262,Xciting 500I
BIKE_10263,Xciting 500I
BIKE_10264,Tmax 530
BIKE_10265,R 1200 Gs Adventure
BIKE_10266,Katana 1000
BIKE_10267,Katana 1000
BIKE_10268,Katana 1000
BIKE_10269,R 1200 Rt
BIKE_10270,Ninja 650
BIKE_10271,R 1200 Gs
BIKE_10272,Tr 6
BIKE_10273,R 1200 Gs
BIKE_10274,Multistrada 1200
BIKE_10275,Yzf-R125
BIKE_10276,R 1200 Gs
BIKE_10277,X-Adv
BIKE_10278,Z 1000
BIKE_10279,Star 200
BIKE_10280,Hp 2 Megamoto
BIKE_10281,Xt 1200
BIKE_10282,
BIKE_10283,Xsr 700
BIKE_10284,
BIKE_10285,890 Duke
BIKE_10286,890 Duke
BIKE_10287,890 Duke
BIKE_10288,Rr 50
BIKE_10289,Gl 1800
BIKE_10290,Downtown 300I
BIKE_10291,Versys 650
BIKE_10292,701 Supermoto
BIKE_10293,Cmx 500
BIKE_10294,F 800 Gs
BIKE_10295,K 1600 Gtl
BIKE_10296,890 Duke
BIKE_10297,890 Duke
BIKE_10298,890 Duke
BIKE_10299,R 1200 Gs
BIKE_10300,R 1200 Gs
BIKE_10301,R 1200 Gs Lc
BIKE_10302,Flipper
BIKE_10303,Flipper
BIKE_10304,Flipper
BIKE_10305,Guzzi California 1400
BIKE_10306,
BIKE_10307,Downtown 300I
BIKE_10308,F 850 Gs
BIKE_10309,Crf 1000
BIKE_10310,1290 Super Duke Gt
BIKE_10311,250 Enduro
BIKE_10312,F 850 Gs
BIKE_10313,Superlight
BIKE_10314,Tiger 1200
BIKE_10315,Guzzi V 85
BIKE_10316,
BIKE_10317,Hypermotard 821
BIKE_10318,Hypermotard 821
BIKE_10319,Hypermotard 821
BIKE_10320,Mt-07
BIKE_10321,K 100 Rt
BIKE_10322,Street Scrambler
BIKE_10323,1299 Panigale
BIKE_10324,
BIKE_10325,Xciting 400I
BIKE_10326,R18
BIKE_10327,S 1000 Xr
BIKE_10328,Tiger 800
BIKE_10329,Beverly 300
BIKE_10330,Z 300
BIKE_10331,Agusta Brutale 800
BIKE_10332,V-Strom 1000
BIKE_10333,
BIKE_10334,1290 Super Adventure
BIKE_10335,B King
BIKE_10336,
BIKE_10337,450 Smr
BIKE_10338,Agility 150
BIKE_10339,Trophy
BIKE_10340,X-Adv
BIKE_10341,Burgman 650
BIKE_10342,Gtr 1400
BIKE_10343,R 1200 Gs
BIKE_10344,Rocker C
BIKE_10345,K 1600 Gt
BIKE_10346,R 80 Rt
BIKE_10347,V-Rod
BIKE_10348,
BIKE_10349,Zip 50
BIKE_10350,998
BIKE_10351,998
BIKE_10352,998
BIKE_10353,Tuono
BIKE_10354,Heritage Springer
BIKE_10355,K 1300
BIKE_10356,
BIKE_10357,Z 900
BIKE_10358,Ape
BIKE_10359,Mt-07
BIKE_10360,Kingpin
BIKE_10361,Gsx-S 1000
BIKE_10362,Gsx-S 1000
BIKE_10363,R 1250 Rs
BIKE_10364,Tmax 560
BIKE_10365,R 1250 Rt
BIKE_10366,Road Glide
BIKE_10367,Ape
BIKE_10368,Xb 12
BIKE_10369,Softail
BIKE_10370,Fat Bob
BIKE_10371,Bonneville T120
BIKE_10372,Agility 50
BIKE_10373,Niken
BIKE_10374,F 850 Gs
BIKE_10375,Ninja Zx-10R
BIKE_10376,Street Triple 765
BIKE_10377,
BIKE_10378,Tmax 530
BIKE_10379,Guzzi
BIKE_10380,Like 125
BIKE_10381,Db 234 Nor. Luxus
BIKE_10382,Fat Boy
BIKE_10383,Cb 1000
BIKE_10384,F 850 Gs
BIKE_10385,Z 900
BIKE_10386,
BIKE_10387,
BIKE_10388,
BIKE_10389,Panigale V4
BIKE_10390,Tmax Dx
BIKE_10391,R 1200 Gs Adventure
BIKE_10392,Guzzi V 7
BIKE_10393,R Ninet
BIKE_10394,
BIKE_10395,Nc 750
BIKE_10396,R 1200 Gs
BIKE_10397,Mt-09
BIKE_10398,
BIKE_10399,1290 Super Duke R
BIKE_10400,Am 800 Renegade
BIKE_10401,Am 800 Renegade
BIKE_10402,Am 800 Renegade
BIKE_10403,V-Strom 1050
BIKE_10404,
BIKE_10405,Integra
BIKE_10406,
BIKE_10407,R 1250 R
BIKE_10408,Dyna Fat Bob
BIKE_10409,Cbr 650
BIKE_10410,F 700 Gs
BIKE_10411,Cross Country Tour
BIKE_10412,Monster 1200
BIKE_10413,S 1000 Rr
BIKE_10414,Ak 550
BIKE_10415,Ultra Limited
BIKE_10416,790 Adventure
BIKE_10417,
BIKE_10418,Mt-09
BIKE_10419,F 900 Xr
BIKE_10420,Burgman 200
BIKE_10421,Cb 750
BIKE_10422,Tmax 530
BIKE_10423,K 1600 Gt
BIKE_10424,Pcx 150
BIKE_10425,Pcx 150
BIKE_10426,Pcx 150
BIKE_10427,R Ninet
BIKE_10428,Z 900
BIKE_10429,Yzf-R6
BIKE_10430,R Ninet
BIKE_10431,848
BIKE_10432,848
BIKE_10433,848
BIKE_10434,
BIKE_10435,Softail Slim
BIKE_10436,1200 Custom
BIKE_10437,Crosstourer
BIKE_10438,Mt-09
BIKE_10439,Electra Glide
BIKE_10440,R 1200 Rt
BIKE_10441,Z 800
BIKE_10442,R 1250 Gs
BIKE_10443,Rsv4
BIKE_10444,Tmax 560
BIKE_10445,Moto Tr 50
BIKE_10446,Sportster
BIKE_10447,Tr 6
BIKE_10448,
BIKE_10449,Sprint
BIKE_10450,Fjr 1300
BIKE_10451,R 1250 Rt
BIKE_10452,Cvo Breakout
BIKE_10453,Guzzi Gtv
BIKE_10454,Crossrunner
BIKE_10455,C 650 Gt
BIKE_10456,Monster 821
BIKE_10457,X-Adv
BIKE_10458,Road King
BIKE_10459,1200 Custom
BIKE_10460,Streetfighter
BIKE_10461,Cb 1100
BIKE_10462,Crf 450
BIKE_10463,Sportster
BIKE_10464,R 1200 Rt
BIKE_10465,Maxsym 400I
BIKE_10466,Softail
BIKE_10467,S 1000 Xr
BIKE_10468,690 Smc
BIKE_10469,690 Smc
BIKE_10470,690 Smc
BIKE_10471,Vn 800
BIKE_10472,Streetfighter
BIKE_10473,Mt-07
BIKE_10474,Xciting 500I
BIKE_10475,Xciting 500I
BIKE_10476,Xciting 500I
BIKE_10477,Diavel
BIKE_10478,Fz 6
BIKE_10479,R 1200 Gs Adventure
BIKE_10480,Gsx-R 600
BIKE_10481,S 1000 Xr
BIKE_10482,Gsx-S 1000
BIKE_10483,R 1200 Rs
BIKE_10484,Wl 750 Flathead
BIKE_10485,Wl 750 Flathead
BIKE_10486,Wl 750 Flathead
BIKE_10487,Cracker
BIKE_10488,
BIKE_10489,Z 650
BIKE_10490,Cbr 650
BIKE_10491,959 Panigale
BIKE_10492,R 1250 R
BIKE_10493,
BIKE_10494,Crf 1000
BIKE_10495,Mt-07
BIKE_10496,Ego
BIKE_10497,Ego
BIKE_10498,Ego
BIKE_10499,
BIKE_10500,Am Ryker
BIKE_10501,Am Ryker
BIKE_10502,Am Ryker
BIKE_10503,Chieftain
BIKE_10504,Gsx-S 750
BIKE_10505,S 1000 Rr
BIKE_10506,Liberty 125
BIKE_10507,Streetfighter
BIKE_10508,
BIKE_10509,Xdiavel
BIKE_10510,Gsx 750
BIKE_10511,
BIKE_10512,Agility 150
BIKE_10513,R 1200 Gs
BIKE_10514,
BIKE_10515,1290 Super Adventure
BIKE_10516,1290 Super Adventure
BIKE_10517,X-Adv
BIKE_10518,701 Enduro
BIKE_10519,
BIKE_10520,F 900 Xr
BIKE_10521,Venox 250
BIKE_10522,Street Triple 765
BIKE_10523,Cb 650
BIKE_10524,Z 900
BIKE_10525,Drd
BIKE_10526,Drd
BIKE_10527,Drd
BIKE_10528,J125
BIKE_10529,J125
BIKE_10530,J125
BIKE_10531,V-Strom 1000
BIKE_10532,R 1200 Rs
BIKE_10533,Xsr 700
BIKE_10534,Guzzi 850 T
BIKE_10535,1190 Adventure
BIKE_10536,Versys 1000
BIKE_10537,Chieftain
BIKE_10538,X-Adv
BIKE_10539,Xvs 950
BIKE_10540,Crf 1000
BIKE_10541,Ninja 650
BIKE_10542,K 1600
BIKE_10543,Monster 1200
BIKE_10544,
BIKE_10545,Ténéré 700
BIKE_10546,R 1200 Gs
BIKE_10547,K 1200
BIKE_10548,F 800 R
BIKE_10549,R Ninet
BIKE_10550,Ninja Zx-6R
BIKE_10551,Crf 1100
BIKE_10552,Low Rider
BIKE_10553,Mt-09
BIKE_10554,Burgman 200
BIKE_10555,K 1300 S
BIKE_10556,
BIKE_10557,Moto Cforce 800
BIKE_10558,Multistrada 1200
BIKE_10559,R 1200 R
BIKE_10560,
BIKE_10561,R 50
BIKE_10562,Gsx-R 600
BIKE_10563,Mt-09
BIKE_10564,Mt-09
BIKE_10565,Sportster 1200
BIKE_10566,
BIKE_10567,Street Glide
BIKE_10568,Medley 125
BIKE_10569,Night Rod
BIKE_10570,Fjr 1300
BIKE_10571,Vl 800
BIKE_10572,Softail
BIKE_10573,Tracer 900
BIKE_10574,Hp2 Enduro
BIKE_10575,Gsx-S 750
BIKE_10576,R 1250 Gs
BIKE_10577,V-Strom 1000
BIKE_10578,Panigale V4
BIKE_10579,S 1000 Xr
BIKE_10580,Guzzi California 1400
BIKE_10581,
BIKE_10582,Lx 50
BIKE_10583,
BIKE_10584,Dyna Low Rider
BIKE_10585,Crm Basic
BIKE_10586,Dyna Fat Bob
BIKE_10587,Agusta Brutale 1090
BIKE_10588,R 1200 Gs Adventure
BIKE_10589,R 1200 Gs
BIKE_10590,Cb 1000
BIKE_10591,Cbr 650
BIKE_10592,Lx 150
BIKE_10593,Multistrada 1200
BIKE_10594,Liberty 150
BIKE_10595,R 1200 Rt
BIKE_10596,R 1200
BIKE_10597,Deauville
BIKE_10598,Deauville
BIKE_10599,Deauville
BIKE_10600,790 Adventure
BIKE_10601,X-City 250
BIKE_10602,
BIKE_10603,
BIKE_10604,Tracer 700
BIKE_10605,Sr Max 300
BIKE_10606,Sr Max 300
BIKE_10607,Sr Max 300
BIKE_10608,1290 Super Adventure
BIKE_10609,Z 900
BIKE_10610,990 Super Duke
BIKE_10611,F 900 Xr
BIKE_10612,Commando
BIKE_10613,Zr 750
BIKE_10614,Zr 750
BIKE_10615,Zr 750
BIKE_10616,Tracer 700
BIKE_10617,R Ninet
BIKE_10618,Gsx-R 600
BIKE_10619,R 1200 Gs Lc
BIKE_10620,Fiddle 200
BIKE_10621,Outlander 650
BIKE_10622,Joymax 300
BIKE_10623,Fat Boy
BIKE_10624,Ninja 650
BIKE_10625,Aerox
BIKE_10626,Tmax 530
BIKE_10627,
BIKE_10628,Mt-09
BIKE_10629,
BIKE_10630,Z 1000
BIKE_10631,Tracer 700
BIKE_10632,Vn 1700
BIKE_10633,Cb 1000
BIKE_10634,Mp3 500
BIKE_10635,Agility 125
BIKE_10636,
BIKE_10637,Tracer 700
BIKE_10638,Gsx-S 750
BIKE_10639,Nc 750
BIKE_10640,R Ninet
BIKE_10641,R 1200 Gs Lc
BIKE_10642,R 1200 R
BIKE_10643,W 800
BIKE_10644,R Ninet
BIKE_10645,Diavel
BIKE_10646,Xjr 1300
BIKE_10647,Crossrunner
BIKE_10648,Nmax
BIKE_10649,X-City 250
BIKE_10650,Guzzi California 1400
BIKE_10651,Ninja H2
BIKE_10652,Sportster 1200
BIKE_10653,X-Adv
BIKE_10654,Sr 50
BIKE_10655,Agusta
BIKE_10656,Road King
BIKE_10657,690 Smc
BIKE_10658,690 Smc
BIKE_10659,690 Smc
BIKE_10660,1000 Gt
BIKE_10661,Bws
BIKE_10662,
BIKE_10663,Yager Gt
BIKE_10664,Yager Gt
BIKE_10665,Yager Gt
BIKE_10666,R Ninet
BIKE_10667,Lx 150
BIKE_10668,Zzr 1400
BIKE_10669,
BIKE_10670,Tiger 1200
BIKE_10671,Gsx 1300
BIKE_10672,S 1000 Xr
BIKE_10673,Chief
BIKE_10674,Rsv4
BIKE_10675,Z 900
BIKE_10676,Agusta F3
BIKE_10677,Guzzi
BIKE_10678,S 1000 R
BIKE_10679,690 Smc
BIKE_10680,690 Smc
BIKE_10681,690 Smc
BIKE_10682,
BIKE_10683,Joyride 125
BIKE_10684,People S 200I
BIKE_10685,People S 200I
BIKE_10686,People S 200I
BIKE_10687,
BIKE_10688,
BIKE_10689,
BIKE_10690,Diavel
BIKE_10691,
BIKE_10692,Monster 821
BIKE_10693,899 Panigale
BIKE_10694,899 Panigale
BIKE_10695,899 Panigale
BIKE_10696,Monster 821
BIKE_10697,690 Smc
BIKE_10698,690 Smc
BIKE_10699,690 Smc
BIKE_10700,Niken
BIKE_10701,C 400 X
BIKE_10702,
BIKE_10703,Gsx-S 1000
BIKE_10704,Kb 1
BIKE_10705,Tmax Sx
BIKE_10706,Thruxton
BIKE_10707,K 1300 R
BIKE_10708,R 1200 Gs Adventure
BIKE_10709,Deluxe
BIKE_10710,Diavel
BIKE_10711,Guzzi V 11
BIKE_10712,Guzzi V 11
BIKE_10713,Guzzi V 11
BIKE_10714,Crosstourer
BIKE_10715,Pcx 125
BIKE_10716,Fzr 1000
BIKE_10717,Z 1000
BIKE_10718,Multistrada 1260
BIKE_10719,Bonneville T100
BIKE_10720,V-Strom 650
BIKE_10721,F 800
BIKE_10722,Sh 300
BIKE_10723,R 1200 Gs
BIKE_10724,Agusta F4 1078
BIKE_10725,Night Train
BIKE_10726,
BIKE_10727,
BIKE_10728,790 Adventure
BIKE_10729,Road King
BIKE_10730,X1
BIKE_10731,R 1200 R
BIKE_10732,Gsx-S 750
BIKE_10733,R 1200 Gs Adventure
BIKE_10734,Gsx-S 125
BIKE_10735,Gsx-S 125
BIKE_10736,Gsx-S 125
BIKE_10737,V-Strom 1000
BIKE_10738,
BIKE_10739,Bullet 50
BIKE_10740,D'Elight
BIKE_10741,
BIKE_10742,Aragon Club
BIKE_10743,X Motion 125
BIKE_10744,Vtr 1000
BIKE_10745,Vtr 1000
BIKE_10746,Vtr 1000
BIKE_10747,F 900 R
BIKE_10748,Dominator
BIKE_10749,Ranger
BIKE_10750,180 Ss
BIKE_10751,S 1000 Rr
BIKE_10752,Phantom
BIKE_10753,Phantom
BIKE_10754,Phantom
BIKE_10755,Fz 8
BIKE_10756,S 1000 Xr
BIKE_10757,K 1200 S
BIKE_10758,K 1200 S
BIKE_10759,K 1200 S
BIKE_10760,1290 Super Adventure
BIKE_10761,Road King
BIKE_10762,C 650 Gt
BIKE_10763,1290 Super Adventure
BIKE_10764,Softail
BIKE_10765,Beverly 250
BIKE_10766,Fjs 400
BIKE_10767,Liberty 50
BIKE_10768,Yzf-R7
BIKE_10769,R 1200 Gs
BIKE_10770,Tmax 530
BIKE_10771,
BIKE_10772,Cb 500
BIKE_10773,Z1000 Sx
BIKE_10774,Sportster Forty Eight
BIKE_10775,Tiger Sport
BIKE_10776,Tiger Explorer
BIKE_10777,Agusta
BIKE_10778,Diavel
BIKE_10779,Z1000 Sx
BIKE_10780,Wolf Cr 300I
BIKE_10781,Multistrada 1200
BIKE_10782,Speedmaster
BIKE_10783,Address
BIKE_10784,S 1000 Rr
BIKE_10785,Xdiavel
BIKE_10786,Electra Glide
BIKE_10787,R 1200 Rt
BIKE_10788,Outlander 650
BIKE_10789,Tracer 700
BIKE_10790,Tmax 530
BIKE_10791,Street Twin
BIKE_10792,1290 Super Duke R
BIKE_10793,Vfr 1200
BIKE_10794,1190 Adventure
BIKE_10795,Cmx 500
BIKE_10796,Vulcan S
BIKE_10797,
BIKE_10798,F 800
BIKE_10799,Crf 1100
BIKE_10800,Sr 50
BIKE_10801,Xjr 1300
BIKE_10802,Vfr 400
BIKE_10803,Tph 50
BIKE_10804,Tracer 900
BIKE_10805,Vn 900
BIKE_10806,Road King
BIKE_10807,Z 1000
BIKE_10808,Am Outlander
BIKE_10809,R 1200 Rt
BIKE_10810,
BIKE_10811,
BIKE_10812,Z 800
BIKE_10813,Softail
BIKE_10814,916
BIKE_10815,Soco Ts
BIKE_10816,R 1200 Rs
BIKE_10817,R 1200 Gs
BIKE_10818,V-Strom 650
BIKE_10819,690 Duke
BIKE_10820,Tracer 900
BIKE_10821,Road King
BIKE_10822,Ftr 1200
BIKE_10823,Cbr 900
BIKE_10824,Tmax Sx
BIKE_10825,X-Adv
BIKE_10826,Beverly 125
BIKE_10827,Vfr 1200
BIKE_10828,Fxd
BIKE_10829,Agility 50
BIKE_10830,Multistrada 1200
BIKE_10831,Z 800
BIKE_10832,
BIKE_10833,K 1300 S
BIKE_10834,C 650 Gt
BIKE_10835,Z 1000
BIKE_10836,Tmax 530
BIKE_10837,Runner 125
BIKE_10838,Dyna Street Bob
BIKE_10839,125M
BIKE_10840,B King
BIKE_10841,1290 Super Adventure
BIKE_10842,Rsv4
BIKE_10843,Vn 1700
BIKE_10844,Fat Bob
BIKE_10845,Street Scrambler
BIKE_10846,690 Smc
BIKE_10847,690 Smc
BIKE_10848,690 Smc
BIKE_10849,Gl 1800
BIKE_10850,Mt-09
BIKE_10851,Ninja 300
BIKE_10852,Qv3
BIKE_10853,Qv3
BIKE_10854,Qv3
BIKE_10855,Z 650
BIKE_10856,X-Adv
BIKE_10857,R 1200 Gs Adventure
BIKE_10858,R 1200 Rs
BIKE_10859,Street Glide
BIKE_10860,R 1200 Gs Adventure
BIKE_10861,Z 900
BIKE_10862,Guzzi California 1000
BIKE_10863,Motor
BIKE_10864,Guzzi V 7
BIKE_10865,Gsx-R 750
BIKE_10866,F 850 Gs
BIKE_10867,Moto Grs 125
BIKE_10868,Dyna Street Bob
BIKE_10869,
BIKE_10870,Gsx-R 1000
BIKE_10871,Softail
BIKE_10872,990 Supermoto
BIKE_10873,Mp3 500
BIKE_10874,Cbr 600
BIKE_10875,Z 1000
BIKE_10876,Like 50
BIKE_10877,Yzf-R1
BIKE_10878,S 1000 Rr
BIKE_10879,Like 125
BIKE_10880,Ftr 1200
BIKE_10881,C 650 Gt
BIKE_10882,Panigale V4
BIKE_10883,Supersport
BIKE_10884,Fe 501
BIKE_10885,Fat Boy
BIKE_10886,Tricity
BIKE_10887,Cbf 600
BIKE_10888,Agility 125
BIKE_10889,Electra Glide
BIKE_10890,Wr 125
BIKE_10891,Wr 125
BIKE_10892,Wr 125
BIKE_10893,Zephyr 1100
BIKE_10894,X-Max 300
BIKE_10895,Sv 650
BIKE_10896,F 800 Gt
BIKE_10897,Moto Tr 50
BIKE_10898,Xv 535
BIKE_10899,Xv 535
BIKE_10900,Xv 535
BIKE_10901,F 800 Gs
BIKE_10902,Scr 950
BIKE_10903,
BIKE_10904,450 Exc
BIKE_10905,R 1200 Gs
BIKE_10906,Yzf-R15
BIKE_10907,Ténéré 700
BIKE_10908,959 Panigale
BIKE_10909,Motors Retro Star
BIKE_10910,Integra
BIKE_10911,R 1200 Gs
BIKE_10912,Heritage Springer
BIKE_10913,
BIKE_10914,Itank
BIKE_10915,Nrx 1800
BIKE_10916,Mrt Cross
BIKE_10917,R 1250 Rt
BIKE_10918,Agusta Rivale 800
BIKE_10919,R Ninet
BIKE_10920,
BIKE_10921,
BIKE_10922,Xciting 400I
BIKE_10923,Tmax 530
BIKE_10924,S 1000 Xr
BIKE_10925,Xj 900
BIKE_10926,Xciting 250I
BIKE_10927,Agusta Rivale 800
BIKE_10928,R 1200 Gs
BIKE_10929,Tmax 530
BIKE_10930,Tracer 900
BIKE_10931,C 650 Gt
BIKE_10932,R 1200 Gs
BIKE_10933,R 1200 R
BIKE_10934,Tiger Explorer
BIKE_10935,Vlr 1800
BIKE_10936,C Evolution
BIKE_10937,Hypermotard 950
BIKE_10938,Zr 750
BIKE_10939,Zr 750
BIKE_10940,Zr 750
BIKE_10941,X-Adv
BIKE_10942,K 1300
BIKE_10943,Rsv4
BIKE_10944,R 1250 Rt
BIKE_10945,
BIKE_10946,Z 650
BIKE_10947,Felsberg 125
BIKE_10948,Downtown 300I
BIKE_10949,Ninja 650
BIKE_10950,701 Supermoto
BIKE_10951,Guzzi
BIKE_10952,Nc 750
BIKE_10953,999
BIKE_10954,Tzr 50
BIKE_10955,
BIKE_10956,F 700
BIKE_10957,F 700
BIKE_10958,F 700
BIKE_10959,
BIKE_10960,Scarabeo 50
BIKE_10961,Scarabeo 50
BIKE_10962,Scarabeo 50
BIKE_10963,Mp3 400
BIKE_10964,Mp3 400
BIKE_10965,Mp3 400
BIKE_10966,
BIKE_10967,
BIKE_10968,K 1600 Gtl
BIKE_10969,Agusta Brutale 675
BIKE_10970,
BIKE_10971,R 1200 Gs
BIKE_10972,Yfm 700
BIKE_10973,
BIKE_10974,Xvs 1100
BIKE_10975,Nc 750
BIKE_10976,C 400 Gt
BIKE_10977,1050 Adventure
BIKE_10978,Monster 821
BIKE_10979,Cb 1000
BIKE_10980,Yzf-R1
BIKE_10981,Agusta F3
BIKE_10982,Mt-125
BIKE_10983,Hypermotard 939
BIKE_10984,Sportsman 500
BIKE_10985,Dyna Street Bob
BIKE_10986,Am Outlander
BIKE_10987,C Evolution
BIKE_10988,F 800 Gs
BIKE_10989,Road Glide
BIKE_10990,Trike Mustang
BIKE_10991,Trike Mustang
BIKE_10992,Trike Mustang
BIKE_10993,Burgman 200
BIKE_10994,Moto Cforce 820
BIKE_10995,Moto Cforce 820
BIKE_10996,Moto Cforce 820
BIKE_10997,X-Max 250
BIKE_10998,R 1200 Gs
BIKE_10999,People Gt300I
BIKE_11000,Gl 1500
BIKE_11001,
BIKE_11002,
BIKE_11003,Versys 1000
BIKE_11004,X-Max 400
BIKE_11005,Agusta Brutale 800
BIKE_11006,M 1800 R
BIKE_11007,M 1800 R
BIKE_11008,M 1800 R
BIKE_11009,Hammer 8-Ball
BIKE_11010,
BIKE_11011,Sh 150
BIKE_11012,Gsr 750
BIKE_11013,Scrambler
BIKE_11014,Mp3 500
BIKE_11015,K 1300 S
BIKE_11016,Tiger 900
BIKE_11017,R 1200 Gs
BIKE_11018,S 1000 Rr
BIKE_11019,Sh 125
BIKE_11020,Bonneville T120
BIKE_11021,Tmax 530
BIKE_11022,Ape
BIKE_11023,Cb 500
BIKE_11024,X-Max 300
BIKE_11025,Rg 500
BIKE_11026,Rg 500
BIKE_11027,Rg 500
BIKE_11028,Dorsoduro
BIKE_11029,
BIKE_11030,Gsx 1300
BIKE_11031,Agility 50
BIKE_11032,
BIKE_11033,R 45
BIKE_11034,Agusta Brutale
BIKE_11035,Vl 1500
BIKE_11036,Vl 1500
BIKE_11037,Vl 1500
BIKE_11038,Super Glide
BIKE_11039,Agusta F4 750
BIKE_11040,1090 Adventure
BIKE_11041,1090 Adventure
BIKE_11042,1090 Adventure
BIKE_11043,Nc 750
BIKE_11044,Bonneville T100
BIKE_11045,Fz 1
BIKE_11046,Z 750
BIKE_11047,
BIKE_11048,Sh 150
BIKE_11049,Roadmaster
BIKE_11050,Mt-09
BIKE_11051,
BIKE_11052,1200 Custom
BIKE_11053,Road King
BIKE_11054,1290 Super Duke Gt
BIKE_11055,
BIKE_11056,Blade 550
BIKE_11057,X-Max 400
BIKE_11058,Sportster 1200
BIKE_11059,Sport Glide
BIKE_11060,50 Sm-R
BIKE_11061,F 850 Gs
BIKE_11062,Heritage Softail
BIKE_11063,1090 Adventure
BIKE_11064,1090 Adventure
BIKE_11065,1090 Adventure
BIKE_11066,R 1200 R
BIKE_11067,Xjr 1300
BIKE_11068,916
BIKE_11069,
BIKE_11070,Vfr 1200
BIKE_11071,Tiger Explorer
BIKE_11072,Yzf-R1
BIKE_11073,
BIKE_11074,Multistrada 1200
BIKE_11075,Scrambler
BIKE_11076,X-Adv
BIKE_11077,Heritage Springer
BIKE_11078,Z 800
BIKE_11079,Cb 500
BIKE_11080,Panigale V4
BIKE_11081,V-Strom 1050
BIKE_11082,Gl 1800
BIKE_11083,Dyna Super Glide
BIKE_11084,S 1000 Xr
BIKE_11085,
BIKE_11086,1198
BIKE_11087,
BIKE_11088,Primavera
BIKE_11089,Sportster Forty Eight
BIKE_11090,Yzf-R6
BIKE_11091,Niken
BIKE_11092,Sportster
BIKE_11093,Zero Sr
BIKE_11094,Z 800
BIKE_11095,Scrambler
BIKE_11096,Hypermotard 939
BIKE_11097,Agusta Superveloce 800
BIKE_11098,Xt 1200
BIKE_11099,1290 Super Adventure
BIKE_11100,R 1200 Gs
BIKE_11101,Grizzly 700
BIKE_11102,Cbr 125
BIKE_11103,Monster 796
BIKE_11104,Monster 796
BIKE_11105,Monster 796
BIKE_11106,Vfr 800
BIKE_11107,Scout
BIKE_11108,Wr 125
BIKE_11109,Wr 125
BIKE_11110,Wr 125
BIKE_11111,R Ninet
BIKE_11112,R 1250 Gs
BIKE_11113,Superior Ss 100
BIKE_11114,People One
BIKE_11115,Iron 883
BIKE_11116,Multistrada 1200
BIKE_11117,888
BIKE_11118,Integra
BIKE_11119,Crf 450
BIKE_11120,990 Adventure
BIKE_11121,Moto
BIKE_11122,Bonneville T120
BIKE_11123,S 1000 R
BIKE_11124,Mio
BIKE_11125,K 1300 R
BIKE_11126,Vrsc V-Rod
BIKE_11127,F 800 R
BIKE_11128,Heritage Softail
BIKE_11129,Maxxer 250
BIKE_11130,Tiger 1050
BIKE_11131,Sh 150
BIKE_11132,Agility 50
BIKE_11133,R 1200 C
BIKE_11134,
BIKE_11135,R 1200 Gs
BIKE_11136,R Ninet
BIKE_11137,Cbr 500 R
BIKE_11138,Bonneville T120
BIKE_11139,
BIKE_11140,Primavera 50
BIKE_11141,Gp 800
BIKE_11142,Sportster 1200
BIKE_11143,Mt-09
BIKE_11144,Softail
BIKE_11145,R 1200 Gs
BIKE_11146,Mt-09
BIKE_11147,Speed Triple 1050
BIKE_11148,Z 900
BIKE_11149,C Evolution
BIKE_11150,C 650 Gt
BIKE_11151,Ultra Limited
BIKE_11152,Bonneville T100
BIKE_11153,Scrambler
BIKE_11154,Sm 125
BIKE_11155,Multistrada 1200
BIKE_11156,Diavel
BIKE_11157,Z 900
BIKE_11158,Multistrada 1200
BIKE_11159,C 650 Gt
BIKE_11160,Forza 300
BIKE_11161,R Ninet
BIKE_11162,Like 50
BIKE_11163,V-Strom 1000
BIKE_11164,1299 Panigale
BIKE_11165,C Evolution
BIKE_11166,America Lt
BIKE_11167,790 Duke
BIKE_11168,
BIKE_11169,R 100
BIKE_11170,Cbr 250
BIKE_11171,Cbr 250
BIKE_11172,Cbr 250
BIKE_11173,F 800 R
BIKE_11174,Intruder M
BIKE_11175,Intruder M
BIKE_11176,Intruder M
BIKE_11177,1290 Super Duke Gt
BIKE_11178,Cb 650
BIKE_11179,Nc 750
BIKE_11180,R 1200 R
BIKE_11181,Mt-01
BIKE_11182,G 310 Gs
BIKE_11183,Ala Verde
BIKE_11184,Sh 150
BIKE_11185,
BIKE_11186,Yzf-R1
BIKE_11187,K 1
BIKE_11188,Enfield
BIKE_11189,K 1300
BIKE_11190,Caponord 1200
BIKE_11191,990 Super Duke
BIKE_11192,Agusta Dragster
BIKE_11193,Diavel
BIKE_11194,Dyna Low Rider
BIKE_11195,
BIKE_11196,
BIKE_11197,Cbr 1000
BIKE_11198,Street Scrambler
BIKE_11199,Nmax
BIKE_11200,Multistrada 1100
BIKE_11201,Fjr 1300
BIKE_11202,En 300 2T
BIKE_11203,
BIKE_11204,
BIKE_11205,Monster 1200
BIKE_11206,Guzzi 1000 G
BIKE_11207,990 Super Duke
BIKE_11208,S 1000 Rr
BIKE_11209,Vn 1700
BIKE_11210,Multistrada 1200
BIKE_11211,Electra Glide
BIKE_11212,Sh 300
BIKE_11213,Tiger 800
BIKE_11214,R 1200 Gs
BIKE_11215,Heritage Softail
BIKE_11216,Agusta F3
BIKE_11217,Mt-10
BIKE_11218,T-Rex
BIKE_11219,Tph 50
BIKE_11220,Nrx 1800
BIKE_11221,Thruxton
BIKE_11222,R 1200 Gs
BIKE_11223,1198
BIKE_11224,Z 900
BIKE_11225,Guzzi Bellagio
BIKE_11226,Guzzi Stelvio 1200
BIKE_11227,Sportster Forty Eight
BIKE_11228,Monster 1100
BIKE_11229,V-Strom 1000
BIKE_11230,Guzzi California 850
BIKE_11231,Crossfire 500
BIKE_11232,Yiying
BIKE_11233,Yiying
BIKE_11234,Yiying
BIKE_11235,Hollister
BIKE_11236,Dyna Street Bob
BIKE_11237,Road King
BIKE_11238,1199 Panigale
BIKE_11239,C 400 Gt
BIKE_11240,
BIKE_11241,Gold Wing
BIKE_11242,
BIKE_11243,Am Ryker
BIKE_11244,Am Ryker
BIKE_11245,Am Ryker
BIKE_11246,Versys 1000
BIKE_11247,F 850 Gs
BIKE_11248,Crf 1100
BIKE_11249,Z 1000
BIKE_11250,Mt-09
BIKE_11251,Dink 125
BIKE_11252,Mt-07
BIKE_11253,Street Cup
BIKE_11254,Street Cup
BIKE_11255,Street Cup
BIKE_11256,851
BIKE_11257,851
BIKE_11258,851
BIKE_11259,Diavel
BIKE_11260,Monster 1200
BIKE_11261,Cbr 650
BIKE_11262,1290 Super Duke R
BIKE_11263,Softail
BIKE_11264,Trike Chopper
BIKE_11265,Qm 200
BIKE_11266,S 1000 Xr
BIKE_11267,Outlander 650
BIKE_11268,Xenter 150
BIKE_11269,Xenter 150
BIKE_11270,Xenter 150
BIKE_11271,F 750 Gs
BIKE_11272,Vn 900
BIKE_11273,Xvs 1100
BIKE_11274,Rocket Iii Touring
BIKE_11275,S 1000 Xr
BIKE_11276,Centro
BIKE_11277,Intruder C
BIKE_11278,R 1200 Gs
BIKE_11279,R 1200 Gs
BIKE_11280,Tiger 800
BIKE_11281,Shadow 750
BIKE_11282,Gsx-S 750
BIKE_11283,R Ninet
BIKE_11284,1200 Custom
BIKE_11285,Tph 50
BIKE_11286,Yzf-R6
BIKE_11287,Beverly 125
BIKE_11288,R 1200 Gs
BIKE_11289,Mt-07
BIKE_11290,Xvs 1300
BIKE_11291,Multistrada 950
BIKE_11292,Multistrada 950
BIKE_11293,Multistrada 950
BIKE_11294,Gsx-S 1000
BIKE_11295,R 1200 Gs
BIKE_11296,Ninja Zx-6R
BIKE_11297,Livewire
BIKE_11298,Dyna Low Rider
BIKE_11299,Xevo 400
BIKE_11300,Guzzi V 9
BIKE_11301,V-Strom 1000
BIKE_11302,Burgman 400
BIKE_11303,Street Scrambler
BIKE_11304,Vfr 800
BIKE_11305,F 850 Gs
BIKE_11306,
BIKE_11307,Quadro4
BIKE_11308,X-Max 300
BIKE_11309,Tmax 530
BIKE_11310,Crosstourer
BIKE_11311,Dyna Super Glide
BIKE_11312,Electra Glide
BIKE_11313,Mp3 500
BIKE_11314,Tiger 1050
BIKE_11315,Mp3 350
BIKE_11316,F 750 Gs
BIKE_11317,Sh 300
BIKE_11318,Bonneville T100
BIKE_11319,
BIKE_11320,K-Xct 300I
BIKE_11321,Versys 1000
BIKE_11322,Jackpot
BIKE_11323,G 310 Gs
BIKE_11324,Cb 1000
BIKE_11325,Sw-T 400
BIKE_11326,Road King
BIKE_11327,Like 125
BIKE_11328,Ninja 650
BIKE_11329,K 1600 Gt
BIKE_11330,Agusta Brutale
BIKE_11331,Agility 50
BIKE_11332,R 1200 Gs
BIKE_11333,Mt-10
BIKE_11334,
BIKE_11335,F 800 Gs
BIKE_11336,Bx 125
BIKE_11337,Sr Racing
BIKE_11338,Xl 883
BIKE_11339,790 Duke
BIKE_11340,
BIKE_11341,R 1200 Gs
BIKE_11342,Vulcan S
BIKE_11343,Nrg 50
BIKE_11344,Vfr 1200
BIKE_11345,V-Strom 1000
BIKE_11346,Tracer 900
BIKE_11347,Agusta Brutale 800
BIKE_11348,R 1200 Rt
BIKE_11349,Tiger 900
BIKE_11350,R 1200 Rt
BIKE_11351,R 1200 Gs
BIKE_11352,Dyna Super Glide
BIKE_11353,Sportster
BIKE_11354,Cbr 650
BIKE_11355,Z 1000
BIKE_11356,Heritage Softail
BIKE_11357,1290 Super Duke Gt
BIKE_11358,Tiger 800
BIKE_11359,F 850 Gs
BIKE_11360,Agusta Brutale 1090
BIKE_11361,Nc 750
BIKE_11362,R Ninet
BIKE_11363,V-Strom 1050
BIKE_11364,Gsx-S 750
BIKE_11365,Tmax 530
BIKE_11366,Gts 300
BIKE_11367,R Ninet
BIKE_11368,K 1300
BIKE_11369,Moto Cforce 520
BIKE_11370,Moto Cforce 520
BIKE_11371,Moto Cforce 520
BIKE_11372,Cbr 250
BIKE_11373,Cbr 250
BIKE_11374,Cbr 250
BIKE_11375,Hypermotard 821
BIKE_11376,Hypermotard 821
BIKE_11377,Hypermotard 821
BIKE_11378,R 1250 Gs
BIKE_11379,Ninja H2
BIKE_11380,1000 Sport
BIKE_11381,Es 250
BIKE_11382,Gl 1800
BIKE_11383,Cb 125
BIKE_11384,Burgman 650
BIKE_11385,S 1000 Rr
BIKE_11386,Mp3 500
BIKE_11387,790 Adventure
BIKE_11388,Monster 821
BIKE_11389,Panigale V4
BIKE_11390,Guzzi V 9
BIKE_11391,Heritage Softail
BIKE_11392,X-Adv
BIKE_11393,990 Super Duke
BIKE_11394,990 Super Duke
BIKE_11395,Cb 500
BIKE_11396,F 900 R
BIKE_11397,R 1200 Gs Lc
BIKE_11398,Kfx 700
BIKE_11399,Kfx 700
BIKE_11400,Kfx 700
BIKE_11401,S 1000 R
BIKE_11402,Thruxton
BIKE_11403,Sh 300
BIKE_11404,R 1200 Gs
BIKE_11405,Aerox
BIKE_11406,Ninja 650
BIKE_11407,S2 125
BIKE_11408,Tmax 530
BIKE_11409,X-City 250
BIKE_11410,
BIKE_11411,Tmax 530
BIKE_11412,Two Fifty
BIKE_11413,
BIKE_11414,Gsx 750
BIKE_11415,Tricity
BIKE_11416,V-Strom 650
BIKE_11417,Gl 1800
BIKE_11418,Nm4 Vultus
BIKE_11419,Sh 300
BIKE_11420,R 1200 Gs
BIKE_11421,F 800 Gs
BIKE_11422,Agusta Brutale Oro
BIKE_11423,990 Supermoto
BIKE_11424,V-Strom 1050
BIKE_11425,Versys 650
BIKE_11426,Sh 125
BIKE_11427,Sportster 883
BIKE_11428,Cbr 1000
BIKE_11429,Rs 660
BIKE_11430,Z1000 Sx
BIKE_11431,Vn 1500
BIKE_11432,Vn 1500
BIKE_11433,Vn 1500
BIKE_11434,K 1100
BIKE_11435,Softail
BIKE_11436,Heritage Springer
BIKE_11437,
BIKE_11438,Agusta F3
BIKE_11439,Dyna Super Glide
BIKE_11440,C Evolution
BIKE_11441,Road King
BIKE_11442,S 1000 R
BIKE_11443,Z 800
BIKE_11444,Guzzi V 85
BIKE_11445,Cb 750 Four
BIKE_11446,Superlight
BIKE_11447,Fe 350
BIKE_11448,Sport Classic 300I
BIKE_11449,
BIKE_11450,Ape
BIKE_11451,R 1200
BIKE_11452,R 1200 Rt
BIKE_11453,Sh 125
BIKE_11454,Xtz 1200
BIKE_11455,Z 900
BIKE_11456,R 80 R
BIKE_11457,R 80 R
BIKE_11458,R 80 R
BIKE_11459,R 1200 Gs
BIKE_11460,Gsx-R 1000
BIKE_11461,Burgman 200
BIKE_11462,Gl 1800
BIKE_11463,Cbr 1000
BIKE_11464,
BIKE_11465,Triketec
BIKE_11466,Hp2 Sport
BIKE_11467,Z 1000
BIKE_11468,Tiger Explorer
BIKE_11469,Tmax 530
BIKE_11470,Tiger Explorer
BIKE_11471,S 1000 Rr
BIKE_11472,Dj 125 S
BIKE_11473,Softail
BIKE_11474,Z 900
BIKE_11475,Monster 1200
BIKE_11476,Softail
BIKE_11477,790 Adventure
BIKE_11478,R 1200 R
BIKE_11479,Street Scrambler
BIKE_11480,1290 Super Duke R
BIKE_11481,
BIKE_11482,R 1200 Rt
BIKE_11483,Outlaw
BIKE_11484,R 80 R
BIKE_11485,R 80 R
BIKE_11486,R 80 R
BIKE_11487,Nc 750
BIKE_11488,
BIKE_11489,Hyperstrada
BIKE_11490,Sportster Forty Eight
BIKE_11491,Yxz 1000
BIKE_11492,S 1000 Rr
BIKE_11493,R 1200 Gs Adventure
BIKE_11494,F 800 Gs
BIKE_11495,R 1200 Gs
BIKE_11496,Night Rod
BIKE_11497,Hypermotard 821
BIKE_11498,Hypermotard 821
BIKE_11499,Hypermotard 821
BIKE_11500,
BIKE_11501,Fes 125
BIKE_11502,R 1200 Rt
BIKE_11503,
BIKE_11504,Z 1
BIKE_11505,R 1200 Rt
BIKE_11506,Niken
BIKE_11507,Tiger 1200
BIKE_11508,450 Exc
BIKE_11509,Heritage Softail
BIKE_11510,Cb 500
BIKE_11511,F 900 R
BIKE_11512,Hayabusa
BIKE_11513,Ultra Classic
BIKE_11514,R 1250 Rt
BIKE_11515,R 1200 Gs
BIKE_11516,R 1200 Gs
BIKE_11517,Street 750
BIKE_11518,Dyna Fat Bob
BIKE_11519,Agusta Brutale 910
BIKE_11520,899 Panigale
BIKE_11521,899 Panigale
BIKE_11522,899 Panigale
BIKE_11523,Monster 1100
BIKE_11524,Softail
BIKE_11525,Monster 821
BIKE_11526,
BIKE_11527,Street Glide
BIKE_11528,Xb 12
BIKE_11529,Vfr 1200
BIKE_11530,
BIKE_11531,
BIKE_11532,Diavel
BIKE_11533,1290 Super Adventure
BIKE_11534,V-Strom 1050
BIKE_11535,Z 1000
BIKE_11536,Custom Bike
BIKE_11537,R Ninet
BIKE_11538,790 Adventure
BIKE_11539,Scrambler
BIKE_11540,Speed Triple 1050
BIKE_11541,Cb 500
BIKE_11542,Xl 1200
BIKE_11543,Rs 425/450
BIKE_11544,Sh 300
BIKE_11545,Xl 1200
BIKE_11546,Tmax 530
BIKE_11547,R 1200 Gs
BIKE_11548,Super Dink 300
BIKE_11549,Spidermax 500
BIKE_11550,Xciting 300I
BIKE_11551,Dyna Fat Bob
BIKE_11552,R 1200 Rs
BIKE_11553,Am Maverick
BIKE_11554,R 1200 R
BIKE_11555,Heritage Softail
BIKE_11556,Downtown 300I
BIKE_11557,Road Glide
BIKE_11558,Xjr 1200
BIKE_11559,R 1200 Gs
BIKE_11560,Softail
BIKE_11561,1090 Adventure
BIKE_11562,1090 Adventure
BIKE_11563,1090 Adventure
BIKE_11564,1290 Super Adventure
BIKE_11565,Vf 1000
BIKE_11566,Moto Zforce 800
BIKE_11567,Fat Boy
BIKE_11568,R 1200 Gs
BIKE_11569,Vfr 1200
BIKE_11570,Guzzi V 7
BIKE_11571,848
BIKE_11572,848
BIKE_11573,848
BIKE_11574,
BIKE_11575,Tmax 500
BIKE_11576,Agusta F3
BIKE_11577,F 800 R
BIKE_11578,R 1200 R
BIKE_11579,Dax 125
BIKE_11580,Dax 125
BIKE_11581,Dax 125
BIKE_11582,Softail
BIKE_11583,Cb 650
BIKE_11584,Crf 1000
BIKE_11585,Yfm 700
BIKE_11586,Softail
BIKE_11587,Ranger
BIKE_11588,
BIKE_11589,Streetfighter
BIKE_11590,Tmax 500
BIKE_11591,Superlight
BIKE_11592,Nc 750
BIKE_11593,Cbr 1000
BIKE_11594,R 50
BIKE_11595,Zero Fx
BIKE_11596,R 1200 Gs Adventure
BIKE_11597,Versys 1000
BIKE_11598,990 Super Duke
BIKE_11599,Tmax 530
BIKE_11600,Ks 125
BIKE_11601,Ks 125
BIKE_11602,Ks 125
BIKE_11603,R 1250 Gs
BIKE_11604,Vegas
BIKE_11605,Vegas
BIKE_11606,Vegas
BIKE_11607,Agility 125
BIKE_11608,Liberty 125
BIKE_11609,Duo Glide
BIKE_11610,Gl 1800
BIKE_11611,R Ninet
BIKE_11612,Mt-07
BIKE_11613,Multistrada 1260
BIKE_11614,Cb 1000
BIKE_11615,
BIKE_11616,V-Strom 650
BIKE_11617,People Gti
BIKE_11618,People Gti
BIKE_11619,People Gti
BIKE_11620,
BIKE_11621,Xenter 150
BIKE_11622,Xenter 150
BIKE_11623,Xenter 150
BIKE_11624,Cbr 600
BIKE_11625,C Evolution
BIKE_11626,Guzzi California 1400
BIKE_11627,Fjr 1300
BIKE_11628,Cbr 600
BIKE_11629,Vn 1700
BIKE_11630,Guzzi V 7
BIKE_11631,Nc 750
BIKE_11632,Tmax 500
BIKE_11633,Speed Triple 1050
BIKE_11634,1190 Adventure
BIKE_11635,R 1200 Rt
BIKE_11636,Gsx-S 1000
BIKE_11637,Tmax 560
BIKE_11638,Niken
BIKE_11639,R Ninet
BIKE_11640,990 Super Duke
BIKE_11641,R 1250 Gs
BIKE_11642,Guzzi
BIKE_11643,
BIKE_11644,
BIKE_11645,
BIKE_11646,K 1
BIKE_11647,R 1200 Gs Adventure
BIKE_11648,Guzzi
BIKE_11649,
BIKE_11650,Cbr 1000
BIKE_11651,Crf 1000
BIKE_11652,F 850 Gs
BIKE_11653,S 1000 Xr
BIKE_11654,R 1200 Gs
BIKE_11655,Street 750
BIKE_11656,Multistrada 1200
BIKE_11657,Scrambler
BIKE_11658,Xs 125
BIKE_11659,Hypermotard 1100
BIKE_11660,
BIKE_11661,F 900 R
BIKE_11662,790 Adventure
BIKE_11663,
BIKE_11664,Hypermotard 821
BIKE_11665,Hypermotard 821
BIKE_11666,Hypermotard 821
BIKE_11667,Mt-10
BIKE_11668,Downtown 300I
BIKE_11669,Dyna Super Glide
BIKE_11670,250 Exc
BIKE_11671,250 Exc
BIKE_11672,250 Exc
BIKE_11673,Z 900
BIKE_11674,Multistrada 1200
BIKE_11675,R 1200 Gs Adventure
BIKE_11676,Agility 50
BIKE_11677,
BIKE_11678,F 800 Gs
BIKE_11679,R 1200 R
BIKE_11680,Ténéré 700
BIKE_11681,Monster 796
BIKE_11682,Monster 796
BIKE_11683,Monster 796
BIKE_11684,Z 1000
BIKE_11685,Enfield Interceptor
BIKE_11686,Guzzi V 7
BIKE_11687,Softail
BIKE_11688,Superlow
BIKE_11689,Superlow
BIKE_11690,Superlow
BIKE_11691,R 1200 Gs Lc
BIKE_11692,Dyna Street Bob
BIKE_11693,
BIKE_11694,Xsr 900
BIKE_11695,R 100 Rs
BIKE_11696,Nc 750
BIKE_11697,Z 900
BIKE_11698,Diavel
BIKE_11699,R Ninet
BIKE_11700,
BIKE_11701,Minitrial 50
BIKE_11702,1098
BIKE_11703,1098
BIKE_11704,1098
BIKE_11705,R 1250 Gs
BIKE_11706,Electra Glide
BIKE_11707,Rzr 800
BIKE_11708,R 1200 Rs
BIKE_11709,Ninja Zx-10R
BIKE_11710,X-City 250
BIKE_11711,Vn 900
BIKE_11712,W 800
BIKE_11713,Xdiavel
BIKE_11714,Tiger 800
BIKE_11715,Multistrada 1200
BIKE_11716,Softail
BIKE_11717,Pcx 125
BIKE_11718,F 800 Gs
BIKE_11719,R 1200 Gs
BIKE_11720,Gsx 1300
BIKE_11721,F 900 R
BIKE_11722,1200 Custom
BIKE_11723,Street Glide
BIKE_11724,Mt-09
BIKE_11725,R 1200 Rt
BIKE_11726,Gts 300
BIKE_11727,Gts 300
BIKE_11728,Gts 300
BIKE_11729,Diavel
BIKE_11730,Guzzi V 7
BIKE_11731,
BIKE_11732,Deluxe
BIKE_11733,R 1250 Rt
BIKE_11734,X-Max 125
BIKE_11735,Road King
BIKE_11736,
BIKE_11737,F 900 Xr
BIKE_11738,
BIKE_11739,R 1200 Rt
BIKE_11740,R Ninet
BIKE_11741,Orbit Ii
BIKE_11742,Tiger 1200
BIKE_11743,C Evolution
BIKE_11744,Zero Ds
BIKE_11745,Crosstourer
BIKE_11746,V-Strom 650
BIKE_11747,R 1200 Gs
BIKE_11748,Gt 750
BIKE_11749,Tmax 530
BIKE_11750,Z 800
BIKE_11751,1190 Adventure
BIKE_11752,Multistrada 1260
BIKE_11753,Dyna Street Bob
BIKE_11754,Primavera
BIKE_11755,Z 1000
BIKE_11756,Crf 1100
BIKE_11757,
BIKE_11758,R Ninet
BIKE_11759,Cb 1000
BIKE_11760,Panhead
BIKE_11761,Streetfighter
BIKE_11762,
BIKE_11763,R 1200 Rs
BIKE_11764,Nc 750
BIKE_11765,848
BIKE_11766,848
BIKE_11767,848
BIKE_11768,Softail
BIKE_11769,R 1200 Rt
BIKE_11770,Kvf 650
BIKE_11771,Electra Glide
BIKE_11772,Softail
BIKE_11773,Versus 50
BIKE_11774,R 1250 Rt
BIKE_11775,Gsx-R 750
BIKE_11776,Qv3
BIKE_11777,Qv3
BIKE_11778,Qv3
BIKE_11779,B King
BIKE_11780,Mt-01
BIKE_11781,F 900 R
BIKE_11782,Speed Triple R
BIKE_11783,Xb 12
BIKE_11784,
BIKE_11785,Bonneville Bobber
BIKE_11786,Yzf-R1
BIKE_11787,Fe 501
BIKE_11788,Road Glide
BIKE_11789,F 750 Gs
BIKE_11790,Z 1000
BIKE_11791,Dyna Switchback
BIKE_11792,Dyna Switchback
BIKE_11793,Dyna Switchback
BIKE_11794,
BIKE_11795,X-Max 250
BIKE_11796,Grizzly 660
BIKE_11797,M16
BIKE_11798,Versys 650
BIKE_11799,Bn 125
BIKE_11800,Bn 125
BIKE_11801,Bn 125
BIKE_11802,K 1200 Rs
BIKE_11803,Cbf 125
BIKE_11804,R 69 S
BIKE_11805,R 69 S
BIKE_11806,R 69 S
BIKE_11807,Hypermotard 939
BIKE_11808,Sportster 1200
BIKE_11809,
BIKE_11810,Diavel
BIKE_11811,Agility 125
BIKE_11812,Agusta
BIKE_11813,K 1600
BIKE_11814,
BIKE_11815,Supersport
BIKE_11816,Road King
BIKE_11817,Guzzi
BIKE_11818,Versys 1000
BIKE_11819,Softail
BIKE_11820,Derapage
BIKE_11821,Scrambler
BIKE_11822,
BIKE_11823,Xvs 1300
BIKE_11824,Thruxton
BIKE_11825,Burgman 650
BIKE_11826,R 1200 Gs
BIKE_11827,R 1200 Gs
BIKE_11828,790 Adventure
BIKE_11829,Electra Glide
BIKE_11830,Crf 1100
BIKE_11831,Scrambler
BIKE_11832,Fat Boy
BIKE_11833,S 1000 R
BIKE_11834,R 1200 R
BIKE_11835,Ninja 650
BIKE_11836,Diavel
BIKE_11837,F 850 Gs
BIKE_11838,Maxxer 300
BIKE_11839,F 800
BIKE_11840,Sportster 1200
BIKE_11841,Vzr 1800
BIKE_11842,
BIKE_11843,F 850 Gs
BIKE_11844,Yzf-R1
BIKE_11845,1290 Super Duke R
BIKE_11846,Benson 50
BIKE_11847,Ténéré 700
BIKE_11848,Supersport
BIKE_11849,1290 Super Duke Gt
BIKE_11850,Sportster 1200
BIKE_11851,Tiger 1200
BIKE_11852,R 80 R
BIKE_11853,R 80 R
BIKE_11854,R 80 R
BIKE_11855,Z 900
BIKE_11856,
BIKE_11857,Crf 450
BIKE_11858,Fjr 1300
BIKE_11859,R 1250 Gs
BIKE_11860,Yzf-R1
BIKE_11861,Mt-10
BIKE_11862,
BIKE_11863,Trigger X
BIKE_11864,Scout
BIKE_11865,
BIKE_11866,F 800
BIKE_11867,
BIKE_11868,K 1600 B
BIKE_11869,K 1600 B
BIKE_11870,K 1600 B
BIKE_11871,Monster 1200
BIKE_11872,R Ninet
BIKE_11873,Scrambler
BIKE_11874,Bk 350
BIKE_11875,Ck 125
BIKE_11876,Dj 50
BIKE_11877,Dj 50
BIKE_11878,Dj 50
BIKE_11879,750 H2
BIKE_11880,Hoss Bhc-3 Zz4
BIKE_11881,Agusta F4 1000
BIKE_11882,Vfr 1200
BIKE_11883,Nc 750
BIKE_11884,Agusta
BIKE_11885,G 310 Gs
BIKE_11886,R Ninet
BIKE_11887,R 1200 Gs Lc
BIKE_11888,Monster 1200
BIKE_11889,Moto Cforce 520
BIKE_11890,Moto Cforce 520
BIKE_11891,Moto Cforce 520
BIKE_11892,Yzf-R6
BIKE_11893,Super 8
BIKE_11894,Dyna Street Bob
BIKE_11895,Gtr 1400
BIKE_11896,Crf 450
BIKE_11897,Z 900
BIKE_11898,C 650 Gt
BIKE_11899,Fz 1
BIKE_11900,Tmax 530
BIKE_11901,Tmax 560
BIKE_11902,X-Adv
BIKE_11903,Agusta F4 1000
BIKE_11904,Address
BIKE_11905,X-Adv
BIKE_11906,Nc 750
BIKE_11907,X 10
BIKE_11908,X 10
BIKE_11909,X 10
BIKE_11910,R 1200 Gs
BIKE_11911,Majesty 400
BIKE_11912,Sportster Xl 883
BIKE_11913,Guzzi 1000 Convert
BIKE_11914,Tracer 900
BIKE_11915,350 Exc
BIKE_11916,
BIKE_11917,Rsv4
BIKE_11918,Guzzi 750 S
BIKE_11919,S 1000 Xr
BIKE_11920,Mt-09
BIKE_11921,King Quad
BIKE_11922,Z1000 Sx
BIKE_11923,
BIKE_11924,Nm4 Vultus
BIKE_11925,Sj 50 Bali
BIKE_11926,Rc 125
BIKE_11927,Vt 750
BIKE_11928,Scrambler
BIKE_11929,Boardwalk
BIKE_11930,Crf 1000
BIKE_11931,Gsx-R 750
BIKE_11932,Z 1000
BIKE_11933,Guzzi 850 Le Mans
BIKE_11934,Crossrunner
BIKE_11935,Cb 750 Four
BIKE_11936,F 700 Gs
BIKE_11937,Xtz 1200
BIKE_11938,Ninja 650
BIKE_11939,Electra Glide Sidecar
BIKE_11940,R 1150 R Rockster
BIKE_11941,Xt 1200
BIKE_11942,Z 900
BIKE_11943,Gsx-R 750
BIKE_11944,Pcx 150
BIKE_11945,Pcx 150
BIKE_11946,Pcx 150
BIKE_11947,Streetfighter
BIKE_11948,S 1000 Rr
BIKE_11949,Motors
BIKE_11950,V-Rod
BIKE_11951,Zero Dsr
BIKE_11952,Tmax 560
BIKE_11953,1290 Super Adventure
BIKE_11954,Intruder C
BIKE_11955,F 12
BIKE_11956,Sx 50
BIKE_11957,Sx 50
BIKE_11958,Sx 50
BIKE_11959,Mrt 50
BIKE_11960,R 1200 Rs
BIKE_11961,R 1200 Gs Adventure
BIKE_11962,1190Rx
BIKE_11963,1190Rx
BIKE_11964,1190Rx
BIKE_11965,R 1200 Gs
BIKE_11966,Tmax 530
BIKE_11967,Agility 125
BIKE_11968,R 1200 Gs
BIKE_11969,Gl 1800
BIKE_11970,F 6 C
BIKE_11971,R 1200 Gs
BIKE_11972,R 1200 R
BIKE_11973,
BIKE_11974,R 1200 Rt
BIKE_11975,Bonneville Bobber
BIKE_11976,Gpr
BIKE_11977,Gpr
BIKE_11978,Gpr
BIKE_11979,Bonneville T100
BIKE_11980,Speed Triple R
BIKE_11981,
BIKE_11982,Fly 50
BIKE_11983,Fly 50
BIKE_11984,Fly 50
BIKE_11985,998
BIKE_11986,998
BIKE_11987,998
BIKE_11988,Tracer 900
BIKE_11989,V-Strom 650
BIKE_11990,Zero Fx
BIKE_11991,R 1200 C Independent
BIKE_11992,Zn 125 T-E
BIKE_11993,Dyna Wide Glide
BIKE_11994,S 1000 R
BIKE_11995,
BIKE_11996,Multistrada 950
BIKE_11997,Multistrada 950
BIKE_11998,Multistrada 950
BIKE_11999,1290 Super Duke R
BIKE_12000,Quad
BIKE_12001,Quad
BIKE_12002,Quad
BIKE_12003,Agusta Dragster
BIKE_12004,Hayabusa
BIKE_12005,Softail
BIKE_12006,790 Duke
BIKE_12007,C 400 X
BIKE_12008,Cbr 650
BIKE_12009,Tiger Explorer
BIKE_12010,Medley 125
BIKE_12011,Hs4
BIKE_12012,Gsx-S 1000
BIKE_12013,Vs 1400
BIKE_12014,Intruder M
BIKE_12015,Intruder M
BIKE_12016,Intruder M
BIKE_12017,Z 800
BIKE_12018,Xt 1200
BIKE_12019,Versys 1000
BIKE_12020,S 1000 Xr
BIKE_12021,R 1250 R
BIKE_12022,Scrambler
BIKE_12023,Hs4
BIKE_12024,Zz 125
BIKE_12025,Monster 696
BIKE_12026,Super Cub
BIKE_12027,R Ninet
BIKE_12028,Crf 1000
BIKE_12029,F 800
BIKE_12030,Street Glide
BIKE_12031,R 1250 Rs
BIKE_12032,
BIKE_12033,Fat Boy
BIKE_12034,Zzr 1400
BIKE_12035,Road King
BIKE_12036,S 1000 Xr
BIKE_12037,Tmax 530
BIKE_12038,Yzf-R6
BIKE_12039,Streetfighter
BIKE_12040,Cb 500
BIKE_12041,Supersport
BIKE_12042,R 1200 R
BIKE_12043,Freeride 250
BIKE_12044,Caponord 1200
BIKE_12045,Moto Cforce 850
BIKE_12046,Liberty 125
BIKE_12047,Nmax
BIKE_12048,Softail
BIKE_12049,Cb 1000
BIKE_12050,Blog 125
BIKE_12051,Blog 125
BIKE_12052,Blog 125
BIKE_12053,Rocket Iii Roadster
BIKE_12054,Super Glide
BIKE_12055,R 1200 Gs
BIKE_12056,250 Exc
BIKE_12057,250 Exc
BIKE_12058,250 Exc
BIKE_12059,Sh 150
BIKE_12060,R 1200 Rt
BIKE_12061,
BIKE_12062,
BIKE_12063,
BIKE_12064,R 1200 Gs Lc
BIKE_12065,R 1200 Gs Adventure
BIKE_12066,S 1000 Rr
BIKE_12067,Tmax Sx
BIKE_12068,Multistrada 1200
BIKE_12069,Street Glide
BIKE_12070,Versys 650
BIKE_12071,Fireblade
BIKE_12072,Tuono
BIKE_12073,Supersport
BIKE_12074,Z 900
BIKE_12075,R 69 S
BIKE_12076,R 69 S
BIKE_12077,R 69 S
BIKE_12078,R 1200 Gs
BIKE_12079,Road Glide
BIKE_12080,R 1250 Rs
BIKE_12081,
BIKE_12082,
BIKE_12083,
BIKE_12084,
BIKE_12085,R 1250 Rt
BIKE_12086,R 1200 Gs Adventure
BIKE_12087,Z 1000
BIKE_12088,Agusta F4 750
BIKE_12089,
BIKE_12090,790 Adventure
BIKE_12091,1290 Super Adventure
BIKE_12092,Multistrada 1200
BIKE_12093,Dyna Fat Bob
BIKE_12094,Xl 1000
BIKE_12095,Multistrada 1200
BIKE_12096,668
BIKE_12097,R18
BIKE_12098,Softail
BIKE_12099,Gsx 1300
BIKE_12100,X-Town
BIKE_12101,F 900 Xr
BIKE_12102,Ak 550
BIKE_12103,1290 Super Duke R
BIKE_12104,Late Shovel
BIKE_12105,Tiger 900
BIKE_12106,
BIKE_12107,S 1000 R
BIKE_12108,Gsx-R 1000
BIKE_12109,
BIKE_12110,Vulcan S
BIKE_12111,
BIKE_12112,
BIKE_12113,1290 Super Duke R
BIKE_12114,790 Adventure
BIKE_12115,Z 1000
BIKE_12116,
BIKE_12117,K 1600 Gt
BIKE_12118,Street Glide
BIKE_12119,
BIKE_12120,Rizzato
BIKE_12121,Agusta Brutale 675
BIKE_12122,
BIKE_12123,Gl 1800
BIKE_12124,C 400 X
BIKE_12125,Tmax 530
BIKE_12126,Liberty 125
BIKE_12127,Gold Wing
BIKE_12128,Xenter 150
BIKE_12129,Xenter 150
BIKE_12130,Xenter 150
BIKE_12131,S 1000 Xr
BIKE_12132,Quadro4
BIKE_12133,Versys 1000
BIKE_12134,Inazuma 250
BIKE_12135,Inazuma 250
BIKE_12136,Inazuma 250
BIKE_12137,
BIKE_12138,V-Strom 1000
BIKE_12139,F 800 Gt
BIKE_12140,Pan European
BIKE_12141,Hps 300I
BIKE_12142,
BIKE_12143,Guzzi California 1400
BIKE_12144,Fat Boy
BIKE_12145,
BIKE_12146,Gtr 1400
BIKE_12147,Monte Pro 125
BIKE_12148,Speedmaster
BIKE_12149,Vrsc V-Rod
BIKE_12150,Fly 50
BIKE_12151,Fly 50
BIKE_12152,Fly 50
BIKE_12153,350 Rs
BIKE_12154,
BIKE_12155,R 1200 Gs Adventure
BIKE_12156,X-Adv
BIKE_12157,1290 Super Duke R
BIKE_12158,Chieftain
BIKE_12159,R 1200 Rt
BIKE_12160,Silver Wing
BIKE_12161,Silver Wing
BIKE_12162,Silver Wing
BIKE_12163,Moto 650Gt
BIKE_12164,Tuono
BIKE_12165,
BIKE_12166,Cbx 1000
BIKE_12167,Cbx 1000
BIKE_12168,Cbx 1000
BIKE_12169,Crf 1000
BIKE_12170,
BIKE_12171,Sportster
BIKE_12172,Cb 650
BIKE_12173,
BIKE_12174,Mp3 500
BIKE_12175,R 1200 Gs
BIKE_12176,Z 900
BIKE_12177,R 1200
BIKE_12178,Downtown 300I
BIKE_12179,Mt-07
BIKE_12180,F 900 R
BIKE_12181,Cb 1000
BIKE_12182,R 1200 Gs
BIKE_12183,K 1300 Gt
BIKE_12184,1000 Gt
BIKE_12185,R 1200 Gs
BIKE_12186,Aerox
BIKE_12187,R 1200 Gs Adventure
BIKE_12188,Monster 1200
BIKE_12189,Scrambler
BIKE_12190,Tmax 560
BIKE_12191,Nc 750
BIKE_12192,
BIKE_12193,R 1200 Gs Lc
BIKE_12194,Versys 650
BIKE_12195,C 650
BIKE_12196,Tmax 530
BIKE_12197,752 S
BIKE_12198,S 1000 Xr
BIKE_12199,Z 900
BIKE_12200,K 1600 Gt
BIKE_12201,Ks 125
BIKE_12202,Ks 125
BIKE_12203,Ks 125
BIKE_12204,Sv 650
BIKE_12205,K 1300 S
BIKE_12206,Xl 1200
BIKE_12207,
BIKE_12208,S 1000 Rr
BIKE_12209,
BIKE_12210,S 1000 R
BIKE_12211,Tracer 700
BIKE_12212,Minitrial 50
BIKE_12213,C Evolution
BIKE_12214,Xt 1200
BIKE_12215,Tiger 900
BIKE_12216,C 650 Gt
BIKE_12217,390 Duke
BIKE_12218,Custom Bike
BIKE_12219,R 1250 Gs
BIKE_12220,R Ninet
BIKE_12221,Marathon
BIKE_12222,Marathon
BIKE_12223,Marathon
BIKE_12224,Dyna Street Bob
BIKE_12225,K-Xct 125
BIKE_12226,R 1250 R
BIKE_12227,Guzzi
BIKE_12228,F 750 Gs
BIKE_12229,Gs 500
BIKE_12230,Guzzi V 85
BIKE_12231,Street 750
BIKE_12232,Ninja Zx-10R
BIKE_12233,
BIKE_12234,Agility 125
BIKE_12235,Tmax 530
BIKE_12236,Fat Bob
BIKE_12237,K 1300 S
BIKE_12238,Tmax Dx
BIKE_12239,Multistrada 1100
BIKE_12240,R 1100 Rt
BIKE_12241,En 250 Fi
BIKE_12242,K 1200 Lt
BIKE_12243,K 1200 Lt
BIKE_12244,K 1200 Lt
BIKE_12245,Panigale V4
BIKE_12246,Scrambler
BIKE_12247,Panigale V4
BIKE_12248,R 1150 R
BIKE_12249,R 1150 R
BIKE_12250,R 1150 R
BIKE_12251,R 90 S
BIKE_12252,R 90 S
BIKE_12253,R 90 S
BIKE_12254,F 750 Gs
BIKE_12255,R Ninet
BIKE_12256,Beverly 300
BIKE_12257,People S 50
BIKE_12258,
BIKE_12259,Z 800
BIKE_12260,Crf 450
BIKE_12261,Agusta F3
BIKE_12262,Diavel
BIKE_12263,Gtr 1400
BIKE_12264,Tmax 530
BIKE_12265,Multistrada 1200
BIKE_12266,Shadow 600
BIKE_12267,Shadow 600
BIKE_12268,Shadow 600
BIKE_12269,
BIKE_12270,S 1000 Xr
BIKE_12271,Streetfighter
BIKE_12272,Versys 650
BIKE_12273,Wr 125
BIKE_12274,Wr 125
BIKE_12275,Wr 125
BIKE_12276,X-Max 400
BIKE_12277,Z 650
BIKE_12278,
BIKE_12279,R 100 Gs
BIKE_12280,
BIKE_12281,Nc 750
BIKE_12282,
BIKE_12283,R 1250 Gs
BIKE_12284,Multistrada 1200
BIKE_12285,Sportster 1200
BIKE_12286,Deluxe
BIKE_12287,Vfr
BIKE_12288,
BIKE_12289,R 1200 Gs Lc
BIKE_12290,Sport Glide
BIKE_12291,Majesty 400
BIKE_12292,F 800 Gs
BIKE_12293,Gtr 1400
BIKE_12294,R 1250 Rs
BIKE_12295,Dyna Super Glide
BIKE_12296,R 1100 Rs
BIKE_12297,F 800 R
BIKE_12298,Monster 1100
BIKE_12299,R 1200 Gs Adventure
BIKE_12300,S 1000 Rr
BIKE_12301,Xvs 950
BIKE_12302,
BIKE_12303,Diavel
BIKE_12304,Ninja 650
BIKE_12305,Gsx 1300
BIKE_12306,Fat Bob
BIKE_12307,
BIKE_12308,Z 900
BIKE_12309,Z1000 Sx
BIKE_12310,
BIKE_12311,
BIKE_12312,
BIKE_12313,Speed Triple 1050
BIKE_12314,Niken
BIKE_12315,Fxd
BIKE_12316,Dyna Wide Glide
BIKE_12317,
BIKE_12318,Road King
BIKE_12319,Nuda 900
BIKE_12320,Agusta Brutale
BIKE_12321,Softail
BIKE_12322,790 Duke
BIKE_12323,Fz 8
BIKE_12324,Versys 650
BIKE_12325,R 1200 Gs Adventure
BIKE_12326,F 900 R
BIKE_12327,R 1250 Gs
BIKE_12328,Xt 1200
BIKE_12329,S 1000 Xr
BIKE_12330,
BIKE_12331,500R
BIKE_12332,Vfr 1200
BIKE_12333,Monster 1200
BIKE_12334,R Ninet
BIKE_12335,Vfr
BIKE_12336,
BIKE_12337,Softail
BIKE_12338,Multistrada 1200
BIKE_12339,
BIKE_12340,
BIKE_12341,Panigale V4
BIKE_12342,Qooder
BIKE_12343,Yzf-R1
BIKE_12344,Vitality
BIKE_12345,Vitality
BIKE_12346,Vitality
BIKE_12347,Z 900
BIKE_12348,Zero S
BIKE_12349,Zero S
BIKE_12350,Zero S
BIKE_12351,S 1000 Rr
BIKE_12352,Pan European
BIKE_12353,
BIKE_12354,R 1200 Gs Lc
BIKE_12355,Agility 200
BIKE_12356,Multistrada 1260
BIKE_12357,Super 8
BIKE_12358,Mt-10
BIKE_12359,X-Max 400
BIKE_12360,W 800
BIKE_12361,Softail
BIKE_12362,1200 Custom
BIKE_12363,Mt-07
BIKE_12364,Mp3 500
BIKE_12365,King Quad
BIKE_12366,Pcx 150
BIKE_12367,Pcx 150
BIKE_12368,Pcx 150
BIKE_12369,Z 650
BIKE_12370,R 1200 C Montauk
BIKE_12371,R 1200 C Montauk
BIKE_12372,R 1200 C Montauk
BIKE_12373,Cbr 250
BIKE_12374,Cbr 250
BIKE_12375,Cbr 250
BIKE_12376,124
BIKE_12377,124
BIKE_12378,124
BIKE_12379,R Ninet
BIKE_12380,Yzf-R1
BIKE_12381,Vmax
BIKE_12382,Sh 125
BIKE_12383,Cbr 125
BIKE_12384,Xevo 125
BIKE_12385,Xevo 125
BIKE_12386,Xevo 125
BIKE_12387,Versys 1000
BIKE_12388,790 Duke
BIKE_12389,Speed Triple 1050
BIKE_12390,1198
BIKE_12391,Xjr 1300
BIKE_12392,Qooder
BIKE_12393,Triketec
BIKE_12394,Cb 500
BIKE_12395,Dyna Wide Glide
BIKE_12396,Ak 550
BIKE_12397,Multistrada 1200
BIKE_12398,R 1200 Rt
BIKE_12399,Fe 350
BIKE_12400,R 1200 Gs Lc
BIKE_12401,Gsx 1100
BIKE_12402,Gsx 1100
BIKE_12403,Gsx 1100
BIKE_12404,690 Smc
BIKE_12405,690 Smc
BIKE_12406,690 Smc
BIKE_12407,R 1200 Gs Adventure
BIKE_12408,Burgman 125
BIKE_12409,Scrambler
BIKE_12410,Z 1000
BIKE_12411,
BIKE_12412,
BIKE_12413,
BIKE_12414,
BIKE_12415,Corona 50
BIKE_12416,N1S
BIKE_12417,350 Sprint
BIKE_12418,
BIKE_12419,Tuono
BIKE_12420,Chopper 125
BIKE_12421,1290 Super Duke Gt
BIKE_12422,R 1200 Gs Adventure
BIKE_12423,Fz 1
BIKE_12424,Mxu 550
BIKE_12425,Mxu 550
BIKE_12426,Mxu 550
BIKE_12427,K 1300 Gt
BIKE_12428,Yzf-R1
BIKE_12429,Pan European
BIKE_12430,Smr 125
BIKE_12431,Guzzi Bellagio
BIKE_12432,Trike
BIKE_12433,Crf 1000
BIKE_12434,V-Rod
BIKE_12435,Shiver 900
BIKE_12436,
BIKE_12437,R 1200 Gs
BIKE_12438,R 1250 R
BIKE_12439,F 900 Xr
BIKE_12440,Street Triple R
BIKE_12441,R 1200 R
BIKE_12442,
BIKE_12443,F 900 R
BIKE_12444,899 Panigale
BIKE_12445,899 Panigale
BIKE_12446,899 Panigale
BIKE_12447,R 1250 Gs
BIKE_12448,Street Triple 765
BIKE_12449,
BIKE_12450,
BIKE_12451,
BIKE_12452,Speed Twin
BIKE_12453,Xjr 1300
BIKE_12454,Cat 1000
BIKE_12455,1290 Super Duke R
BIKE_12456,Yp 125
BIKE_12457,Custom Bike
BIKE_12458,Z 650
BIKE_12459,
BIKE_12460,Sp 450
BIKE_12461,Z 800
BIKE_12462,S 1000 Rr
BIKE_12463,Deluxe
BIKE_12464,Softail
BIKE_12465,
BIKE_12466,R Ninet
BIKE_12467,1200 Custom
BIKE_12468,
BIKE_12469,690 Duke
BIKE_12470,1290 Super Adventure
BIKE_12471,Diavel
BIKE_12472,Primavera 50
BIKE_12473,Mt-10
BIKE_12474,X-Max 250
BIKE_12475,1290 Super Adventure
BIKE_12476,1290 Super Adventure
BIKE_12477,Yz 450
BIKE_12478,R 1250 Gs
BIKE_12479,Heritage Springer
BIKE_12480,1190 Adventure
BIKE_12481,V-Strom 1000
BIKE_12482,K 1600 Gtl
BIKE_12483,Hypermotard 939
BIKE_12484,Er - 6 F
BIKE_12485,Diavel
BIKE_12486,W 800
BIKE_12487,S 1000 Xr
BIKE_12488,350 Exc
BIKE_12489,Heritage
BIKE_12490,Sportster 883
BIKE_12491,R 1200 Gs Adventure
BIKE_12492,
BIKE_12493,
BIKE_12494,Multistrada 1200
BIKE_12495,Qm 125
BIKE_12496,
BIKE_12497,Ybr 125
BIKE_12498,Road Glide
BIKE_12499,F 900 Xr
BIKE_12500,Thruxton
BIKE_12501,C 400 Gt
BIKE_12502,R Ninet
BIKE_12503,R 1250 Gs Adventure
BIKE_12504,F 800 Gt
BIKE_12505,
BIKE_12506,Fz 8
BIKE_12507,Sportster Forty Eight
BIKE_12508,Guzzi V 7
BIKE_12509,Tiger 900
BIKE_12510,Road King
BIKE_12511,S-Wing
BIKE_12512,S-Wing
BIKE_12513,S-Wing
BIKE_12514,Crf 1000
BIKE_12515,Tmax 530
BIKE_12516,Crf 1100
BIKE_12517,790 Duke
BIKE_12518,Versys 1000
BIKE_12519,Bonneville T120
BIKE_12520,Heritage
BIKE_12521,
BIKE_12522,R 1200 Gs Adventure
BIKE_12523,Mt-07
BIKE_12524,690 Enduro
BIKE_12525,690 Enduro
BIKE_12526,690 Enduro
BIKE_12527,Gts 125
BIKE_12528,Vt 1300
BIKE_12529,Vt 1300
BIKE_12530,Vt 1300
BIKE_12531,1290 Super Duke R
BIKE_12532,Liberty 125
BIKE_12533,R 1200 Gs
BIKE_12534,Sportster Forty Eight
BIKE_12535,Multistrada 1200
BIKE_12536,Streetfighter
BIKE_12537,
BIKE_12538,Sh 300
BIKE_12539,K 1300 S
BIKE_12540,Gts 300
BIKE_12541,D'Elight
BIKE_12542,Tmax 530
BIKE_12543,R 1200 Gs
BIKE_12544,Gtr 1400
BIKE_12545,Softail
BIKE_12546,Mt-10
BIKE_12547,F 800 R
BIKE_12548,Mp3 300
BIKE_12549,Gsx-S 1000
BIKE_12550,Guzzi Nuovo Falcone
BIKE_12551,Guzzi Nuovo Falcone
BIKE_12552,Guzzi Nuovo Falcone
BIKE_12553,990 Supermoto
BIKE_12554,Tiger 800
BIKE_12555,R 1200 Rt
BIKE_12556,Tiger Explorer
BIKE_12557,
BIKE_12558,450 Exc
BIKE_12559,S 1000 R
BIKE_12560,Gsx-R 750
BIKE_12561,Streetfighter
BIKE_12562,R 80 Gs
BIKE_12563,Sv 650
BIKE_12564,Black X-Max
BIKE_12565,Bonneville T100
BIKE_12566,890 Adventure
BIKE_12567,X-Adv
BIKE_12568,X-Max 400
BIKE_12569,R 1200 Gs
BIKE_12570,Tmax 530
BIKE_12571,Heritage Softail
BIKE_12572,R 1250 Rt
BIKE_12573,Guzzi V 7
BIKE_12574,Diavel
BIKE_12575,Road King
BIKE_12576,Dyna Low Rider
BIKE_12577,Ninja Zx-10R
BIKE_12578,Gsx-R 1000
BIKE_12579,R Ninet
BIKE_12580,Sportster 883
BIKE_12581,F 750 Gs
BIKE_12582,Supersport
BIKE_12583,Ténéré 700
BIKE_12584,Multistrada 1200
BIKE_12585,F 750 Gs
BIKE_12586,Guzzi V 50
BIKE_12587,S 1000 Xr
BIKE_12588,Nmax
BIKE_12589,K 1600 Gt
BIKE_12590,R 1200 Rt
BIKE_12591,Cb 1000
BIKE_12592,Zzr 1400
BIKE_12593,
BIKE_12594,Beverly 300
BIKE_12595,Guzzi California
BIKE_12596,350 Desmo
BIKE_12597,Hypermotard 950
BIKE_12598,K 1600 Gtl
BIKE_12599,F 650 Gs Dakar
BIKE_12600,Tiger 800
BIKE_12601,Cb 1000
BIKE_12602,Madison 125
BIKE_12603,1290 Super Adventure
BIKE_12604,Road King
BIKE_12605,Scrambler
BIKE_12606,Road King
BIKE_12607,F 700 Gs
BIKE_12608,F 800
BIKE_12609,Vfr 800
BIKE_12610,Streetfighter
BIKE_12611,R 1200 Gs
BIKE_12612,F 800 Gs
BIKE_12613,1090 Adventure
BIKE_12614,1090 Adventure
BIKE_12615,1090 Adventure
BIKE_12616,Sportster Xl 883
BIKE_12617,Cb 750 Four
BIKE_12618,Xsr 700
BIKE_12619,Ninja Zx-10R
BIKE_12620,Hp2 Sport
BIKE_12621,
BIKE_12622,Gsx-S 750
BIKE_12623,
BIKE_12624,Xciting 400I
BIKE_12625,Guzzi Gts
BIKE_12626,Fat Boy
BIKE_12627,
BIKE_12628,Thruxton
BIKE_12629,R 1200 Gs
BIKE_12630,Lead
BIKE_12631,Sr 50
BIKE_12632,Multistrada 1200
BIKE_12633,R 1250 Rs
BIKE_12634,C 400 Gt
BIKE_12635,Fjr 1300
BIKE_12636,Xv 950
BIKE_12637,Nc 750
BIKE_12638,Mt-07
BIKE_12639,R Ninet
BIKE_12640,Cbr 500 R
BIKE_12641,Beverly 300
BIKE_12642,Vmax
BIKE_12643,R 1200 R
BIKE_12644,Tracer 900
BIKE_12645,Vzr 1800
BIKE_12646,S 1000 Xr
BIKE_12647,Ovetto
BIKE_12648,Mt-09
BIKE_12649,Guzzi V 85
BIKE_12650,F 650 Gs
BIKE_12651,Dyna Low Rider
BIKE_12652,R 1200 Rt
BIKE_12653,
BIKE_12654,R Ninet
BIKE_12655,R 1250 Rt
BIKE_12656,Hayabusa
BIKE_12657,
BIKE_12658,M 20
BIKE_12659,
BIKE_12660,Agility 125
BIKE_12661,Cb 1100
BIKE_12662,
BIKE_12663,
BIKE_12664,Tmax 530
BIKE_12665,C Evolution
BIKE_12666,R Ninet
BIKE_12667,Z 900
BIKE_12668,
BIKE_12669,K 1300
BIKE_12670,F 700
BIKE_12671,F 700
BIKE_12672,F 700
BIKE_12673,V-Rod
BIKE_12674,
BIKE_12675,Z 800
BIKE_12676,750 F1
BIKE_12677,C 650
BIKE_12678,Speedmaster
BIKE_12679,Cbr 600
BIKE_12680,Road King
BIKE_12681,Agility 50
BIKE_12682,Rocket Iii Roadster
BIKE_12683,Nc 750
BIKE_12684,Dyna Fat Bob
BIKE_12685,Hp4
BIKE_12686,Hp4
BIKE_12687,Hp4
BIKE_12688,Liberty 125
BIKE_12689,
BIKE_12690,R 80 Rt
BIKE_12691,Thruxton
BIKE_12692,Vfr 1200
BIKE_12693,Gts 300
BIKE_12694,R 1200 Gs Lc
BIKE_12695,
BIKE_12696,
BIKE_12697,
BIKE_12698,V-Strom 650
BIKE_12699,R 1200 Gs
BIKE_12700,
BIKE_12701,Nrx 1800
BIKE_12702,Ninja Zx-10R
BIKE_12703,R Ninet
BIKE_12704,Tmax Sx
BIKE_12705,F 750 Gs
BIKE_12706,R 1200 Gs
BIKE_12707,1290 Super Duke Gt
BIKE_12708,Rayburn 125
BIKE_12709,R 1250 Gs
BIKE_12710,Diavel
BIKE_12711,Ape
BIKE_12712,Burgman 200
BIKE_12713,F 800 Gs
BIKE_12714,Wr 250
BIKE_12715,F 900 R
BIKE_12716,Z 650
BIKE_12717,
BIKE_12718,Ss 500
BIKE_12719,Speed Triple 1050
BIKE_12720,
BIKE_12721,Tiger Explorer
BIKE_12722,Niken
BIKE_12723,Tuono
BIKE_12724,
BIKE_12725,Motors Retro Star
BIKE_12726,
BIKE_12727,F 800 Gs
BIKE_12728,Super Cub
BIKE_12729,R 1200 Rs
BIKE_12730,R 90/6
BIKE_12731,Diavel
BIKE_12732,Cmx 500
BIKE_12733,Cb 1000
BIKE_12734,F 900 R
BIKE_12735,1290 Super Duke R
BIKE_12736,Cr 500
BIKE_12737,1090 Adventure
BIKE_12738,1090 Adventure
BIKE_12739,1090 Adventure
BIKE_12740,Gtr 1400
BIKE_12741,R 1200 Gs Adventure
BIKE_12742,Vrsc Night Rod
BIKE_12743,Versys 1000
BIKE_12744,Z 900
BIKE_12745,S 1000 R
BIKE_12746,Yzf-R1
BIKE_12747,Thruxton
BIKE_12748,
BIKE_12749,Star 200
BIKE_12750,Vfr 1200
BIKE_12751,F 900 Xr
BIKE_12752,Tricity
BIKE_12753,790 Duke
BIKE_12754,R 1200 Gs Adventure
BIKE_12755,S 1000 R
BIKE_12756,Quadro4
BIKE_12757,Cbr 500 R
BIKE_12758,1290 Super Duke Gt
BIKE_12759,R 1200 Rt
BIKE_12760,K 1600 Gtl
BIKE_12761,R 1200 Gs
BIKE_12762,Cb 650
BIKE_12763,Xdiavel
BIKE_12764,R 80
BIKE_12765,Cb 500
BIKE_12766,S 1000 Rr
BIKE_12767,Softail
BIKE_12768,Agility 50
BIKE_12769,Yzf-R1
BIKE_12770,R 1200 R
BIKE_12771,
BIKE_12772,Monte Pro 125
BIKE_12773,Tmax 530
BIKE_12774,200 Exc
BIKE_12775,
BIKE_12776,Medley 150
BIKE_12777,
BIKE_12778,
BIKE_12779,Springfield
BIKE_12780,Aerox
BIKE_12781,Maxsym 400I
BIKE_12782,Guzzi V 7
BIKE_12783,Daytona 675
BIKE_12784,
BIKE_12785,Crf 1100
BIKE_12786,Sportster 1200
BIKE_12787,1290 Super Duke R
BIKE_12788,
BIKE_12789,
BIKE_12790,Multistrada 950
BIKE_12791,Multistrada 950
BIKE_12792,Multistrada 950
BIKE_12793,
BIKE_12794,Mt-09
BIKE_12795,Guzzi V 11
BIKE_12796,Guzzi V 11
BIKE_12797,Guzzi V 11
BIKE_12798,Ninja 650
BIKE_12799,Guzzi V 11
BIKE_12800,Guzzi V 11
BIKE_12801,Guzzi V 11
BIKE_12802,Yzf-R1
BIKE_12803,Sr Max 300
BIKE_12804,Sr Max 300
BIKE_12805,Sr Max 300
BIKE_12806,Joymax 300
BIKE_12807,Am Spyder Rs
BIKE_12808,R 100 R
BIKE_12809,Cb 500
BIKE_12810,X 7
BIKE_12811,X 7
BIKE_12812,X 7
BIKE_12813,Z 800
BIKE_12814,Tmax Sx
BIKE_12815,R 1200 Gs
BIKE_12816,1200 Custom
BIKE_12817,X-Adv
BIKE_12818,1090 Adventure
BIKE_12819,1090 Adventure
BIKE_12820,1090 Adventure
BIKE_12821,Diavel
BIKE_12822,1090 Adventure
BIKE_12823,1090 Adventure
BIKE_12824,1090 Adventure
BIKE_12825,1290 Super Duke Gt
BIKE_12826,Gtr 1400
BIKE_12827,Multistrada 1200
BIKE_12828,Rr 300
BIKE_12829,Sh 125
BIKE_12830,Scrambler
BIKE_12831,
BIKE_12832,
BIKE_12833,790 Adventure
BIKE_12834,R 1200
BIKE_12835,R Ninet
BIKE_12836,Tiger 800
BIKE_12837,Xdiavel
BIKE_12838,
BIKE_12839,Raptor 700
BIKE_12840,Citycom 300
BIKE_12841,Multistrada 1200
BIKE_12842,R 1200 Gs Adventure
BIKE_12843,Gl 1800
BIKE_12844,R 1200 Gs
BIKE_12845,Am Traxter
BIKE_12846,
BIKE_12847,F 650 Gs
BIKE_12848,Fe 350
BIKE_12849,Sportster 883
BIKE_12850,Cat Alterra
BIKE_12851,
BIKE_12852,Sr 50
BIKE_12853,Mp3 500
BIKE_12854,Tiger 800
BIKE_12855,Versys 650
BIKE_12856,Nrg Power
BIKE_12857,Nrg Power
BIKE_12858,Nrg Power
BIKE_12859,Tiger 800
BIKE_12860,Guzzi V 850
BIKE_12861,390 Duke
BIKE_12862,C 650 Gt
BIKE_12863,Cb 650
BIKE_12864,Gsx-S 1000
BIKE_12865,
BIKE_12866,Heritage Softail
BIKE_12867,C 650 Gt
BIKE_12868,Shiver 900
BIKE_12869,Seventyfive 125
BIKE_12870,Custom Bike
BIKE_12871,Gsx-S 1000
BIKE_12872,Crf 1000
BIKE_12873,Z 900
BIKE_12874,R 1200 Gs
BIKE_12875,R 1250 Rt
BIKE_12876,R 1200 Gs
BIKE_12877,Tmax 530
BIKE_12878,1290 Super Duke R
BIKE_12879,R 80 Gs
BIKE_12880,
BIKE_12881,K 1200
BIKE_12882,Star 200
BIKE_12883,Medley 150
BIKE_12884,Diavel
BIKE_12885,Nc 700
BIKE_12886,R 1200 Gs
BIKE_12887,Burgman 400
BIKE_12888,Fjr 1300
BIKE_12889,R 1200 Rs
BIKE_12890,Vfr 1200
BIKE_12891,Streetfighter
BIKE_12892,Dyna Street Bob
BIKE_12893,Neos Easy
BIKE_12894,
BIKE_12895,Nmax
BIKE_12896,Mt-09
BIKE_12897,Mt-09
BIKE_12898,Z 400
BIKE_12899,Z 400
BIKE_12900,Z 400
BIKE_12901,Sportster Xl 883
BIKE_12902,Sh 150
BIKE_12903,Gsr 750
BIKE_12904,Vn 1700
BIKE_12905,Sportster 1200
BIKE_12906,K-Pipe 50
BIKE_12907,
BIKE_12908,Chief
BIKE_12909,F 800 R
BIKE_12910,Road Glide
BIKE_12911,Tmax 530
BIKE_12912,Xsr 700
BIKE_12913,848
BIKE_12914,848
BIKE_12915,848
BIKE_12916,
BIKE_12917,Mt-10
BIKE_12918,Z 900
BIKE_12919,Mt-09
BIKE_12920,Motors
BIKE_12921,Multistrada 1200
BIKE_12922,R 1200 Gs
BIKE_12923,Felsberg 125
BIKE_12924,Cbr 650
BIKE_12925,Mt-09
BIKE_12926,Xt 1200
BIKE_12927,Heritage Softail
BIKE_12928,Dyna Street Bob
BIKE_12929,F 800 Gs
BIKE_12930,Cbr 1000
BIKE_12931,Xt 660
BIKE_12932,Sr 50
BIKE_12933,Rsv4
BIKE_12934,Mp3 350
BIKE_12935,Vl 125
BIKE_12936,Vl 125
BIKE_12937,Vl 125
BIKE_12938,X-Adv
BIKE_12939,R 80 Gs
BIKE_12940,Versys 1000
BIKE_12941,Jet 14
BIKE_12942,
BIKE_12943,Fat Boy
BIKE_12944,Jump 50
BIKE_12945,Sportster 883
BIKE_12946,Cvo Breakout
BIKE_12947,R 1200 Gs Adventure
BIKE_12948,Cbr 1000
BIKE_12949,Am Spyder Rt
BIKE_12950,Cb 500
BIKE_12951,Tmax 530
BIKE_12952,K 1600 Gt
BIKE_12953,F 900 Xr
BIKE_12954,R 1200 Gs
BIKE_12955,Gsx-S 1000
BIKE_12956,Tiger 800
BIKE_12957,C 650 Gt
BIKE_12958,Crf 1000
BIKE_12959,Moto Worx 125
BIKE_12960,Multistrada 1200
BIKE_12961,690 Duke
BIKE_12962,Xsr 700
BIKE_12963,Db 7
BIKE_12964,
BIKE_12965,Dyna Street Bob
BIKE_12966,K 1600 Gt
BIKE_12967,Z 650
BIKE_12968,Panigale V4
BIKE_12969,R 1200 Gs
BIKE_12970,
BIKE_12971,Dyna Street Bob
BIKE_12972,R Ninet
BIKE_12973,Softail
BIKE_12974,Electra Glide
BIKE_12975,Diavel
BIKE_12976,Xjr 1300
BIKE_12977,Xv 950
BIKE_12978,Agusta F4 1000 R 312
BIKE_12979,Agusta F4 1000 R 312
BIKE_12980,Agusta F4 1000 R 312
BIKE_12981,R 1250 Gs
BIKE_12982,Burgman 650
BIKE_12983,Majesty 400
BIKE_12984,Agusta Brutale 800
BIKE_12985,Custom Bike
BIKE_12986,Vl 800
BIKE_12987,
BIKE_12988,
BIKE_12989,Fat Boy
BIKE_12990,Mt-09
BIKE_12991,Multistrada 950
BIKE_12992,Multistrada 950
BIKE_12993,Multistrada 950
BIKE_12994,R 1200 Gs Lc
BIKE_12995,Sportster 883
BIKE_12996,Am Spyder Rs
BIKE_12997,Gsx 1300
BIKE_12998,Ninja H2
BIKE_12999,Versys 1000
BIKE_13000,Z 900
BIKE_13001,
BIKE_13002,Mt-07
BIKE_13003,Vfr 800
BIKE_13004,Versys 1000
BIKE_13005,Sh 150
BIKE_13006,1290 Super Adventure
BIKE_13007,Cb 1000
BIKE_13008,Gsx-S 1000
BIKE_13009,Crf 1100
BIKE_13010,R 1200 Gs
BIKE_13011,K 1200
BIKE_13012,750
BIKE_13013,750
BIKE_13014,750
BIKE_13015,Sportster 883
BIKE_13016,1190 Adventure
BIKE_13017,Cvo Limited
BIKE_13018,Tmax 560
BIKE_13019,
BIKE_13020,
BIKE_13021,Smr 300 2T
BIKE_13022,R Ninet
BIKE_13023,F 900 Xr
BIKE_13024,R Ninet
BIKE_13025,Rs 125
BIKE_13026,R 75/5
BIKE_13027,Citycom 300
BIKE_13028,People Gt300I
BIKE_13029,
BIKE_13030,Mt-09
BIKE_13031,R 1200 Gs
BIKE_13032,V-Strom 650
BIKE_13033,Tmax 530
BIKE_13034,Saturno
BIKE_13035,R 1200 Gs
BIKE_13036,Multistrada 1200
BIKE_13037,Road King
BIKE_13038,
BIKE_13039,790 Adventure
BIKE_13040,Cb 1100
BIKE_13041,X-Town
BIKE_13042,
BIKE_13043,Tmax 530
BIKE_13044,X-Adv
BIKE_13045,Ls 650
BIKE_13046,Scrambler
BIKE_13047,A 65
BIKE_13048,A 65
BIKE_13049,A 65
BIKE_13050,Tmax 530
BIKE_13051,K 1600 Gt
BIKE_13052,K 1600 Gt
BIKE_13053,Tango 50
BIKE_13054,Monster 1100
BIKE_13055,Burgman 125
BIKE_13056,Flipper
BIKE_13057,Flipper
BIKE_13058,Flipper
BIKE_13059,R 25
BIKE_13060,1090 Adventure
BIKE_13061,1090 Adventure
BIKE_13062,1090 Adventure
BIKE_13063,Fc 250
BIKE_13064,Scarabeo
BIKE_13065,Rf1
BIKE_13066,Speed Triple 1050
BIKE_13067,R 1250 Gs
BIKE_13068,C 400 X
BIKE_13069,Softail
BIKE_13070,Agility 125
BIKE_13071,Maxsym 400I
BIKE_13072,Scrambler
BIKE_13073,Neos 50
BIKE_13074,Fz-10
BIKE_13075,S 1000 Xr
BIKE_13076,Tmax 530
BIKE_13077,Scout
BIKE_13078,Nexus 300
BIKE_13079,Electra Glide
BIKE_13080,Cbr 250
BIKE_13081,Cbr 250
BIKE_13082,Cbr 250
BIKE_13083,Mt-10
BIKE_13084,Vmax
BIKE_13085,K 1200 S
BIKE_13086,K 1200 S
BIKE_13087,K 1200 S
BIKE_13088,Z 650
BIKE_13089,Crf 1000
BIKE_13090,Pcx 125
BIKE_13091,Daytona 675
BIKE_13092,Gsx-R 1000
BIKE_13093,X-Max 250
BIKE_13094,Niken
BIKE_13095,X-City 250
BIKE_13096,Mt-09
BIKE_13097,Agility 50
BIKE_13098,Sprint 50
BIKE_13099,Softail
BIKE_13100,Agusta Brutale 800
BIKE_13101,Guzzi V 85
BIKE_13102,Gl 1800
BIKE_13103,
BIKE_13104,R 1200 Rt
BIKE_13105,
BIKE_13106,Thunderbird Sport
BIKE_13107,Sh 125
BIKE_13108,Ak 550
BIKE_13109,
BIKE_13110,F 900 R
BIKE_13111,
BIKE_13112,Cb 500
BIKE_13113,Xdiavel
BIKE_13114,Sportster 1200
BIKE_13115,Tracer 700
BIKE_13116,F 900 Xr
BIKE_13117,Dj 50
BIKE_13118,Dj 50
BIKE_13119,Dj 50
BIKE_13120,R 1200 Rt
BIKE_13121,Scout
BIKE_13122,Er - 6 N
BIKE_13123,Softail
BIKE_13124,K-Xct 300I
BIKE_13125,Ninja 650
BIKE_13126,Nc 750
BIKE_13127,R 1250 Gs
BIKE_13128,Tph 50
BIKE_13129,Primavera
BIKE_13130,R 1200 Gs Adventure
BIKE_13131,S 50
BIKE_13132,S 50
BIKE_13133,S 50
BIKE_13134,Tuono
BIKE_13135,Monster 821
BIKE_13136,Mp3 500
BIKE_13137,F 800 Gs
BIKE_13138,Rsv 1000 R
BIKE_13139,R 1200 Gs
BIKE_13140,Multistrada 1200
BIKE_13141,Tiger 1050
BIKE_13142,
BIKE_13143,Tuono
BIKE_13144,Hps 300I
BIKE_13145,Gsx-R 1000
BIKE_13146,Mt-09
BIKE_13147,1098
BIKE_13148,1098
BIKE_13149,1098
BIKE_13150,Cb 1000
BIKE_13151,Vl 1500
BIKE_13152,Vl 1500
BIKE_13153,Vl 1500
BIKE_13154,S 1000 Rr
BIKE_13155,F 850 Gs
BIKE_13156,Dyna Fat Bob
BIKE_13157,Guzzi V 9
BIKE_13158,R Ninet
BIKE_13159,Dyna Switchback
BIKE_13160,Dyna Switchback
BIKE_13161,Dyna Switchback
BIKE_13162,Hayabusa
BIKE_13163,Sh 150
BIKE_13164,Cb 1000
BIKE_13165,K 1300 S
BIKE_13166,R 1200 C Montauk
BIKE_13167,R 1200 C Montauk
BIKE_13168,R 1200 C Montauk
BIKE_13169,Integra
BIKE_13170,Sportster Xl 883
BIKE_13171,V-Rod
BIKE_13172,Scrambler
BIKE_13173,Gold Wing
BIKE_13174,S 1000 Xr
BIKE_13175,S 1000 Xr
BIKE_13176,Crf 1100
BIKE_13177,Tracer 900
BIKE_13178,C 400 X
BIKE_13179,
BIKE_13180,Multistrada 1200
BIKE_13181,Mt-10
BIKE_13182,X-City 125
BIKE_13183,Integra
BIKE_13184,Z 900
BIKE_13185,Fly 50
BIKE_13186,Fly 50
BIKE_13187,Fly 50
BIKE_13188,899 Panigale
BIKE_13189,899 Panigale
BIKE_13190,899 Panigale
BIKE_13191,Road King
BIKE_13192,Z1000 Sx
BIKE_13193,Z 900
BIKE_13194,Xjr 1300
BIKE_13195,900 Z
BIKE_13196,900 Z
BIKE_13197,900 Z
BIKE_13198,Cb 650
BIKE_13199,Xt 1200
BIKE_13200,R 1200 Gs
BIKE_13201,Cb 1000
BIKE_13202,Z 1000
BIKE_13203,
BIKE_13204,Mt-09
BIKE_13205,Gsx-R 1000
BIKE_13206,R18
BIKE_13207,Nmax
BIKE_13208,Night Rod
BIKE_13209,Versys 1000
BIKE_13210,Ninja 650
BIKE_13211,R 1200 Gs Lc
BIKE_13212,
BIKE_13213,Vfr 750
BIKE_13214,Vfr 750
BIKE_13215,Vfr 750
BIKE_13216,Yfm 700
BIKE_13217,Nmax
BIKE_13218,Bonneville Newchurch
BIKE_13219,R 1200 Gs
BIKE_13220,890 Duke
BIKE_13221,890 Duke
BIKE_13222,890 Duke
BIKE_13223,Integra
BIKE_13224,Scr 950
BIKE_13225,Z 800
BIKE_13226,Daytona 675
BIKE_13227,R 1250 Gs
BIKE_13228,Agility 125
BIKE_13229,R 1200 Gs
BIKE_13230,Tiger 900
BIKE_13231,Dyna Low Rider
BIKE_13232,Agusta Brutale
BIKE_13233,
BIKE_13234,Late Shovel
BIKE_13235,Mt-07
BIKE_13236,R 1200 Gs Adventure
BIKE_13237,Cbr 600
BIKE_13238,Cb 650
BIKE_13239,Tmax 530
BIKE_13240,Skycruiser
BIKE_13241,Xtz 1200
BIKE_13242,Speed Triple 1050
BIKE_13243,R 1200 R
BIKE_13244,Desmosedici Rr
BIKE_13245,S 1000 Xr
BIKE_13246,Supersport
BIKE_13247,V-Strom 650
BIKE_13248,Race 50
BIKE_13249,Race 50
BIKE_13250,Race 50
BIKE_13251,1090 Adventure
BIKE_13252,1090 Adventure
BIKE_13253,1090 Adventure
BIKE_13254,C 650
BIKE_13255,R Ninet
BIKE_13256,Guzzi Stelvio 1200
BIKE_13257,Supersport
BIKE_13258,1290 Super Adventure
BIKE_13259,Neos 50
BIKE_13260,Streetfighter
BIKE_13261,W125
BIKE_13262,Vl 800
BIKE_13263,Xdiavel
BIKE_13264,
BIKE_13265,690 Duke
BIKE_13266,Sportster 1200
BIKE_13267,K 100 Rs
BIKE_13268,Gts 250
BIKE_13269,S 1000 Xr
BIKE_13270,High-Ball
BIKE_13271,Xtz 1200
BIKE_13272,Gsx-S 1000
BIKE_13273,1090 Adventure
BIKE_13274,1090 Adventure
BIKE_13275,1090 Adventure
BIKE_13276,Gsx-R 1000
BIKE_13277,Gold Wing
BIKE_13278,Two Fifty
BIKE_13279,Agusta Brutale 675
BIKE_13280,Downtown 200I
BIKE_13281,Downtown 200I
BIKE_13282,Downtown 200I
BIKE_13283,Shiver 900
BIKE_13284,Cmx 500
BIKE_13285,Crf 250
BIKE_13286,Forza 250
BIKE_13287,K 1200
BIKE_13288,Nmax
BIKE_13289,Fat Boy
BIKE_13290,Xvs 650
BIKE_13291,Xvs 650
BIKE_13292,Xvs 650
BIKE_13293,F 650 Gs
BIKE_13294,R 1200 C
BIKE_13295,Multistrada 1200
BIKE_13296,Gts 250
BIKE_13297,Gts 250
BIKE_13298,Gts 250
BIKE_13299,R 1200 Gs
BIKE_13300,M11
BIKE_13301,R 1200 Rt
BIKE_13302,Nc 750
BIKE_13303,Downtown 125I
BIKE_13304,Vrsc V-Rod
BIKE_13305,K-Xct 300I
BIKE_13306,
BIKE_13307,Cbr 500 R
BIKE_13308,
BIKE_13309,Agility 125
BIKE_13310,1190 Adventure
BIKE_13311,Wl 750 Flathead
BIKE_13312,Wl 750 Flathead
BIKE_13313,Wl 750 Flathead
BIKE_13314,Xsr 700
BIKE_13315,Guzzi V 7
BIKE_13316,Sr 400
BIKE_13317,Kx 250
BIKE_13318,S 1000 Xr
BIKE_13319,Katana 1000
BIKE_13320,Katana 1000
BIKE_13321,Katana 1000
BIKE_13322,Crf 1100
BIKE_13323,Crf 1000
BIKE_13324,Multistrada 1260
BIKE_13325,F 900 R
BIKE_13326,Road King
BIKE_13327,Versys 1000
BIKE_13328,Guzzi V 7
BIKE_13329,R 1200 Gs
BIKE_13330,Vn 900
BIKE_13331,Ftr 1200
BIKE_13332,Fat Boy
BIKE_13333,
BIKE_13334,Softail
BIKE_13335,Agusta
BIKE_13336,F 900 R
BIKE_13337,Primavera
BIKE_13338,Sprint
BIKE_13339,Beverly 300
BIKE_13340,K 1300
BIKE_13341,Panigale V4
BIKE_13342,R 1200 Gs
BIKE_13343,
BIKE_13344,R 75/6
BIKE_13345,Cvo Breakout
BIKE_13346,R 1250 Gs
BIKE_13347,R 1150 R
BIKE_13348,R 1150 R
BIKE_13349,R 1150 R
BIKE_13350,Nrg Mc3
BIKE_13351,
BIKE_13352,R 1200 Gs Adventure
BIKE_13353,Fireblade
BIKE_13354,Street Triple 675
BIKE_13355,Am Outlander
BIKE_13356,790 Duke
BIKE_13357,Road King
BIKE_13358,K 1300
BIKE_13359,X-Max 400
BIKE_13360,Super Glide
BIKE_13361,Mt-07
BIKE_13362,Tmax 530
BIKE_13363,Jackfire
BIKE_13364,Xsr 700
BIKE_13365,Streetfighter
BIKE_13366,
BIKE_13367,Ry6
BIKE_13368,Xl 1200
BIKE_13369,St 2
BIKE_13370,F 900 Xr
BIKE_13371,Yzf-R1
BIKE_13372,Gtr 1400
BIKE_13373,Agility 125
BIKE_13374,Majesty 400
BIKE_13375,Street Glide
BIKE_13376,Crf 1100
BIKE_13377,Crf 1000
BIKE_13378,R 1200 Rs
BIKE_13379,Guzzi 1000 Sp
BIKE_13380,R Ninet
BIKE_13381,125 Duke
BIKE_13382,Ninja 650
BIKE_13383,Cbr 1000
BIKE_13384,Fjr 1300
BIKE_13385,Scrambler 1000
BIKE_13386,1190 Adventure
BIKE_13387,R 1200 S
BIKE_13388,Guzzi California 1400
BIKE_13389,Mxu 700
BIKE_13390,G 310 Gs
BIKE_13391,R 1200 R Classic
BIKE_13392,Scrambler
BIKE_13393,F 850 Gs
BIKE_13394,Vzr 1800
BIKE_13395,R 1200 Gs
BIKE_13396,X 11
BIKE_13397,Cb 1000
BIKE_13398,Ape
BIKE_13399,Burgman 200
BIKE_13400,F 900 Xr
BIKE_13401,Vs 125
BIKE_13402,Vs 125
BIKE_13403,Vs 125
BIKE_13404,Z 1000
BIKE_13405,R 1200 Gs Adventure
BIKE_13406,X-Adv
BIKE_13407,Softail
BIKE_13408,Early Shovel
BIKE_13409,Agusta Brutale 800
BIKE_13410,Typhoon
BIKE_13411,Xv 950
BIKE_13412,Speed Triple R
BIKE_13413,Z 900
BIKE_13414,Night Train
BIKE_13415,Road King
BIKE_13416,Yfm 700
BIKE_13417,R Ninet
BIKE_13418,Xt 1200
BIKE_13419,Sportster 1200
BIKE_13420,Rs 250
BIKE_13421,Tuono
BIKE_13422,Rs 50
BIKE_13423,Rs 50
BIKE_13424,Rs 50
BIKE_13425,R 1200 Gs Adventure
BIKE_13426,Bandit 1250
BIKE_13427,Bx 125
BIKE_13428,Hypermotard 939
BIKE_13429,125 Sx
BIKE_13430,V-Strom 1050
BIKE_13431,Dyna Low Rider
BIKE_13432,Rf1
BIKE_13433,Guzzi V 7
BIKE_13434,R 1200 R
BIKE_13435,C 650
BIKE_13436,Ld
BIKE_13437,Scrambler
BIKE_13438,V-Strom 650
BIKE_13439,Beverly 300
BIKE_13440,Z 900
BIKE_13441,
BIKE_13442,V-Strom 1050
BIKE_13443,Softail
BIKE_13444,Fat Boy
BIKE_13445,Xl 1200
BIKE_13446,1090 Adventure
BIKE_13447,1090 Adventure
BIKE_13448,1090 Adventure
BIKE_13449,Agility 125
BIKE_13450,Streetfighter
BIKE_13451,Cbr 1000
BIKE_13452,
BIKE_13453,Nc 750
BIKE_13454,People 125
BIKE_13455,Gsx 1300
BIKE_13456,Late Shovel
BIKE_13457,
BIKE_13458,F 850 Gs
BIKE_13459,R 1250 Gs Adventure
BIKE_13460,Xsr 900
BIKE_13461,Tracer 700
BIKE_13462,Vzr 1800
BIKE_13463,Multistrada 950
BIKE_13464,Multistrada 950
BIKE_13465,Multistrada 950
BIKE_13466,Scrambler
BIKE_13467,Sportster 883
BIKE_13468,Fx6
BIKE_13469,Vn 1700
BIKE_13470,Mt-10
BIKE_13471,C 650 Gt
BIKE_13472,Streetfighter
BIKE_13473,888
BIKE_13474,Agility 125
BIKE_13475,X-Max 250
BIKE_13476,Vfr 1200
BIKE_13477,
BIKE_13478,Z 650
BIKE_13479,Guzzi Le Mans
BIKE_13480,Guzzi Le Mans
BIKE_13481,Guzzi Le Mans
BIKE_13482,Scrambler
BIKE_13483,C 650 Gt
BIKE_13484,790 Duke
BIKE_13485,S 1000 Xr
BIKE_13486,Gold Wing
BIKE_13487,Speedmaster
BIKE_13488,Cbr 1000
BIKE_13489,R 1200 Rt
BIKE_13490,Diavel
BIKE_13491,Mx 125 2T
BIKE_13492,R 1200 C Independent
BIKE_13493,Tmax 530
BIKE_13494,Hammer S
BIKE_13495,Hammer S
BIKE_13496,Hammer S
BIKE_13497,Cb 1000
BIKE_13498,
BIKE_13499,Moto
BIKE_13500,Multistrada 1200
BIKE_13501,Mt-10
BIKE_13502,1200 Custom
BIKE_13503,
BIKE_13504,R 1200 Gs Adventure
BIKE_13505,Yzf-R3
BIKE_13506,
BIKE_13507,Scrambler
BIKE_13508,F 6 C
BIKE_13509,Crf 1100
BIKE_13510,125 Duke
BIKE_13511,Sportster 1200
BIKE_13512,Moto Cforce 820
BIKE_13513,Moto Cforce 820
BIKE_13514,Moto Cforce 820
BIKE_13515,K 1600 Gt
BIKE_13516,Tracer 900
BIKE_13517,Fjr 1300
BIKE_13518,
BIKE_13519,Zzr 1400
BIKE_13520,Liberty 50
BIKE_13521,People 125
BIKE_13522,Sportster 1200
BIKE_13523,
BIKE_13524,
BIKE_13525,R 1200 Gs
BIKE_13526,R 1200 Rt
BIKE_13527,F 900 Xr
BIKE_13528,Cb 500
BIKE_13529,749
BIKE_13530,Street Glide
BIKE_13531,Dyna Street Bob
BIKE_13532,Speed Twin
BIKE_13533,R 1200 Gs
BIKE_13534,120S
BIKE_13535,Crosstourer
BIKE_13536,Nrg Power
BIKE_13537,Nrg Power
BIKE_13538,Nrg Power
BIKE_13539,Multistrada 1200
BIKE_13540,W 800
BIKE_13541,R 1200 Rt
BIKE_13542,Am Ryker
BIKE_13543,Am Ryker
BIKE_13544,Am Ryker
BIKE_13545,Crf 1100
BIKE_13546,F 6 C
BIKE_13547,Speedmaster
BIKE_13548,F 800 R
BIKE_13549,Ape
BIKE_13550,890 Duke
BIKE_13551,890 Duke
BIKE_13552,890 Duke
BIKE_13553,Primavera
BIKE_13554,S 1000 Xr
BIKE_13555,R Ninet
BIKE_13556,Agusta Rivale 800
BIKE_13557,R 1250 Gs
BIKE_13558,
BIKE_13559,Xciting 400I
BIKE_13560,Guzzi Eldorado
BIKE_13561,R 80 R
BIKE_13562,R 80 R
BIKE_13563,R 80 R
BIKE_13564,Liberty 150
BIKE_13565,Zero Sr
BIKE_13566,Vfr 1200
BIKE_13567,V-Strom 1000
BIKE_13568,900 Z
BIKE_13569,900 Z
BIKE_13570,900 Z
BIKE_13571,F 800
BIKE_13572,R18
BIKE_13573,Crf 1100
BIKE_13574,Softail
BIKE_13575,
BIKE_13576,S 1000 Xr
BIKE_13577,1190 Adventure
BIKE_13578,Multistrada 1200
BIKE_13579,Guzzi Ercole
BIKE_13580,Guzzi Ercole
BIKE_13581,Guzzi Ercole
BIKE_13582,Mt-125
BIKE_13583,R Ninet
BIKE_13584,Downtown 300I
BIKE_13585,C 650 Gt
BIKE_13586,S 1000 R
BIKE_13587,Cbr 650
BIKE_13588,Tiger 1200
BIKE_13589,
BIKE_13590,Tiger 800
BIKE_13591,Gsx-R 750
BIKE_13592,Sh 150
BIKE_13593,K-Xct 300I
BIKE_13594,Bc1 One
BIKE_13595,
BIKE_13596,S 1000 R
BIKE_13597,Sm 500 R
BIKE_13598,X-Adv
BIKE_13599,R 1200 Rt
BIKE_13600,R 1200 Gs Lc
BIKE_13601,
BIKE_13602,Scrambler
BIKE_13603,Versys 650
BIKE_13604,Road King
BIKE_13605,Er - 6 N
BIKE_13606,1199 Panigale
BIKE_13607,Primavera 50
BIKE_13608,Z 900
BIKE_13609,Monster 1000
BIKE_13610,X 10
BIKE_13611,X 10
BIKE_13612,X 10
BIKE_13613,Multistrada 950
BIKE_13614,Multistrada 950
BIKE_13615,Multistrada 950
BIKE_13616,Road King
BIKE_13617,Diavel
BIKE_13618,Typhoon
BIKE_13619,Gtr 1400
BIKE_13620,K 1200 Gt
BIKE_13621,K 1200 Gt
BIKE_13622,K 1200 Gt
BIKE_13623,Scrambler
BIKE_13624,Cb 1000
BIKE_13625,Dyna Street Bob
BIKE_13626,
BIKE_13627,Agusta F3
BIKE_13628,Motors Unu
BIKE_13629,Street Triple 765
BIKE_13630,Ctx 1300
BIKE_13631,Ctx 1300
BIKE_13632,Ctx 1300
BIKE_13633,Sh 150
BIKE_13634,Gunner
BIKE_13635,Gunner
BIKE_13636,Gunner
BIKE_13637,Cb 1000
BIKE_13638,F 800 Gt
BIKE_13639,R 1200 Gs Adventure
BIKE_13640,Z 1000
BIKE_13641,Supermoto 125
BIKE_13642,Sr 50
BIKE_13643,
BIKE_13644,V-Strom 1000
BIKE_13645,Xb 9
BIKE_13646,790 Adventure
BIKE_13647,Blade 1000
BIKE_13648,Street Triple 765
BIKE_13649,F 900 R
BIKE_13650,Monster 1200
BIKE_13651,Xt 1200
BIKE_13652,Multistrada 1200
BIKE_13653,C 400 Gt
BIKE_13654,K 1600 Gt
BIKE_13655,1190 Adventure
BIKE_13656,Hayabusa
BIKE_13657,Z 900
BIKE_13658,Gtr 1400
BIKE_13659,Liberty 50
BIKE_13660,S 1000 Xr
BIKE_13661,
BIKE_13662,
BIKE_13663,
BIKE_13664,Hammer 8-Ball
BIKE_13665,R 1200 R
BIKE_13666,Bonneville T120
BIKE_13667,Road King
BIKE_13668,Cb 500
BIKE_13669,Mt-09
BIKE_13670,Niken
BIKE_13671,Z 400
BIKE_13672,Z 400
BIKE_13673,Z 400
BIKE_13674,R 1200 Rt
BIKE_13675,Cbr 650
BIKE_13676,Liberty 125
BIKE_13677,R 1200 Gs
BIKE_13678,
BIKE_13679,Ténéré 700
BIKE_13680,Mt-10
BIKE_13681,1290 Super Duke R
BIKE_13682,R 1250 Rt
BIKE_13683,Sh 300
BIKE_13684,Logik
BIKE_13685,Gsx-R 600
BIKE_13686,R Ninet
BIKE_13687,Yz 125
BIKE_13688,Xvz 1300
BIKE_13689,Mt-09
BIKE_13690,Gsx-S 1000
BIKE_13691,N1S
BIKE_13692,Burgman 400
BIKE_13693,Rf1
BIKE_13694,R 1200 Gs
BIKE_13695,R 1200 Gs Adventure
BIKE_13696,Agusta Stradale 800
BIKE_13697,690 Smc
BIKE_13698,690 Smc
BIKE_13699,690 Smc
BIKE_13700,S 1000 Rr
BIKE_13701,
BIKE_13702,Trike
BIKE_13703,Hypermotard 1100
BIKE_13704,Sportster
BIKE_13705,Caponord 1200
BIKE_13706,Fz 8
BIKE_13707,900 Z
BIKE_13708,900 Z
BIKE_13709,900 Z
BIKE_13710,Z 1000
BIKE_13711,Raptor 700
BIKE_13712,Kx 250
BIKE_13713,
BIKE_13714,Dorsoduro
BIKE_13715,Hayabusa
BIKE_13716,Fat Boy
BIKE_13717,Z 900
BIKE_13718,Dyna Fat Bob
BIKE_13719,Fireblade
BIKE_13720,
BIKE_13721,1290 Super Duke Gt
BIKE_13722,Z 800
BIKE_13723,Tracer 900
BIKE_13724,Tracer 900
BIKE_13725,N1S
BIKE_13726,Like 50
BIKE_13727,Gsx-R 1000
BIKE_13728,Multistrada 1200
BIKE_13729,Otello 125
BIKE_13730,Cmx 500
BIKE_13731,Rs4 125
BIKE_13732,Gsx-S 1000
BIKE_13733,
BIKE_13734,Downtown 125I
BIKE_13735,Multistrada 1200
BIKE_13736,Monster 1200
BIKE_13737,Multistrada 1200
BIKE_13738,R 1200 Rt
BIKE_13739,Cbr 125
BIKE_13740,R Ninet
BIKE_13741,R 1200 Gs
BIKE_13742,R Ninet
BIKE_13743,Sportster 883
BIKE_13744,Yzf-R1
BIKE_13745,Tuono
BIKE_13746,Heritage Softail
BIKE_13747,F 700 Gs
BIKE_13748,Rs 660
BIKE_13749,Nc 750
BIKE_13750,
BIKE_13751,Gsx-R 1000
BIKE_13752,Yzf-R1
BIKE_13753,R 1200 Gs Adventure
BIKE_13754,R Ninet
BIKE_13755,Sportster
BIKE_13756,Xv 950
BIKE_13757,Enfield Classic
BIKE_13758,R 1200 Gs
BIKE_13759,Majesty 400
BIKE_13760,Versys 1000
BIKE_13761,C 400 X
BIKE_13762,Agusta 800
BIKE_13763,Agusta 800
BIKE_13764,Agusta 800
BIKE_13765,Nc 750
BIKE_13766,R 1250 R
BIKE_13767,R Ninet
BIKE_13768,R 1200 Rt
BIKE_13769,Nc 750
BIKE_13770,Zx 500
BIKE_13771,1190 Adventure
BIKE_13772,Tiger 800
BIKE_13773,Rsv4
BIKE_13774,R 1250 R
BIKE_13775,X-Adv
BIKE_13776,Sportster 1200
BIKE_13777,Vfr 1200
BIKE_13778,Kodiak 700
BIKE_13779,Sportster 1200
BIKE_13780,Crossrunner
BIKE_13781,Multistrada 1200
BIKE_13782,Es3
BIKE_13783,690 Enduro
BIKE_13784,690 Enduro
BIKE_13785,690 Enduro
BIKE_13786,Mt-10
BIKE_13787,Guzzi V 7
BIKE_13788,F 900 R
BIKE_13789,S 1000 Rr
BIKE_13790,Typhoon
BIKE_13791,Sv 650
BIKE_13792,Tuono
BIKE_13793,Panigale V4
BIKE_13794,Cbr 1000
BIKE_13795,Multistrada 1200
BIKE_13796,Crossrunner
BIKE_13797,Z 800
BIKE_13798,
BIKE_13799,Sportsman 570
BIKE_13800,
BIKE_13801,Cb 1000
BIKE_13802,Z1000 Sx
BIKE_13803,Amico 50
BIKE_13804,Moto Grs 125
BIKE_13805,Cbf 1000
BIKE_13806,R 1200 Gs
BIKE_13807,690 Smc
BIKE_13808,690 Smc
BIKE_13809,690 Smc
BIKE_13810,Hypermotard 950
BIKE_13811,G 80
BIKE_13812,250 Exc
BIKE_13813,250 Exc
BIKE_13814,250 Exc
BIKE_13815,Mp3 350
BIKE_13816,S 1000 R
BIKE_13817,Z 900
BIKE_13818,790 Adventure
BIKE_13819,Chieftain
BIKE_13820,Enfield Taurus
BIKE_13821,Mt-03
BIKE_13822,Mt-03
BIKE_13823,Mt-03
BIKE_13824,Scrambler
BIKE_13825,Guzzi Nuovo Falcone
BIKE_13826,Guzzi Nuovo Falcone
BIKE_13827,Guzzi Nuovo Falcone
BIKE_13828,S 1000 R
BIKE_13829,Medley 150
BIKE_13830,Z 650
BIKE_13831,Street Twin
BIKE_13832,Xjr 1300
BIKE_13833,Road Glide
BIKE_13834,1290 Super Adventure
BIKE_13835,R 1200 Rt
BIKE_13836,R 1200 Rt
BIKE_13837,K-Xct 300I
BIKE_13838,Super Glide
BIKE_13839,Moto Cforce 520
BIKE_13840,Moto Cforce 520
BIKE_13841,Moto Cforce 520
BIKE_13842,Zzr 1400
BIKE_13843,Vulcan S
BIKE_13844,V-Rod
BIKE_13845,V-Strom 1050
BIKE_13846,Roadster
BIKE_13847,1190 Adventure
BIKE_13848,R 1200 R
BIKE_13849,K 1200 Rs
BIKE_13850,Cbr 1000
BIKE_13851,Awo 425
BIKE_13852,S 1000 Rr
BIKE_13853,R 1250 R
BIKE_13854,Guzzi V 7
BIKE_13855,Ninja 1000Sx
BIKE_13856,Crf 1000
BIKE_13857,
BIKE_13858,Liberty 125
BIKE_13859,Guzzi Norge 1200
BIKE_13860,Pantheon 125
BIKE_13861,M 1800 R
BIKE_13862,M 1800 R
BIKE_13863,M 1800 R
BIKE_13864,Crf 1000
BIKE_13865,Mt-09
BIKE_13866,Cb 1000
BIKE_13867,Liberty 125
BIKE_13868,Dyna Fat Bob
BIKE_13869,Wr 250
BIKE_13870,Xdiavel
BIKE_13871,Scrambler
BIKE_13872,
BIKE_13873,Yzf 1000
BIKE_13874,Primavera 125
BIKE_13875,Mt-09
BIKE_13876,
BIKE_13877,People S 200I
BIKE_13878,People S 200I
BIKE_13879,People S 200I
BIKE_13880,Vitpilen
BIKE_13881,F 750 Gs
BIKE_13882,Hypermotard 939
BIKE_13883,
BIKE_13884,Grizzly 700
BIKE_13885,Roadster
BIKE_13886,1290 Super Duke Gt
BIKE_13887,Sh 150
BIKE_13888,Custom Bike
BIKE_13889,V-Strom 1050
BIKE_13890,F 900 Xr
BIKE_13891,R 1200 Gs Adventure
BIKE_13892,R Ninet
BIKE_13893,Sportster
BIKE_13894,Burgman 200
BIKE_13895,R 1200 Gs Lc
BIKE_13896,Rzr 1000
BIKE_13897,Xtz 1200
BIKE_13898,Xdiavel
BIKE_13899,Crossrunner
BIKE_13900,Zip 50
BIKE_13901,Sportster Forty Eight
BIKE_13902,Scrambler
BIKE_13903,Low Rider
BIKE_13904,Tmax 530
BIKE_13905,R Ninet
BIKE_13906,S 1000 Rr
BIKE_13907,
BIKE_13908,Z 650
BIKE_13909,Ame St 800
BIKE_13910,Versys 650
BIKE_13911,Symphony 125
BIKE_13912,Vzr 1800
BIKE_13913,
BIKE_13914,Tiger 1200
BIKE_13915,Sportster 1200
BIKE_13916,Vn 1700
BIKE_13917,Tracer 700
BIKE_13918,R 1200 Rt
BIKE_13919,Z 1000
BIKE_13920,Custom Bike
BIKE_13921,Guzzi V 9
BIKE_13922,F 800 Gs
BIKE_13923,K 1300 S
BIKE_13924,90
BIKE_13925,
BIKE_13926,Monster 821
BIKE_13927,F 6 C
BIKE_13928,Z1000 Sx
BIKE_13929,Rsv4
BIKE_13930,F 800
BIKE_13931,
BIKE_13932,790 Adventure
BIKE_13933,X-Treme
BIKE_13934,R 1200 Gs Lc
BIKE_13935,Z 1000
BIKE_13936,Supersport
BIKE_13937,Sh 150
BIKE_13938,Mt-09
BIKE_13939,Mp3 500
BIKE_13940,Zr 1000
BIKE_13941,Zr 1000
BIKE_13942,Zr 1000
BIKE_13943,Xsr 900
BIKE_13944,Xv 950
BIKE_13945,Speed Triple 1050
BIKE_13946,F 900 Xr
BIKE_13947,Vision 50
BIKE_13948,R 1200 Gs
BIKE_13949,X 7
BIKE_13950,X 7
BIKE_13951,X 7
BIKE_13952,Streetfighter
BIKE_13953,Xevo 125
BIKE_13954,Xevo 125
BIKE_13955,Xevo 125
BIKE_13956,C Evolution
BIKE_13957,
BIKE_13958,Cb 1000
BIKE_13959,Multistrada 1200
BIKE_13960,S 1000 Xr
BIKE_13961,Vn 1700
BIKE_13962,Freewheeler
BIKE_13963,Monster 800
BIKE_13964,Tuono
BIKE_13965,Integra
BIKE_13966,Cbr 1000
BIKE_13967,Street Twin
BIKE_13968,S 1000 Xr
BIKE_13969,Guzzi
BIKE_13970,Mp3 500
BIKE_13971,Fat Boy
BIKE_13972,
BIKE_13973,Gsx-S 1000
BIKE_13974,Z 650
BIKE_13975,R 1200 Gs Lc
BIKE_13976,Vn 900
BIKE_13977,Symphony 200
BIKE_13978,
BIKE_13979,Wr 450
BIKE_13980,Fz 8
BIKE_13981,Z 1000
BIKE_13982,S 1000 R
BIKE_13983,Electra Glide
BIKE_13984,Softail
BIKE_13985,Enfield Interceptor
BIKE_13986,Evolution
BIKE_13987,Softail
BIKE_13988,Mp3 Lt
BIKE_13989,Nc 750
BIKE_13990,
BIKE_13991,Xv 1600
BIKE_13992,Scrambler
BIKE_13993,Nc 750
BIKE_13994,Cbr 1000
BIKE_13995,Msx 125
BIKE_13996,S 1000 Xr
BIKE_13997,K 1300 Gt
BIKE_13998,
BIKE_13999,Symphony 125
BIKE_14000,Xdiavel
BIKE_14001,Tiger Sport
BIKE_14002,Qooder
BIKE_14003,Gl 1800
BIKE_14004,Crf 1000
BIKE_14005,Street Glide
BIKE_14006,Night Rod
BIKE_14007,900 Mhr
BIKE_14008,Z 1000
BIKE_14009,
BIKE_14010,959 Panigale
BIKE_14011,Xsr 700
BIKE_14012,S 1000 Xr
BIKE_14013,
BIKE_14014,Fjr 1300
BIKE_14015,R 1200 Gs
BIKE_14016,Rocket Iii Roadster
BIKE_14017,1090 Adventure
BIKE_14018,1090 Adventure
BIKE_14019,1090 Adventure
BIKE_14020,1290 Super Adventure
BIKE_14021,Multistrada 1200
BIKE_14022,Softail
BIKE_14023,Softail
BIKE_14024,F 800 Gs
BIKE_14025,R 80
BIKE_14026,Tricity
BIKE_14027,Kr 50
BIKE_14028,Z 1000
BIKE_14029,
BIKE_14030,
BIKE_14031,Joymax 300
BIKE_14032,Agusta Turismo Veloce 800
BIKE_14033,R 1200 Gs Lc
BIKE_14034,Tracer 900
BIKE_14035,S 1000 R
BIKE_14036,Gsx 1250
BIKE_14037,Hayabusa
BIKE_14038,Yzf-R1
BIKE_14039,Monte Pro 125
BIKE_14040,Road King
BIKE_14041,Road Glide
BIKE_14042,R 100 Rs
BIKE_14043,125 Duke
BIKE_14044,990 Supermoto
BIKE_14045,Yzf-R1
BIKE_14046,Grizzly 700
BIKE_14047,Gts 300
BIKE_14048,Scrambler
BIKE_14049,R Ninet
BIKE_14050,Srv 850
BIKE_14051,Ninja Zx-6R
BIKE_14052,Street Glide
BIKE_14053,Sh 300
BIKE_14054,Cat 700
BIKE_14055,Symphony 200
BIKE_14056,Dyna Fat Bob
BIKE_14057,Cb 1100
BIKE_14058,Tmax 530
BIKE_14059,Hypermotard 939
BIKE_14060,Road King
BIKE_14061,R 1200 Gs
BIKE_14062,
BIKE_14063,Mio
BIKE_14064,Scout
BIKE_14065,Soho 125
BIKE_14066,Niken
BIKE_14067,Gsx-S 1000
BIKE_14068,Heritage Softail
BIKE_14069,C 650 Gt
BIKE_14070,Multistrada 1200
BIKE_14071,Electra Glide
BIKE_14072,Moto Cforce 850
BIKE_14073,Z 900
BIKE_14074,Sportster 883
BIKE_14075,
BIKE_14076,Z 900
BIKE_14077,F 650
BIKE_14078,F 650
BIKE_14079,F 650
BIKE_14080,1290 Super Adventure
BIKE_14081,R 1200 Gs
BIKE_14082,Blade 1000
BIKE_14083,F 750 Gs
BIKE_14084,Sr 50
BIKE_14085,R 80
BIKE_14086,Carnaby 300
BIKE_14087,Moto Uforce 800
BIKE_14088,Softail
BIKE_14089,R 1250 Rs
BIKE_14090,Xv 1600
BIKE_14091,Jet 14
BIKE_14092,Zip 50
BIKE_14093,Scarabeo
BIKE_14094,Sportster Forty Eight
BIKE_14095,
BIKE_14096,F 800 R
BIKE_14097,790 Adventure
BIKE_14098,R 1200 Rt
BIKE_14099,Tzr 50
BIKE_14100,Sh 150
BIKE_14101,S 1000 R
BIKE_14102,
BIKE_14103,R 1200 Gs
BIKE_14104,Fjr 1300
BIKE_14105,R 1200 Gs Adventure
BIKE_14106,Nrg 50
BIKE_14107,Tmax 530
BIKE_14108,
BIKE_14109,Panigale V4
BIKE_14110,Dyna Street Bob
BIKE_14111,Gladiator 500
BIKE_14112,Dune 125
BIKE_14113,Night Train
BIKE_14114,R Ninet
BIKE_14115,Beverly 300
BIKE_14116,R 1200 Gs
BIKE_14117,790 Adventure
BIKE_14118,Xsr 900
BIKE_14119,R 1250 Gs Adventure
BIKE_14120,Mt-09
BIKE_14121,R Ninet
BIKE_14122,R 1200 Gs
BIKE_14123,Guzzi California 1400
BIKE_14124,Ninja 650
BIKE_14125,Cbf 125
BIKE_14126,Beverly 400
BIKE_14127,Scrambler
BIKE_14128,Guzzi California 850
BIKE_14129,Gsx 1100
BIKE_14130,Gsx 1100
BIKE_14131,Gsx 1100
BIKE_14132,Qooder
BIKE_14133,Gsx-R 600
BIKE_14134,Gsx-S 750
BIKE_14135,F 750 Gs
BIKE_14136,Multistrada 950
BIKE_14137,Multistrada 950
BIKE_14138,Multistrada 950
BIKE_14139,Hypermotard 1100
BIKE_14140,Z 1000
BIKE_14141,
BIKE_14142,
BIKE_14143,
BIKE_14144,
BIKE_14145,990 Supermoto
BIKE_14146,Daytona 675
BIKE_14147,Cb 650
BIKE_14148,Sportster Forty Eight
BIKE_14149,Z1000 Sx
BIKE_14150,Street Glide
BIKE_14151,F 900 R
BIKE_14152,R 1200 Gs Lc
BIKE_14153,F 850 Gs
BIKE_14154,Deluxe
BIKE_14155,Integra
BIKE_14156,
BIKE_14157,
BIKE_14158,Sh 150
BIKE_14159,Z 900
BIKE_14160,Diavel
BIKE_14161,Tmax 530
BIKE_14162,F 750 Gs
BIKE_14163,R 42
BIKE_14164,
BIKE_14165,Softail
BIKE_14166,R 1250 Rt
BIKE_14167,Sportster 883
BIKE_14168,S 1000 Xr
BIKE_14169,1290 Super Adventure
BIKE_14170,1290 Super Duke R
BIKE_14171,Tiger 800
BIKE_14172,
BIKE_14173,K 1600 Gt
BIKE_14174,R 1200 Rt
BIKE_14175,Street Triple 675
BIKE_14176,
BIKE_14177,Moto Cforce 520
BIKE_14178,Moto Cforce 520
BIKE_14179,Moto Cforce 520
BIKE_14180,S 1000 R
BIKE_14181,Road Glide
BIKE_14182,
BIKE_14183,R 1100 Rt
BIKE_14184,Versys 1000
BIKE_14185,C 650 Gt
BIKE_14186,Sh 125
BIKE_14187,R 1200 Gs
BIKE_14188,F 800 R
BIKE_14189,
BIKE_14190,Agusta Brutale 800
BIKE_14191,R 1200 Gs
BIKE_14192,Sportcity One
BIKE_14193,Sportcity One
BIKE_14194,Sportcity One
BIKE_14195,Tiger Explorer
BIKE_14196,Liberty 50
BIKE_14197,999
BIKE_14198,S 1000 R
BIKE_14199,Aerox
BIKE_14200,Nc 750
BIKE_14201,Vulcan S
BIKE_14202,Vzr 1800
BIKE_14203,1199 Panigale
BIKE_14204,Crf 1100
BIKE_14205,Zip 25
BIKE_14206,Mt-07
BIKE_14207,Xvs 650
BIKE_14208,Xvs 650
BIKE_14209,Xvs 650
BIKE_14210,X 7
BIKE_14211,X 7
BIKE_14212,X 7
BIKE_14213,Cb 1100
BIKE_14214,Heritage Softail
BIKE_14215,Guzzi Zigolo
BIKE_14216,R 1200 Gs
BIKE_14217,Night Train
BIKE_14218,Tracer 900
BIKE_14219,Cbr 600
BIKE_14220,Fjr 1300
BIKE_14221,V-Rod
BIKE_14222,
BIKE_14223,Liberty 50
BIKE_14224,R Ninet
BIKE_14225,C 650
BIKE_14226,Sh 125
BIKE_14227,F 800 Gs
BIKE_14228,Custom Bike
BIKE_14229,Beverly 300
BIKE_14230,250 Mark 3
BIKE_14231,V-Bob 250
BIKE_14232,
BIKE_14233,
BIKE_14234,
BIKE_14235,Sportster 1200
BIKE_14236,Guzzi California 1100
BIKE_14237,
BIKE_14238,Guzzi
BIKE_14239,Guzzi V 7
BIKE_14240,Tiger Explorer
BIKE_14241,X 7
BIKE_14242,X 7
BIKE_14243,X 7
BIKE_14244,Yzf 1000
BIKE_14245,R 1200 Gs
BIKE_14246,S 1000 Rr
BIKE_14247,Sportster 1200
BIKE_14248,390 Adventure
BIKE_14249,390 Adventure
BIKE_14250,390 Adventure
BIKE_14251,Sportster Xl 883
BIKE_14252,Tracer 700
BIKE_14253,1050 Adventure
BIKE_14254,F 800 Gs Adventure
BIKE_14255,Speed Triple 1050
BIKE_14256,Nmax
BIKE_14257,
BIKE_14258,Bonneville T120
BIKE_14259,Street Triple 765
BIKE_14260,
BIKE_14261,Vulcan S
BIKE_14262,Tmax 530
BIKE_14263,Cbf 600
BIKE_14264,
BIKE_14265,Xsr 700
BIKE_14266,Tracer 900
BIKE_14267,390 Duke
BIKE_14268,Multistrada 950
BIKE_14269,Multistrada 950
BIKE_14270,Multistrada 950
BIKE_14271,Tmax 530
BIKE_14272,Xciting 300I
BIKE_14273,Cvo Breakout
BIKE_14274,S 1000 R
BIKE_14275,Wr 125
BIKE_14276,Wr 125
BIKE_14277,Wr 125
BIKE_14278,Te 300
BIKE_14279,Xenter 125
BIKE_14280,
BIKE_14281,Moto Cforce 820
BIKE_14282,Moto Cforce 820
BIKE_14283,Moto Cforce 820
BIKE_14284,
BIKE_14285,
BIKE_14286,Gsx-R 1000
BIKE_14287,Z1000 Sx
BIKE_14288,Monster 696
BIKE_14289,Electra Glide
BIKE_14290,Sportster 1200
BIKE_14291,Sportster
BIKE_14292,Fat Boy
BIKE_14293,Skycruiser
BIKE_14294,Tiger 800
BIKE_14295,Jackpot Ness
BIKE_14296,Liberty 50
BIKE_14297,Vfr 1200
BIKE_14298,
BIKE_14299,Tiger 1200
BIKE_14300,Fxd
BIKE_14301,Moto
BIKE_14302,
BIKE_14303,F 850 Gs
BIKE_14304,Crf 1000
BIKE_14305,Mp3 350
BIKE_14306,F 850 Gs
BIKE_14307,R Ninet
BIKE_14308,1198
BIKE_14309,Mt-09
BIKE_14310,Niken
BIKE_14311,Cmx 500
BIKE_14312,Fat Boy
BIKE_14313,Z 1000
BIKE_14314,Multistrada 1200
BIKE_14315,Gold Wing
BIKE_14316,Agusta Brutale 1090
BIKE_14317,S 1000 Rr
BIKE_14318,Hypermotard 821
BIKE_14319,Hypermotard 821
BIKE_14320,Hypermotard 821
BIKE_14321,125 Exc
BIKE_14322,125 Exc
BIKE_14323,125 Exc
BIKE_14324,St 1300
BIKE_14325,Sportster
BIKE_14326,Heritage Softail
BIKE_14327,
BIKE_14328,S 1000 Xr
BIKE_14329,Electra Glide
BIKE_14330,R 1200 Rs
BIKE_14331,Thruxton
BIKE_14332,Beverly 300
BIKE_14333,Tri Glide
BIKE_14334,Tri Glide
BIKE_14335,Tri Glide
BIKE_14336,X-Max 250
BIKE_14337,Z 900
BIKE_14338,Speed Twin
BIKE_14339,Evolution
BIKE_14340,1290 Super Adventure
BIKE_14341,125 Duke
BIKE_14342,Gsx-S 750
BIKE_14343,Xvz 1300
BIKE_14344,X-Max 300
BIKE_14345,Scrambler
BIKE_14346,Sportster 1200
BIKE_14347,390 Duke
BIKE_14348,Vmax
BIKE_14349,Z 800
BIKE_14350,Nc 750
BIKE_14351,Niken
BIKE_14352,F 900 R
BIKE_14353,S 1000 Xr
BIKE_14354,Bonneville T100
BIKE_14355,Z1000 Sx
BIKE_14356,R 1200 R
BIKE_14357,Heritage Softail
BIKE_14358,F 750 Gs
BIKE_14359,V-Strom 1050
BIKE_14360,F 800 R
BIKE_14361,
BIKE_14362,Versys 1000
BIKE_14363,Heritage Softail
BIKE_14364,Road King
BIKE_14365,Ninja 650
BIKE_14366,Xciting 300I
BIKE_14367,Rocket Iii Roadster
BIKE_14368,Aeon Cobra
BIKE_14369,Guzzi
BIKE_14370,Tiger Sport
BIKE_14371,People 125
BIKE_14372,Tracer 900
BIKE_14373,Ninja Zx-6R
BIKE_14374,Fireblade
BIKE_14375,
BIKE_14376,S 1000 R
BIKE_14377,Multistrada 1200
BIKE_14378,Ultra Classic
BIKE_14379,Sportster 1200
BIKE_14380,Z 900
BIKE_14381,Street Glide
BIKE_14382,
BIKE_14383,Cbr 1000
BIKE_14384,V-Rod
BIKE_14385,R 1250 Rt
BIKE_14386,Buggy 1100
BIKE_14387,Buggy 1100
BIKE_14388,Buggy 1100
BIKE_14389,S 1000 R
BIKE_14390,Fiddle 125
BIKE_14391,899 Panigale
BIKE_14392,899 Panigale
BIKE_14393,899 Panigale
BIKE_14394,Zero Sr
BIKE_14395,790 Adventure
BIKE_14396,Multistrada 950
BIKE_14397,Multistrada 950
BIKE_14398,Multistrada 950
BIKE_14399,Tiger 800
BIKE_14400,Versys 1000
BIKE_14401,K 1600 Gt
BIKE_14402,R 1250 Gs Adventure
BIKE_14403,Guzzi California 1100
BIKE_14404,R 1200 Gs
BIKE_14405,Tmax 530
BIKE_14406,R 1200 Gs
BIKE_14407,Ybr 250
BIKE_14408,R 1200 Rt
BIKE_14409,X-Adv
BIKE_14410,Cbf 1000
BIKE_14411,750
BIKE_14412,750
BIKE_14413,750
BIKE_14414,Z 750
BIKE_14415,Niken
BIKE_14416,
BIKE_14417,R Ninet
BIKE_14418,X-Max 250
BIKE_14419,V-Strom 650
BIKE_14420,Versys 1000
BIKE_14421,R 1250 Gs Adventure
BIKE_14422,R 1200 Gs
BIKE_14423,Versys 650
BIKE_14424,Downtown 300I
BIKE_14425,Heritage Springer
BIKE_14426,125 Duke
BIKE_14427,R 1200 R
BIKE_14428,Vulcan S
BIKE_14429,1098
BIKE_14430,1098
BIKE_14431,1098
BIKE_14432,450 Exc
BIKE_14433,Trek 1130
BIKE_14434,Beverly 300
BIKE_14435,990 Supermoto
BIKE_14436,Ape
BIKE_14437,1290 Super Duke Gt
BIKE_14438,
BIKE_14439,
BIKE_14440,Agusta
BIKE_14441,Moto Tw 125
BIKE_14442,Fat Boy
BIKE_14443,Cruisym 300
BIKE_14444,Xr 1200
BIKE_14445,Gsx-S 1000
BIKE_14446,
BIKE_14447,Mt-09
BIKE_14448,Heritage Softail
BIKE_14449,Gsx-S 1000
BIKE_14450,Fat Bob
BIKE_14451,
BIKE_14452,Pcx 125
BIKE_14453,Daytona 675
BIKE_14454,Motors City Star
BIKE_14455,
BIKE_14456,1290 Super Duke R
BIKE_14457,Yzf-R1
BIKE_14458,R 1200 Gs
BIKE_14459,Triketec
BIKE_14460,Versys 1000
BIKE_14461,Softail
BIKE_14462,Dyna Super Glide
BIKE_14463,50
BIKE_14464,450 Exc
BIKE_14465,Xenter 150
BIKE_14466,Xenter 150
BIKE_14467,Xenter 150
BIKE_14468,R 1150 Gs Adventure
BIKE_14469,Nc 750
BIKE_14470,Mt-07
BIKE_14471,Tracer 900
BIKE_14472,Vfr 800
BIKE_14473,Tiger 800
BIKE_14474,R 1200 Gs Adventure
BIKE_14475,S 1000 Xr
BIKE_14476,Spidermax 500
BIKE_14477,Cb 1000
BIKE_14478,Xb 9
BIKE_14479,Softail
BIKE_14480,X-Max 300
BIKE_14481,Vfr 1200
BIKE_14482,R 1200 Gs
BIKE_14483,R 1250 R
BIKE_14484,Tmax 530
BIKE_14485,899 Panigale
BIKE_14486,899 Panigale
BIKE_14487,899 Panigale
BIKE_14488,Vision 110
BIKE_14489,Xsr 900
BIKE_14490,Crf 1100
BIKE_14491,390 Duke
BIKE_14492,Rf1
BIKE_14493,K 1600 Gtl Exclusive
BIKE_14494,K 1600 Gtl Exclusive
BIKE_14495,K 1600 Gtl Exclusive
BIKE_14496,R 1200 Gs
BIKE_14497,Vulcan 1700
BIKE_14498,Magnum
BIKE_14499,Moto Grs 125
BIKE_14500,
BIKE_14501,Sportster 1200
BIKE_14502,F 900 R
BIKE_14503,C 50
BIKE_14504,
BIKE_14505,Nmax
BIKE_14506,Guzzi V 7
BIKE_14507,Vfr 1200
BIKE_14508,C Evolution
BIKE_14509,Am Outlander
BIKE_14510,S 1000 Xr
BIKE_14511,F 800 Gs
BIKE_14512,R 1200 Gs Lc
BIKE_14513,Sportster Forty Eight
BIKE_14514,Yzf-R1
BIKE_14515,
BIKE_14516,R Ninet
BIKE_14517,Rd 500
BIKE_14518,Rd 500
BIKE_14519,Rd 500
BIKE_14520,Sento 50
BIKE_14521,
BIKE_14522,
BIKE_14523,R 1200 Gs
BIKE_14524,
BIKE_14525,C 400 Gt
BIKE_14526,K 1600 Gt
BIKE_14527,F 700 Gs
BIKE_14528,F 800 Gs
BIKE_14529,R 1200 Rt
BIKE_14530,Sportster 883
BIKE_14531,S 1000 R
BIKE_14532,
BIKE_14533,
BIKE_14534,
BIKE_14535,1199 Panigale
BIKE_14536,Crf 1100
BIKE_14537,Tiger 1200
BIKE_14538,R 1200 Gs
BIKE_14539,Dyna Fat Bob
BIKE_14540,Nc 750
BIKE_14541,Softail Slim
BIKE_14542,Crf 1000
BIKE_14543,Diavel
BIKE_14544,R 1250 Gs
BIKE_14545,R 1200 Rt
BIKE_14546,Thruxton
BIKE_14547,
BIKE_14548,R 1200 R
BIKE_14549,Multistrada 1200
BIKE_14550,Cbr 1000
BIKE_14551,Orbit Iii
BIKE_14552,Orbit Iii
BIKE_14553,Orbit Iii
BIKE_14554,Sh 150
BIKE_14555,Monster 1100
BIKE_14556,Hp 2 Megamoto
BIKE_14557,Fz-09
BIKE_14558,Multistrada 1200
BIKE_14559,R 1250 Rt
BIKE_14560,Street Glide
BIKE_14561,Fz 8
BIKE_14562,Cbr 600
BIKE_14563,Gold Wing
BIKE_14564,Neos 50
BIKE_14565,Scrambler
BIKE_14566,Address
BIKE_14567,S 1000 Xr
BIKE_14568,V-Strom 1000
BIKE_14569,Primavera 50
BIKE_14570,R 1200 Rs
BIKE_14571,1290 Super Duke Gt
BIKE_14572,50
BIKE_14573,R 1250 Gs
BIKE_14574,1290 Super Adventure
BIKE_14575,S 1000 Xr
BIKE_14576,K 1600 Gt
BIKE_14577,
BIKE_14578,Florett 50
BIKE_14579,
BIKE_14580,R 1200 Gs
BIKE_14581,Pcx 125
BIKE_14582,Symphony 50
BIKE_14583,Symphony 50
BIKE_14584,Symphony 50
BIKE_14585,Tmax 530
BIKE_14586,Vegas
BIKE_14587,Vegas
BIKE_14588,Vegas
BIKE_14589,Tracer 700
BIKE_14590,Versys 1000
BIKE_14591,Gts 250
BIKE_14592,
BIKE_14593,1000 Sport
BIKE_14594,R 1100 Rs
BIKE_14595,Nc 750
BIKE_14596,690 Smc
BIKE_14597,690 Smc
BIKE_14598,690 Smc
BIKE_14599,1050 Adventure
BIKE_14600,Bws
BIKE_14601,Gl 1800
BIKE_14602,Dyna Wide Glide
BIKE_14603,K 1300
BIKE_14604,Niken
BIKE_14605,K 1600 Gt
BIKE_14606,Cb 125
BIKE_14607,Rsv4
BIKE_14608,Scrambler
BIKE_14609,1290 Super Duke R
BIKE_14610,R 1250 Gs
BIKE_14611,People S 125
BIKE_14612,Sportsman 570
BIKE_14613,Thruxton
BIKE_14614,Primavera
BIKE_14615,Am Spyder Rs
BIKE_14616,Cbf 125
BIKE_14617,Diavel
BIKE_14618,Sh 125
BIKE_14619,Tricity
BIKE_14620,Ninja H2
BIKE_14621,V-Rod
BIKE_14622,Hypermotard 939
BIKE_14623,S 1000 Rr
BIKE_14624,R 1200 Gs Adventure
BIKE_14625,Gsx-S 1000
BIKE_14626,Leonardo 125
BIKE_14627,S 1000 R
BIKE_14628,Vl 800
BIKE_14629,
BIKE_14630,F 6 C
BIKE_14631,
BIKE_14632,1198
BIKE_14633,
BIKE_14634,1190 Adventure
BIKE_14635,Yzf-R1
BIKE_14636,
BIKE_14637,Bonneville T120
BIKE_14638,50 Sky Dx
BIKE_14639,Tmax 500
BIKE_14640,Sportster
BIKE_14641,
BIKE_14642,R Ninet
BIKE_14643,
BIKE_14644,R 1200 R
BIKE_14645,R 60
BIKE_14646,R 60
BIKE_14647,R 60
BIKE_14648,
BIKE_14649,Iron 883
BIKE_14650,
BIKE_14651,Street Triple 765
BIKE_14652,Regina
BIKE_14653,Regina
BIKE_14654,Regina
BIKE_14655,Softail
BIKE_14656,1199 Panigale
BIKE_14657,996
BIKE_14658,R Ninet
BIKE_14659,Scr 950
BIKE_14660,Agility 200
BIKE_14661,Roadwin
BIKE_14662,Dyna Street Bob
BIKE_14663,Gsx 1100
BIKE_14664,Gsx 1100
BIKE_14665,Gsx 1100
BIKE_14666,Cbr 1000
BIKE_14667,V-Strom 1050
BIKE_14668,Sportster
BIKE_14669,Ninja Zx-10R
BIKE_14670,Heritage Softail
BIKE_14671,
BIKE_14672,Scrambler
BIKE_14673,Burgman 200
BIKE_14674,Monster 821
BIKE_14675,Superior Ss 100
BIKE_14676,Cb 500
BIKE_14677,690 Duke
BIKE_14678,Sv 650
BIKE_14679,Nc 750
BIKE_14680,Trike Low Rider
BIKE_14681,Trike Low Rider
BIKE_14682,Trike Low Rider
BIKE_14683,Diavel
BIKE_14684,
BIKE_14685,R 1200 Gs
BIKE_14686,Gsx 1250
BIKE_14687,Symply 50
BIKE_14688,Symply 50
BIKE_14689,Symply 50
BIKE_14690,Monster 1100
BIKE_14691,Liberty 150
BIKE_14692,C 400 Gt
BIKE_14693,690 Smc
BIKE_14694,690 Smc
BIKE_14695,690 Smc
BIKE_14696,Hypermotard 796
BIKE_14697,Hypermotard 796
BIKE_14698,Hypermotard 796
BIKE_14699,Crf 1000
BIKE_14700,Senda
BIKE_14701,
BIKE_14702,Cvo Breakout
BIKE_14703,Am Renegade
BIKE_14704,Am Renegade
BIKE_14705,Am Renegade
BIKE_14706,Vfr 800
BIKE_14707,Softail
BIKE_14708,R 1200 Gs Lc
BIKE_14709,Ninja Zx-10R
BIKE_14710,Cbr 600
BIKE_14711,Cb 125
BIKE_14712,St 1300
BIKE_14713,Z 900
BIKE_14714,R 80
BIKE_14715,K 1300 S
BIKE_14716,Tiger 800
BIKE_14717,Electra Glide
BIKE_14718,1299 Panigale
BIKE_14719,Tiger Explorer
BIKE_14720,Agusta
BIKE_14721,Scrambler
BIKE_14722,K 1300
BIKE_14723,Road King
BIKE_14724,R 1200 Gs
BIKE_14725,F 650 Gs
BIKE_14726,R 1250 Gs
BIKE_14727,1290 Super Duke R
BIKE_14728,R 1250 Rt
BIKE_14729,R 1250 R
BIKE_14730,Cbr 250
BIKE_14731,Cbr 250
BIKE_14732,Cbr 250
BIKE_14733,Vulcan S
BIKE_14734,Z 900
BIKE_14735,Xdiavel
BIKE_14736,350S
BIKE_14737,350S
BIKE_14738,350S
BIKE_14739,Ry6
BIKE_14740,1299 Panigale
BIKE_14741,Tmax 530
BIKE_14742,Vfr 800
BIKE_14743,Mt-10
BIKE_14744,Gunner
BIKE_14745,Gunner
BIKE_14746,Gunner
BIKE_14747,Yfm 700
BIKE_14748,F 800 R
BIKE_14749,Rd 500
BIKE_14750,Rd 500
BIKE_14751,Rd 500
BIKE_14752,Vitality
BIKE_14753,Vitality
BIKE_14754,Vitality
BIKE_14755,Gsx 1300
BIKE_14756,Bonneville T100
BIKE_14757,Guzzi Le Mans
BIKE_14758,Guzzi Le Mans
BIKE_14759,Guzzi Le Mans
BIKE_14760,Seventy 125
BIKE_14761,Z 900
BIKE_14762,Sportster 1200
BIKE_14763,
BIKE_14764,Dyna Switchback
BIKE_14765,Dyna Switchback
BIKE_14766,Dyna Switchback
BIKE_14767,R 1200 Rt
BIKE_14768,R Ninet
BIKE_14769,Dyna Street Bob
BIKE_14770,Mt-09
BIKE_14771,
BIKE_14772,F 800
BIKE_14773,1199 Panigale
BIKE_14774,Hypermotard 1100
BIKE_14775,Agility 50
BIKE_14776,R Ninet
BIKE_14777,S 1000 Xr
BIKE_14778,Vn 900
BIKE_14779,Cityblade
BIKE_14780,Cityblade
BIKE_14781,Cityblade
BIKE_14782,Softail
BIKE_14783,Monster 796
BIKE_14784,Monster 796
BIKE_14785,Monster 796
BIKE_14786,Ftr 1200
BIKE_14787,Slingshot
BIKE_14788,Trike
BIKE_14789,People 125
BIKE_14790,Dyna Wide Glide
BIKE_14791,R 1200 Gs Adventure
BIKE_14792,Mt-09
BIKE_14793,F 900 Xr
BIKE_14794,Cbf 125
BIKE_14795,K 1300 S
BIKE_14796,Cb 1000
BIKE_14797,R 1200 Gs
BIKE_14798,Mt-07
BIKE_14799,R 1200 R
BIKE_14800,790 Duke
BIKE_14801,Multistrada 1200
BIKE_14802,R 1200 Cl
BIKE_14803,R 1200 Cl
BIKE_14804,R 1200 Cl
BIKE_14805,R 1200 Rs
BIKE_14806,Grizzly 660
BIKE_14807,Hp2
BIKE_14808,Rsv4
BIKE_14809,Forza 250
BIKE_14810,Xtz 1200
BIKE_14811,1199 Panigale
BIKE_14812,Agusta F4 1000
BIKE_14813,Sportster 1200
BIKE_14814,Gsx-R 750
BIKE_14815,Z 900
BIKE_14816,F 850 Gs
BIKE_14817,
BIKE_14818,K 1600 Gtl
BIKE_14819,Wolf Sb 125 Ni
BIKE_14820,Wolf Sb 125 Ni
BIKE_14821,Wolf Sb 125 Ni
BIKE_14822,Super Cub
BIKE_14823,V-Strom 650
BIKE_14824,Tracer 900
BIKE_14825,Hurricane 450
BIKE_14826,Dyna Street Bob
BIKE_14827,Zing 125
BIKE_14828,Mp3 300
BIKE_14829,Guzzi Falcone
BIKE_14830,X-City 250
BIKE_14831,V-Strom 1000
BIKE_14832,
BIKE_14833,K 75
BIKE_14834,Rocker C
BIKE_14835,Li
BIKE_14836,Li
BIKE_14837,Li
BIKE_14838,Hyperstrada
BIKE_14839,Multistrada 1200
BIKE_14840,
BIKE_14841,Crf 1000
BIKE_14842,Versys 650
BIKE_14843,Road King
BIKE_14844,Joyride 200
BIKE_14845,Joyride 200
BIKE_14846,Joyride 200
BIKE_14847,Cbr 1000
BIKE_14848,Gtr 1400
BIKE_14849,Cb 650
BIKE_14850,Gsx-S 1000
BIKE_14851,Moto Tr 125
BIKE_14852,Vn 900
BIKE_14853,Ninja 650
BIKE_14854,Nmax
BIKE_14855,Nc 750
BIKE_14856,R 1200 R
BIKE_14857,Mt-10
BIKE_14858,Vn 1700
BIKE_14859,Gsx-S 1000
BIKE_14860,J300
BIKE_14861,R 1200 Gs
BIKE_14862,R Ninet
BIKE_14863,Hayabusa
BIKE_14864,Gts 125
BIKE_14865,S 1000 R
BIKE_14866,Ninja Zx-6R
BIKE_14867,Sportster Xr 1200
BIKE_14868,Centro
BIKE_14869,R 1200 Rt
BIKE_14870,Soco Tsx
BIKE_14871,
BIKE_14872,690 Smc
BIKE_14873,690 Smc
BIKE_14874,690 Smc
BIKE_14875,Gsx-S 1000
BIKE_14876,S 1000 Xr
BIKE_14877,R 1200 Gs
BIKE_14878,Cmx 500
BIKE_14879,S 1000 R
BIKE_14880,Symphony 125
BIKE_14881,250 Sx
BIKE_14882,Moto 650 Mt
BIKE_14883,F 12
BIKE_14884,Xv 1600
BIKE_14885,
BIKE_14886,Sv 650
BIKE_14887,C 650
BIKE_14888,Agusta Brutale 990
BIKE_14889,Agusta Brutale 990
BIKE_14890,Agusta Brutale 990
BIKE_14891,Low Rider
BIKE_14892,R 90
BIKE_14893,848
BIKE_14894,848
BIKE_14895,848
BIKE_14896,
BIKE_14897,S 1000 Rr
BIKE_14898,C Evolution
BIKE_14899,Vfr 1200
BIKE_14900,R 1200 C Independent
BIKE_14901,Z 1000
BIKE_14902,X-Max 400
BIKE_14903,916
BIKE_14904,C1 125 Executive
BIKE_14905,S 1000 R
BIKE_14906,Street Glide
BIKE_14907,F 750 Gs
BIKE_14908,Moto
BIKE_14909,R 1200 Gs
BIKE_14910,Jazz 250
BIKE_14911,Sh 125
BIKE_14912,899 Panigale
BIKE_14913,899 Panigale
BIKE_14914,899 Panigale
BIKE_14915,Crf 1000
BIKE_14916,K 1600 Gt
BIKE_14917,Tracer 900
BIKE_14918,R 1200 Gs
BIKE_14919,Yfm 700
BIKE_14920,R 1200 Rt
BIKE_14921,Bullet 50
BIKE_14922,F 800 R
BIKE_14923,R 1250 Gs
BIKE_14924,1190 Adventure
BIKE_14925,Ninja 1000Sx
BIKE_14926,R 1250 Gs
BIKE_14927,Tiger 800
BIKE_14928,
BIKE_14929,Speed Triple 1050
BIKE_14930,
BIKE_14931,Cb 125
BIKE_14932,Fat Boy
BIKE_14933,Softail
BIKE_14934,1290 Super Duke R
BIKE_14935,Sportster Forty Eight
BIKE_14936,
BIKE_14937,X1
BIKE_14938,Mt-09
BIKE_14939,Aeon Cobra
BIKE_14940,Thunderbird Storm
BIKE_14941,Thunderbird Storm
BIKE_14942,Thunderbird Storm
BIKE_14943,Burgman 400
BIKE_14944,F 700 Gs
BIKE_14945,Tmax 530
BIKE_14946,Yzf-R1
BIKE_14947,Tt 600
BIKE_14948,Scrambler
BIKE_14949,Atlantic 125
BIKE_14950,Cbr 1000
BIKE_14951,K 1600 Gtl
BIKE_14952,R 1200 Rt
BIKE_14953,
BIKE_14954,
BIKE_14955,Niken
BIKE_14956,Crf 1100
BIKE_14957,350 Exc
BIKE_14958,Road Glide
BIKE_14959,F 800 R
BIKE_14960,F 800 Gs
BIKE_14961,Star 151
BIKE_14962,Scrambler
BIKE_14963,Fe 350
BIKE_14964,
BIKE_14965,Trike
BIKE_14966,Chief
BIKE_14967,R 1200 Gs
BIKE_14968,50 N
BIKE_14969,50 N
BIKE_14970,50 N
BIKE_14971,R 1200 Rs
BIKE_14972,K 1600 Gt
BIKE_14973,Mp3 500
BIKE_14974,Guzzi V 7
BIKE_14975,Z 1000
BIKE_14976,Hayabusa
BIKE_14977,R 1200 Rt
BIKE_14978,Crf 1000
BIKE_14979,Tiger 800
BIKE_14980,Cbr 500 R
BIKE_14981,People Gt300I
BIKE_14982,X-Max 250
BIKE_14983,R 80
BIKE_14984,Zv 50
BIKE_14985,S 1000 R
BIKE_14986,Versys 1000
BIKE_14987,Road King
BIKE_14988,Cbf 1000
BIKE_14989,Mt-07
BIKE_14990,Am Maverick
BIKE_14991,Dyna Low Rider
BIKE_14992,Guzzi
BIKE_14993,Scrambler
BIKE_14994,Multistrada 950
BIKE_14995,Multistrada 950
BIKE_14996,Multistrada 950
BIKE_14997,R 1200 Gs
BIKE_14998,Ftr 1200
BIKE_14999,
BIKE_15000,
BIKE_15001,Guzzi Daytona Rs
BIKE_15002,Sportster 883
BIKE_15003,Cb 500
BIKE_15004,Yzf-R1
BIKE_15005,Mrt 50
BIKE_15006,Vzr 1800
BIKE_15007,R 1200 Gs
BIKE_15008,
BIKE_15009,Niken
BIKE_15010,S 1000 Rr
BIKE_15011,R 1200 Gs Adventure
BIKE_15012,390 Duke
BIKE_15013,Rr 350
BIKE_15014,Cbr 1000
BIKE_15015,Ftr 1200
BIKE_15016,Pcx 125
BIKE_15017,R 1200 C Independent
BIKE_15018,Jet - Set 125
BIKE_15019,R Ninet
BIKE_15020,F 900 R
BIKE_15021,750 Sfc
BIKE_15022,Agusta
BIKE_15023,Agusta Brutale 675
BIKE_15024,Xsr 700
BIKE_15025,Monster 1200
BIKE_15026,Cbr 600
BIKE_15027,Mt-09
BIKE_15028,Yzf-R6
BIKE_15029,Sportster Forty Eight
BIKE_15030,Monster 821
BIKE_15031,Softail
BIKE_15032,748
BIKE_15033,748
BIKE_15034,748
BIKE_15035,Agusta Brutale 1090
BIKE_15036,701 Supermoto
BIKE_15037,Guzzi Astore
BIKE_15038,
BIKE_15039,Sportster 1200
BIKE_15040,Diavel
BIKE_15041,Fjr 1300
BIKE_15042,F 900 Xr
BIKE_15043,Low Rider
BIKE_15044,
BIKE_15045,
BIKE_15046,Tracer 900
BIKE_15047,
BIKE_15048,Xvs 950
BIKE_15049,Diavel
BIKE_15050,Tmax 560
BIKE_15051,Niken
BIKE_15052,Electra Glide
BIKE_15053,Nc 750
BIKE_15054,R 1200 R
BIKE_15055,Tiger Explorer
BIKE_15056,Z 650
BIKE_15057,Cb 1000
BIKE_15058,Aerox
BIKE_15059,K 1600 Gt
BIKE_15060,Sportster
BIKE_15061,
BIKE_15062,S 1000 Xr
BIKE_15063,
BIKE_15064,Tph 50
BIKE_15065,R 1250 Rt
BIKE_15066,1290 Super Duke R
BIKE_15067,Yzf-R6
BIKE_15068,R Ninet
BIKE_15069,Monster 1100
BIKE_15070,F-Act
BIKE_15071,R 1200 Gs
BIKE_15072,Cbr 1000
BIKE_15073,1290 Super Duke R
BIKE_15074,Panigale V4
BIKE_15075,R 1200 Gs
BIKE_15076,Raptor 700
BIKE_15077,Streetfighter
BIKE_15078,Z 750
BIKE_15079,Sh 150
BIKE_15080,X-Max 250
BIKE_15081,Mxu 700
BIKE_15082,Vlr 1800
BIKE_15083,Sh 300
BIKE_15084,Beverly 350
BIKE_15085,Yxz 1000
BIKE_15086,R 1250 Rt
BIKE_15087,Monster 1200
BIKE_15088,Vtx 1800
BIKE_15089,Softail Slim
BIKE_15090,F 900 Xr
BIKE_15091,Electra Glide
BIKE_15092,R 1200 Gs
BIKE_15093,K 1300
BIKE_15094,Fat Boy
BIKE_15095,F 800 Gs
BIKE_15096,R 1200 Gs
BIKE_15097,Cb 1000
BIKE_15098,Sportster 1200
BIKE_15099,R 1200 Gs Adventure
BIKE_15100,F 850 Gs
BIKE_15101,R 1250 R
BIKE_15102,R 65
BIKE_15103,R 1200 Gs
BIKE_15104,Monster 821
BIKE_15105,R 1
BIKE_15106,R 1200 Gs
BIKE_15107,R 1250 Gs
BIKE_15108,R 1200 Gs Lc
BIKE_15109,
BIKE_15110,Mxu 700
BIKE_15111,Chieftain
BIKE_15112,R 1200 Gs
BIKE_15113,Electra Glide
BIKE_15114,V-Strom 650
BIKE_15115,701 Enduro
BIKE_15116,Hyperstrada
BIKE_15117,C 400 Gt
BIKE_15118,Tmax 530
BIKE_15119,Guzzi V 85
BIKE_15120,
BIKE_15121,1290 Super Duke Gt
BIKE_15122,Cb 500
BIKE_15123,- Jiang
BIKE_15124,R 100 Gs
BIKE_15125,Dyna Street Bob
BIKE_15126,
BIKE_15127,Low Rider
BIKE_15128,Muvi
BIKE_15129,Cb 1000
BIKE_15130,Xjr 1300
BIKE_15131,Ultra Limited
BIKE_15132,Qooder
BIKE_15133,Gl 1500
BIKE_15134,Tiger 800
BIKE_15135,Cb 1000
BIKE_15136,Multistrada 1200
BIKE_15137,K 1300 S
BIKE_15138,Z 900
BIKE_15139,Sh 300
BIKE_15140,
BIKE_15141,Supersport
BIKE_15142,F 800 Gs
BIKE_15143,Cb 650
BIKE_15144,Z 650
BIKE_15145,Am Traxter
BIKE_15146,Versys 650
BIKE_15147,Crf 1000
BIKE_15148,Nmax
BIKE_15149,R 1200 R
BIKE_15150,Z 750
BIKE_15151,Address
BIKE_15152,
BIKE_15153,Gsr 750
BIKE_15154,Softail
BIKE_15155,C 650
BIKE_15156,C 400 X
BIKE_15157,Yzf 1000
BIKE_15158,Raptor 700
BIKE_15159,Nc 750
BIKE_15160,Gsr 750
BIKE_15161,Versys 1000
BIKE_15162,Electra Glide
BIKE_15163,Crf 1000
BIKE_15164,Panigale V4
BIKE_15165,Rocket Iii Roadster
BIKE_15166,Cbr 650
BIKE_15167,R 80
BIKE_15168,916
BIKE_15169,Tuono
BIKE_15170,F 900 Xr
BIKE_15171,Supersport
BIKE_15172,F 700 Gs
BIKE_15173,V-Strom 1000
BIKE_15174,Citycom 125
BIKE_15175,Rsv4
BIKE_15176,Tuono
BIKE_15177,Gsx-S 1000
BIKE_15178,Magnet
BIKE_15179,Magnet
BIKE_15180,Magnet
BIKE_15181,
BIKE_15182,Ninja Zx-10R
BIKE_15183,Iron 883
BIKE_15184,F 900 Xr
BIKE_15185,Gsx-S 1000
BIKE_15186,Vt 1100
BIKE_15187,R 1200 R
BIKE_15188,X-Max 250
BIKE_15189,Pcx 125
BIKE_15190,
BIKE_15191,R 1200 C
BIKE_15192,Guzzi V 7
BIKE_15193,R 1200 Gs
BIKE_15194,Tiger 1200
BIKE_15195,Bonneville Bobber
BIKE_15196,Monster 797
BIKE_15197,Monster 797
BIKE_15198,Monster 797
BIKE_15199,Mt-07
BIKE_15200,C 650
BIKE_15201,Fat Boy
BIKE_15202,Yfm 700
BIKE_15203,Agusta Brutale 675
BIKE_15204,Ténéré 700
BIKE_15205,Dyna Street Bob
BIKE_15206,Z 900
BIKE_15207,Z1000 Sx
BIKE_15208,Crf 250
BIKE_15209,Dog K-9
BIKE_15210,Crf 1000
BIKE_15211,Ténéré 700
BIKE_15212,Thruxton
BIKE_15213,Softail
BIKE_15214,Scrambler
BIKE_15215,
BIKE_15216,R 1200 Gs
BIKE_15217,Hypermotard 939
BIKE_15218,Hypermotard 939
BIKE_15219,Guzzi V 9
BIKE_15220,R 1200 Rs
BIKE_15221,R 1200 Gs
BIKE_15222,1190 Adventure
BIKE_15223,Guzzi Stelvio 1200
BIKE_15224,Multistrada 1200
BIKE_15225,C 650 Gt
BIKE_15226,
BIKE_15227,Dyna Super Glide
BIKE_15228,R 1200 Rs
BIKE_15229,R 1250 Gs
BIKE_15230,Fz 8
BIKE_15231,1290 Super Duke Gt
BIKE_15232,R Ninet
BIKE_15233,Cb 650
BIKE_15234,F 750 Gs
BIKE_15235,
BIKE_15236,R 1200 R
BIKE_15237,Ak 550
BIKE_15238,Softail
BIKE_15239,R 1200 Gs
BIKE_15240,Hypermotard 939
BIKE_15241,Guzzi V 7
BIKE_15242,Multistrada 1260
BIKE_15243,Rally 50
BIKE_15244,Liberty 150
BIKE_15245,
BIKE_15246,R Ninet
BIKE_15247,Yzf-R6
BIKE_15248,Vision 50
BIKE_15249,
BIKE_15250,Road King
BIKE_15251,Bonneville T100
BIKE_15252,X-City 250
BIKE_15253,R 1200 Gs
BIKE_15254,R 1200 Gs
BIKE_15255,1090 Adventure
BIKE_15256,1090 Adventure
BIKE_15257,1090 Adventure
BIKE_15258,X-Max 125
BIKE_15259,Tiger Sport
BIKE_15260,Cb 1000
BIKE_15261,
BIKE_15262,F 800 Gt
BIKE_15263,Road King
BIKE_15264,Crf 1100
BIKE_15265,K 75
BIKE_15266,C 650 Gt
BIKE_15267,
BIKE_15268,Gsx-R 750
BIKE_15269,Gtr 1400
BIKE_15270,Versys 650
BIKE_15271,Shadow 90
BIKE_15272,R 1200 Rs
BIKE_15273,Sportster Xl 883
BIKE_15274,Phantom
BIKE_15275,Phantom
BIKE_15276,Phantom
BIKE_15277,Ninja 650
BIKE_15278,K-Xct 300I
BIKE_15279,R 1200 Gs
BIKE_15280,R 1200 Gs Adventure
BIKE_15281,Road King
BIKE_15282,Primavera
BIKE_15283,Electra Glide
BIKE_15284,Agusta
BIKE_15285,Monster 1100
BIKE_15286,Xl 1200
BIKE_15287,R 1200 Gs
BIKE_15288,Daystar F.I.
BIKE_15289,Carnaby 300
BIKE_15290,Allo
BIKE_15291,Allo
BIKE_15292,Allo
BIKE_15293,
BIKE_15294,K 1600 B
BIKE_15295,K 1600 B
BIKE_15296,K 1600 B
BIKE_15297,Moto Code 125
BIKE_15298,Dyna Fat Bob
BIKE_15299,
BIKE_15300,Guzzi California 1400
BIKE_15301,Sportster Xr 1200
BIKE_15302,R 1250 Gs
BIKE_15303,Tiger 800
BIKE_15304,R Ninet
BIKE_15305,Panigale V4
BIKE_15306,Monster 821
BIKE_15307,R 1200 Gs
BIKE_15308,Wolf Sb 250 Ni
BIKE_15309,Wolf Sb 250 Ni
BIKE_15310,Wolf Sb 250 Ni
BIKE_15311,Vfr 800
BIKE_15312,Multistrada 950
BIKE_15313,Multistrada 950
BIKE_15314,Multistrada 950
BIKE_15315,S 1000 Xr
BIKE_15316,Yzf-R1
BIKE_15317,F 850 Gs
BIKE_15318,Mt-10
BIKE_15319,Dog Pitbull
BIKE_15320,Dog Pitbull
BIKE_15321,Dog Pitbull
BIKE_15322,Cvo Breakout
BIKE_15323,Gsx 1300
BIKE_15324,W 800
BIKE_15325,Gts 300
BIKE_15326,Gts 300
BIKE_15327,Gts 300
BIKE_15328,Tiger 800
BIKE_15329,X-Max 250
BIKE_15330,Rocker C
BIKE_15331,Nc 750
BIKE_15332,Panigale V4
BIKE_15333,Multistrada 950
BIKE_15334,Multistrada 950
BIKE_15335,Multistrada 950
BIKE_15336,Multistrada 1100
BIKE_15337,Speed Triple R
BIKE_15338,
BIKE_15339,Multistrada 1200
BIKE_15340,Sh 150
BIKE_15341,Judge
BIKE_15342,R 1200 R
BIKE_15343,Gts 300
BIKE_15344,Downtown 300I
BIKE_15345,People 125
BIKE_15346,Street Rod
BIKE_15347,Street Rod
BIKE_15348,Street Rod
BIKE_15349,1190 Adventure
BIKE_15350,Monster 1200
BIKE_15351,Mt-09
BIKE_15352,Maxsym Tl
BIKE_15353,Multistrada 1200
BIKE_15354,Softail Slim
BIKE_15355,Gl 1200
BIKE_15356,Supersport
BIKE_15357,Agusta Brutale
BIKE_15358,Xevo 250
BIKE_15359,Rs 50
BIKE_15360,Rs 50
BIKE_15361,Rs 50
BIKE_15362,Vegas Highball
BIKE_15363,Panigale V4
BIKE_15364,Agusta F3
BIKE_15365,Agility 200
BIKE_15366,R 1250 Gs
BIKE_15367,Mt-09
BIKE_15368,R 1200 Gs Adventure
BIKE_15369,Versys 650
BIKE_15370,Road King
BIKE_15371,Heritage Softail
BIKE_15372,E-Trike
BIKE_15373,R 1200 Gs
BIKE_15374,Integra
BIKE_15375,Diavel
BIKE_15376,S 1000 R
BIKE_15377,Z 800
BIKE_15378,Tmax 560
BIKE_15379,Mt-09
BIKE_15380,R 1200 R
BIKE_15381,Thruxton
BIKE_15382,S 1000 Xr
BIKE_15383,Sportsman 1000
BIKE_15384,Sportsman 1000
BIKE_15385,Sportsman 1000
BIKE_15386,Tiger 800
BIKE_15387,X-Town
BIKE_15388,Scrambler
BIKE_15389,Tiger Explorer
BIKE_15390,Guzzi V 7
BIKE_15391,Tiger 1050
BIKE_15392,R 1200 Gs
BIKE_15393,Gsx-R 1000
BIKE_15394,Mt-07
BIKE_15395,Blade 550
BIKE_15396,Night Rod
BIKE_15397,S 1000 R
BIKE_15398,Z 1000
BIKE_15399,Agusta Brutale 990
BIKE_15400,Agusta Brutale 990
BIKE_15401,Agusta Brutale 990
BIKE_15402,R 1200 Rt
BIKE_15403,Agusta F4 1000 R 312
BIKE_15404,Agusta F4 1000 R 312
BIKE_15405,Agusta F4 1000 R 312
BIKE_15406,Rsv4
BIKE_15407,Cbr 650
BIKE_15408,Grizzly 700
BIKE_15409,S 1000 Rr
BIKE_15410,Speed Triple 1050
BIKE_15411,Sportster Xl 883
BIKE_15412,Xenter 150
BIKE_15413,Xenter 150
BIKE_15414,Xenter 150
BIKE_15415,Moto Terralander
BIKE_15416,Moto Terralander
BIKE_15417,Moto Terralander
BIKE_15418,1090 Adventure
BIKE_15419,1090 Adventure
BIKE_15420,1090 Adventure
BIKE_15421,Cobra
BIKE_15422,Softail
BIKE_15423,X-Town
BIKE_15424,R 1200 Gs
BIKE_15425,Niken
BIKE_15426,Crf 1000
BIKE_15427,Cr 500
BIKE_15428,R 1200 Gs Lc
BIKE_15429,
BIKE_15430,Xl 1200
BIKE_15431,C 650 Gt
BIKE_15432,R 1200 Gs
BIKE_15433,Scrambler
BIKE_15434,R 1200 Gs Lc
BIKE_15435,Am Ryker
BIKE_15436,Am Ryker
BIKE_15437,Am Ryker
BIKE_15438,J300
BIKE_15439,Cb 650
BIKE_15440,S 1000 Xr
BIKE_15441,S 1000 R
BIKE_15442,Softail Slim
BIKE_15443,R 80
BIKE_15444,1200 Custom
BIKE_15445,Cb 500
BIKE_15446,F 850 Gs
BIKE_15447,Zing 125
BIKE_15448,F 650
BIKE_15449,F 650
BIKE_15450,F 650
BIKE_15451,Vfr 1200
BIKE_15452,Sportster 1200
BIKE_15453,R 1200 Gs
BIKE_15454,Cbx 500
BIKE_15455,C 400 Gt
BIKE_15456,Multistrada 950
BIKE_15457,Multistrada 950
BIKE_15458,Multistrada 950
BIKE_15459,S 1000 Xr
BIKE_15460,K 1600
BIKE_15461,K 1200 Gt
BIKE_15462,K 1200 Gt
BIKE_15463,K 1200 Gt
BIKE_15464,Yfm 700
BIKE_15465,752 S
BIKE_15466,
BIKE_15467,Guzzi Le Mans
BIKE_15468,Guzzi Le Mans
BIKE_15469,Guzzi Le Mans
BIKE_15470,X-Adv
BIKE_15471,R 1200 Rt
BIKE_15472,
BIKE_15473,
BIKE_15474,Vt 750
BIKE_15475,Thruxton
BIKE_15476,Tuono
BIKE_15477,Regina
BIKE_15478,Regina
BIKE_15479,Regina
BIKE_15480,Fjr 1300
BIKE_15481,1290 Super Duke R
BIKE_15482,
BIKE_15483,Felsberg 125
BIKE_15484,Fat Boy
BIKE_15485,Cre Baja
BIKE_15486,Cre Baja
BIKE_15487,Cre Baja
BIKE_15488,Tracer 700
BIKE_15489,F 800 R
BIKE_15490,Sportster Xl 883
BIKE_15491,Orbit Ii
BIKE_15492,Pan European
BIKE_15493,Mt-10
BIKE_15494,Rs 50
BIKE_15495,Rs 50
BIKE_15496,Rs 50
BIKE_15497,Niken
BIKE_15498,X-Max 300
BIKE_15499,R 1200 Gs Adventure
BIKE_15500,Sportster Xl 883
BIKE_15501,Smr 300 2T
BIKE_15502,Agusta F4 750
BIKE_15503,R Ninet
BIKE_15504,Xv 950
BIKE_15505,Chief
BIKE_15506,
BIKE_15507,Tmax Dx
BIKE_15508,X-Adv
BIKE_15509,Cmx 500
BIKE_15510,Z 900
BIKE_15511,
BIKE_15512,Tracer 900
BIKE_15513,R 1250 Gs
BIKE_15514,848
BIKE_15515,848
BIKE_15516,848
BIKE_15517,Xt 1200
BIKE_15518,Fat Boy
BIKE_15519,R Ninet
BIKE_15520,748
BIKE_15521,748
BIKE_15522,748
BIKE_15523,Zzr 1400
BIKE_15524,Scrambler
BIKE_15525,
BIKE_15526,Xv 1900
BIKE_15527,1190 Adventure
BIKE_15528,R 1200 Gs
BIKE_15529,690 Enduro
BIKE_15530,690 Enduro
BIKE_15531,690 Enduro
BIKE_15532,R 1200 Gs
BIKE_15533,1200 Custom
BIKE_15534,Cb 1000
BIKE_15535,Street Cup
BIKE_15536,Street Cup
BIKE_15537,Street Cup
BIKE_15538,Z 900
BIKE_15539,Moto Cforce 625
BIKE_15540,Tmax 530
BIKE_15541,Agility 50
BIKE_15542,F 800 R
BIKE_15543,
BIKE_15544,Qooder
BIKE_15545,Sportster 1200
BIKE_15546,Street Glide
BIKE_15547,
BIKE_15548,R 1200
BIKE_15549,Dink 200
BIKE_15550,S 1000 Xr
BIKE_15551,Fxdr 114
BIKE_15552,Diavel
BIKE_15553,Rs 250
BIKE_15554,R 1200 Rt
BIKE_15555,X-Adv
BIKE_15556,Mt-09
BIKE_15557,1190 Adventure
BIKE_15558,R 1
BIKE_15559,Fxd
BIKE_15560,Hayabusa
BIKE_15561,Deauville
BIKE_15562,Deauville
BIKE_15563,Deauville
BIKE_15564,R 1200 Gs
BIKE_15565,R 100/7
BIKE_15566,Crf 1100
BIKE_15567,Vmax
BIKE_15568,Tmax Dx
BIKE_15569,Ninja Zx-10R
BIKE_15570,X-Adv
BIKE_15571,Agility 125
BIKE_15572,Agusta Stradale 800
BIKE_15573,F 850 Gs
BIKE_15574,Cbr 125
BIKE_15575,Fat Boy
BIKE_15576,701 Supermoto
BIKE_15577,Cb 650
BIKE_15578,Sportster 1200
BIKE_15579,Dax 50
BIKE_15580,X-Treme
BIKE_15581,Hp2 Enduro
BIKE_15582,Moto Zforce 800
BIKE_15583,Z 900
BIKE_15584,Bonneville Se
BIKE_15585,Monster 821
BIKE_15586,Iron 883
BIKE_15587,Crf 1100
BIKE_15588,85 Sx
BIKE_15589,X-Adv
BIKE_15590,390 Adventure
BIKE_15591,390 Adventure
BIKE_15592,390 Adventure
BIKE_15593,C 650 Gt
BIKE_15594,R 1200 Gs
BIKE_15595,R 1200 R
BIKE_15596,Beverly 400
BIKE_15597,Ninja Zx-10Rr
BIKE_15598,Ninja Zx-10Rr
BIKE_15599,Ninja Zx-10Rr
BIKE_15600,Versys 1000
BIKE_15601,Primavera 50
BIKE_15602,Yz 450
BIKE_15603,S 1000 R
BIKE_15604,R Ninet
BIKE_15605,Dyna Fat Bob
BIKE_15606,
BIKE_15607,R Ninet
BIKE_15608,Fat Bob
BIKE_15609,Speedmaster
BIKE_15610,Tracer 700
BIKE_15611,
BIKE_15612,
BIKE_15613,Majesty 250
BIKE_15614,Majesty 250
BIKE_15615,Majesty 250
BIKE_15616,R 1200 Rs
BIKE_15617,
BIKE_15618,C 400 X
BIKE_15619,790 Duke
BIKE_15620,
BIKE_15621,S 1000 R
BIKE_15622,Daytona 675
BIKE_15623,Vt 750
BIKE_15624,Agusta Dragster
BIKE_15625,Tmax 530
BIKE_15626,Vfr 750
BIKE_15627,Vfr 750
BIKE_15628,Vfr 750
BIKE_15629,Bn 251
BIKE_15630,Bn 251
BIKE_15631,Bn 251
BIKE_15632,Tri Glide
BIKE_15633,Tri Glide
BIKE_15634,Tri Glide
BIKE_15635,749
BIKE_15636,C 400 Gt
BIKE_15637,Tmax 530
BIKE_15638,F 900 R
BIKE_15639,Blade 1000
BIKE_15640,
BIKE_15641,Softail
BIKE_15642,Sh 150
BIKE_15643,Fly 125
BIKE_15644,Fly 125
BIKE_15645,Fly 125
BIKE_15646,
BIKE_15647,Rs 660
BIKE_15648,R 100 S
BIKE_15649,R 100 S
BIKE_15650,R 100 S
BIKE_15651,Gl 1800
BIKE_15652,Spin 50
BIKE_15653,F 750 Gs
BIKE_15654,R Ninet
BIKE_15655,R 100 Gs
BIKE_15656,Fly 125
BIKE_15657,Fly 125
BIKE_15658,Fly 125
BIKE_15659,R 1200 R
BIKE_15660,Crf 1000
BIKE_15661,F 800 Gs
BIKE_15662,R 1200 Gs
BIKE_15663,R18
BIKE_15664,Chieftain
BIKE_15665,S 1000 R
BIKE_15666,R 1250 Gs
BIKE_15667,Monster 821
BIKE_15668,K 1600 Gt
BIKE_15669,701 Supermoto
BIKE_15670,Monster 1100
BIKE_15671,Agility 50
BIKE_15672,
BIKE_15673,X-Max 250
BIKE_15674,Xvz 1300
BIKE_15675,Fat Boy
BIKE_15676,Gsx 1250
BIKE_15677,Liberty 50
BIKE_15678,Ninja Zx-6R
BIKE_15679,Xt 1200
BIKE_15680,Sportster 1200
BIKE_15681,Tuono
BIKE_15682,1200 Custom
BIKE_15683,Guzzi V 7
BIKE_15684,Fe 350
BIKE_15685,Wla
BIKE_15686,Wla
BIKE_15687,Wla
BIKE_15688,Crf 1100
BIKE_15689,R 1200 Rt
BIKE_15690,S 1000 Rr
BIKE_15691,Cb 1000
BIKE_15692,R 1200 Rt
BIKE_15693,Custom Bike
BIKE_15694,Tmax Dx
BIKE_15695,Address
BIKE_15696,R 1200 Gs Adventure
BIKE_15697,Sh 300
BIKE_15698,Monster 1100
BIKE_15699,Sb 200
BIKE_15700,Street Glide
BIKE_15701,Gl 1800
BIKE_15702,Softail
BIKE_15703,Mp3 500
BIKE_15704,Guzzi Falcone
BIKE_15705,R 1200 Gs
BIKE_15706,Multistrada 950
BIKE_15707,Multistrada 950
BIKE_15708,Multistrada 950
BIKE_15709,High-Ball
BIKE_15710,Rx 50
BIKE_15711,Rx 50
BIKE_15712,Rx 50
BIKE_15713,Sixteen 150
BIKE_15714,R 1200 Gs
BIKE_15715,R 1250 Rt
BIKE_15716,
BIKE_15717,
BIKE_15718,Crf 250
BIKE_15719,Crf 1000
BIKE_15720,R 100
BIKE_15721,Liberty 50
BIKE_15722,Nc 750
BIKE_15723,Road King
BIKE_15724,Trident T 150
BIKE_15725,R 75/5
BIKE_15726,Xl 1200
BIKE_15727,Electra Glide
BIKE_15728,Super 8
BIKE_15729,Intruder M
BIKE_15730,Intruder M
BIKE_15731,Intruder M
BIKE_15732,
BIKE_15733,Gsx-R 1000
BIKE_15734,848
BIKE_15735,848
BIKE_15736,848
BIKE_15737,
BIKE_15738,Panigale V4
BIKE_15739,R 1200 C Independent
BIKE_15740,R 1250 Gs
BIKE_15741,X-Adv
BIKE_15742,1125 Cr
BIKE_15743,1125 Cr
BIKE_15744,1125 Cr
BIKE_15745,Crf 1000
BIKE_15746,Aerox
BIKE_15747,Crf 1000
BIKE_15748,Paul Smart 1000
BIKE_15749,Agility 125
BIKE_15750,888
BIKE_15751,Zzr 1400
BIKE_15752,S 1000 Rr
BIKE_15753,F 750 Gs
BIKE_15754,Neos 50
BIKE_15755,Scarabeo
BIKE_15756,
BIKE_15757,Sportster
BIKE_15758,Guzzi 1200 Sport
BIKE_15759,990 Adventure
BIKE_15760,
BIKE_15761,Cbf 125
BIKE_15762,Z 750
BIKE_15763,Gtr 1400
BIKE_15764,Aquila 650
BIKE_15765,Tmax 530
BIKE_15766,R 1200 Rs
BIKE_15767,1299 Panigale
BIKE_15768,Like 50
BIKE_15769,1200 Custom
BIKE_15770,Vrsc V-Rod
BIKE_15771,Crf 1000
BIKE_15772,Lx 125
BIKE_15773,
BIKE_15774,V-Strom 650
BIKE_15775,1290 Super Duke R
BIKE_15776,Spin 50
BIKE_15777,Custom Bike
BIKE_15778,Guzzi
BIKE_15779,Diavel
BIKE_15780,R 1200 Rt
BIKE_15781,R 1200 Gs
BIKE_15782,V-Strom 1050
BIKE_15783,R 1200 Rt
BIKE_15784,
BIKE_15785,
BIKE_15786,Mt-09
BIKE_15787,
BIKE_15788,R 1200 Gs
BIKE_15789,Ry6
BIKE_15790,Mp3 500
BIKE_15791,Sv 650
BIKE_15792,Seventyfive 125
BIKE_15793,Insignio 250
BIKE_15794,Mt-09
BIKE_15795,Guzzi Stelvio 1200
BIKE_15796,S 1000 R
BIKE_15797,
BIKE_15798,
BIKE_15799,
BIKE_15800,Burgman 200
BIKE_15801,K 1600 Gt
BIKE_15802,Svartpilen
BIKE_15803,X-Adv
BIKE_15804,St 4
BIKE_15805,S 1000 R
BIKE_15806,Tiger 1200
BIKE_15807,R 1200 Gs
BIKE_15808,Z 1000
BIKE_15809,
BIKE_15810,Softail
BIKE_15811,Tc 250
BIKE_15812,Sh 150
BIKE_15813,Cbr 650
BIKE_15814,Xvs 650
BIKE_15815,Xvs 650
BIKE_15816,Xvs 650
BIKE_15817,F 800 Gt
BIKE_15818,Thruxton
BIKE_15819,Mt-07
BIKE_15820,Vt 750
BIKE_15821,Cb 1000
BIKE_15822,Sv 650
BIKE_15823,Vfr 1200
BIKE_15824,F 850 Gs
BIKE_15825,R 1200 Gs Adventure
BIKE_15826,R 1200
BIKE_15827,
BIKE_15828,R 1200 R
BIKE_15829,F 800 Gt
BIKE_15830,S 1000 Xr
BIKE_15831,Rg 500
BIKE_15832,Rg 500
BIKE_15833,Rg 500
BIKE_15834,Gsr 750
BIKE_15835,Rc 390
BIKE_15836,690 Smc
BIKE_15837,690 Smc
BIKE_15838,690 Smc
BIKE_15839,R 1200 Gs Lc
BIKE_15840,Heritage Softail
BIKE_15841,
BIKE_15842,752 S
BIKE_15843,F 800 Gs
BIKE_15844,R 1200 Rt
BIKE_15845,Tmax 560
BIKE_15846,R 1200 Rs
BIKE_15847,Z 900
BIKE_15848,Sportster Xr 1200
BIKE_15849,R 1200 Gs
BIKE_15850,R 1200 Gs
BIKE_15851,R18
BIKE_15852,Beverly 300
BIKE_15853,R Ninet
BIKE_15854,Am Maverick
BIKE_15855,790 Adventure
BIKE_15856,Street Glide
BIKE_15857,Tiger 1200
BIKE_15858,Mt-07
BIKE_15859,Cbr 250
BIKE_15860,Cbr 250
BIKE_15861,Cbr 250
BIKE_15862,S 1000 Xr
BIKE_15863,Bonneville T120
BIKE_15864,Multistrada 1200
BIKE_15865,F 800 Gs
BIKE_15866,Sportster 1200
BIKE_15867,Sh 125
BIKE_15868,Sportster Xr 1200
BIKE_15869,Xvs 1300
BIKE_15870,Aquila 125
BIKE_15871,R 1200 Gs
BIKE_15872,Fly 125
BIKE_15873,Fly 125
BIKE_15874,Fly 125
BIKE_15875,Custom Bike
BIKE_15876,
BIKE_15877,Streetfighter
BIKE_15878,Tiger 800
BIKE_15879,Tuono
BIKE_15880,Multistrada 950
BIKE_15881,Multistrada 950
BIKE_15882,Multistrada 950
BIKE_15883,790 Duke
BIKE_15884,Electra Glide
BIKE_15885,Sr 50
BIKE_15886,Vn 900
BIKE_15887,Sportster Xl 883
BIKE_15888,959 Panigale
BIKE_15889,R 1250 R
BIKE_15890,Rs 50
BIKE_15891,Yzf-R1
BIKE_15892,Cb 1000
BIKE_15893,F 800 Gs
BIKE_15894,C 650 Gt
BIKE_15895,Downtown 300I
BIKE_15896,Electra Glide
BIKE_15897,Cb 1000
BIKE_15898,
BIKE_15899,
BIKE_15900,Xjr 1300
BIKE_15901,530 Exc
BIKE_15902,Vn 900
BIKE_15903,Z 900
BIKE_15904,Custom Bike
BIKE_15905,R 1200 Gs
BIKE_15906,Liberty 50
BIKE_15907,R Ninet
BIKE_15908,Kfx 700
BIKE_15909,Kfx 700
BIKE_15910,Kfx 700
BIKE_15911,R 1200 Gs Adventure
BIKE_15912,Mt-09
BIKE_15913,Tmax 530
BIKE_15914,Cbr 900
BIKE_15915,Xvs 950
BIKE_15916,Sh 300
BIKE_15917,Xvs 650
BIKE_15918,Xvs 650
BIKE_15919,Xvs 650
BIKE_15920,
BIKE_15921,F 6 C
BIKE_15922,Blade 600
BIKE_15923,Xevo 125
BIKE_15924,Xevo 125
BIKE_15925,Xevo 125
BIKE_15926,Gl 1800
BIKE_15927,Z 1000
BIKE_15928,Heritage Softail
BIKE_15929,
BIKE_15930,Cbr 1000
BIKE_15931,Crf 450
BIKE_15932,Dyna Fat Bob
BIKE_15933,Multistrada 1200
BIKE_15934,Cb 1000
BIKE_15935,
BIKE_15936,Zip Ii 50
BIKE_15937,959 Panigale
BIKE_15938,Retro-Light
BIKE_15939,
BIKE_15940,Tricity
BIKE_15941,Street Glide
BIKE_15942,Gsx 1100
BIKE_15943,Gsx 1100
BIKE_15944,Gsx 1100
BIKE_15945,Tmax 530
BIKE_15946,R 1200 Gs
BIKE_15947,Cbr 1000
BIKE_15948,R 1200 Rs
BIKE_15949,Niken
BIKE_15950,R 1200 R
BIKE_15951,Cbr 650
BIKE_15952,R 1200 Rs
BIKE_15953,
BIKE_15954,Multistrada 950
BIKE_15955,Multistrada 950
BIKE_15956,Multistrada 950
BIKE_15957,V-Strom 1000
BIKE_15958,Cb 500
BIKE_15959,Street 750
BIKE_15960,Am Outlander
BIKE_15961,K-Xct 125
BIKE_15962,Street Glide
BIKE_15963,Crf 450
BIKE_15964,Speed Triple 1050
BIKE_15965,Cracker
BIKE_15966,X-Max 250
BIKE_15967,S 1000 Rr
BIKE_15968,Db125
BIKE_15969,X-Adv
BIKE_15970,R Ninet
BIKE_15971,Tmax 530
BIKE_15972,Scrambler 1000
BIKE_15973,Rs 660
BIKE_15974,Qooder
BIKE_15975,Fat Bob
BIKE_15976,R 80 Gs
BIKE_15977,F 800 R
BIKE_15978,Mp3 500
BIKE_15979,Vrsc V-Rod
BIKE_15980,Tmax 530
BIKE_15981,Xsr 700
BIKE_15982,R 1200 Gs Adventure
BIKE_15983,Scarabeo
BIKE_15984,Moto Tr 50
BIKE_15985,R Ninet
BIKE_15986,R 1200 Gs
BIKE_15987,Trike Low Rider
BIKE_15988,Trike Low Rider
BIKE_15989,Trike Low Rider
BIKE_15990,R 1200 Gs Adventure
BIKE_15991,Fat Boy
BIKE_15992,Softail
BIKE_15993,690 Duke
BIKE_15994,Versys 1000
BIKE_15995,Road King
BIKE_15996,Fxd
BIKE_15997,R 25
BIKE_15998,Xvs 950
BIKE_15999,Utv
BIKE_16000,Agility 50
BIKE_16001,Tiger 900
BIKE_16002,Yzf-R1
BIKE_16003,Gts 300
BIKE_16004,R 1200 Gs
BIKE_16005,R 1200 Rs
BIKE_16006,Mt-07
BIKE_16007,Like 50
BIKE_16008,F 750 Gs
BIKE_16009,Tuono
BIKE_16010,1290 Super Duke R
BIKE_16011,Gsx-R 600
BIKE_16012,Multistrada 1260
BIKE_16013,R 100
BIKE_16014,Road King
BIKE_16015,Heritage Softail
BIKE_16016,Super Dink 300
BIKE_16017,
BIKE_16018,Road King
BIKE_16019,Supersport
BIKE_16020,G 310 R
BIKE_16021,
BIKE_16022,Tricity
BIKE_16023,R 50
BIKE_16024,Supersport
BIKE_16025,1190 Rc8
BIKE_16026,1190 Rc8
BIKE_16027,1190 Rc8
BIKE_16028,X-Adv
BIKE_16029,Tmax 530
BIKE_16030,K 1600 Gtl
BIKE_16031,1000 Sf
BIKE_16032,Gl 1800
BIKE_16033,Nc 700
BIKE_16034,V-Rod
BIKE_16035,1090 Adventure
BIKE_16036,1090 Adventure
BIKE_16037,1090 Adventure
BIKE_16038,Super Duke
BIKE_16039,Super Duke
BIKE_16040,Super Duke
BIKE_16041,R 1200 Rs
BIKE_16042,250 Exc
BIKE_16043,250 Exc
BIKE_16044,250 Exc
BIKE_16045,Z 900
BIKE_16046,Custom Bike
BIKE_16047,Agusta Brutale 800
BIKE_16048,R 1200 Gs Adventure
BIKE_16049,Yzf-R1
BIKE_16050,Guzzi V 7
BIKE_16051,F 800 Gs
BIKE_16052,K 1600 Gt
BIKE_16053,Fjr 1300
BIKE_16054,Z 900
BIKE_16055,Cat Prowler 700
BIKE_16056,Tiger 1050
BIKE_16057,S 1000 R
BIKE_16058,
BIKE_16059,Fireblade
BIKE_16060,K 100 Rt
BIKE_16061,Yzf 1000
BIKE_16062,Xsr 900
BIKE_16063,S 1000 R
BIKE_16064,Scrambler
BIKE_16065,Multistrada 1200
BIKE_16066,Cb 650
BIKE_16067,Z 650
BIKE_16068,Scout
BIKE_16069,Cbr 1000
BIKE_16070,R 1200 Rt
BIKE_16071,R 1200 Gs Adventure
BIKE_16072,Dyna Glide
BIKE_16073,Dyna Glide
BIKE_16074,Dyna Glide
BIKE_16075,X-Adv
BIKE_16076,Street Glide
BIKE_16077,Custom Bike
BIKE_16078,Fat Bob
BIKE_16079,Cb 1000
BIKE_16080,Ultra Limited
BIKE_16081,Heritage Softail
BIKE_16082,Sh 150
BIKE_16083,Cb 1000
BIKE_16084,Cbf 600
BIKE_16085,Monster 797
BIKE_16086,Monster 797
BIKE_16087,Monster 797
BIKE_16088,V-Strom 650
BIKE_16089,Agility 125
BIKE_16090,
BIKE_16091,Ninja 1000Sx
BIKE_16092,Niken
BIKE_16093,Vn 900
BIKE_16094,1290 Super Adventure
BIKE_16095,Scrambler
BIKE_16096,Dyna Street Bob
BIKE_16097,Xsr 700
BIKE_16098,Guzzi V 9
BIKE_16099,Crf 1100
BIKE_16100,Bonneville T120
BIKE_16101,R 1200 Gs
BIKE_16102,
BIKE_16103,
BIKE_16104,
BIKE_16105,
BIKE_16106,890 Duke
BIKE_16107,890 Duke
BIKE_16108,890 Duke
BIKE_16109,Zzr 1400
BIKE_16110,R 1200 Gs Adventure
BIKE_16111,R 1200 Gs
BIKE_16112,R 1200 Gs
BIKE_16113,X-Adv
BIKE_16114,C 650 Gt
BIKE_16115,R Ninet
BIKE_16116,
BIKE_16117,Forza 300
BIKE_16118,Supersport
BIKE_16119,R 75/5
BIKE_16120,Thunderbird Lt
BIKE_16121,Thunderbird Lt
BIKE_16122,Thunderbird Lt
BIKE_16123,People S 125
BIKE_16124,S 1000 Xr
BIKE_16125,790 Adventure
BIKE_16126,Electra Glide
BIKE_16127,Thunderbird Commander
BIKE_16128,Bandit 650
BIKE_16129,Bandit 650
BIKE_16130,Bandit 650
BIKE_16131,1290 Super Duke R
BIKE_16132,1200 Custom
BIKE_16133,Mt-10
BIKE_16134,300 Exc
BIKE_16135,300 Exc
BIKE_16136,300 Exc
BIKE_16137,F 900 R
BIKE_16138,V-Strom 1050
BIKE_16139,Tiger Sport
BIKE_16140,Z 750
BIKE_16141,Rocker C
BIKE_16142,K 1600
BIKE_16143,Diavel
BIKE_16144,
BIKE_16145,Guzzi Griso 1200
BIKE_16146,Q Scooter
BIKE_16147,
BIKE_16148,Cb 650
BIKE_16149,Xl 1200
BIKE_16150,R 1200 Gs Lc
BIKE_16151,Sportster Forty Eight
BIKE_16152,Haycroft 125
BIKE_16153,Mt-10
BIKE_16154,R 65
BIKE_16155,W 800
BIKE_16156,F 650 Gs
BIKE_16157,R 1200 Rt
BIKE_16158,
BIKE_16159,Guzzi V 85
BIKE_16160,1299 Panigale
BIKE_16161,
BIKE_16162,Dorsoduro
BIKE_16163,R 1200 Gs Lc
BIKE_16164,Cbr 1000
BIKE_16165,Sh 300
BIKE_16166,Dyna Street Bob
BIKE_16167,525 Xc
BIKE_16168,Niken
BIKE_16169,Dyna Street Bob
BIKE_16170,R 1200 R
BIKE_16171,Tracer 900
BIKE_16172,St 1300
BIKE_16173,Vulcan S
BIKE_16174,Nrg Power
BIKE_16175,Nrg Power
BIKE_16176,Nrg Power
BIKE_16177,Liberty 125
BIKE_16178,Dyna Fat Bob
BIKE_16179,Crf 450
BIKE_16180,Rs 660
BIKE_16181,R 1200 Gs Lc
BIKE_16182,Crf 1000
BIKE_16183,Dyna Super Glide
BIKE_16184,Sixteen 150
BIKE_16185,Gl 1800
BIKE_16186,Nmax
BIKE_16187,R 1200 Gs
BIKE_16188,Xvs 1300
BIKE_16189,Ultra Classic
BIKE_16190,Deluxe
BIKE_16191,Z1000 Sx
BIKE_16192,
BIKE_16193,Sportster 883
BIKE_16194,
BIKE_16195,S 1000 Rr
BIKE_16196,Versys 1000
BIKE_16197,Niken
BIKE_16198,
BIKE_16199,R 1200
BIKE_16200,1190 Adventure
BIKE_16201,Xvs 1300
BIKE_16202,Crf 1000
BIKE_16203,Guzzi V 7
BIKE_16204,
BIKE_16205,Guzzi Stelvio 1200
BIKE_16206,Leonardo 250
BIKE_16207,Beverly 300
BIKE_16208,People Gt300I
BIKE_16209,1290 Super Duke R
BIKE_16210,Mp3 300
BIKE_16211,R 1200 Rt
BIKE_16212,Scarabeo
BIKE_16213,Dyna Street Bob
BIKE_16214,C 400 X
BIKE_16215,S 1000 Xr
BIKE_16216,Scarabeo
BIKE_16217,Jog R
BIKE_16218,Speed Triple S
BIKE_16219,Crf 1000
BIKE_16220,Ninja H2
BIKE_16221,Z 800
BIKE_16222,Enfield Interceptor
BIKE_16223,Multistrada 950
BIKE_16224,Multistrada 950
BIKE_16225,Multistrada 950
BIKE_16226,S 1000 Xr
BIKE_16227,
BIKE_16228,Tuono
BIKE_16229,Vn 900
BIKE_16230,R 1200 Gs Lc
BIKE_16231,Monster 1100
BIKE_16232,Ninja Zx-10R
BIKE_16233,Hypermotard 821
BIKE_16234,Hypermotard 821
BIKE_16235,Hypermotard 821
BIKE_16236,Cb 1000
BIKE_16237,Iron 883
BIKE_16238,Fz 1
BIKE_16239,Yzf 1000
BIKE_16240,Xvs 950
BIKE_16241,X-Adv
BIKE_16242,F 800 R
BIKE_16243,990 Supermoto
BIKE_16244,
BIKE_16245,Niken
BIKE_16246,Scrambler
BIKE_16247,
BIKE_16248,
BIKE_16249,Z 800
BIKE_16250,Street Glide
BIKE_16251,Gsx-R 1000
BIKE_16252,790 Adventure
BIKE_16253,
BIKE_16254,Moto Grs 125
BIKE_16255,Lx 50
BIKE_16256,Mt-07
BIKE_16257,F 850 Gs
BIKE_16258,Speedmaster
BIKE_16259,Electra Glide
BIKE_16260,C 650 Gt
BIKE_16261,R 1200 Gs
BIKE_16262,Mp3 500
BIKE_16263,Agusta
BIKE_16264,
BIKE_16265,Tiger Explorer
BIKE_16266,Z 1000
BIKE_16267,R 1200 Gs
BIKE_16268,790 Adventure
BIKE_16269,Guzzi
BIKE_16270,Mt-09
BIKE_16271,Crf 1000
BIKE_16272,Scr 950
BIKE_16273,Sportster
BIKE_16274,K 1600 Gt
BIKE_16275,R 1150 Gs
BIKE_16276,R 1200 Gs Adventure
BIKE_16277,Hp 2 Megamoto
BIKE_16278,Guzzi V 7
BIKE_16279,Fat Boy
BIKE_16280,Sr 50
BIKE_16281,Dyna Super Glide
BIKE_16282,Sportster 1200
BIKE_16283,X-Town
BIKE_16284,Vt 600
BIKE_16285,
BIKE_16286,Rsv4
BIKE_16287,Tiger 800
BIKE_16288,Fat Boy
BIKE_16289,
BIKE_16290,Tuono
BIKE_16291,Hyperstrada
BIKE_16292,R 1200 R
BIKE_16293,Mt-10
BIKE_16294,Cb 1000
BIKE_16295,Warlord
BIKE_16296,Road Glide
BIKE_16297,Diavel
BIKE_16298,Gsx-S 750
BIKE_16299,Aerox
BIKE_16300,Moto Tr 50
BIKE_16301,Dax 50
BIKE_16302,Multistrada 1200
BIKE_16303,R 1200
BIKE_16304,Fly 50
BIKE_16305,Fly 50
BIKE_16306,Fly 50
BIKE_16307,125 Duke
BIKE_16308,Mp3 500
BIKE_16309,X-Max 250
BIKE_16310,R 1200 Rt
BIKE_16311,W 800
BIKE_16312,Mxu 700
BIKE_16313,R 1200 Gs
BIKE_16314,R 1200 Gs
BIKE_16315,R 1250 Gs
BIKE_16316,F 900 R
BIKE_16317,
BIKE_16318,Monster 1100
BIKE_16319,Thruxton
BIKE_16320,Softail
BIKE_16321,Outlander 800
BIKE_16322,Thruxton
BIKE_16323,S 1000 Rr
BIKE_16324,Mt-09
BIKE_16325,Ninja Zx-10R
BIKE_16326,Sr 400
BIKE_16327,Vity
BIKE_16328,Softail
BIKE_16329,Eqv3
BIKE_16330,Dyna Street Bob
BIKE_16331,Tmax 530
BIKE_16332,Mt-07
BIKE_16333,Ninja Zx-6R
BIKE_16334,Sportster Forty Eight
BIKE_16335,Agusta F3
BIKE_16336,Rkv 125
BIKE_16337,Xtz 1200
BIKE_16338,Vision 110
BIKE_16339,C Evolution
BIKE_16340,690 Duke
BIKE_16341,People S 300I
BIKE_16342,People S 300I
BIKE_16343,People S 300I
BIKE_16344,Fx5
BIKE_16345,R 1200 Rt
BIKE_16346,R 100 T
BIKE_16347,Xj 6
BIKE_16348,R Ninet
BIKE_16349,R 100 Rs
BIKE_16350,Guzzi Falcone
BIKE_16351,Road King
BIKE_16352,Mt-07
BIKE_16353,Heritage Springer
BIKE_16354,Sportster 883
BIKE_16355,R 1200 Rt
BIKE_16356,Vfr 1200
BIKE_16357,Dyna Wide Glide
BIKE_16358,Dyna Street Bob
BIKE_16359,1290 Super Duke R
BIKE_16360,Nc 700
BIKE_16361,K 1300 Gt
BIKE_16362,Sportster Forty Eight
BIKE_16363,Yzf-R6
BIKE_16364,Hypermotard 821
BIKE_16365,Hypermotard 821
BIKE_16366,Hypermotard 821
BIKE_16367,Street Scrambler
BIKE_16368,1199 Panigale
BIKE_16369,Road Glide
BIKE_16370,
BIKE_16371,Cb 1100
BIKE_16372,1299 Panigale
BIKE_16373,Sh 150
BIKE_16374,
BIKE_16375,S 1000 Xr
BIKE_16376,Qooder
BIKE_16377,Multistrada 1260
BIKE_16378,R 100 Rt
BIKE_16379,R 100 Rt
BIKE_16380,R 100 Rt
BIKE_16381,Dyna Street Bob
BIKE_16382,C Evolution
BIKE_16383,Qv3
BIKE_16384,Te 250
BIKE_16385,W 800
BIKE_16386,Cb 650
BIKE_16387,Ninja 1000Sx
BIKE_16388,W 800
BIKE_16389,Cb 1000
BIKE_16390,
BIKE_16391,
BIKE_16392,R 1200
BIKE_16393,Chieftain
BIKE_16394,Z 900
BIKE_16395,R 1200 Gs
BIKE_16396,Sx 125
BIKE_16397,Sx 125
BIKE_16398,Sx 125
BIKE_16399,
BIKE_16400,
BIKE_16401,690 Duke
BIKE_16402,F 800
BIKE_16403,General
BIKE_16404,S 1000 Rr
BIKE_16405,
BIKE_16406,Cb 650
BIKE_16407,Moto Tr 125
BIKE_16408,Smr 125 2T
BIKE_16409,
BIKE_16410,Xsr 900
BIKE_16411,Fc 450
BIKE_16412,
BIKE_16413,R 1200 Gs
BIKE_16414,
BIKE_16415,Scrambler
BIKE_16416,Roadmaster
BIKE_16417,Sv 650
BIKE_16418,Am Outlander
BIKE_16419,
BIKE_16420,Street Triple 675
BIKE_16421,Xvs 950
BIKE_16422,Monster 1200
BIKE_16423,Mt-09
BIKE_16424,Vzr 1800
BIKE_16425,Agility 125
BIKE_16426,Monster 821
BIKE_16427,
BIKE_16428,Elefant 900
BIKE_16429,Sprint 50
BIKE_16430,Custom Bike
BIKE_16431,
BIKE_16432,Ultra Limited
BIKE_16433,Hm 50
BIKE_16434,Rs4 125
BIKE_16435,Shadow 600
BIKE_16436,Shadow 600
BIKE_16437,Shadow 600
BIKE_16438,F 850 Gs
BIKE_16439,Zzr 1100
BIKE_16440,Zzr 1100
BIKE_16441,Zzr 1100
BIKE_16442,Vn 900
BIKE_16443,1190 Adventure
BIKE_16444,Ninja 650
BIKE_16445,Multistrada 1200
BIKE_16446,Forza 300
BIKE_16447,Mt-03
BIKE_16448,Mt-03
BIKE_16449,Mt-03
BIKE_16450,Heritage Softail
BIKE_16451,Fx6
BIKE_16452,F 900 R
BIKE_16453,R 1250 Gs Adventure
BIKE_16454,Moto Cforce 450
BIKE_16455,
BIKE_16456,Guzzi California 1400
BIKE_16457,Gsx 250
BIKE_16458,Agility 50
BIKE_16459,Crf 1000
BIKE_16460,
BIKE_16461,Cb 500
BIKE_16462,1050 Adventure
BIKE_16463,R 1200 Gs
BIKE_16464,S 1000 Rr
BIKE_16465,Tmax 530
BIKE_16466,Street Glide
BIKE_16467,Lxv 125 Ie Vie Della Moda
BIKE_16468,
BIKE_16469,Mt-10
BIKE_16470,Like 125
BIKE_16471,Vn 900
BIKE_16472,Yzf-R6
BIKE_16473,Gold Wing
BIKE_16474,Mt-125
BIKE_16475,R 1200 Rs
BIKE_16476,
BIKE_16477,750 Gt
BIKE_16478,Mt-125
BIKE_16479,Fiddle 125
BIKE_16480,
BIKE_16481,Agusta Brutale 1090
BIKE_16482,1199 Panigale
BIKE_16483,R 1250 Gs Adventure
BIKE_16484,R Ninet
BIKE_16485,Sw-T 400
BIKE_16486,Multistrada 1200
BIKE_16487,Multistrada 1200
BIKE_16488,Crossrunner
BIKE_16489,Uc 125
BIKE_16490,F 800 Gs Adventure
BIKE_16491,
BIKE_16492,F 900 R
BIKE_16493,R 1200 Gs
BIKE_16494,Crf 1000
BIKE_16495,Beverly 125
BIKE_16496,F 800 Gt
BIKE_16497,Agility 50
BIKE_16498,Dyna Fat Bob
BIKE_16499,Agusta F3
BIKE_16500,Crf 1000
BIKE_16501,R Ninet
BIKE_16502,Gsx-S 750
BIKE_16503,Z 900
BIKE_16504,Tmax 530
BIKE_16505,Super Dink 125
BIKE_16506,790 Duke
BIKE_16507,R 1200 Rs
BIKE_16508,Low Rider
BIKE_16509,Runner 50
BIKE_16510,
BIKE_16511,Multistrada 1260
BIKE_16512,Fat Boy
BIKE_16513,R 1200 Gs Lc
BIKE_16514,Cb 500
BIKE_16515,K 1300 S
BIKE_16516,Scrambler
BIKE_16517,Intruder C
BIKE_16518,Trike
BIKE_16519,
BIKE_16520,Monster 796
BIKE_16521,Monster 796
BIKE_16522,Monster 796
BIKE_16523,
BIKE_16524,Fjr 1300
BIKE_16525,Softail
BIKE_16526,K 1600 Gt
BIKE_16527,F 900 R
BIKE_16528,Guzzi California 1400
BIKE_16529,C 400 X
BIKE_16530,Gsx-S 1000
BIKE_16531,People One
BIKE_16532,Fat Boy
BIKE_16533,Scrambler
BIKE_16534,
BIKE_16535,Thruxton
BIKE_16536,Nmax
BIKE_16537,Multistrada 950
BIKE_16538,Multistrada 950
BIKE_16539,Multistrada 950
BIKE_16540,Fiddle 50
BIKE_16541,G 310 R
BIKE_16542,Madison 250
BIKE_16543,Rr 50
BIKE_16544,Mt-09
BIKE_16545,Liberty 125
BIKE_16546,Blog 160
BIKE_16547,F 900 R
BIKE_16548,1090 Adventure
BIKE_16549,1090 Adventure
BIKE_16550,1090 Adventure
BIKE_16551,S 1000 Xr
BIKE_16552,Vfr 1200
BIKE_16553,S 1000 R
BIKE_16554,Gtr 1400
BIKE_16555,959 Panigale
BIKE_16556,Pcx 125
BIKE_16557,R 1200 Rt
BIKE_16558,Versys 1000
BIKE_16559,Xt 1200
BIKE_16560,S 1000 Xr
BIKE_16561,
BIKE_16562,Super 8
BIKE_16563,Xv 950
BIKE_16564,Sportster Xl 883
BIKE_16565,Dyna Street Bob
BIKE_16566,Sportster Xl 883
BIKE_16567,X-Adv
BIKE_16568,1190 Adventure
BIKE_16569,
BIKE_16570,
BIKE_16571,K 1600 Gtl
BIKE_16572,W 800
BIKE_16573,S 1000 Xr
BIKE_16574,Bandit 650
BIKE_16575,Bandit 650
BIKE_16576,Bandit 650
BIKE_16577,Ranger
BIKE_16578,Sportster Forty Eight
BIKE_16579,R 1200 Gs
BIKE_16580,500 Exc
BIKE_16581,500 Exc
BIKE_16582,500 Exc
BIKE_16583,M 1800 R
BIKE_16584,M 1800 R
BIKE_16585,M 1800 R
BIKE_16586,Chief
BIKE_16587,Am Maverick
BIKE_16588,Guzzi California 1400
BIKE_16589,
BIKE_16590,R 1200 Gs Adventure
BIKE_16591,R 1200 Gs
BIKE_16592,
BIKE_16593,Guzzi V 7
BIKE_16594,R 1200 Gs
BIKE_16595,Softail
BIKE_16596,Scrambler
BIKE_16597,Primavera 125
BIKE_16598,Lx 50
BIKE_16599,Low Rider
BIKE_16600,Vulcan S
BIKE_16601,Crf 1000
BIKE_16602,Scrambler
BIKE_16603,R 1200 Rs
BIKE_16604,Cb 550
BIKE_16605,Fe 250
BIKE_16606,R Ninet
BIKE_16607,Tmax 560
BIKE_16608,Scarabeo 50
BIKE_16609,Scarabeo 50
BIKE_16610,Scarabeo 50
BIKE_16611,F 900 R
BIKE_16612,Sh 125
BIKE_16613,Fx6
BIKE_16614,Ninja 650
BIKE_16615,S 1000 R
BIKE_16616,Dyna Street Bob
BIKE_16617,F 800 Gs
BIKE_16618,Fat Bob
BIKE_16619,Z 1000
BIKE_16620,Street Glide
BIKE_16621,C 600 Sport
BIKE_16622,V-Strom 650
BIKE_16623,F 750 Gs
BIKE_16624,Trike Highway
BIKE_16625,Z 1000
BIKE_16626,Dyna Street Bob
BIKE_16627,
BIKE_16628,Z 900
BIKE_16629,R 1200 Gs Adventure
BIKE_16630,Burgman 400
BIKE_16631,1290 Super Duke R
BIKE_16632,Rsv4
BIKE_16633,Xv 950
BIKE_16634,150
BIKE_16635,R 1200 Gs
BIKE_16636,Electra Glide
BIKE_16637,Sixteen 150
BIKE_16638,
BIKE_16639,Shiver 900
BIKE_16640,Morini Corsaro 125
BIKE_16641,R 1200 Gs
BIKE_16642,Heritage
BIKE_16643,
BIKE_16644,
BIKE_16645,
BIKE_16646,Tmax 530
BIKE_16647,Diavel
BIKE_16648,Tuono
BIKE_16649,1090 Adventure
BIKE_16650,1090 Adventure
BIKE_16651,1090 Adventure
BIKE_16652,959 Panigale
BIKE_16653,1290 Super Duke R
BIKE_16654,Guzzi V 7
BIKE_16655,Café Racer
BIKE_16656,Café Racer
BIKE_16657,Café Racer
BIKE_16658,S 1000 R
BIKE_16659,R Ninet
BIKE_16660,Tiger 1200
BIKE_16661,V-Strom 650
BIKE_16662,Ys 125
BIKE_16663,Ys 125
BIKE_16664,Ys 125
BIKE_16665,Bonneville T120
BIKE_16666,R 1200 Gs
BIKE_16667,Rd 500
BIKE_16668,Rd 500
BIKE_16669,Rd 500
BIKE_16670,R 1200 Gs Adventure
BIKE_16671,Xjr 1300
BIKE_16672,Sportster 1200
BIKE_16673,R 1250 Gs
BIKE_16674,Forza 250
BIKE_16675,R 1200 Gs
BIKE_16676,
BIKE_16677,Gold Wing
BIKE_16678,1290 Super Duke R
BIKE_16679,
BIKE_16680,Dyna Street Bob
BIKE_16681,S 1000 Rr
BIKE_16682,F 900 Xr
BIKE_16683,R 1200 Gs
BIKE_16684,Softail
BIKE_16685,Multistrada 1200
BIKE_16686,
BIKE_16687,Guzzi
BIKE_16688,Z 650
BIKE_16689,Bonneville T100
BIKE_16690,Am Spyder Rt
BIKE_16691,
BIKE_16692,K 1300
BIKE_16693,Fz 8
BIKE_16694,Sportster Xr 1200
BIKE_16695,Forza 300
BIKE_16696,W 800
BIKE_16697,
BIKE_16698,Mt-09
BIKE_16699,R 100 Gs
BIKE_16700,W 800
BIKE_16701,V-Strom 650
BIKE_16702,390 Duke
BIKE_16703,Multistrada 1200
BIKE_16704,Night Rod
BIKE_16705,R18 Classic
BIKE_16706,Guzzi
BIKE_16707,Yxz 1000
BIKE_16708,Z 900
BIKE_16709,Diavel
BIKE_16710,Tiger 800
BIKE_16711,Vn 1500
BIKE_16712,Vn 1500
BIKE_16713,Vn 1500
BIKE_16714,W 800
BIKE_16715,Gl 1800
BIKE_16716,R 1200 Gs
BIKE_16717,
BIKE_16718,Multistrada 950
BIKE_16719,Multistrada 950
BIKE_16720,Multistrada 950
BIKE_16721,Ultra Limited
BIKE_16722,
BIKE_16723,
BIKE_16724,Dorsoduro
BIKE_16725,Cbf 125
BIKE_16726,Vfr 1200
BIKE_16727,Hypermotard 821
BIKE_16728,Hypermotard 821
BIKE_16729,Hypermotard 821
BIKE_16730,Crf 1100
BIKE_16731,Forza 300
BIKE_16732,Sportcity 50
BIKE_16733,Sportcity 50
BIKE_16734,Sportcity 50
BIKE_16735,Tricity
BIKE_16736,F 750 Gs
BIKE_16737,1290 Super Duke Gt
BIKE_16738,Pcx 125
BIKE_16739,Xt 1200
BIKE_16740,Speedmaster
BIKE_16741,Guzzi V 11
BIKE_16742,Guzzi V 11
BIKE_16743,Guzzi V 11
BIKE_16744,
BIKE_16745,Rs 660
BIKE_16746,Monster 821
BIKE_16747,Softail
BIKE_16748,Yzf-R1
BIKE_16749,
BIKE_16750,1090 Adventure
BIKE_16751,1090 Adventure
BIKE_16752,1090 Adventure
BIKE_16753,Vn 900
BIKE_16754,Monster 821
BIKE_16755,Bonneville T100
BIKE_16756,Gsx-R 1000
BIKE_16757,Guzzi Griso 1200
BIKE_16758,Tiger 1050
BIKE_16759,R 1200 R
BIKE_16760,Saturno
BIKE_16761,Tmax 530
BIKE_16762,
BIKE_16763,
BIKE_16764,R 1200 Gs
BIKE_16765,Tiger 800
BIKE_16766,Sh 125
BIKE_16767,Tracer 900
BIKE_16768,Multistrada 1200
BIKE_16769,Jiaji / Huatian
BIKE_16770,Zero Fxs
BIKE_16771,Street Glide
BIKE_16772,R 1200 Rt
BIKE_16773,Agility 50
BIKE_16774,Ninja 650
BIKE_16775,Majesty 400
BIKE_16776,Road King
BIKE_16777,Tracer 700
BIKE_16778,Mt-09
BIKE_16779,
BIKE_16780,
BIKE_16781,
BIKE_16782,Sportster
BIKE_16783,Heritage Softail
BIKE_16784,R 1200 Gs
BIKE_16785,S 1000 Xr
BIKE_16786,Guzzi V 85
BIKE_16787,Sportster 1200
BIKE_16788,
BIKE_16789,Sh 150
BIKE_16790,Dorsoduro
BIKE_16791,Panigale V4
BIKE_16792,R 1200 Rt
BIKE_16793,K 1600 Gtl Exclusive
BIKE_16794,K 1600 Gtl Exclusive
BIKE_16795,K 1600 Gtl Exclusive
BIKE_16796,Like 125
BIKE_16797,Sportster Xl 883
BIKE_16798,R 1200 Gs
BIKE_16799,
BIKE_16800,250 Exc
BIKE_16801,250 Exc
BIKE_16802,250 Exc
BIKE_16803,Joyride 200
BIKE_16804,Joyride 200
BIKE_16805,Joyride 200
BIKE_16806,Cb 500
BIKE_16807,
BIKE_16808,Moto 650 Mt
BIKE_16809,Diavel
BIKE_16810,Maxsym Tl
BIKE_16811,Sportster Forty Eight
BIKE_16812,Ninja 1000Sx
BIKE_16813,X-Adv
BIKE_16814,S 1000 Xr
BIKE_16815,R 1200 Rt
BIKE_16816,R 1200 Gs Adventure
BIKE_16817,Pcx 150
BIKE_16818,Pcx 150
BIKE_16819,Pcx 150
BIKE_16820,Xsr 700
BIKE_16821,Ys 125
BIKE_16822,Ys 125
BIKE_16823,Ys 125
BIKE_16824,Xenter 125
BIKE_16825,Smr 300 2T
BIKE_16826,
BIKE_16827,Xdiavel
BIKE_16828,Gl 1800
BIKE_16829,1290 Super Adventure
BIKE_16830,Dyna Street Bob
BIKE_16831,Trike Highway
BIKE_16832,R 100 Gs
BIKE_16833,Sportster Xl 883
BIKE_16834,Xl 1200
BIKE_16835,Tmax 530
BIKE_16836,Rs 660
BIKE_16837,Sportster Forty Eight
BIKE_16838,848
BIKE_16839,848
BIKE_16840,848
BIKE_16841,R 1200 Gs Adventure
BIKE_16842,Street Glide
BIKE_16843,
BIKE_16844,Scrambler
BIKE_16845,Magnet
BIKE_16846,Magnet
BIKE_16847,Magnet
BIKE_16848,R 27
BIKE_16849,F 900 R
BIKE_16850,
BIKE_16851,Ctx 700
BIKE_16852,R Ninet
BIKE_16853,Gsx-S 1000
BIKE_16854,Speed Triple 1050
BIKE_16855,Sportster 883
BIKE_16856,Gsx 1300
BIKE_16857,Agusta F3
BIKE_16858,R 1200 C
BIKE_16859,
BIKE_16860,Vfr 800
BIKE_16861,R 1150 Gs
BIKE_16862,
BIKE_16863,Night Train
BIKE_16864,F 850 Gs
BIKE_16865,Crf 1100
BIKE_16866,V-Strom 650
BIKE_16867,Gl 1800
BIKE_16868,Yfm 350
BIKE_16869,
BIKE_16870,Niken
BIKE_16871,Bad Boy
BIKE_16872,Bad Boy
BIKE_16873,Bad Boy
BIKE_16874,Trophy
BIKE_16875,Cb 1000
BIKE_16876,Katana 1000
BIKE_16877,Katana 1000
BIKE_16878,Katana 1000
BIKE_16879,Ninja 650
BIKE_16880,
BIKE_16881,R 1200 Rt
BIKE_16882,R Ninet
BIKE_16883,Zrx 1100
BIKE_16884,Zrx 1100
BIKE_16885,Zrx 1100
BIKE_16886,Z 900
BIKE_16887,1190 Adventure
BIKE_16888,Ninja 650
BIKE_16889,V-Strom 1000
BIKE_16890,R 1200 Gs Adventure
BIKE_16891,Liberty 125
BIKE_16892,Agility 125
BIKE_16893,Sh 150
BIKE_16894,Sh 150
BIKE_16895,Guzzi Le Mans
BIKE_16896,Guzzi Le Mans
BIKE_16897,Guzzi Le Mans
BIKE_16898,R 1200 Gs
BIKE_16899,Road King
BIKE_16900,Road King
BIKE_16901,Softail
BIKE_16902,Tmax 530
BIKE_16903,Gunner
BIKE_16904,Gunner
BIKE_16905,Gunner
BIKE_16906,Tiger 800
BIKE_16907,R 1200 Gs Adventure
BIKE_16908,R 1200 R
BIKE_16909,G 310 Gs
BIKE_16910,Cb 600
BIKE_16911,Like 125
BIKE_16912,Cbf 125
BIKE_16913,Sportster 1200
BIKE_16914,F 900 Xr
BIKE_16915,Versys 650
BIKE_16916,Cb 1000
BIKE_16917,Monster 1200
BIKE_16918,R 50
BIKE_16919,Mt-09
BIKE_16920,S 1000 Xr
BIKE_16921,1290 Super Adventure
BIKE_16922,S 1000 Rr
BIKE_16923,Yzf-R1
BIKE_16924,Tzr 50
BIKE_16925,Mp3 300
BIKE_16926,X-Town
BIKE_16927,Tph 50
BIKE_16928,
BIKE_16929,Super Glide
BIKE_16930,Thunderbird Commander
BIKE_16931,Gl 1800
BIKE_16932,Tiger 800
BIKE_16933,Z 900
BIKE_16934,Yzf-R1
BIKE_16935,Multistrada 1200
BIKE_16936,S 1000 Xr
BIKE_16937,Xv 1900
BIKE_16938,Softail
BIKE_16939,Guzzi California
BIKE_16940,Guzzi V 7
BIKE_16941,Vtr 1000
BIKE_16942,Vtr 1000
BIKE_16943,Vtr 1000
BIKE_16944,50 N
BIKE_16945,50 N
BIKE_16946,50 N
BIKE_16947,
BIKE_16948,Cb 1000
BIKE_16949,Dyna Fat Bob
BIKE_16950,S 1000 Xr
BIKE_16951,Aerox
BIKE_16952,Nmax
BIKE_16953,K 100 Rs
BIKE_16954,
BIKE_16955,Tiger 1050
BIKE_16956,Versys 1000
BIKE_16957,Multistrada 1200
BIKE_16958,Seventy 125
BIKE_16959,F 900 R
BIKE_16960,Speed Triple 1050
BIKE_16961,S 1000 Rr
BIKE_16962,Katana 1000
BIKE_16963,Katana 1000
BIKE_16964,Katana 1000
BIKE_16965,R 1200 Gs Adventure
BIKE_16966,R Ninet
BIKE_16967,Ybr 125
BIKE_16968,
BIKE_16969,Fjr 1300
BIKE_16970,R 1200
BIKE_16971,R 1200 R
BIKE_16972,X-Max 400
BIKE_16973,R Ninet
BIKE_16974,Low Rider
BIKE_16975,Beverly 300
BIKE_16976,M 2
BIKE_16977,Guzzi V 7
BIKE_16978,
BIKE_16979,
BIKE_16980,Dyna Fat Bob
BIKE_16981,Multistrada 1200
BIKE_16982,R Ninet
BIKE_16983,Cbr 650
BIKE_16984,Cb 1000
BIKE_16985,Mt-09
BIKE_16986,1190 Adventure
BIKE_16987,Nc 750
BIKE_16988,Tmax Sx
BIKE_16989,Zero Fx
BIKE_16990,X-Adv
BIKE_16991,Tiger 800
BIKE_16992,Multistrada 1200
BIKE_16993,Scarabeo
BIKE_16994,450 Exc
BIKE_16995,1190 Adventure
BIKE_16996,790 Adventure
BIKE_16997,Tracer 900
BIKE_16998,Z 900
BIKE_16999,Heritage Springer
BIKE_17000,Msx 125
BIKE_17001,Supersport
BIKE_17002,Nm4 Vultus
BIKE_17003,Z 1000
BIKE_17004,Cbr 650
BIKE_17005,Iron 883
BIKE_17006,Z H2
BIKE_17007,Scout
BIKE_17008,Street Triple 765
BIKE_17009,Tmax Sx
BIKE_17010,Monster 1200
BIKE_17011,S 1000 Rr
BIKE_17012,R Ninet
BIKE_17013,Fz 8
BIKE_17014,Multistrada 950
BIKE_17015,Multistrada 950
BIKE_17016,Multistrada 950
BIKE_17017,V-Strom 1000
BIKE_17018,F 800 Gs
BIKE_17019,790 Adventure
BIKE_17020,R 1200 R
BIKE_17021,
BIKE_17022,Multistrada 950
BIKE_17023,Multistrada 950
BIKE_17024,Multistrada 950
BIKE_17025,Softail
BIKE_17026,Tiger 900
BIKE_17027,Sr 50
BIKE_17028,Electra Glide
BIKE_17029,K 1300 Gt
BIKE_17030,Yzf-R1
BIKE_17031,Guzzi California 1400
BIKE_17032,Heritage Springer
BIKE_17033,R 1200 Rt
BIKE_17034,Rocker C
BIKE_17035,C Evolution
BIKE_17036,R Ninet
BIKE_17037,Integra
BIKE_17038,Dyna Fat Bob
BIKE_17039,R Ninet
BIKE_17040,C 650 Gt
BIKE_17041,1190 Adventure
BIKE_17042,Monster 821
BIKE_17043,Gsx-S 1000
BIKE_17044,Z1000 Sx
BIKE_17045,
BIKE_17046,C 650
BIKE_17047,Agusta Brutale 800
BIKE_17048,X-Adv
BIKE_17049,R 1250 R
BIKE_17050,Sportster 883
BIKE_17051,Grand Dink 125
BIKE_17052,R 100 Rs
BIKE_17053,F 800 Gt
BIKE_17054,Cat 1000
BIKE_17055,Dyna Fat Bob
BIKE_17056,Guzzi V 65
BIKE_17057,Dyna Super Glide
BIKE_17058,Street Glide
BIKE_17059,Monster 796
BIKE_17060,Monster 796
BIKE_17061,Monster 796
BIKE_17062,Tmax 530
BIKE_17063,
BIKE_17064,Diavel
BIKE_17065,790 Duke
BIKE_17066,Mt-07
BIKE_17067,
BIKE_17068,Beverly 300
BIKE_17069,Tracer 900
BIKE_17070,Scrambler
BIKE_17071,Sportster Forty Eight
BIKE_17072,
BIKE_17073,Cb 650
BIKE_17074,C 400 X
BIKE_17075,Agusta Brutale 675
BIKE_17076,Ninja 400
BIKE_17077,Gsx-R 1100
BIKE_17078,Ranger
BIKE_17079,Diavel
BIKE_17080,Tph 50
BIKE_17081,Tiger 1050
BIKE_17082,Mt-10
BIKE_17083,Agusta F4 1078
BIKE_17084,Ks 125 Sport
BIKE_17085,Ks 125 Sport
BIKE_17086,Ks 125 Sport
BIKE_17087,Vn 1700
BIKE_17088,Ak 550
BIKE_17089,Custom Bike
BIKE_17090,Tiger 800
BIKE_17091,Street Rod
BIKE_17092,Street Rod
BIKE_17093,Street Rod
BIKE_17094,Beverly 250
BIKE_17095,R 1250 Rs
BIKE_17096,Primavera 125
BIKE_17097,125 Exc
BIKE_17098,125 Exc
BIKE_17099,125 Exc
BIKE_17100,990 Supermoto
BIKE_17101,R 1200 Gs
BIKE_17102,Dj 50
BIKE_17103,Dj 50
BIKE_17104,Dj 50
BIKE_17105,Niken
BIKE_17106,Cb 1000
BIKE_17107,Versys 650
BIKE_17108,Rsv 1000 R
BIKE_17109,Agusta Turismo Veloce 800
BIKE_17110,Bonneville T100
BIKE_17111,Scrambler
BIKE_17112,Z 1000
BIKE_17113,R 1200 Gs
BIKE_17114,Multistrada 1200
BIKE_17115,Road Glide
BIKE_17116,Z 900
BIKE_17117,R 1250 Gs
BIKE_17118,F 800 Gt
BIKE_17119,Mt-10
BIKE_17120,Scrambler
BIKE_17121,Sportster Forty Eight
BIKE_17122,Ry8
BIKE_17123,Road King
BIKE_17124,F 850 Gs
BIKE_17125,1190 Adventure
BIKE_17126,Fe 250
BIKE_17127,Yzf-R6
BIKE_17128,Hypermotard 950
BIKE_17129,Dyna Street Bob
BIKE_17130,Supersport
BIKE_17131,Tuono
BIKE_17132,Hypermotard 939
BIKE_17133,C 650 Gt
BIKE_17134,Hypermotard 821
BIKE_17135,Hypermotard 821
BIKE_17136,Hypermotard 821
BIKE_17137,Tmax 530
BIKE_17138,Z 1000
BIKE_17139,R 1250 Gs
BIKE_17140,
BIKE_17141,Rsv4
BIKE_17142,Fiddle 50
BIKE_17143,Guzzi V 7
BIKE_17144,F 750 Gs
BIKE_17145,X-Max 250
BIKE_17146,Dyna Street Bob
BIKE_17147,R 1200 Rt
BIKE_17148,
BIKE_17149,Ctx 1300
BIKE_17150,Ctx 1300
BIKE_17151,Ctx 1300
BIKE_17152,Yx9
BIKE_17153,Guzzi Gtv
BIKE_17154,R 1200 Rs
BIKE_17155,
BIKE_17156,Kingpin
BIKE_17157,Z 800
BIKE_17158,Cb 650
BIKE_17159,Guzzi
BIKE_17160,Multistrada 1200
BIKE_17161,Tmax 560
BIKE_17162,Vfr 1200
BIKE_17163,R 1200 Gs
BIKE_17164,
BIKE_17165,Agusta Brutale 675
BIKE_17166,St 1300
BIKE_17167,Zero Sr
BIKE_17168,Scout
BIKE_17169,R 1200 Rt
BIKE_17170,R Ninet
BIKE_17171,R 1200 Gs Adventure
BIKE_17172,
BIKE_17173,Tmax 530
BIKE_17174,
BIKE_17175,X-Max 125
BIKE_17176,690 Duke
BIKE_17177,X-Adv
BIKE_17178,S 1000 Rr
BIKE_17179,
BIKE_17180,Burgman 125
BIKE_17181,R 1200 Gs
BIKE_17182,F 900 R
BIKE_17183,Dax 125
BIKE_17184,Dax 125
BIKE_17185,Dax 125
BIKE_17186,K 1200 Rs
BIKE_17187,X-City 250
BIKE_17188,Gtr 1400
BIKE_17189,S 1000 R
BIKE_17190,Bandit 1250
BIKE_17191,X-Adv
BIKE_17192,X-Adv
BIKE_17193,Softail
BIKE_17194,R Ninet
BIKE_17195,V-Strom 1050
BIKE_17196,1290 Super Duke R
BIKE_17197,Tmax 560
BIKE_17198,Super Glide
BIKE_17199,1290 Super Duke Gt
BIKE_17200,
BIKE_17201,Iron 883
BIKE_17202,Chief
BIKE_17203,Heritage Softail
BIKE_17204,Guzzi Griso 1100
BIKE_17205,Niken
BIKE_17206,Ultra Classic
BIKE_17207,
BIKE_17208,R 75/6
BIKE_17209,Kvf 400
BIKE_17210,F 750 Gs
BIKE_17211,Ybr 125
BIKE_17212,Multistrada 1200
BIKE_17213,Jet 4
BIKE_17214,Jet 4
BIKE_17215,Jet 4
BIKE_17216,R Ninet
BIKE_17217,Z 900
BIKE_17218,Night Train
BIKE_17219,Crosstourer
BIKE_17220,V-Strom 650
BIKE_17221,Street Glide
BIKE_17222,Cb 1000
BIKE_17223,R 1200 Gs
BIKE_17224,790 Duke
BIKE_17225,Te 300
BIKE_17226,
BIKE_17227,Ninja Zx-10R
BIKE_17228,Diavel
BIKE_17229,Grizzly 700
BIKE_17230,Softail
BIKE_17231,R 1200 Gs
BIKE_17232,R Ninet
BIKE_17233,Fat Boy
BIKE_17234,R 1200 Gs Lc
BIKE_17235,Nc 750
BIKE_17236,F 850 Gs
BIKE_17237,Cre Baja
BIKE_17238,Cre Baja
BIKE_17239,Cre Baja
BIKE_17240,R 1200 Gs
BIKE_17241,Cbr 1000
BIKE_17242,Multistrada 950
BIKE_17243,Multistrada 950
BIKE_17244,Multistrada 950
BIKE_17245,Xdiavel
BIKE_17246,Rc 125
BIKE_17247,K 1600 Gt
BIKE_17248,
BIKE_17249,Z 650
BIKE_17250,Gsx-S 1000
BIKE_17251,
BIKE_17252,Multistrada 1260
BIKE_17253,Guzzi Stelvio 1200
BIKE_17254,Chief
BIKE_17255,888
BIKE_17256,R 1200 Gs
BIKE_17257,Etz Gespann
BIKE_17258,Softail
BIKE_17259,350 Mark 3
BIKE_17260,Diavel
BIKE_17261,1098
BIKE_17262,1098
BIKE_17263,1098
BIKE_17264,R 1200 Gs
BIKE_17265,Diavel
BIKE_17266,Xciting 300I
BIKE_17267,Cvo Pro Street
BIKE_17268,Diavel
BIKE_17269,Z 750
BIKE_17270,
BIKE_17271,Sportcity One
BIKE_17272,Sportcity One
BIKE_17273,Sportcity One
BIKE_17274,Am Renegade
BIKE_17275,Am Renegade
BIKE_17276,Am Renegade
BIKE_17277,
BIKE_17278,
BIKE_17279,Elefant 900
BIKE_17280,Tmax Sx
BIKE_17281,Mt-01
BIKE_17282,Hps 125I
BIKE_17283,Road Glide
BIKE_17284,F 800 Gs
BIKE_17285,Hp 2 Megamoto
BIKE_17286,Tmax 530
BIKE_17287,Intruder M
BIKE_17288,Intruder M
BIKE_17289,Intruder M
BIKE_17290,790 Duke
BIKE_17291,250 Se
BIKE_17292,Primavera 50
BIKE_17293,S 1000 Rr
BIKE_17294,790 Adventure
BIKE_17295,Tracer 900
BIKE_17296,R 1200 Rt
BIKE_17297,Mt-07
BIKE_17298,Dyna Super Glide
BIKE_17299,K 1600 Gtl
BIKE_17300,Aerox
BIKE_17301,Guzzi V 9
BIKE_17302,Agusta
BIKE_17303,Scr 950
BIKE_17304,
BIKE_17305,R 1200 Gs Lc
BIKE_17306,Vfr 1200
BIKE_17307,Gsx-R 1000
BIKE_17308,R18 Classic
BIKE_17309,790 Duke
BIKE_17310,Versys 650
BIKE_17311,Wr 125
BIKE_17312,Wr 125
BIKE_17313,Wr 125
BIKE_17314,Sportster 1200
BIKE_17315,Thunderbird Lt
BIKE_17316,Thunderbird Lt
BIKE_17317,Thunderbird Lt
BIKE_17318,Ape
BIKE_17319,Cb 1000
BIKE_17320,Xsr 900
BIKE_17321,848
BIKE_17322,848
BIKE_17323,848
BIKE_17324,Monster 796
BIKE_17325,Monster 796
BIKE_17326,Monster 796
BIKE_17327,Gsx-S 750
BIKE_17328,790 Adventure
BIKE_17329,Am Outlander
BIKE_17330,Am Maverick
BIKE_17331,Crossrunner
BIKE_17332,Rs 660
BIKE_17333,Low Rider
BIKE_17334,R 1250 Gs Adventure
BIKE_17335,Cbr 1000
BIKE_17336,R 1200 Gs
BIKE_17337,Sh 150
BIKE_17338,Xv 950
BIKE_17339,Tiger Sport
BIKE_17340,K 1600 Gtl
BIKE_17341,
BIKE_17342,Slider 50
BIKE_17343,S 1000 R
BIKE_17344,S 1000 Rr
BIKE_17345,C 650 Gt
BIKE_17346,Gpr
BIKE_17347,Gpr
BIKE_17348,Gpr
BIKE_17349,Scrambler
BIKE_17350,Bandit 1250
BIKE_17351,Qooder
BIKE_17352,Speedjet 50
BIKE_17353,Msx 125
BIKE_17354,Dyna Street Bob
BIKE_17355,F 800 Gt
BIKE_17356,Cbf 125
BIKE_17357,Ultra Limited
BIKE_17358,Multistrada 1200
BIKE_17359,Z 1000
BIKE_17360,Torpedo 125
BIKE_17361,Multistrada 1200
BIKE_17362,Z 1000
BIKE_17363,Ks 600
BIKE_17364,Tiger 800
BIKE_17365,Cbr 500 R
BIKE_17366,Tiger 1200
BIKE_17367,Rsv Mille
BIKE_17368,Crf 1100
BIKE_17369,People Gt300I
BIKE_17370,
BIKE_17371,S 1000 R
BIKE_17372,Gl 1800
BIKE_17373,R Ninet
BIKE_17374,Agility 125
BIKE_17375,R 1200 Rs
BIKE_17376,Downtown 300I
BIKE_17377,Freewing 125
BIKE_17378,Softail
BIKE_17379,Mt-01
BIKE_17380,Agusta F3
BIKE_17381,Sportster 883
BIKE_17382,Road King
BIKE_17383,Cbr 1000
BIKE_17384,Xb 12
BIKE_17385,Yzf-R6
BIKE_17386,Burgman 200
BIKE_17387,F 900 R
BIKE_17388,Panigale V4
BIKE_17389,R 69
BIKE_17390,Versys 1000
BIKE_17391,V-Rod
BIKE_17392,Tracer 900
BIKE_17393,Tmax Sx
BIKE_17394,Guzzi 750 S
BIKE_17395,S 1000 Xr
BIKE_17396,Softail
BIKE_17397,Mp3 500
BIKE_17398,Tiger Explorer
BIKE_17399,Trike
BIKE_17400,Sprint 50
BIKE_17401,F 900 R
BIKE_17402,
BIKE_17403,Sportster Forty Eight
BIKE_17404,
BIKE_17405,Zrx 1200
BIKE_17406,Cb 1000
BIKE_17407,
BIKE_17408,R 1250 Rs
BIKE_17409,Yzf-R1
BIKE_17410,R 1200 Gs Adventure
BIKE_17411,S 1000 Xr
BIKE_17412,450 Exc
BIKE_17413,Sh 300
BIKE_17414,1290 Super Adventure
BIKE_17415,Fjr 1300
BIKE_17416,Diavel
BIKE_17417,Xjr 1300
BIKE_17418,Forza 125
BIKE_17419,Cre Baja
BIKE_17420,Cre Baja
BIKE_17421,Cre Baja
BIKE_17422,Xtz 1200
BIKE_17423,R 1200 Gs
BIKE_17424,Senda
BIKE_17425,Diavel
BIKE_17426,R 100
BIKE_17427,Fz 8
BIKE_17428,Quadro4
BIKE_17429,1290 Super Duke Gt
BIKE_17430,Monster 796
BIKE_17431,Monster 796
BIKE_17432,Monster 796
BIKE_17433,
BIKE_17434,Dyna Street Bob
BIKE_17435,Medley 125
BIKE_17436,C 650
BIKE_17437,J300
BIKE_17438,R 1200 Gs Lc
BIKE_17439,Xjr 1300
BIKE_17440,Forza 125
BIKE_17441,
BIKE_17442,S 1000 Rr
BIKE_17443,Z H2
BIKE_17444,Street Glide
BIKE_17445,690 Smc
BIKE_17446,690 Smc
BIKE_17447,690 Smc
BIKE_17448,Xdiavel
BIKE_17449,
BIKE_17450,Moto Cforce 1000
BIKE_17451,Niken
BIKE_17452,Vzr 1800
BIKE_17453,Cbr 650
BIKE_17454,X-Adv
BIKE_17455,R 1200 Rt
BIKE_17456,K 1600 Gtl
BIKE_17457,
BIKE_17458,Sv 650
BIKE_17459,Crf 1000
BIKE_17460,Z 1000
BIKE_17461,R 1200 Gs
BIKE_17462,Cb 125
BIKE_17463,Agusta Turismo Veloce 800
BIKE_17464,F 800 Gt
BIKE_17465,150
BIKE_17466,Jla
BIKE_17467,Jla
BIKE_17468,Jla
BIKE_17469,Primavera
BIKE_17470,Streetfighter
BIKE_17471,Ténéré 700
BIKE_17472,C 650
BIKE_17473,
BIKE_17474,1290 Super Adventure
BIKE_17475,Cbr 500 R
BIKE_17476,Sportsman 1000
BIKE_17477,Sportsman 1000
BIKE_17478,Sportsman 1000
BIKE_17479,Yager 125
BIKE_17480,790 Adventure
BIKE_17481,Crf 1100
BIKE_17482,R 1200 Gs Adventure
BIKE_17483,Vfr 800
BIKE_17484,Hayabusa
BIKE_17485,Gsr 750
BIKE_17486,Z 900
BIKE_17487,Agility 125
BIKE_17488,F 700 Gs
BIKE_17489,Xtz 660
BIKE_17490,
BIKE_17491,Mrt 50
BIKE_17492,Yang
BIKE_17493,Rc 125
BIKE_17494,Beverly 300
BIKE_17495,Guzzi
BIKE_17496,Z 800
BIKE_17497,752 S
BIKE_17498,R 1200 Gs
BIKE_17499,
BIKE_17500,Fjr 1300
BIKE_17501,R Ninet
BIKE_17502,Burgman 200
BIKE_17503,R Ninet
BIKE_17504,S 1000 Rr
BIKE_17505,K 1200 R
BIKE_17506,K 1200 R
BIKE_17507,K 1200 R
BIKE_17508,Mt-01
BIKE_17509,Heritage Softail
BIKE_17510,C 650
BIKE_17511,
BIKE_17512,
BIKE_17513,Fe 350
BIKE_17514,Heritage Softail
BIKE_17515,
BIKE_17516,R 1200 Gs Adventure
BIKE_17517,Canyon 320
BIKE_17518,
BIKE_17519,S 1000 Xr
BIKE_17520,Xt 700
BIKE_17521,Thunderbird Storm
BIKE_17522,Thunderbird Storm
BIKE_17523,Thunderbird Storm
BIKE_17524,Thunderbird Sport
BIKE_17525,Tracer 900
BIKE_17526,R 1200 Gs
BIKE_17527,Terra 125
BIKE_17528,F 750 Gs
BIKE_17529,Dyna Fat Bob
BIKE_17530,Street Glide
BIKE_17531,Supersport
BIKE_17532,Crf 1000
BIKE_17533,R 1200 Gs
BIKE_17534,R 80
BIKE_17535,Xt 1200
BIKE_17536,R 1200 Gs Lc
BIKE_17537,Tiger 800
BIKE_17538,Fiddle 50
BIKE_17539,Burgman 200
BIKE_17540,Versys 650
BIKE_17541,Ybr 125
BIKE_17542,Monster 821
BIKE_17543,Xl 1200
BIKE_17544,Ninja 1000Sx
BIKE_17545,Fat Boy
BIKE_17546,Cb 1100
BIKE_17547,V-Strom 650
BIKE_17548,Tiger 800
BIKE_17549,K 1300 S
BIKE_17550,Hypermotard 950
BIKE_17551,
BIKE_17552,Sportster 1200
BIKE_17553,Zip 50
BIKE_17554,Springfield
BIKE_17555,Blade 1000
BIKE_17556,Night Rod
BIKE_17557,X-City 250
BIKE_17558,Scrambler
BIKE_17559,Cbr 500 R
BIKE_17560,Crf 1000
BIKE_17561,Agusta F3
BIKE_17562,Ak 550
BIKE_17563,1290 Super Adventure
BIKE_17564,Guzzi 850 Le Mans
BIKE_17565,S01
BIKE_17566,K-Pipe 50
BIKE_17567,R 1200 R
BIKE_17568,Trophy
BIKE_17569,790 Adventure
BIKE_17570,Mt-07
BIKE_17571,Zero Ds
BIKE_17572,
BIKE_17573,Integra
BIKE_17574,X-Max 300
BIKE_17575,
BIKE_17576,Gts 125
BIKE_17577,Guzzi V 850
BIKE_17578,
BIKE_17579,C Evolution
BIKE_17580,X-City 250
BIKE_17581,Mt-10
BIKE_17582,Agility 150
BIKE_17583,S 1000 Xr
BIKE_17584,Z 1000
BIKE_17585,Sportster 1200
BIKE_17586,R 26
BIKE_17587,R Ninet
BIKE_17588,Super 8
BIKE_17589,St 1300
BIKE_17590,
BIKE_17591,Versys 650
BIKE_17592,Vulcan 1700
BIKE_17593,1290 Super Duke Gt
BIKE_17594,
BIKE_17595,350 Exc
BIKE_17596,Z 900
BIKE_17597,Z 1
BIKE_17598,1190 Adventure
BIKE_17599,R 1200 R Classic
BIKE_17600,Kx 250
BIKE_17601,Hypermotard 821
BIKE_17602,Hypermotard 821
BIKE_17603,Hypermotard 821
BIKE_17604,C Evolution
BIKE_17605,R 1200 Gs Adventure
BIKE_17606,Mp3 300
BIKE_17607,Speed Triple 1050
BIKE_17608,Vrsc V-Rod
BIKE_17609,Tapo 50
BIKE_17610,750
BIKE_17611,750
BIKE_17612,750
BIKE_17613,R 1200 Rt
BIKE_17614,R 1200 Gs Lc
BIKE_17615,J300
BIKE_17616,Fiddle 125
BIKE_17617,R 1200 Gs
BIKE_17618,Mp3 350
BIKE_17619,Agusta Brutale 800
BIKE_17620,
BIKE_17621,Z 1000
BIKE_17622,Moto Cforce 820
BIKE_17623,Moto Cforce 820
BIKE_17624,Moto Cforce 820
BIKE_17625,Fjr 1300
BIKE_17626,Tuono
BIKE_17627,People 125
BIKE_17628,Z 1000
BIKE_17629,Rs 660
BIKE_17630,Cbf 125
BIKE_17631,Cbf 125
BIKE_17632,Mito Sp 525
BIKE_17633,1290 Super Duke Gt
BIKE_17634,Xvs 1300
BIKE_17635,
BIKE_17636,Nrg Power
BIKE_17637,Nrg Power
BIKE_17638,Nrg Power
BIKE_17639,
BIKE_17640,Z 900
BIKE_17641,Dyna Wide Glide
BIKE_17642,Night Rod
BIKE_17643,
BIKE_17644,Z 800
BIKE_17645,Gold Wing
BIKE_17646,Cat 650
BIKE_17647,
BIKE_17648,Innova 125
BIKE_17649,Burgman 400
BIKE_17650,Tiger Explorer
BIKE_17651,Tracer 900
BIKE_17652,V-Rod
BIKE_17653,S 1000 Xr
BIKE_17654,R 75
BIKE_17655,R 1200 R
BIKE_17656,Yzf-R1
BIKE_17657,Z 900
BIKE_17658,Sixteen 150
BIKE_17659,Mp3 400
BIKE_17660,Mp3 400
BIKE_17661,Mp3 400
BIKE_17662,Hypermotard 939
BIKE_17663,
BIKE_17664,Cb 1300
BIKE_17665,Gsx-S 1000
BIKE_17666,Scarabeo
BIKE_17667,Nc 750
BIKE_17668,Crf 450
BIKE_17669,
BIKE_17670,F 850 Gs
BIKE_17671,
BIKE_17672,Nc 750
BIKE_17673,Agusta Brutale
BIKE_17674,Ultra Classic
BIKE_17675,F 850 Gs
BIKE_17676,Versys 1000
BIKE_17677,V-Rod
BIKE_17678,
BIKE_17679,Burgman 200
BIKE_17680,Sportster Xr 1200
BIKE_17681,Super Dink 125
BIKE_17682,R 1200 Gs Lc
BIKE_17683,R 1200 Gs Adventure
BIKE_17684,Sportster
BIKE_17685,R 1200 Gs
BIKE_17686,R18
BIKE_17687,Xv 250
BIKE_17688,Tuono
BIKE_17689,
BIKE_17690,Multistrada 950
BIKE_17691,Multistrada 950
BIKE_17692,Multistrada 950
BIKE_17693,Vn 2000
BIKE_17694,Vn 2000
BIKE_17695,Vn 2000
BIKE_17696,Heritage Softail
BIKE_17697,Nmax
BIKE_17698,K 100
BIKE_17699,
BIKE_17700,Sportster 1200
BIKE_17701,Electra Glide
BIKE_17702,R 1200 Gs
BIKE_17703,Electra Glide
BIKE_17704,R Ninet
BIKE_17705,Zip Sp
BIKE_17706,1190 Adventure
BIKE_17707,Road King
BIKE_17708,Nc 750
BIKE_17709,Gsx-S 1000
BIKE_17710,1125 R
BIKE_17711,Panigale V4
BIKE_17712,Xtz 1200
BIKE_17713,
BIKE_17714,1190 Adventure
BIKE_17715,Yz 250
BIKE_17716,W 800
BIKE_17717,
BIKE_17718,Yzf-R3
BIKE_17719,
BIKE_17720,Tuono
BIKE_17721,Speed Triple R
BIKE_17722,Streetfighter
BIKE_17723,Speedmaster
BIKE_17724,Cb 500
BIKE_17725,Cbr 1000
BIKE_17726,Cb 500
BIKE_17727,Sportster Xr 1200
BIKE_17728,150 Sx
BIKE_17729,R 1200 Gs
BIKE_17730,K 1600 Gt
BIKE_17731,Ftr 1200
BIKE_17732,R 1250 Gs
BIKE_17733,Z 800
BIKE_17734,Rs 660
BIKE_17735,Bonneville T100
BIKE_17736,F 800 R
BIKE_17737,900 Ss
BIKE_17738,R 1200 C
BIKE_17739,F 850 Gs
BIKE_17740,Night Rod
BIKE_17741,Dyna Super Glide
BIKE_17742,S 1000 R
BIKE_17743,Vrsc Night Rod
BIKE_17744,Monster 821
BIKE_17745,Sh 125
BIKE_17746,Xl 1200
BIKE_17747,R 1250 Rt
BIKE_17748,Crf 1000
BIKE_17749,Trike Mustang Family
BIKE_17750,Xsr 700
BIKE_17751,Sh 150
BIKE_17752,
BIKE_17753,Yzf-R1
BIKE_17754,Multistrada 950
BIKE_17755,Multistrada 950
BIKE_17756,Multistrada 950
BIKE_17757,Downtown 300I
BIKE_17758,V-Strom 1000
BIKE_17759,Z1000 Sx
BIKE_17760,F 800 R
BIKE_17761,Zip Sp
BIKE_17762,Xb 12
BIKE_17763,Vision 110
BIKE_17764,R 1200 Gs
BIKE_17765,Fjr 1300
BIKE_17766,Db 234 Nor. Luxus
BIKE_17767,Streetfighter
BIKE_17768,Nc 750
BIKE_17769,
BIKE_17770,R 1250 R
BIKE_17771,1199 Panigale
BIKE_17772,1290 Super Adventure
BIKE_17773,R 1200 Rt
BIKE_17774,
BIKE_17775,Crf 1100
BIKE_17776,Iron 883
BIKE_17777,R 1250 Gs Adventure
BIKE_17778,Rc 125
BIKE_17779,Fiddle 125
BIKE_17780,Guzzi
BIKE_17781,Agility 125
BIKE_17782,Mt-01
BIKE_17783,Aerox
BIKE_17784,Agility 125
BIKE_17785,Scarabeo
BIKE_17786,Sportster Xl 883
BIKE_17787,V-Strom 1050
BIKE_17788,Sprint
BIKE_17789,R 1200 Gs Lc
BIKE_17790,Primavera
BIKE_17791,Xl 1200
BIKE_17792,Multistrada 1200
BIKE_17793,Panigale V4
BIKE_17794,Crf 1000
BIKE_17795,Z 1000
BIKE_17796,Agusta Brutale 1090
BIKE_17797,F 800 Gs
BIKE_17798,Cb 125
BIKE_17799,
BIKE_17800,Tracer 900
BIKE_17801,Cb 650
BIKE_17802,Z 900
BIKE_17803,R 1200 Gs
BIKE_17804,Sportster Xl 883
BIKE_17805,125
BIKE_17806,Xr 1200
BIKE_17807,Agusta Brutale 800
BIKE_17808,Vision 50
BIKE_17809,Tmax 530
BIKE_17810,Softail
BIKE_17811,Vn 900
BIKE_17812,Street Triple 765
BIKE_17813,Beverly 300
BIKE_17814,Cygnus
BIKE_17815,
BIKE_17816,R 1200
BIKE_17817,Mrt Cross
BIKE_17818,Moto Grs 125
BIKE_17819,1290 Super Duke R
BIKE_17820,Mt-09
BIKE_17821,Dyna Fat Bob
BIKE_17822,V-Rod
BIKE_17823,X-Max 250
BIKE_17824,Hp4
BIKE_17825,Hp4
BIKE_17826,Hp4
BIKE_17827,R Ninet
BIKE_17828,
BIKE_17829,R 1200 Rs
BIKE_17830,S 1000 R
BIKE_17831,690 Duke
BIKE_17832,1190 Adventure
BIKE_17833,Maxsym Tl
BIKE_17834,Monster 1200
BIKE_17835,Agusta Brutale 990
BIKE_17836,Agusta Brutale 990
BIKE_17837,Agusta Brutale 990
BIKE_17838,Cb 650
BIKE_17839,Tmax 530
BIKE_17840,Yzf-R125
BIKE_17841,
BIKE_17842,Road King
BIKE_17843,Ftr 1200
BIKE_17844,Z 1000
BIKE_17845,R Ninet
BIKE_17846,
BIKE_17847,R 51
BIKE_17848,S 1000 R
BIKE_17849,Vfr
BIKE_17850,Vision Tour
BIKE_17851,F 800 Gs
BIKE_17852,Xsr 700
BIKE_17853,V-Strom 1000
BIKE_17854,Gpz 1100
BIKE_17855,Sportster 883
BIKE_17856,Burgman 650
BIKE_17857,Tmax Dx
BIKE_17858,Sportster 883
BIKE_17859,Dyna Super Glide
BIKE_17860,R Ninet
BIKE_17861,F 750 Gs
BIKE_17862,S 1000 R
BIKE_17863,Agusta Rivale 800
BIKE_17864,Liberty 125
BIKE_17865,300 Exc
BIKE_17866,300 Exc
BIKE_17867,300 Exc
BIKE_17868,K 1600 Gtl
BIKE_17869,People 125
BIKE_17870,Ninja Zx-10R
BIKE_17871,Road King
BIKE_17872,
BIKE_17873,Gsx 1300
BIKE_17874,Cbr 1000
BIKE_17875,Rs 660
BIKE_17876,125 G1
BIKE_17877,S 1000 Rr
BIKE_17878,
BIKE_17879,Electra Glide
BIKE_17880,Te 250
BIKE_17881,Espro 45
BIKE_17882,Ultra Limited
BIKE_17883,R 1250 Gs Adventure
BIKE_17884,
BIKE_17885,X-Max 300
BIKE_17886,Road King
BIKE_17887,Tricity
BIKE_17888,
BIKE_17889,Deluxe
BIKE_17890,Tmax Sx
BIKE_17891,Agusta F4 750
BIKE_17892,Downtown 300I
BIKE_17893,1290 Super Duke Gt
BIKE_17894,Cvo Breakout
BIKE_17895,Fjr 1300
BIKE_17896,Agusta Brutale
BIKE_17897,
BIKE_17898,Pcx 125
BIKE_17899,Yzf-R6
BIKE_17900,Cbf 1000
BIKE_17901,S 1000 R
BIKE_17902,
BIKE_17903,Tmax 560
BIKE_17904,Xenter 150
BIKE_17905,Xenter 150
BIKE_17906,Xenter 150
BIKE_17907,Am Outlander
BIKE_17908,Xvs 950
BIKE_17909,Dyna Street Bob
BIKE_17910,
BIKE_17911,Softail Slim
BIKE_17912,690 Enduro
BIKE_17913,690 Enduro
BIKE_17914,690 Enduro
BIKE_17915,S 1000 Xr
BIKE_17916,Nmax
BIKE_17917,Liberty 125
BIKE_17918,Guzzi
BIKE_17919,R 1200 Rs
BIKE_17920,Z 1000
BIKE_17921,Xv 125
BIKE_17922,R 26
BIKE_17923,Crf 1000
BIKE_17924,Katana 1000
BIKE_17925,Katana 1000
BIKE_17926,Katana 1000
BIKE_17927,
BIKE_17928,
BIKE_17929,Xt 1200
BIKE_17930,Cbf 1000
BIKE_17931,R 1250 Gs Adventure
BIKE_17932,C 400 Gt
BIKE_17933,Z 900
BIKE_17934,Electra Glide
BIKE_17935,Road King
BIKE_17936,Xl 883
BIKE_17937,C 400 Gt
BIKE_17938,R 1200 Gs
BIKE_17939,Gsx-R 750
BIKE_17940,Trident 750
BIKE_17941,Trident 750
BIKE_17942,Trident 750
BIKE_17943,Niken
BIKE_17944,690 Smc
BIKE_17945,690 Smc
BIKE_17946,690 Smc
BIKE_17947,
BIKE_17948,S 1000 Xr
BIKE_17949,Streetfighter
BIKE_17950,Tmax 530
BIKE_17951,Z 650
BIKE_17952,Sportster 1200
BIKE_17953,Crf 1000
BIKE_17954,S 1000 Xr
BIKE_17955,Electra Glide
BIKE_17956,
BIKE_17957,Scrambler
BIKE_17958,Beverly 125
BIKE_17959,Multistrada 1260
BIKE_17960,Cmx 500
BIKE_17961,Awo 425
BIKE_17962,Niken
BIKE_17963,Sh 150
BIKE_17964,Cvo Breakout
BIKE_17965,Road King
BIKE_17966,Crf 1000
BIKE_17967,Crossland 600
BIKE_17968,Streetfighter
BIKE_17969,
BIKE_17970,Xb 12
BIKE_17971,
BIKE_17972,Multistrada 1200
BIKE_17973,R Ninet
BIKE_17974,K 1600 Gtl Exclusive
BIKE_17975,K 1600 Gtl Exclusive
BIKE_17976,K 1600 Gtl Exclusive
BIKE_17977,Multistrada 1200
BIKE_17978,
BIKE_17979,R 1200 Rt
BIKE_17980,X-Adv
BIKE_17981,Enfield Interceptor
BIKE_17982,Multistrada 950
BIKE_17983,Multistrada 950
BIKE_17984,Multistrada 950
BIKE_17985,
BIKE_17986,Tmax 530
BIKE_17987,Scrambler
BIKE_17988,
BIKE_17989,Dyna Wide Glide
BIKE_17990,R 1200 R
BIKE_17991,R 1200 Gs
BIKE_17992,Moto Cforce 625
BIKE_17993,Agusta
BIKE_17994,125 Duke
BIKE_17995,R 100
BIKE_17996,Z 900
BIKE_17997,Gsx-R 600
BIKE_17998,Agility 50
BIKE_17999,Daystar F.I.
BIKE_18000,C 400 X
BIKE_18001,Road King
BIKE_18002,Mt-01
BIKE_18003,Pan America
BIKE_18004,X-Town
BIKE_18005,Cb 1000
BIKE_18006,
BIKE_18007,K 1600 Gtl
BIKE_18008,Monster 1100
BIKE_18009,Tricity
BIKE_18010,Primavera 50
BIKE_18011,Fat Boy
BIKE_18012,Rd 500
BIKE_18013,Rd 500
BIKE_18014,Rd 500
BIKE_18015,Gsx-R 1000
BIKE_18016,Scrambler
BIKE_18017,Am Maverick
BIKE_18018,Pcx 125
BIKE_18019,1198
BIKE_18020,R 1200 Rs
BIKE_18021,R 80 Gs
BIKE_18022,Xvs 1300
BIKE_18023,Scrambler
BIKE_18024,W 800
BIKE_18025,Crosstourer
BIKE_18026,Softail
BIKE_18027,Cb 1100
BIKE_18028,1290 Super Duke R
BIKE_18029,Softail
BIKE_18030,Vulcan S
BIKE_18031,990 Supermoto
BIKE_18032,Uc 125
BIKE_18033,Scrambler
BIKE_18034,Maxsym Tl
BIKE_18035,Nc 750
BIKE_18036,125 Duke
BIKE_18037,Elefant 900
BIKE_18038,Niken
BIKE_18039,Tmax 530
BIKE_18040,
BIKE_18041,Scrambler
BIKE_18042,Tracer 900
BIKE_18043,Luna
BIKE_18044,Ape
BIKE_18045,Crossrunner
BIKE_18046,Softail
BIKE_18047,Cbr 1000
BIKE_18048,Tzr 50
BIKE_18049,Bonneville Newchurch
BIKE_18050,S 1000 Rr
BIKE_18051,Street Glide
BIKE_18052,R 1250 Rt
BIKE_18053,Ninja Zx-10R
BIKE_18054,F 900 R
BIKE_18055,F 850 Gs
BIKE_18056,C 400 Gt
BIKE_18057,
BIKE_18058,C 650 Gt
BIKE_18059,1299 Panigale
BIKE_18060,1198
BIKE_18061,Sportster 1200
BIKE_18062,R 80
BIKE_18063,V-Strom 1050
BIKE_18064,Xtz 1200
BIKE_18065,Hayabusa
BIKE_18066,Nc 750
BIKE_18067,R 1100 S
BIKE_18068,Electra Glide
BIKE_18069,Supersport
BIKE_18070,R 1200 Gs
BIKE_18071,R Ninet
BIKE_18072,Street Twin
BIKE_18073,Monster 1200
BIKE_18074,R 1250 Gs Adventure
BIKE_18075,Tmax 530
BIKE_18076,Liberty 150
BIKE_18077,Vrsc V-Rod
BIKE_18078,Medley 150
BIKE_18079,Street Triple 765
BIKE_18080,C 400 X
BIKE_18081,Night Rod
BIKE_18082,851
BIKE_18083,851
BIKE_18084,851
BIKE_18085,Boardwalk
BIKE_18086,
BIKE_18087,V50
BIKE_18088,V50
BIKE_18089,V50
BIKE_18090,Xjr 1300
BIKE_18091,R 1200 Gs Lc
BIKE_18092,V-Strom 1000
BIKE_18093,R 1200 Gs
BIKE_18094,125 Duke
BIKE_18095,Sportster
BIKE_18096,Mt-09
BIKE_18097,
BIKE_18098,Z1000 Sx
BIKE_18099,Multistrada 950
BIKE_18100,Multistrada 950
BIKE_18101,Multistrada 950
BIKE_18102,Crf 1100
BIKE_18103,
BIKE_18104,Cbr 1000
BIKE_18105,R 1200 R
BIKE_18106,S 1000 Rr
BIKE_18107,
BIKE_18108,Gl 1800
BIKE_18109,R 1250 Rt
BIKE_18110,S 1000 Rr
BIKE_18111,Spidermax 500
BIKE_18112,Katana 1000
BIKE_18113,Katana 1000
BIKE_18114,Katana 1000
BIKE_18115,Cbr 125
BIKE_18116,R 1200 Gs
BIKE_18117,890 Duke
BIKE_18118,890 Duke
BIKE_18119,890 Duke
BIKE_18120,S 1000 Xr
BIKE_18121,S 1000 Rr
BIKE_18122,Vmax
BIKE_18123,Monster 821
BIKE_18124,Cvo Breakout
BIKE_18125,F 800 Gs Adventure
BIKE_18126,Tmax 530
BIKE_18127,K 1600 Gt
BIKE_18128,Road King
BIKE_18129,Xt 1200
BIKE_18130,Electra Glide
BIKE_18131,Tiger 1200
BIKE_18132,Vfr 1200
BIKE_18133,Softail
BIKE_18134,690 Enduro
BIKE_18135,690 Enduro
BIKE_18136,690 Enduro
BIKE_18137,Sportster 1200
BIKE_18138,R 1200 Gs Adventure
BIKE_18139,Streetfighter
BIKE_18140,Vmax
BIKE_18141,Nc 750
BIKE_18142,Road King
BIKE_18143,F 900 R
BIKE_18144,390 Duke
BIKE_18145,S 1000 Xr
BIKE_18146,Dyna Super Glide
BIKE_18147,Zip 50
BIKE_18148,Burgman 400
BIKE_18149,Xb 12
BIKE_18150,848
BIKE_18151,848
BIKE_18152,848
BIKE_18153,Tiger 800
BIKE_18154,
BIKE_18155,
BIKE_18156,1290 Super Duke R
BIKE_18157,Xl 1200
BIKE_18158,Road Glide
BIKE_18159,Gsx-S 1000
BIKE_18160,Multistrada 950
BIKE_18161,Multistrada 950
BIKE_18162,Multistrada 950
BIKE_18163,Cosa 200
BIKE_18164,Onyx
BIKE_18165,Mt-09
BIKE_18166,F 650 Gs
BIKE_18167,Cb 1000
BIKE_18168,F 750 Gs
BIKE_18169,Z 650
BIKE_18170,Fat Boy
BIKE_18171,Cre Baja
BIKE_18172,Cre Baja
BIKE_18173,Cre Baja
BIKE_18174,Downtown 300I
BIKE_18175,Forza 350
BIKE_18176,Café Racer
BIKE_18177,Café Racer
BIKE_18178,Café Racer
BIKE_18179,
BIKE_18180,X-Town
BIKE_18181,R Ninet
BIKE_18182,
BIKE_18183,
BIKE_18184,Z 900
BIKE_18185,1290 Super Duke R
BIKE_18186,R 1200 C Montauk
BIKE_18187,R 1200 C Montauk
BIKE_18188,R 1200 C Montauk
BIKE_18189,R 1200 Gs Lc
BIKE_18190,Xtz 1200
BIKE_18191,Sportster Forty Eight
BIKE_18192,Ape
BIKE_18193,Gsx-S 1000
BIKE_18194,Fat Boy
BIKE_18195,Cbr 1000
BIKE_18196,Versys 650
BIKE_18197,F 800 Gs Adventure
BIKE_18198,F 800 R
BIKE_18199,Tmax 530
BIKE_18200,R 1200 Gs
BIKE_18201,1290 Super Duke Gt
BIKE_18202,K 75 S
BIKE_18203,Xr 1200
BIKE_18204,V-Rod
BIKE_18205,Joymax 125I
BIKE_18206,Joymax 125I
BIKE_18207,Joymax 125I
BIKE_18208,R 1200 Gs
BIKE_18209,F 700 Gs
BIKE_18210,F 850 Gs
BIKE_18211,Z 1000
BIKE_18212,Zzr 1400
BIKE_18213,
BIKE_18214,Scrambler
BIKE_18215,Hypermotard 939
BIKE_18216,1098
BIKE_18217,1098
BIKE_18218,1098
BIKE_18219,Rocket Tfc
BIKE_18220,
BIKE_18221,Medley 125
BIKE_18222,Xtz 1200
BIKE_18223,Moto Cforce 520
BIKE_18224,Moto Cforce 520
BIKE_18225,Moto Cforce 520
BIKE_18226,Z 650
BIKE_18227,F 750 Gs
BIKE_18228,Road Glide
BIKE_18229,Blade 1000
BIKE_18230,1290 Super Duke R
BIKE_18231,Agility 50
BIKE_18232,F 650 Gs
BIKE_18233,Ideo 50
BIKE_18234,Xsr 900
BIKE_18235,Softail
BIKE_18236,
BIKE_18237,R 65
BIKE_18238,K 1200 Gt
BIKE_18239,K 1200 Gt
BIKE_18240,K 1200 Gt
BIKE_18241,Softail
BIKE_18242,Gts Super Sport
BIKE_18243,R Ninet
BIKE_18244,Guzzi 1200 Sport
BIKE_18245,Cb 750
BIKE_18246,Tuono
BIKE_18247,Vitpilen
BIKE_18248,Hp4
BIKE_18249,Hp4
BIKE_18250,Hp4
BIKE_18251,Moto Zforce 800
BIKE_18252,R 1200 Gs
BIKE_18253,990 Supermoto
BIKE_18254,F 800 R
BIKE_18255,Guzzi California 1100
BIKE_18256,Gsx-S 1000
BIKE_18257,R 1200 Gs
BIKE_18258,K 1600 Gt
BIKE_18259,Enfield
BIKE_18260,K 1300 S
BIKE_18261,Dyna Street Bob
BIKE_18262,Ninja Zx-10R
BIKE_18263,Cb 1000
BIKE_18264,1198
BIKE_18265,Guzzi V 11
BIKE_18266,Guzzi V 11
BIKE_18267,Guzzi V 11
BIKE_18268,Vzr 1800
BIKE_18269,
BIKE_18270,Nc 750
BIKE_18271,Tiger 800
BIKE_18272,R 1200 Gs Lc
BIKE_18273,Versys 1000
BIKE_18274,R18
BIKE_18275,Ninja Zx-10R
BIKE_18276,Xciting 300I
BIKE_18277,K 1600 Gt
BIKE_18278,Fc 250
BIKE_18279,K 100
BIKE_18280,R Ninet
BIKE_18281,Cmx 500
BIKE_18282,
BIKE_18283,Monster 821
BIKE_18284,
BIKE_18285,750 H2
BIKE_18286,Raptor 700
BIKE_18287,Heritage Springer
BIKE_18288,Xsr 900
BIKE_18289,Thunderbird Nightstorm
BIKE_18290,Seventyfive 125
BIKE_18291,R 1200 R
BIKE_18292,Tmax 560
BIKE_18293,R 1200 R
BIKE_18294,Monster 796
BIKE_18295,Monster 796
BIKE_18296,Monster 796
BIKE_18297,Cbf 600
BIKE_18298,R Ninet
BIKE_18299,Ybr 125
BIKE_18300,Low Rider
BIKE_18301,K-Xct 300I
BIKE_18302,R 1200 Rt
BIKE_18303,R 1200 Gs
BIKE_18304,Streetfighter
BIKE_18305,Niken
BIKE_18306,Carnaby 300
BIKE_18307,R 1200 Gs Adventure
BIKE_18308,S 1000 R
BIKE_18309,Rd 500
BIKE_18310,Rd 500
BIKE_18311,Rd 500
BIKE_18312,X-Adv
BIKE_18313,R 1200 Rt
BIKE_18314,Night Rod
BIKE_18315,C 650
BIKE_18316,Sixteen 150
BIKE_18317,Am Spyder F3-S
BIKE_18318,Z 900
BIKE_18319,Sh 150
BIKE_18320,Vrsc V-Rod
BIKE_18321,1290 Super Duke R
BIKE_18322,Thruxton
BIKE_18323,Speed Triple 1050
BIKE_18324,R Ninet
BIKE_18325,R 1200 Gs
BIKE_18326,F 900 R
BIKE_18327,Z 900
BIKE_18328,F 850 Gs
BIKE_18329,Vision 110
BIKE_18330,Sportster Forty Eight
BIKE_18331,F 800 R
BIKE_18332,Agility 125
BIKE_18333,Forza 125
BIKE_18334,R 1200 R
BIKE_18335,
BIKE_18336,Dominator
BIKE_18337,Fjr 1300
BIKE_18338,Z 1000
BIKE_18339,
BIKE_18340,C 650 Gt
BIKE_18341,Trident T 150
BIKE_18342,Vrsc V-Rod
BIKE_18343,390 Duke
BIKE_18344,Booster
BIKE_18345,Crf 1100
BIKE_18346,R 1200 Gs
BIKE_18347,Sunray 125
BIKE_18348,Monster 1100
BIKE_18349,Scrambler
BIKE_18350,Streetfighter
BIKE_18351,R Ninet
BIKE_18352,Scrambler
BIKE_18353,999
BIKE_18354,S 1000 Xr
BIKE_18355,Scrambler
BIKE_18356,K 1600 Gt
BIKE_18357,Legend Tt
BIKE_18358,Guzzi V 7
BIKE_18359,Sportster 1200
BIKE_18360,R 1200 Gs
BIKE_18361,R 1200 Gs
BIKE_18362,Cb 1000
BIKE_18363,Z 900
BIKE_18364,F 900 Xr
BIKE_18365,People S 125
BIKE_18366,
BIKE_18367,Guzzi V 85
BIKE_18368,S 1000 R
BIKE_18369,Street Triple R
BIKE_18370,R 1200
BIKE_18371,
BIKE_18372,Crf 1000
BIKE_18373,R 1200 Gs
BIKE_18374,Z 900
BIKE_18375,Star 200
BIKE_18376,F 750 Gs
BIKE_18377,Sh 125
BIKE_18378,S 1000 R
BIKE_18379,Vfr 1200
BIKE_18380,Cb 650
BIKE_18381,
BIKE_18382,Bonneville T100
BIKE_18383,Sh 150
BIKE_18384,Sh 125
BIKE_18385,Crosstourer
BIKE_18386,
BIKE_18387,Tuono
BIKE_18388,Multistrada 950
BIKE_18389,Multistrada 950
BIKE_18390,Multistrada 950
BIKE_18391,300 Exc
BIKE_18392,300 Exc
BIKE_18393,300 Exc
BIKE_18394,
BIKE_18395,Tracer 700
BIKE_18396,X-Max 300
BIKE_18397,Chieftain
BIKE_18398,Am Spyder St Limited
BIKE_18399,R Ninet
BIKE_18400,Versys 1000
BIKE_18401,
BIKE_18402,W 800
BIKE_18403,Versys 650
BIKE_18404,Rocket Iii Touring
BIKE_18405,Sh 125
BIKE_18406,Memory
BIKE_18407,1290 Super Duke R
BIKE_18408,Gts Super Sport
BIKE_18409,Medley 125
BIKE_18410,
BIKE_18411,R 1200 Gs Adventure
BIKE_18412,Dyna Street Bob
BIKE_18413,Z 1000
BIKE_18414,Xvs 650
BIKE_18415,Xvs 650
BIKE_18416,Xvs 650
BIKE_18417,
BIKE_18418,Tmax 530
BIKE_18419,Z 900
BIKE_18420,R 1200 Gs
BIKE_18421,Z 900
BIKE_18422,Gsr 750
BIKE_18423,F 800 Gt
BIKE_18424,Cb 1000
BIKE_18425,Lx 125
BIKE_18426,R 1250 Gs
BIKE_18427,Tmax 530
BIKE_18428,1290 Super Adventure
BIKE_18429,F 700 Gs
BIKE_18430,Hypermotard 939
BIKE_18431,Z 900
BIKE_18432,R 1200 Gs
BIKE_18433,Custom Bike
BIKE_18434,1199 Panigale
BIKE_18435,Sportster 1200
BIKE_18436,Fat Boy
BIKE_18437,Chieftain
BIKE_18438,Z 900
BIKE_18439,Z 1000
BIKE_18440,Sportster 1200
BIKE_18441,R 1200 Gs
BIKE_18442,Crf 1000
BIKE_18443,Panhead
BIKE_18444,Address
BIKE_18445,Rd 500
BIKE_18446,Rd 500
BIKE_18447,Rd 500
BIKE_18448,F 6 C
BIKE_18449,Sportster Forty Eight
BIKE_18450,Mp3 300
BIKE_18451,Felsberg 125
BIKE_18452,Cb 500
BIKE_18453,X-Adv
BIKE_18454,Speed Triple R
BIKE_18455,Gtr 1400
BIKE_18456,790 Duke
BIKE_18457,Agility 50
BIKE_18458,R 1200 Rt
BIKE_18459,S 1000 Rr
BIKE_18460,C 650 Gt
BIKE_18461,1290 Super Adventure
BIKE_18462,R 1200 Gs
BIKE_18463,
BIKE_18464,Tiger Explorer
BIKE_18465,R 1200 Gs
BIKE_18466,Agusta Brutale
BIKE_18467,Gsx-R 750
BIKE_18468,R Ninet
BIKE_18469,450 Exc
BIKE_18470,Xs 650
BIKE_18471,S 1000 Xr
BIKE_18472,Mxu 400
BIKE_18473,X-Town
BIKE_18474,Agusta F3
BIKE_18475,R Ninet
BIKE_18476,Medley 125
BIKE_18477,
BIKE_18478,Like 50
BIKE_18479,690 Smc
BIKE_18480,690 Smc
BIKE_18481,690 Smc
BIKE_18482,S 1000 Rr
BIKE_18483,Guzzi V 9
BIKE_18484,Softail
BIKE_18485,Tmax Sx
BIKE_18486,R 80
BIKE_18487,Agusta F3
BIKE_18488,1000 Sport
BIKE_18489,Fzs 600
BIKE_18490,
BIKE_18491,R 1200 Rt
BIKE_18492,Guzzi V 7
BIKE_18493,Ninja 650
BIKE_18494,Xv 950
BIKE_18495,Bws
BIKE_18496,S 1000 Xr
BIKE_18497,Cb 100
BIKE_18498,Cb 100
BIKE_18499,Cb 100
BIKE_18500,R Ninet
BIKE_18501,125 Duke
BIKE_18502,Ftr 1200
BIKE_18503,C 650 Gt
BIKE_18504,Softail Slim
BIKE_18505,Rf1
BIKE_18506,50
BIKE_18507,Electra Glide
BIKE_18508,Vitpilen
BIKE_18509,F 650 Gs
BIKE_18510,X-Adv
BIKE_18511,150
BIKE_18512,Katana 1000
BIKE_18513,Katana 1000
BIKE_18514,Katana 1000
BIKE_18515,
BIKE_18516,Street Twin
BIKE_18517,1290 Super Duke Gt
BIKE_18518,V-Strom 1000
BIKE_18519,Road King
BIKE_18520,R 1250 Gs
BIKE_18521,Beverly 300
BIKE_18522,Multistrada 1200
BIKE_18523,
BIKE_18524,
BIKE_18525,
BIKE_18526,
BIKE_18527,Fat Boy
BIKE_18528,Address
BIKE_18529,Monster 1100
BIKE_18530,K 1600 Gtl
BIKE_18531,Z1000 Sx
BIKE_18532,V-Strom 650
BIKE_18533,Night Rod
BIKE_18534,C 650 Gt
BIKE_18535,Moto Classic
BIKE_18536,
BIKE_18537,Zrx 1100
BIKE_18538,Zrx 1100
BIKE_18539,Zrx 1100
BIKE_18540,Nc 750
BIKE_18541,Motors City Star
BIKE_18542,Mp3 500
BIKE_18543,Agusta F3
BIKE_18544,Ftr 1200
BIKE_18545,
BIKE_18546,Sportster Forty Eight
BIKE_18547,Versys 650
BIKE_18548,1190 Rc8
BIKE_18549,1190 Rc8
BIKE_18550,1190 Rc8
BIKE_18551,Softail
BIKE_18552,Z 900
BIKE_18553,Crossrunner
BIKE_18554,
BIKE_18555,V-Strom 1000
BIKE_18556,Sh 150
BIKE_18557,Scout
BIKE_18558,Raptor 700
BIKE_18559,Cbr 500 R
BIKE_18560,848
BIKE_18561,848
BIKE_18562,848
BIKE_18563,Xvs 650
BIKE_18564,Xvs 650
BIKE_18565,Xvs 650
BIKE_18566,Xv 125
BIKE_18567,Guzzi 850 Le Mans
BIKE_18568,
BIKE_18569,S 1000 Rr
BIKE_18570,Versys 1000
BIKE_18571,Motors
BIKE_18572,Sportsman 850
BIKE_18573,R 1200 Gs Adventure
BIKE_18574,Panigale V4
BIKE_18575,
BIKE_18576,R 1200 Gs
BIKE_18577,F 6 C
BIKE_18578,Tmax 530
BIKE_18579,Sportster 883
BIKE_18580,K 1200 S
BIKE_18581,K 1200 S
BIKE_18582,K 1200 S
BIKE_18583,1098
BIKE_18584,1098
BIKE_18585,1098
BIKE_18586,R 1250 Rt
BIKE_18587,Nc 750
BIKE_18588,Tiger 800
BIKE_18589,Beverly 400
BIKE_18590,Z1000 Sx
BIKE_18591,Z 900
BIKE_18592,Ape
BIKE_18593,Multistrada 950
BIKE_18594,Multistrada 950
BIKE_18595,Multistrada 950
BIKE_18596,Scrambler
BIKE_18597,Gsx 1300
BIKE_18598,Agusta Brutale 800
BIKE_18599,R Ninet
BIKE_18600,Diavel
BIKE_18601,790 Adventure
BIKE_18602,Runner 50
BIKE_18603,Trike Highway
BIKE_18604,Ape
BIKE_18605,F 700 Gs
BIKE_18606,
BIKE_18607,K 1300 S
BIKE_18608,
BIKE_18609,R 1200 Gs
BIKE_18610,Gsx-S 1000
BIKE_18611,Xvs 950
BIKE_18612,Guzzi
BIKE_18613,R 1250 Rt
BIKE_18614,Hypermotard 1100
BIKE_18615,
BIKE_18616,F 900 Xr
BIKE_18617,Xsr 700
BIKE_18618,
BIKE_18619,Monster 1200
BIKE_18620,R Ninet
BIKE_18621,Tmax 530
BIKE_18622,Monster 1200
BIKE_18623,1190Rx
BIKE_18624,1190Rx
BIKE_18625,1190Rx
BIKE_18626,Nc 750
BIKE_18627,Versys 1000
BIKE_18628,1299 Panigale
BIKE_18629,Sportster Forty Eight
BIKE_18630,
BIKE_18631,Mp3 500
BIKE_18632,Dyna Low Rider
BIKE_18633,R 1200 R
BIKE_18634,Monster 821
BIKE_18635,Tmax 530
BIKE_18636,Guzzi V 7
BIKE_18637,R 80 Gs
BIKE_18638,Sportster
BIKE_18639,Monster 821
BIKE_18640,Gladius 650
BIKE_18641,S 1000 Rr
BIKE_18642,Fat Boy
BIKE_18643,998
BIKE_18644,998
BIKE_18645,998
BIKE_18646,Ninja H2
BIKE_18647,Cr 500
BIKE_18648,Super 8
BIKE_18649,R 1200 Gs
BIKE_18650,Scrambler
BIKE_18651,Katana 1000
BIKE_18652,Katana 1000
BIKE_18653,Katana 1000
BIKE_18654,790 Adventure
BIKE_18655,Cb 1100
BIKE_18656,Cbr 125
BIKE_18657,Streetfighter
BIKE_18658,F 900 Xr
BIKE_18659,Z 900
BIKE_18660,Monster 1200
BIKE_18661,Tuono
BIKE_18662,
BIKE_18663,S 1000 Rr
BIKE_18664,Guzzi Griso 1100
BIKE_18665,W 800
BIKE_18666,Softail
BIKE_18667,V-Strom 1000
BIKE_18668,Cvo Breakout
BIKE_18669,Medley 150
BIKE_18670,1290 Super Duke Gt
BIKE_18671,Mt-09
BIKE_18672,K 1300 S
BIKE_18673,Fxd
BIKE_18674,Speed Triple R
BIKE_18675,Multistrada 1260
BIKE_18676,Xvs 950
BIKE_18677,Caballero 50
BIKE_18678,790 Adventure
BIKE_18679,Gsx-R 1000
BIKE_18680,Gtr 1400
BIKE_18681,998
BIKE_18682,998
BIKE_18683,998
BIKE_18684,Multistrada 1260
BIKE_18685,Fxd
BIKE_18686,
BIKE_18687,R 1200 Rs
BIKE_18688,Guzzi 850 Le Mans
BIKE_18689,Z 650
BIKE_18690,Multistrada 1260
BIKE_18691,
BIKE_18692,R18 Classic
BIKE_18693,Z 900
BIKE_18694,
BIKE_18695,125 2 C
BIKE_18696,R 1200 R
BIKE_18697,Softail
BIKE_18698,Fjr 1300
BIKE_18699,R 1200 Rs
BIKE_18700,Motors Street Scrambler
BIKE_18701,Sportster Forty Eight
BIKE_18702,R 65
BIKE_18703,Elenor
BIKE_18704,Beverly 300
BIKE_18705,X-Adv
BIKE_18706,
BIKE_18707,Streetfighter
BIKE_18708,
BIKE_18709,Multistrada 1200
BIKE_18710,R 1200
BIKE_18711,R18
BIKE_18712,Guzzi V 7
BIKE_18713,C 650 Gt
BIKE_18714,
BIKE_18715,5 Ta
BIKE_18716,R 1250 Gs
BIKE_18717,Gsx-S 1000
BIKE_18718,Pr7 600
BIKE_18719,Sportster Xl 883
BIKE_18720,Trike Mustang
BIKE_18721,Trike Mustang
BIKE_18722,Trike Mustang
BIKE_18723,Xv 1900
BIKE_18724,Cbr 650
BIKE_18725,Crf 1000
BIKE_18726,Mt-09
BIKE_18727,
BIKE_18728,Multistrada 1200
BIKE_18729,Guzzi Stelvio 1200
BIKE_18730,Gsr 750
BIKE_18731,Mp3 300
BIKE_18732,Jet 14
BIKE_18733,Road Glide
BIKE_18734,S 1000 Xr
BIKE_18735,1199 Panigale
BIKE_18736,Sportster 883
BIKE_18737,Dyna Low Rider
BIKE_18738,690 Smc
BIKE_18739,690 Smc
BIKE_18740,690 Smc
BIKE_18741,K 1300
BIKE_18742,Sh 125
BIKE_18743,Cvo Breakout
BIKE_18744,Tiger 1200
BIKE_18745,Fat Boy
BIKE_18746,Scrambler
BIKE_18747,Cx 500
BIKE_18748,R 1200 Gs Adventure
BIKE_18749,Hypermotard 939
BIKE_18750,R 1200 Gs Lc
BIKE_18751,R 1250 R
BIKE_18752,V-Strom 1000
BIKE_18753,Ninja Zx-6R
BIKE_18754,Fxdr 114
BIKE_18755,K 1600 Gt
BIKE_18756,R 1150 Gs Adventure
BIKE_18757,R 1200
BIKE_18758,Rs 50
BIKE_18759,Rs 50
BIKE_18760,Rs 50
BIKE_18761,Sportster Xl 883
BIKE_18762,Hypermotard 796
BIKE_18763,Hypermotard 796
BIKE_18764,Hypermotard 796
BIKE_18765,Mp3 500
BIKE_18766,General
BIKE_18767,Agusta Brutale 800
BIKE_18768,Mt-09
BIKE_18769,Sh 150
BIKE_18770,Monster 821
BIKE_18771,
BIKE_18772,R 80 Rt
BIKE_18773,Tiger Explorer
BIKE_18774,Tuono
BIKE_18775,Cb 750
BIKE_18776,Street Twin
BIKE_18777,Agusta Superveloce 800
BIKE_18778,R 26
BIKE_18779,Xdiavel
BIKE_18780,R 1200 Gs Lc
BIKE_18781,Tiger 900
BIKE_18782,Race 50
BIKE_18783,Race 50
BIKE_18784,Race 50
BIKE_18785,Vt 750
BIKE_18786,S 1000 Rr
BIKE_18787,
BIKE_18788,
BIKE_18789,Zero Sr
BIKE_18790,S 1000 Rr
BIKE_18791,Versys 650
BIKE_18792,Vlr 1800
BIKE_18793,Zip Sp
BIKE_18794,Xb 12
BIKE_18795,Tmax 530
BIKE_18796,Shiver 900
BIKE_18797,
BIKE_18798,Agility 200
BIKE_18799,F 6 C
BIKE_18800,R 1200 Gs
BIKE_18801,R 1250 R
BIKE_18802,Burgman 200
BIKE_18803,
BIKE_18804,Z 900
BIKE_18805,Softail
BIKE_18806,Z 800
BIKE_18807,Nc 750
BIKE_18808,Cbr 1000
BIKE_18809,Hyperstrada
BIKE_18810,Street 750
BIKE_18811,Monster 1200
BIKE_18812,R Ninet
BIKE_18813,Lt-Z 400
BIKE_18814,Lt-Z 400
BIKE_18815,Lt-Z 400
BIKE_18816,Scrambler
BIKE_18817,Monster 821
BIKE_18818,Nmax
BIKE_18819,Vfr 800
BIKE_18820,Guzzi V 9
BIKE_18821,K 1300 R
BIKE_18822,Runner 50
BIKE_18823,Custom Bike
BIKE_18824,Ak 550
BIKE_18825,Grizzly 700
BIKE_18826,Xenter 150
BIKE_18827,Xenter 150
BIKE_18828,Xenter 150
BIKE_18829,Dorsoduro
BIKE_18830,R 1200 Gs
BIKE_18831,Vulcan S
BIKE_18832,Cygnus
BIKE_18833,R 1200 Rt
BIKE_18834,R 1200 Gs Adventure
BIKE_18835,Xdiavel
BIKE_18836,
BIKE_18837,Fat Boy
BIKE_18838,Agusta F3
BIKE_18839,Hp2
BIKE_18840,Softail
BIKE_18841,R 1200 Gs
BIKE_18842,Qooder
BIKE_18843,F 700 Gs
BIKE_18844,Z 900
BIKE_18845,
BIKE_18846,C 650 Gt
BIKE_18847,Diavel
BIKE_18848,Joymax 125I
BIKE_18849,Joymax 125I
BIKE_18850,Joymax 125I
BIKE_18851,Ténéré 700
BIKE_18852,C Evolution
BIKE_18853,Cbr 1000
BIKE_18854,Fat Bob
BIKE_18855,Softail
BIKE_18856,
BIKE_18857,Electra Glide
BIKE_18858,Downtown 300I
BIKE_18859,Gts 125
BIKE_18860,R Ninet
BIKE_18861,Scout
BIKE_18862,701 Supermoto
BIKE_18863,Softail
BIKE_18864,
BIKE_18865,Like 125
BIKE_18866,Xt 1200
BIKE_18867,F 800 R
BIKE_18868,Classic
BIKE_18869,450 Mark 3
BIKE_18870,Intruder C
BIKE_18871,350D
BIKE_18872,Yfm 700
BIKE_18873,Z 900
BIKE_18874,
BIKE_18875,Tiger Explorer
BIKE_18876,Gtr 1400
BIKE_18877,Cbr 1000
BIKE_18878,Agusta
BIKE_18879,Nc 750
BIKE_18880,Scrambler
BIKE_18881,S 1000 Xr
BIKE_18882,Sportster 1200
BIKE_18883,C 650 Gt
BIKE_18884,Scrambler
BIKE_18885,C 400 Gt
BIKE_18886,1290 Super Duke R
BIKE_18887,Rzr 800
BIKE_18888,S 1000 Rr
BIKE_18889,Am Outlander
BIKE_18890,1290 Super Duke R
BIKE_18891,Gsx-S 750
BIKE_18892,Tracer 900
BIKE_18893,Multistrada 1200
BIKE_18894,Zero S
BIKE_18895,Zero S
BIKE_18896,Zero S
BIKE_18897,300 Exc
BIKE_18898,300 Exc
BIKE_18899,300 Exc
BIKE_18900,Versys 1000
BIKE_18901,R 1200 Gs
BIKE_18902,R 1200 R
BIKE_18903,Crf 1000
BIKE_18904,Rosa Chic 4T Se
BIKE_18905,K 100
BIKE_18906,Tiger 800
BIKE_18907,Ninja 650
BIKE_18908,R 1200 Rt
BIKE_18909,S 1000 Rr
BIKE_18910,Multistrada 1200
BIKE_18911,X-City 250
BIKE_18912,Night Train
BIKE_18913,Ninja 650
BIKE_18914,Guzzi 1000 Daytona
BIKE_18915,Versys 1000
BIKE_18916,Fjr 1300
BIKE_18917,1290 Super Duke R
BIKE_18918,Vrsc V-Rod
BIKE_18919,Moto Cforce 800
BIKE_18920,Vision 50
BIKE_18921,Hypermotard 939
BIKE_18922,F 900 R
BIKE_18923,R 1200 Gs
BIKE_18924,Tmax 530
BIKE_18925,Gl 1000
BIKE_18926,K 1300 R
BIKE_18927,
BIKE_18928,Tiger 1200
BIKE_18929,R 1200 Gs
BIKE_18930,Deluxe
BIKE_18931,1290 Super Adventure
BIKE_18932,Tmax 560
BIKE_18933,K 1600 Gt
BIKE_18934,R Ninet
BIKE_18935,
BIKE_18936,Guzzi V 9
BIKE_18937,
BIKE_18938,Gsx-S 750
BIKE_18939,Tracer 700
BIKE_18940,V-Strom 650
BIKE_18941,Ybr 125
BIKE_18942,R 1200 Gs Adventure
BIKE_18943,Vzr 1800
BIKE_18944,R 1200 R
BIKE_18945,
BIKE_18946,Xsr 700
BIKE_18947,Mt-10
BIKE_18948,Z 900
BIKE_18949,Cb 1000
BIKE_18950,Smr 300 2T
BIKE_18951,Nc 750
BIKE_18952,Cb 1000
BIKE_18953,R 1200 Rs
BIKE_18954,Fat Bob
BIKE_18955,Z 900
BIKE_18956,Cbr 600
BIKE_18957,Wr 125
BIKE_18958,Wr 125
BIKE_18959,Wr 125
BIKE_18960,Burgman 125
BIKE_18961,Softail
BIKE_18962,
BIKE_18963,Thunderbird 6T
BIKE_18964,Thunderbird 6T
BIKE_18965,Thunderbird 6T
BIKE_18966,Guzzi
BIKE_18967,790 Duke
BIKE_18968,
BIKE_18969,Blade 550
BIKE_18970,Fjr 1300
BIKE_18971,1090 Adventure
BIKE_18972,1090 Adventure
BIKE_18973,1090 Adventure
BIKE_18974,S 1000 Xr
BIKE_18975,Tiger 1200
BIKE_18976,500 Exc
BIKE_18977,500 Exc
BIKE_18978,500 Exc
BIKE_18979,Heritage Softail
BIKE_18980,Z1000 Sx
BIKE_18981,Multistrada 950
BIKE_18982,Multistrada 950
BIKE_18983,Multistrada 950
BIKE_18984,V-Strom 650
BIKE_18985,Z 900
BIKE_18986,Z 900
BIKE_18987,Sprint Gt
BIKE_18988,Ct 1800 S
BIKE_18989,Ninja 250 R
BIKE_18990,Ninja 250 R
BIKE_18991,Ninja 250 R
BIKE_18992,Mt-09
BIKE_18993,Nc 750
BIKE_18994,
BIKE_18995,Metralla Mk2
BIKE_18996,F 900 Xr
BIKE_18997,S 1000 Rr
BIKE_18998,Crf 1000
BIKE_18999,Sportster Xlch 1000
BIKE_19000,K 100 Lt
BIKE_19001,K 100 Lt
BIKE_19002,K 100 Lt
BIKE_19003,R 1200 R
BIKE_19004,K 1300
BIKE_19005,Am Renegade
BIKE_19006,Am Renegade
BIKE_19007,Am Renegade
BIKE_19008,R Ninet
BIKE_19009,
BIKE_19010,R 1200
BIKE_19011,R 1200 Rs
BIKE_19012,Liberty 50
BIKE_19013,Agility 50
BIKE_19014,X-Adv
BIKE_19015,
BIKE_19016,Z 650
BIKE_19017,Z 900
BIKE_19018,Mt-09
BIKE_19019,S 1000 Rr
BIKE_19020,Vision Tour
BIKE_19021,F 850 Gs
BIKE_19022,Agusta Brutale 675
BIKE_19023,Dyna Street Bob
BIKE_19024,Mt-03
BIKE_19025,Mt-03
BIKE_19026,Mt-03
BIKE_19027,Crf 1000
BIKE_19028,Espro 70
BIKE_19029,
BIKE_19030,Zr 1000
BIKE_19031,Zr 1000
BIKE_19032,Zr 1000
BIKE_19033,Vulcan 1700
BIKE_19034,Fj 1200
BIKE_19035,Vrsc V-Rod
BIKE_19036,Road King
BIKE_19037,Road King
BIKE_19038,125 Exc
BIKE_19039,125 Exc
BIKE_19040,125 Exc
BIKE_19041,Gl 1800
BIKE_19042,Crf 450
BIKE_19043,
BIKE_19044,K 1300
BIKE_19045,Tuono
BIKE_19046,Street Glide
BIKE_19047,1290 Super Duke Gt
BIKE_19048,Agusta Turismo Veloce 800
BIKE_19049,Cvo Limited
BIKE_19050,Tiger Sport
BIKE_19051,1290 Super Duke R
BIKE_19052,Gsr 750
BIKE_19053,Fat Boy
BIKE_19054,
BIKE_19055,S 1000 Xr
BIKE_19056,Z 900
BIKE_19057,Guzzi V 9
BIKE_19058,R 1200 C Independent
BIKE_19059,Forza 350
BIKE_19060,
BIKE_19061,
BIKE_19062,
BIKE_19063,Hypermotard 796
BIKE_19064,Hypermotard 796
BIKE_19065,Hypermotard 796
BIKE_19066,R 1200 Rt
BIKE_19067,Niken
BIKE_19068,Panhead
BIKE_19069,Tiger Sport
BIKE_19070,Xb 9
BIKE_19071,C 650
BIKE_19072,F 900 Xr
BIKE_19073,Dorsoduro
BIKE_19074,Heritage Softail
BIKE_19075,Road Glide
BIKE_19076,R Ninet
BIKE_19077,Dyna Super Glide
BIKE_19078,
BIKE_19079,S 1000 Rr
BIKE_19080,Cbr 1000
BIKE_19081,Crf 1100
BIKE_19082,R 1200 Gs Lc
BIKE_19083,Xsr 900
BIKE_19084,R 1200 Gs
BIKE_19085,Typhoon
BIKE_19086,Yzf-R1
BIKE_19087,Sportster 1200
BIKE_19088,Hypermotard 939
BIKE_19089,R 1200 C Independent
BIKE_19090,Mt-07
BIKE_19091,Zip Ii 50
BIKE_19092,W 800
BIKE_19093,Versys-X 300
BIKE_19094,Dyna Street Bob
BIKE_19095,Tuono
BIKE_19096,
BIKE_19097,Am Outlander
BIKE_19098,America Lt
BIKE_19099,Dyna Super Glide
BIKE_19100,Monster S4R
BIKE_19101,Monster S4R
BIKE_19102,Monster S4R
BIKE_19103,Ark 50
BIKE_19104,Ark 50
BIKE_19105,Ark 50
BIKE_19106,S 1000 Xr
BIKE_19107,Streetfighter
BIKE_19108,Iron 883
BIKE_19109,F 850 Gs
BIKE_19110,Scrambler
BIKE_19111,X-Max 250
BIKE_19112,Cbr 1000
BIKE_19113,
BIKE_19114,Xl 1200
BIKE_19115,C 650 Gt
BIKE_19116,Tmax 530
BIKE_19117,R Ninet
BIKE_19118,Diavel
BIKE_19119,Ninja Zx-6R
BIKE_19120,
BIKE_19121,Motors Retro Cruiser
BIKE_19122,Madison 250
BIKE_19123,Sportster 883
BIKE_19124,Mt-09
BIKE_19125,X-Max 400
BIKE_19126,Fjr 1300
BIKE_19127,C 400 X
BIKE_19128,Comet 650
BIKE_19129,Xciting 300I
BIKE_19130,S 1000 Xr
BIKE_19131,Gsr 750
BIKE_19132,Cbf 1000
BIKE_19133,Vrsc V-Rod
BIKE_19134,Ak 550
BIKE_19135,Xl 883
BIKE_19136,Vision 110
BIKE_19137,C Evolution
BIKE_19138,Multistrada 1200
BIKE_19139,Bullet Rs
BIKE_19140,Am Maverick
BIKE_19141,85 Sx
BIKE_19142,
BIKE_19143,Versys 1000
BIKE_19144,Sh 125
BIKE_19145,Hps 125I
BIKE_19146,R 1200 Gs Adventure
BIKE_19147,Rsv4
BIKE_19148,
BIKE_19149,Panhead
BIKE_19150,R 1200 Gs
BIKE_19151,Yzf-R1
BIKE_19152,Z 1000
BIKE_19153,Cb 750
BIKE_19154,R Ninet
BIKE_19155,
BIKE_19156,Fjr 1300
BIKE_19157,690 Duke
BIKE_19158,R 80
BIKE_19159,1290 Super Duke R
BIKE_19160,Quadro4
BIKE_19161,R 1250 Gs
BIKE_19162,
BIKE_19163,Chief
BIKE_19164,K 1300 Gt
BIKE_19165,Cb 1000
BIKE_19166,Cat 1000
BIKE_19167,Cb 1000
BIKE_19168,S 1000 R
BIKE_19169,Dyna Street Bob
BIKE_19170,X-City 125
BIKE_19171,R Ninet
BIKE_19172,R 1200 Gs
BIKE_19173,R Ninet
BIKE_19174,Cbf 1000
BIKE_19175,Xvs 1300
BIKE_19176,Scout
BIKE_19177,Joymax 125I
BIKE_19178,Joymax 125I
BIKE_19179,Joymax 125I
BIKE_19180,Tracer 900
BIKE_19181,Streetfighter
BIKE_19182,Vn 2000
BIKE_19183,Vn 2000
BIKE_19184,Vn 2000
BIKE_19185,Multistrada 1200
BIKE_19186,Rs4 125
BIKE_19187,Streetfighter
BIKE_19188,Softail Slim
BIKE_19189,Niken
BIKE_19190,1290 Super Adventure
BIKE_19191,R Ninet
BIKE_19192,Road Glide
BIKE_19193,125 Duke
BIKE_19194,
BIKE_19195,Cobra 420
BIKE_19196,S 1000 Xr
BIKE_19197,959 Panigale
BIKE_19198,Versys 1000
BIKE_19199,Vulcan S
BIKE_19200,Downtown 300I
BIKE_19201,Yzf 1000
BIKE_19202,Tmax 530
BIKE_19203,Tiger 800
BIKE_19204,F 800 Gs Adventure
BIKE_19205,Mp3 500
BIKE_19206,Lx 150
BIKE_19207,Cre Six Competition
BIKE_19208,R 1200 R
BIKE_19209,Madison 250
BIKE_19210,K 1300
BIKE_19211,Monster 796
BIKE_19212,Monster 796
BIKE_19213,Monster 796
BIKE_19214,Tiger 800
BIKE_19215,C 600
BIKE_19216,C 600
BIKE_19217,C 600
BIKE_19218,Scarabeo
BIKE_19219,C 400 X
BIKE_19220,X-Town
BIKE_19221,Li
BIKE_19222,Li
BIKE_19223,Li
BIKE_19224,Softail
BIKE_19225,Sm 511
BIKE_19226,Fz 8
BIKE_19227,Agusta Brutale 800
BIKE_19228,R 1200 Rt
BIKE_19229,Z H2
BIKE_19230,Streetfighter
BIKE_19231,Gsx-S 750
BIKE_19232,R 50
BIKE_19233,F 750 Gs
BIKE_19234,790 Adventure
BIKE_19235,1198
BIKE_19236,Tuono
BIKE_19237,R 80 St
BIKE_19238,Z 900
BIKE_19239,
BIKE_19240,Like 125
BIKE_19241,Mp3 300
BIKE_19242,Guzzi
BIKE_19243,Gtr 1400
BIKE_19244,
BIKE_19245,Am Renegade
BIKE_19246,Am Renegade
BIKE_19247,Am Renegade
BIKE_19248,1290 Super Duke R
BIKE_19249,Hypermotard 950
BIKE_19250,Vmax
BIKE_19251,Concours
BIKE_19252,
BIKE_19253,S 1000 Rr
BIKE_19254,
BIKE_19255,390 Duke
BIKE_19256,Dyna Street Bob
BIKE_19257,50
BIKE_19258,Street Glide
BIKE_19259,R 1200 Rt
BIKE_19260,Chieftain
BIKE_19261,690 Duke
BIKE_19262,R 1200 Gs Adventure
BIKE_19263,C Evolution
BIKE_19264,
BIKE_19265,
BIKE_19266,Beverly 300
BIKE_19267,959 Panigale
BIKE_19268,
BIKE_19269,1200 Custom
BIKE_19270,Emily
BIKE_19271,Yzf-R1
BIKE_19272,Agusta F3
BIKE_19273,1190 Rc8
BIKE_19274,1190 Rc8
BIKE_19275,1190 Rc8
BIKE_19276,Vtr 1000
BIKE_19277,Vtr 1000
BIKE_19278,Vtr 1000
BIKE_19279,Crf 1100
BIKE_19280,Cb 650
BIKE_19281,
BIKE_19282,Tmax 530
BIKE_19283,Monster 821
BIKE_19284,Scrambler
BIKE_19285,Dyna Street Bob
BIKE_19286,
BIKE_19287,Svartpilen
BIKE_19288,Sportster
BIKE_19289,En 250 2T
BIKE_19290,Smr 125
BIKE_19291,Z H2
BIKE_19292,Ninja Zx-6R
BIKE_19293,Sportster
BIKE_19294,R 1200 Gs Adventure
BIKE_19295,Gsx-S 1000
BIKE_19296,R Ninet
BIKE_19297,R Ninet
BIKE_19298,Gsx-R 1100
BIKE_19299,Cbr 1000
BIKE_19300,R 1200 Gs Adventure
BIKE_19301,
BIKE_19302,Fz 1
BIKE_19303,Moto Code 125
BIKE_19304,
BIKE_19305,Roadster
BIKE_19306,Panigale V4
BIKE_19307,
BIKE_19308,Grand Dink 50
BIKE_19309,Speed Triple 1050
BIKE_19310,916
BIKE_19311,Mp3 400
BIKE_19312,Mp3 400
BIKE_19313,Mp3 400
BIKE_19314,C 650
BIKE_19315,N1S
BIKE_19316,Yzf-R1
BIKE_19317,Cat Alterra
BIKE_19318,Z 1000
BIKE_19319,Softail
BIKE_19320,Guzzi California 1100
BIKE_19321,Dyna Fat Bob
BIKE_19322,Softail
BIKE_19323,F 750 Gs
BIKE_19324,Liberty 150
BIKE_19325,Vs 1400
BIKE_19326,C 400 Gt
BIKE_19327,Dyna Street Bob
BIKE_19328,Gsx-S 1000
BIKE_19329,Yfa 125
BIKE_19330,Sportster 883
BIKE_19331,
BIKE_19332,900 Z
BIKE_19333,900 Z
BIKE_19334,900 Z
BIKE_19335,Tiger 1200
BIKE_19336,Xvs 1300
BIKE_19337,1190 Adventure
BIKE_19338,V-Rod
BIKE_19339,Mp3 Yourban
BIKE_19340,America Lt
BIKE_19341,
BIKE_19342,Gsx 750
BIKE_19343,Gl 1800
BIKE_19344,Tiger 1200
BIKE_19345,Ninja H2
BIKE_19346,Moto Terracross
BIKE_19347,Honda
BIKE_19348,
BIKE_19349,R 1200 R
BIKE_19350,Guzzi V 9
BIKE_19351,Monster 796
BIKE_19352,Monster 796
BIKE_19353,Monster 796
BIKE_19354,Sportster 883
BIKE_19355,Tricity
BIKE_19356,Tmax 560
BIKE_19357,Chief
BIKE_19358,Z 900
BIKE_19359,R 1200 Gs Adventure
BIKE_19360,R 1200 Rs
BIKE_19361,Z 900
BIKE_19362,Target 550
BIKE_19363,Rcr 125
BIKE_19364,690 Smc
BIKE_19365,690 Smc
BIKE_19366,690 Smc
BIKE_19367,Agusta Brutale
BIKE_19368,Streetfighter
BIKE_19369,R 1200 Gs
BIKE_19370,R 1200 Gs
BIKE_19371,R 1200 R
BIKE_19372,F 750 Gs
BIKE_19373,F 800 Gs
BIKE_19374,Xvz 1300
BIKE_19375,Street Triple R
BIKE_19376,Versys 650
BIKE_19377,Low Rider
BIKE_19378,Fly 50
BIKE_19379,Fly 50
BIKE_19380,Fly 50
BIKE_19381,S 1000 Xr
BIKE_19382,
BIKE_19383,Tiger 1050
BIKE_19384,Guzzi V 11
BIKE_19385,Guzzi V 11
BIKE_19386,Guzzi V 11
BIKE_19387,
BIKE_19388,Vfr 1200
BIKE_19389,Springfield
BIKE_19390,High-Ball
BIKE_19391,R 1200 Gs Lc
BIKE_19392,Carnaby 300
BIKE_19393,D'Elight
BIKE_19394,X-Max 250
BIKE_19395,Cb 1100
BIKE_19396,Speed Triple 1050
BIKE_19397,Dyna Street Bob
BIKE_19398,
BIKE_19399,Primavera 125
BIKE_19400,R 1200 Gs
BIKE_19401,R 1200 R
BIKE_19402,Rs 660
BIKE_19403,Ultra Classic
BIKE_19404,Cmx 500
BIKE_19405,R 1250 Gs
BIKE_19406,Cbr 125
BIKE_19407,Scrambler
BIKE_19408,450 Exc
BIKE_19409,S 1000 Xr
BIKE_19410,Tuono
BIKE_19411,Dyna Street Bob
BIKE_19412,Nc 750
BIKE_19413,R Ninet
BIKE_19414,Crox 50
BIKE_19415,Crox 50
BIKE_19416,Crox 50
BIKE_19417,Vn 1700
BIKE_19418,K 1300 R
BIKE_19419,S 1000 Rr
BIKE_19420,Caponord 1200
BIKE_19421,R 1200 Gs Adventure
BIKE_19422,Monster 821
BIKE_19423,Crf 1000
BIKE_19424,Hypermotard 950
BIKE_19425,Hammer S
BIKE_19426,Hammer S
BIKE_19427,Hammer S
BIKE_19428,Xv 950
BIKE_19429,Rsv4
BIKE_19430,Sh 125
BIKE_19431,Scrambler
BIKE_19432,Speed Triple R
BIKE_19433,
BIKE_19434,1190 Adventure
BIKE_19435,Versys 650
BIKE_19436,Gsx-S 750
BIKE_19437,Crf 1000
BIKE_19438,Z 1000
BIKE_19439,Vfr 800
BIKE_19440,Sh 300
BIKE_19441,Softail
BIKE_19442,Sportster 1200
BIKE_19443,R 1200 Gs
BIKE_19444,Vt 750
BIKE_19445,Café Racer
BIKE_19446,Café Racer
BIKE_19447,Café Racer
BIKE_19448,Gfr125
BIKE_19449,Vlr 1800
BIKE_19450,Crf 1000
BIKE_19451,Sh 150
BIKE_19452,Moto Cforce 1000
BIKE_19453,R 80
BIKE_19454,Iron 883
BIKE_19455,Softail
BIKE_19456,K 1200
BIKE_19457,St 1300
BIKE_19458,Multistrada 1200
BIKE_19459,Shadow 750
BIKE_19460,R 1250 Rt
BIKE_19461,Crosstourer
BIKE_19462,Tiger 1050
BIKE_19463,990 Supermoto
BIKE_19464,Speed Triple R
BIKE_19465,Diavel
BIKE_19466,R Ninet
BIKE_19467,Intruder M
BIKE_19468,Intruder M
BIKE_19469,Intruder M
BIKE_19470,Sportster 883
BIKE_19471,Niken
BIKE_19472,Thruxton
BIKE_19473,Tiger 800
BIKE_19474,Xv 950
BIKE_19475,Like 125
BIKE_19476,Caponord 1200
BIKE_19477,1299 Panigale
BIKE_19478,Mp3 500
BIKE_19479,Sportcity Cube
BIKE_19480,Softail
BIKE_19481,Z 1000
BIKE_19482,R 1250 Rt
BIKE_19483,Rs 660
BIKE_19484,K 1600 Gt
BIKE_19485,R 1250 Gs
BIKE_19486,Monster 796
BIKE_19487,Monster 796
BIKE_19488,Monster 796
BIKE_19489,R 1200 Gs
BIKE_19490,
BIKE_19491,
BIKE_19492,R 1200 Gs
BIKE_19493,Cb 500
BIKE_19494,Multistrada 950
BIKE_19495,Multistrada 950
BIKE_19496,Multistrada 950
BIKE_19497,R 35/2
BIKE_19498,R 1200
BIKE_19499,Vulcan S
BIKE_19500,Rc 125
BIKE_19501,Xl 1200
BIKE_19502,Monster 796
BIKE_19503,Monster 796
BIKE_19504,Monster 796
BIKE_19505,Guzzi V 85
BIKE_19506,Gsx 1300
BIKE_19507,Gsx-S 1000
BIKE_19508,
BIKE_19509,Street Glide
BIKE_19510,Springfield
BIKE_19511,Versys 650
BIKE_19512,Zx 600
BIKE_19513,R 1250 Gs
BIKE_19514,Softail
BIKE_19515,Niken
BIKE_19516,Fiddle 50
BIKE_19517,Dyna Low Rider
BIKE_19518,K 1600 B
BIKE_19519,K 1600 B
BIKE_19520,K 1600 B
BIKE_19521,Cb 650
BIKE_19522,Rocket X
BIKE_19523,Rocket X
BIKE_19524,Rocket X
BIKE_19525,R 1200 Gs
BIKE_19526,750 H2
BIKE_19527,1125 Cr
BIKE_19528,1125 Cr
BIKE_19529,1125 Cr
BIKE_19530,Xciting 300I
BIKE_19531,R 1200 Gs
BIKE_19532,1290 Super Duke R
BIKE_19533,Xsr 700
BIKE_19534,Mt-07
BIKE_19535,Cvo Limited
BIKE_19536,Super Dink 125
BIKE_19537,Iron 883
BIKE_19538,Sportster
BIKE_19539,Xsr 900
BIKE_19540,1199 Panigale
BIKE_19541,Fjr 1300
BIKE_19542,Bn 125
BIKE_19543,Bn 125
BIKE_19544,Bn 125
BIKE_19545,R 1250 Gs Adventure
BIKE_19546,
BIKE_19547,
BIKE_19548,Cbr 650
BIKE_19549,R Ninet
BIKE_19550,Mt-07
BIKE_19551,R 1200 Gs
BIKE_19552,1198
BIKE_19553,Sr 500
BIKE_19554,K 1600 Gt
BIKE_19555,300 Exc
BIKE_19556,300 Exc
BIKE_19557,300 Exc
BIKE_19558,Multistrada 1200
BIKE_19559,R 1200 R
BIKE_19560,F 750 Gs
BIKE_19561,Street Triple 675
BIKE_19562,R 1250 Rt
BIKE_19563,1290 Super Duke Gt
BIKE_19564,F 900 Xr
BIKE_19565,Tmax 530
BIKE_19566,Cb 500
BIKE_19567,Road King
BIKE_19568,
BIKE_19569,
BIKE_19570,
BIKE_19571,1050 Adventure
BIKE_19572,Sportster Forty Eight
BIKE_19573,Versys 650
BIKE_19574,Pcx 125
BIKE_19575,Citycom 300
BIKE_19576,Fat Boy
BIKE_19577,K 1600 Gtl
BIKE_19578,Agusta F3
BIKE_19579,Electra Glide
BIKE_19580,Moto Code 125
BIKE_19581,R 1200 Gs
BIKE_19582,R 1200 Gs
BIKE_19583,Cbr 1000
BIKE_19584,Yzf-R1
BIKE_19585,W 800
BIKE_19586,Rzr 1000
BIKE_19587,Tiger Explorer
BIKE_19588,
BIKE_19589,990 Adventure
BIKE_19590,S 1000 Xr
BIKE_19591,R 1200 Gs Adventure
BIKE_19592,Symply 50
BIKE_19593,Symply 50
BIKE_19594,Symply 50
BIKE_19595,848
BIKE_19596,848
BIKE_19597,848
BIKE_19598,
BIKE_19599,1290 Super Duke R
BIKE_19600,Crf 1100
BIKE_19601,Cb 1000
BIKE_19602,F 850 Gs
BIKE_19603,Multistrada 1200
BIKE_19604,Softail Slim
BIKE_19605,Monster 821
BIKE_19606,People 125
BIKE_19607,
BIKE_19608,Niken
BIKE_19609,Diavel
BIKE_19610,Yzf-R1
BIKE_19611,Caponord 1200
BIKE_19612,R 1200 R
BIKE_19613,F 900 Xr
BIKE_19614,Sportster 1200
BIKE_19615,
BIKE_19616,
BIKE_19617,Agusta Brutale 800
BIKE_19618,1000 Sport
BIKE_19619,Intruder M
BIKE_19620,Intruder M
BIKE_19621,Intruder M
BIKE_19622,
BIKE_19623,F 850 Gs
BIKE_19624,Fat Boy
BIKE_19625,Multistrada 1200
BIKE_19626,Cbx 1000
BIKE_19627,Cbx 1000
BIKE_19628,Cbx 1000
BIKE_19629,Gtr 1400
BIKE_19630,Xv 1900
BIKE_19631,Typhoon
BIKE_19632,Sw-T 400
BIKE_19633,Bonneville T100
BIKE_19634,S 1000 Xr
BIKE_19635,Agusta Brutale 800
BIKE_19636,R 1200 Gs Lc
BIKE_19637,
BIKE_19638,Forza 250
BIKE_19639,C Evolution
BIKE_19640,Downtown 300I
BIKE_19641,690 Smc
BIKE_19642,690 Smc
BIKE_19643,690 Smc
BIKE_19644,V-Rod
BIKE_19645,R 1200 Gs Adventure
BIKE_19646,Fat Boy
BIKE_19647,Iron 883
BIKE_19648,Cb 1100
BIKE_19649,Intruder M
BIKE_19650,Intruder M
BIKE_19651,Intruder M
BIKE_19652,Am Ryker
BIKE_19653,Am Ryker
BIKE_19654,Am Ryker
BIKE_19655,Agusta F3
BIKE_19656,Gsx-S 1000
BIKE_19657,
BIKE_19658,Gsx-S 1000
BIKE_19659,Sportster 1200
BIKE_19660,Xciting 400I
BIKE_19661,Gsr 750
BIKE_19662,
BIKE_19663,Vt 750
BIKE_19664,Rsv4
BIKE_19665,Xvs 1300
BIKE_19666,R 26
BIKE_19667,R Ninet
BIKE_19668,R Ninet
BIKE_19669,R Ninet
BIKE_19670,G 310 R
BIKE_19671,Night Train
BIKE_19672,Tiger 800
BIKE_19673,
BIKE_19674,Xv 535
BIKE_19675,Xv 535
BIKE_19676,Xv 535
BIKE_19677,R 1200 R
BIKE_19678,R 1250 Rt
BIKE_19679,Fjr 1300
BIKE_19680,K 1600 B
BIKE_19681,K 1600 B
BIKE_19682,K 1600 B
BIKE_19683,Rl 125
BIKE_19684,S 1000 R
BIKE_19685,Z 900
BIKE_19686,Yz 250
BIKE_19687,
BIKE_19688,R 1200 Gs Lc
BIKE_19689,Softail
BIKE_19690,Fiddle 125
BIKE_19691,Guzzi V 7
BIKE_19692,R18
BIKE_19693,Grand Cherokee
BIKE_19694,Sh 125
BIKE_19695,Fiddle 125
BIKE_19696,F 900 Xr
BIKE_19697,Nc 750
BIKE_19698,Vfr
BIKE_19699,Cbr 600
BIKE_19700,Yzf-R6
BIKE_19701,Bn 251
BIKE_19702,Bn 251
BIKE_19703,Bn 251
BIKE_19704,R 1200 Gs Adventure
BIKE_19705,
BIKE_19706,1125 Cr
BIKE_19707,1125 Cr
BIKE_19708,1125 Cr
BIKE_19709,R 1200 Rt
BIKE_19710,R 1200
BIKE_19711,R 1250 Gs Adventure
BIKE_19712,Chieftain
BIKE_19713,Versys 650
BIKE_19714,Gsx-R 1000
BIKE_19715,R 1200 Rt
BIKE_19716,Electra Glide
BIKE_19717,Sportster 883
BIKE_19718,Ultra Limited
BIKE_19719,Dyna Fat Bob
BIKE_19720,Tmax Dx
BIKE_19721,Cb 1000
BIKE_19722,Ninja 650
BIKE_19723,R Ninet
BIKE_19724,Gsx-R 1000
BIKE_19725,
BIKE_19726,Yzf-R3
BIKE_19727,Burgman 650
BIKE_19728,R 1250 Gs
BIKE_19729,Cbr 1000
BIKE_19730,Bonneville T100
BIKE_19731,V-Strom 650
BIKE_19732,
BIKE_19733,Guzzi V 85
BIKE_19734,Xv 950
BIKE_19735,Dyna Super Glide
BIKE_19736,Multistrada 1200
BIKE_19737,
BIKE_19738,Fjr 1300
BIKE_19739,Sportster 1200
BIKE_19740,S 1000 Xr
BIKE_19741,Guzzi V 9
BIKE_19742,Tracer 900
BIKE_19743,Tmax 530
BIKE_19744,1290 Super Duke R
BIKE_19745,R 1200 Gs
BIKE_19746,Hypermotard 796
BIKE_19747,Hypermotard 796
BIKE_19748,Hypermotard 796
BIKE_19749,Fjr 1300
BIKE_19750,1290 Super Duke R
BIKE_19751,Scarabeo
BIKE_19752,R 1200 Gs
BIKE_19753,Xt 1200
BIKE_19754,Custom Bike
BIKE_19755,Ybr 125
BIKE_19756,Guzzi V 7
BIKE_19757,R 1200 Gs
BIKE_19758,Segway
BIKE_19759,Ténéré 700
BIKE_19760,Monster 696
BIKE_19761,
BIKE_19762,Sportster Xl 883
BIKE_19763,Agusta F4 1000 R 312
BIKE_19764,Agusta F4 1000 R 312
BIKE_19765,Agusta F4 1000 R 312
BIKE_19766,Pr3 125
BIKE_19767,R Ninet
BIKE_19768,Scrambler
BIKE_19769,Fat Boy
BIKE_19770,Monster 797
BIKE_19771,Monster 797
BIKE_19772,Monster 797
BIKE_19773,Tracer 900
BIKE_19774,Ftr 1200
BIKE_19775,
BIKE_19776,
BIKE_19777,R 1200 Gs Adventure
BIKE_19778,Primavera
BIKE_19779,R 1200 Gs Adventure
BIKE_19780,Gas
BIKE_19781,
BIKE_19782,
BIKE_19783,Guzzi Bellagio
BIKE_19784,R 1200 Rs
BIKE_19785,Diavel
BIKE_19786,R 90/6
BIKE_19787,Gtr 1400
BIKE_19788,Am Outlander
BIKE_19789,X-Adv
BIKE_19790,R 1200 Rs
BIKE_19791,Streetfighter
BIKE_19792,Pk 125
BIKE_19793,C 650 Gt
BIKE_19794,Am Spyder F3-S
BIKE_19795,Bonneville T120
BIKE_19796,R 1250 Gs
BIKE_19797,Thunder 150
BIKE_19798,R 1250 Gs
BIKE_19799,F 900 R
BIKE_19800,Low Rider
BIKE_19801,1290 Super Duke R
BIKE_19802,Xdiavel
BIKE_19803,
BIKE_19804,Tmax 530
BIKE_19805,Rsv 1000 R
BIKE_19806,Mt-10
BIKE_19807,1098
BIKE_19808,1098
BIKE_19809,1098
BIKE_19810,K 1300 Gt
BIKE_19811,R Ninet
BIKE_19812,C 400 X
BIKE_19813,Ninja 650
BIKE_19814,R 1200 Gs Adventure
BIKE_19815,
BIKE_19816,Sportster 883
BIKE_19817,Nrx 1800
BIKE_19818,Dyna Wide Glide
BIKE_19819,Gsr 750
BIKE_19820,Hypermotard 821
BIKE_19821,Hypermotard 821
BIKE_19822,Hypermotard 821
BIKE_19823,Yzf-R6
BIKE_19824,Gsx-S 1000
BIKE_19825,Road King
BIKE_19826,
BIKE_19827,R Ninet
BIKE_19828,Guzzi California 1400
BIKE_19829,R 1200 Rs
BIKE_19830,K 1600
BIKE_19831,R 1200 Gs Adventure
BIKE_19832,
BIKE_19833,R 1250 Rs
BIKE_19834,Motors City Star
BIKE_19835,R 1200 Gs
BIKE_19836,390 Duke
BIKE_19837,998
BIKE_19838,998
BIKE_19839,998
BIKE_19840,Versys 1000
BIKE_19841,Tiger 1050
BIKE_19842,Forza 125
BIKE_19843,Fjr 1300
BIKE_19844,Z 650
BIKE_19845,Ranger
BIKE_19846,K 1300 R
BIKE_19847,Versys 1000
BIKE_19848,S 1000 Rr
BIKE_19849,Road King
BIKE_19850,F 850 Gs
BIKE_19851,Ténéré 700
BIKE_19852,Versys 1000
BIKE_19853,Zrx 1200
BIKE_19854,Springfield
BIKE_19855,Scrambler
BIKE_19856,790 Adventure
BIKE_19857,Electra Glide
BIKE_19858,Fat Boy
BIKE_19859,Gold Wing
BIKE_19860,Cbf 1000
BIKE_19861,
BIKE_19862,125 Duke
BIKE_19863,R 1200 Gs
BIKE_19864,Dyna Fat Bob
BIKE_19865,R 1200 Gs
BIKE_19866,Ninja 650
BIKE_19867,Beverly 300
BIKE_19868,Mp3 500
BIKE_19869,Guzzi California 1400
BIKE_19870,Road King
BIKE_19871,Guzzi V 35
BIKE_19872,Dyna Fat Bob
BIKE_19873,Like 125
BIKE_19874,R 1200 Gs Adventure
BIKE_19875,125 Duke
BIKE_19876,C 600 Sport
BIKE_19877,Road King
BIKE_19878,F 850 Gs
BIKE_19879,Agility 200
BIKE_19880,Cb 650
BIKE_19881,F 650 Gs
BIKE_19882,Cb 1000
BIKE_19883,Espro K2
BIKE_19884,R 1200 Gs
BIKE_19885,R 75/5
BIKE_19886,Fat Boy
BIKE_19887,Fat Bob
BIKE_19888,Mt-07
BIKE_19889,R 1200 Rt
BIKE_19890,Versys 1000
BIKE_19891,Cb 500
BIKE_19892,M1
BIKE_19893,M1
BIKE_19894,M1
BIKE_19895,S 1000 R
BIKE_19896,1198
BIKE_19897,Centro
BIKE_19898,500 Exc
BIKE_19899,500 Exc
BIKE_19900,500 Exc
BIKE_19901,R 1200 Gs Lc
BIKE_19902,Hp4
BIKE_19903,Hp4
BIKE_19904,Hp4
BIKE_19905,Blade 600
BIKE_19906,R 1250 Gs Adventure
BIKE_19907,R 1250 Gs Adventure
BIKE_19908,Scrambler
BIKE_19909,R 1200 Gs
BIKE_19910,G 310 Gs
BIKE_19911,Scrambler
BIKE_19912,Agusta
BIKE_19913,Agility 200
BIKE_19914,Bx 125
BIKE_19915,Ultra Limited
BIKE_19916,Tmax Dx
BIKE_19917,Thruxton
BIKE_19918,Thruxton
BIKE_19919,Bonneville Newchurch
BIKE_19920,Burgman 400
BIKE_19921,Sportster 1200
BIKE_19922,Z 900
BIKE_19923,
BIKE_19924,K 1300 R
BIKE_19925,Inazuma 250
BIKE_19926,Inazuma 250
BIKE_19927,Inazuma 250
BIKE_19928,Nc 750
BIKE_19929,1290 Super Duke R
BIKE_19930,R 1200 Rt
BIKE_19931,
BIKE_19932,Scrambler
BIKE_19933,Nc 750
BIKE_19934,Fiddle 50
BIKE_19935,Deluxe
BIKE_19936,Thruxton
BIKE_19937,
BIKE_19938,Xjr 1300
BIKE_19939,Ninja Zx-10R
BIKE_19940,Xenter 125
BIKE_19941,Er - 6 N
BIKE_19942,Tmax 530
BIKE_19943,Road King
BIKE_19944,Agusta Brutale
BIKE_19945,Cbr 650
BIKE_19946,Am Spyder F3-S
BIKE_19947,Yzf-R125
BIKE_19948,Rsv4
BIKE_19949,Vision Tour
BIKE_19950,Tracer 900
BIKE_19951,R Ninet
BIKE_19952,Hs4
BIKE_19953,Burgman 125
BIKE_19954,Diavel
BIKE_19955,Ape
BIKE_19956,Agusta Brutale
BIKE_19957,Cbr 1000
BIKE_19958,1290 Super Duke Gt
BIKE_19959,F 750 Gs
BIKE_19960,Crf 1000
BIKE_19961,
BIKE_19962,Guzzi
BIKE_19963,
BIKE_19964,Speed Triple 1050
BIKE_19965,
BIKE_19966,Am Spyder F3-S
BIKE_19967,
BIKE_19968,Am Ryker
BIKE_19969,Am Ryker
BIKE_19970,Am Ryker
BIKE_19971,300 Exc
BIKE_19972,300 Exc
BIKE_19973,300 Exc
BIKE_19974,Gsx-R 1000
BIKE_19975,Ftr 1200
BIKE_19976,Judge
BIKE_19977,F 800 Gs Adventure
BIKE_19978,Vlr 1800
BIKE_19979,Fjr 1300
BIKE_19980,S 1000 R
BIKE_19981,Sportster Forty Eight
BIKE_19982,899 Panigale
BIKE_19983,899 Panigale
BIKE_19984,899 Panigale
BIKE_19985,Gl 1800
BIKE_19986,Z 1000
BIKE_19987,Sportster 1200
BIKE_19988,Agility 125
BIKE_19989,Guzzi V 7
BIKE_19990,R 1200 Gs
BIKE_19991,
BIKE_19992,V-Strom 650
BIKE_19993,Pcx 125
BIKE_19994,Sportster Xl 883
BIKE_19995,Heritage Softail
BIKE_19996,Vitpilen
BIKE_19997,
BIKE_19998,Xdiavel
BIKE_19999,Cb 650
BIKE_20000,C 400 Gt
BIKE_20001,R 1250 Gs
BIKE_20002,Tmax 530
BIKE_20003,Agusta Brutale 800
BIKE_20004,Vision Tour
BIKE_20005,Tiger 800
BIKE_20006,Xv 950
BIKE_20007,R Ninet
BIKE_20008,R 1200 Gs
BIKE_20009,R 1200 R
BIKE_20010,Late Shovel
BIKE_20011,R Ninet
BIKE_20012,Tiger Sport
BIKE_20013,Fat Bob
BIKE_20014,R Ninet
BIKE_20015,Rsv4
BIKE_20016,Road King
BIKE_20017,R Ninet
BIKE_20018,Vtr 1000
BIKE_20019,Vtr 1000
BIKE_20020,Vtr 1000
BIKE_20021,Z 900
BIKE_20022,Fxd
BIKE_20023,Z 1000
BIKE_20024,Sh 150
BIKE_20025,R 1200 Gs
BIKE_20026,Dyna Street Bob
BIKE_20027,
BIKE_20028,K 1300 R
BIKE_20029,Yzf-R6
BIKE_20030,R Ninet
BIKE_20031,Scrambler
BIKE_20032,Z 800
BIKE_20033,390 Duke
BIKE_20034,K 1300 R
BIKE_20035,R 1200 Gs
BIKE_20036,Xsr 900
BIKE_20037,Yzf-R1
BIKE_20038,Scrambler
BIKE_20039,Road King
BIKE_20040,R 1200 Gs
BIKE_20041,Cmx 500
BIKE_20042,Cb 1000
BIKE_20043,Crf 1000
BIKE_20044,Tracer 900
BIKE_20045,Tmax 500
BIKE_20046,Multistrada 950
BIKE_20047,Multistrada 950
BIKE_20048,Multistrada 950
BIKE_20049,Versys 1000
BIKE_20050,Novantic
BIKE_20051,1290 Super Adventure
BIKE_20052,F 900 Xr
BIKE_20053,R 1200 Rt
BIKE_20054,Cb 1000
BIKE_20055,R 1200 Gs Adventure
BIKE_20056,Dyna Street Bob
BIKE_20057,Cbr 600
BIKE_20058,F 800 Gt
BIKE_20059,
BIKE_20060,R 1200 Gs
BIKE_20061,Xjr 1300
BIKE_20062,Speed Triple R
BIKE_20063,Road King
BIKE_20064,Cvo Breakout
BIKE_20065,R 1200 Gs
BIKE_20066,Sv 650
BIKE_20067,Agility 125
BIKE_20068,R 1200 Cl
BIKE_20069,R 1200 Cl
BIKE_20070,R 1200 Cl
BIKE_20071,R 1200 Rt
BIKE_20072,Cb 1000
BIKE_20073,Senda
BIKE_20074,Guzzi California
BIKE_20075,Street Rod
BIKE_20076,Street Rod
BIKE_20077,Street Rod
BIKE_20078,Dyna Street Bob
BIKE_20079,X 10
BIKE_20080,X 10
BIKE_20081,X 10
BIKE_20082,Rr 50
BIKE_20083,Thunderbird Lt
BIKE_20084,Thunderbird Lt
BIKE_20085,Thunderbird Lt
BIKE_20086,T 500
BIKE_20087,S 1000 Rr
BIKE_20088,Street Glide
BIKE_20089,V-Strom 650
BIKE_20090,F 850 Gs
BIKE_20091,Mp3 500
BIKE_20092,
BIKE_20093,
BIKE_20094,250 Exc
BIKE_20095,250 Exc
BIKE_20096,250 Exc
BIKE_20097,Heritage Softail
BIKE_20098,F 800 Gs
BIKE_20099,R 1200 Gs
BIKE_20100,R 1200 Rt
BIKE_20101,Am Ryker
BIKE_20102,Am Ryker
BIKE_20103,Am Ryker
BIKE_20104,49X
BIKE_20105,Cbf 125
BIKE_20106,Z 1000
BIKE_20107,R Ninet
BIKE_20108,Vn 900
BIKE_20109,Grand Dink 125
BIKE_20110,R 1200 Gs Adventure
BIKE_20111,
BIKE_20112,W 800
BIKE_20113,Electra Glide
BIKE_20114,R Ninet
BIKE_20115,R 1200 Gs Adventure
BIKE_20116,Fxd
BIKE_20117,Yzf-R1
BIKE_20118,Super Glide
BIKE_20119,1190 Adventure
BIKE_20120,Streetfighter
BIKE_20121,Tmax 530
BIKE_20122,Niken
BIKE_20123,Mt-07
BIKE_20124,Fjr 1300
BIKE_20125,Nz 500
BIKE_20126,Dink 125
BIKE_20127,K 1600 B
BIKE_20128,K 1600 B
BIKE_20129,K 1600 B
BIKE_20130,Agusta Brutale 800
BIKE_20131,
BIKE_20132,F 800 Gs
BIKE_20133,Mt-09
BIKE_20134,Yfz 450
BIKE_20135,C 650 Gt
BIKE_20136,R Ninet
BIKE_20137,R Ninet
BIKE_20138,R 1200 R
BIKE_20139,Fat Boy
BIKE_20140,Monster 821
BIKE_20141,Ténéré 700
BIKE_20142,Xtm
BIKE_20143,1190 Rc8
BIKE_20144,1190 Rc8
BIKE_20145,1190 Rc8
BIKE_20146,F 800 R
BIKE_20147,Cbx 1000
BIKE_20148,Cbx 1000
BIKE_20149,Cbx 1000
BIKE_20150,Tmax 560
BIKE_20151,Gsx 1100
BIKE_20152,Gsx 1100
BIKE_20153,Gsx 1100
BIKE_20154,Ninja H2
BIKE_20155,1290 Super Duke Gt
BIKE_20156,R 1200 Rt
BIKE_20157,X-Adv
BIKE_20158,Cbr 500 R
BIKE_20159,Crf 1000
BIKE_20160,Sportster
BIKE_20161,1290 Super Duke R
BIKE_20162,
BIKE_20163,Mt-10
BIKE_20164,F 800 Gs
BIKE_20165,X-Adv
BIKE_20166,Z 900
BIKE_20167,Sportsman 570
BIKE_20168,Trike Low Rider
BIKE_20169,Trike Low Rider
BIKE_20170,Trike Low Rider
BIKE_20171,Road King
BIKE_20172,Tmax 530
BIKE_20173,Sv 650
BIKE_20174,Gsx-R 600
BIKE_20175,150 Xc
BIKE_20176,Monster S4R
BIKE_20177,Monster S4R
BIKE_20178,Monster S4R
BIKE_20179,Chieftain
BIKE_20180,Crf 1000
BIKE_20181,Downtown 125I
BIKE_20182,Guzzi V 7
BIKE_20183,R 1250 Gs Adventure
BIKE_20184,Tracer 900
BIKE_20185,Moto Zforce 800
BIKE_20186,R 1250 Rs
BIKE_20187,
BIKE_20188,S 1000 Xr
BIKE_20189,S 1000 Rr
BIKE_20190,Z 650
BIKE_20191,Tmax 530
BIKE_20192,Multistrada 1200
BIKE_20193,Gtv 250
BIKE_20194,K 1300
BIKE_20195,
BIKE_20196,Fat Boy
BIKE_20197,Ybr 125
BIKE_20198,
BIKE_20199,1290 Super Duke Gt
BIKE_20200,F 700 Gs
BIKE_20201,R 1200 Gs
BIKE_20202,790 Adventure
BIKE_20203,Karion 125
BIKE_20204,M 1800 R
BIKE_20205,M 1800 R
BIKE_20206,M 1800 R
BIKE_20207,Tiger 800
BIKE_20208,990 Supermoto
BIKE_20209,
BIKE_20210,Hypermotard 796
BIKE_20211,Hypermotard 796
BIKE_20212,Hypermotard 796
BIKE_20213,750
BIKE_20214,750
BIKE_20215,750
BIKE_20216,
BIKE_20217,Versys 650
BIKE_20218,848
BIKE_20219,848
BIKE_20220,848
BIKE_20221,Agusta Brutale
BIKE_20222,1200 Custom
BIKE_20223,Sportster 1200
BIKE_20224,Softail
BIKE_20225,Monster S4R
BIKE_20226,Monster S4R
BIKE_20227,Monster S4R
BIKE_20228,Ninja Zx-10R
BIKE_20229,Gsx-R 600
BIKE_20230,Tracer 900
BIKE_20231,Softail
BIKE_20232,Multistrada 1260
BIKE_20233,Street Triple 765
BIKE_20234,X-Adv
BIKE_20235,Xtz 1200
BIKE_20236,Z1000 Sx
BIKE_20237,R 1200 Rt
BIKE_20238,1290 Super Duke R
BIKE_20239,Tracer 900
BIKE_20240,Shadow 750
BIKE_20241,1290 Super Duke R
BIKE_20242,Heritage Softail
BIKE_20243,Road King
BIKE_20244,R 80 Rt
BIKE_20245,R 1200 Gs
BIKE_20246,1290 Super Adventure
BIKE_20247,790 Adventure
BIKE_20248,Vfr 1200
BIKE_20249,Rf1
BIKE_20250,Integra
BIKE_20251,Fireblade
BIKE_20252,V-Strom 1050
BIKE_20253,1290 Super Adventure
BIKE_20254,R 1200 Rs
BIKE_20255,
BIKE_20256,1290 Super Adventure
BIKE_20257,701 Enduro
BIKE_20258,R 1200 R
BIKE_20259,Sprint
BIKE_20260,R 1150 R
BIKE_20261,R 1150 R
BIKE_20262,R 1150 R
BIKE_20263,F 900 Xr
BIKE_20264,Tmax Dx
BIKE_20265,Gamini
BIKE_20266,Ranger
BIKE_20267,R 1200 R
BIKE_20268,Dyna Fat Bob
BIKE_20269,Tmax 530
BIKE_20270,Cb 125
BIKE_20271,Rocket Iii Roadster
BIKE_20272,Guzzi
BIKE_20273,R Ninet
BIKE_20274,Mt-09
BIKE_20275,
BIKE_20276,Vn 1700
BIKE_20277,Hp 2 Megamoto
BIKE_20278,Tracer 900
BIKE_20279,Mt-09
BIKE_20280,R 1200 Gs Adventure
BIKE_20281,959 Panigale
BIKE_20282,
BIKE_20283,R 1200 Gs Adventure
BIKE_20284,Speed Triple R
BIKE_20285,Agusta Brutale 675
BIKE_20286,R Ninet
BIKE_20287,Moto Code 125
BIKE_20288,Like 125
BIKE_20289,959 Panigale
BIKE_20290,
BIKE_20291,Monster 696
BIKE_20292,Tiger 800
BIKE_20293,Scrambler
BIKE_20294,R Ninet
BIKE_20295,Bonneville T100
BIKE_20296,
BIKE_20297,
BIKE_20298,
BIKE_20299,Multistrada 1200
BIKE_20300,R 1200 Gs
BIKE_20301,Ténéré 700
BIKE_20302,Hypermotard 950
BIKE_20303,Fjr 1300
BIKE_20304,Panigale V4
BIKE_20305,Softail
BIKE_20306,Rsv4
BIKE_20307,Am Rally
BIKE_20308,
BIKE_20309,Bonneville Bobber
BIKE_20310,Medley 150
BIKE_20311,Sx 50
BIKE_20312,Sx 50
BIKE_20313,Sx 50
BIKE_20314,Z 800
BIKE_20315,R 1200 Gs Adventure
BIKE_20316,
BIKE_20317,1290 Super Adventure
BIKE_20318,1090 Adventure
BIKE_20319,1090 Adventure
BIKE_20320,1090 Adventure
BIKE_20321,1290 Super Adventure
BIKE_20322,Niken
BIKE_20323,Xdiavel
BIKE_20324,Versys 1000
BIKE_20325,
BIKE_20326,Agusta Brutale 1090
BIKE_20327,R 1200 Gs
BIKE_20328,50E
BIKE_20329,S 1000 Xr
BIKE_20330,690 Duke
BIKE_20331,Vn 900
BIKE_20332,
BIKE_20333,V-Rod
BIKE_20334,Versys 650
BIKE_20335,C 650 Gt
BIKE_20336,
BIKE_20337,F 750 Gs
BIKE_20338,Tmax 530
BIKE_20339,Tmax Dx
BIKE_20340,Cbf 500
BIKE_20341,R 1200 Gs Adventure
BIKE_20342,F 900 Xr
BIKE_20343,Fireblade
BIKE_20344,Ak 550
BIKE_20345,Cvo Limited
BIKE_20346,Tiger 1200
BIKE_20347,Gtr 1400
BIKE_20348,Heritage
BIKE_20349,Sportster Xl 883
BIKE_20350,X-Max 250
BIKE_20351,R 1250 Gs Adventure
BIKE_20352,Dorsoduro
BIKE_20353,R 1250 R
BIKE_20354,R 1200 Gs
BIKE_20355,Tmax 530
BIKE_20356,Softail
BIKE_20357,Electra Glide
BIKE_20358,F 750 Gs
BIKE_20359,Tmax Dx
BIKE_20360,Agusta Rivale 800
BIKE_20361,Nc 750
BIKE_20362,Mt-09
BIKE_20363,Agility 125
BIKE_20364,Dyna Wide Glide
BIKE_20365,990 Super Duke
BIKE_20366,F 800 Gs
BIKE_20367,Heritage Softail
BIKE_20368,Ninja Zx-6R
BIKE_20369,Custom Bike
BIKE_20370,Scout
BIKE_20371,R 1200 Gs
BIKE_20372,Mt-10
BIKE_20373,Guzzi V 85
BIKE_20374,K 1300 R
BIKE_20375,Z1000 Sx
BIKE_20376,Road King
BIKE_20377,R Ninet
BIKE_20378,V-Strom 1000
BIKE_20379,Fat Boy
BIKE_20380,Softail
BIKE_20381,Mio
BIKE_20382,
BIKE_20383,
BIKE_20384,
BIKE_20385,Gsx-S 750
BIKE_20386,900 Z
BIKE_20387,900 Z
BIKE_20388,900 Z
BIKE_20389,Evo 80
BIKE_20390,R18
BIKE_20391,B 50
BIKE_20392,
BIKE_20393,F 750 Gs
BIKE_20394,R 1200 Gs Adventure
BIKE_20395,Street Glide
BIKE_20396,Moto Cforce 625
BIKE_20397,
BIKE_20398,
BIKE_20399,
BIKE_20400,
BIKE_20401,Agility 125
BIKE_20402,R 1200 Rt
BIKE_20403,Hp4
BIKE_20404,Hp4
BIKE_20405,Hp4
BIKE_20406,X-Max 400
BIKE_20407,Crf 1100
BIKE_20408,Gsx-R 750
BIKE_20409,Cb 1000
BIKE_20410,Cb 500
BIKE_20411,
BIKE_20412,Softail Slim
BIKE_20413,Tiger 800
BIKE_20414,R Ninet
BIKE_20415,Softail
BIKE_20416,Xt 1200
BIKE_20417,Pcx 125
BIKE_20418,Livewire
BIKE_20419,1000 Sport
BIKE_20420,1290 Super Adventure
BIKE_20421,Cbr 125
BIKE_20422,
BIKE_20423,Street Glide
BIKE_20424,Softail
BIKE_20425,Panigale V4
BIKE_20426,R Ninet
BIKE_20427,F 800 R
BIKE_20428,Yzf-R6
BIKE_20429,X-Max 250
BIKE_20430,Am Maverick
BIKE_20431,Versys 1000
BIKE_20432,C 600
BIKE_20433,C 600
BIKE_20434,C 600
BIKE_20435,Z 900
BIKE_20436,F 700 Gs
BIKE_20437,Electra Glide
BIKE_20438,K 1600 Gt
BIKE_20439,
BIKE_20440,Sportcity 250
BIKE_20441,Fz 8
BIKE_20442,Nsc 50 R
BIKE_20443,Nsc 50 R
BIKE_20444,Nsc 50 R
BIKE_20445,Custom Bike
BIKE_20446,X 10
BIKE_20447,X 10
BIKE_20448,X 10
BIKE_20449,Enfield
BIKE_20450,R 1200 Gs Lc
BIKE_20451,Sh 300
BIKE_20452,K 1600
BIKE_20453,Cb 650
BIKE_20454,Mt-10
BIKE_20455,Sportster Xl 883
BIKE_20456,High-Ball
BIKE_20457,F 800 Gs Adventure
BIKE_20458,
BIKE_20459,F 800 Gt
BIKE_20460,R 1200 Rt
BIKE_20461,
BIKE_20462,Cb 750
BIKE_20463,F 12
BIKE_20464,Cb 500
BIKE_20465,Nrx 1800
BIKE_20466,R 1200 Rt
BIKE_20467,899 Panigale
BIKE_20468,899 Panigale
BIKE_20469,899 Panigale
BIKE_20470,
BIKE_20471,F 800 R
BIKE_20472,Fxd
BIKE_20473,Raptor 700
BIKE_20474,
BIKE_20475,Scrambler
BIKE_20476,Tmax Sx
BIKE_20477,790 Adventure
BIKE_20478,Cbr 1000
BIKE_20479,R 80 Rt
BIKE_20480,G 310 Gs
BIKE_20481,
BIKE_20482,
BIKE_20483,
BIKE_20484,Tmax 530
BIKE_20485,Road King
BIKE_20486,R 1200 Gs Adventure
BIKE_20487,Multistrada 1260
BIKE_20488,Yzf-R1
BIKE_20489,Guzzi Lodola
BIKE_20490,Bonneville T100
BIKE_20491,Agility 200
BIKE_20492,Sportster Forty Eight
BIKE_20493,Tmax 530
BIKE_20494,Forza 125
BIKE_20495,Yzf-R1
BIKE_20496,Fat Boy
BIKE_20497,Versys 650
BIKE_20498,R 1200 Gs Adventure
BIKE_20499,Monster 821
BIKE_20500,R 1200 Gs Adventure
BIKE_20501,Multistrada 950
BIKE_20502,Multistrada 950
BIKE_20503,Multistrada 950
BIKE_20504,Dyna Street Bob
BIKE_20505,Z 800
BIKE_20506,Versys 650
BIKE_20507,Gsx-S 1000
BIKE_20508,Address
BIKE_20509,Versys 1000
BIKE_20510,Z 900
BIKE_20511,
BIKE_20512,R 1200 Rt
BIKE_20513,Tmax 530
BIKE_20514,Road King
BIKE_20515,Sportster 1200
BIKE_20516,Vfr 1200
BIKE_20517,Z 1000
BIKE_20518,Zl 900
BIKE_20519,Custom Bike
BIKE_20520,Z H2
BIKE_20521,
BIKE_20522,Allo
BIKE_20523,Allo
BIKE_20524,Allo
BIKE_20525,Vision Tour
BIKE_20526,
BIKE_20527,1290 Super Duke R
BIKE_20528,Cb 1000
BIKE_20529,F 900 R
BIKE_20530,Zzr 1400
BIKE_20531,Multistrada 1200
BIKE_20532,Cb 650
BIKE_20533,Liberty 50
BIKE_20534,Z 1000
BIKE_20535,F 800 R
BIKE_20536,
BIKE_20537,F 750 Gs
BIKE_20538,Street Glide
BIKE_20539,Vmax
BIKE_20540,Fat Boy
BIKE_20541,Bonneville T100
BIKE_20542,Fz 8
BIKE_20543,1299 Panigale
BIKE_20544,
BIKE_20545,
BIKE_20546,1290 Super Duke R
BIKE_20547,Blade 1000
BIKE_20548,Sr 50
BIKE_20549,1290 Super Adventure
BIKE_20550,R Ninet
BIKE_20551,Mt-01
BIKE_20552,Ninja 250 R
BIKE_20553,Ninja 250 R
BIKE_20554,Ninja 250 R
BIKE_20555,996
BIKE_20556,Guzzi
BIKE_20557,
BIKE_20558,Softail Slim
BIKE_20559,R 1200 Gs Adventure
BIKE_20560,
BIKE_20561,Atlantic 300
BIKE_20562,Beverly 300
BIKE_20563,Pan European
BIKE_20564,1290 Super Adventure
BIKE_20565,Scrambler
BIKE_20566,R 1200 Rt
BIKE_20567,Street Rod
BIKE_20568,Street Rod
BIKE_20569,Street Rod
BIKE_20570,Zxr 750
BIKE_20571,People 125
BIKE_20572,Burgman 400
BIKE_20573,Z 900
BIKE_20574,Sportster 883
BIKE_20575,
BIKE_20576,
BIKE_20577,R 1200 Gs Adventure
BIKE_20578,Tiger 800
BIKE_20579,Vfr 800
BIKE_20580,1125 R
BIKE_20581,R 1200 C
BIKE_20582,Mxu 150
BIKE_20583,R 1200 Gs
BIKE_20584,Rr 125
BIKE_20585,Rr 125
BIKE_20586,Rr 125
BIKE_20587,F 900 R
BIKE_20588,R 1200 Rt
BIKE_20589,Xrv 750
BIKE_20590,Z 400
BIKE_20591,Z 400
BIKE_20592,Z 400
BIKE_20593,Roadster
BIKE_20594,Fjr 1300
BIKE_20595,C 650 Gt
BIKE_20596,Vs 800
BIKE_20597,Mt-09
BIKE_20598,1190 Adventure
BIKE_20599,
BIKE_20600,Tracer 900
BIKE_20601,Ninja 300
BIKE_20602,Gtr 1400
BIKE_20603,Gl 1500
BIKE_20604,Am Outlander
BIKE_20605,Tiger 800
BIKE_20606,Ninja 1000Sx
BIKE_20607,1000 Ss
BIKE_20608,Street Triple Rx
BIKE_20609,Street Triple Rx
BIKE_20610,Street Triple Rx
BIKE_20611,R 1250 Gs
BIKE_20612,Street Twin
BIKE_20613,Streetfighter
BIKE_20614,R 1250 Rt
BIKE_20615,
BIKE_20616,Multistrada 950
BIKE_20617,Multistrada 950
BIKE_20618,Multistrada 950
BIKE_20619,S 1000 Xr
BIKE_20620,Pcx 150
BIKE_20621,Pcx 150
BIKE_20622,Pcx 150
BIKE_20623,Tiger 800
BIKE_20624,Gsx-R 1100
BIKE_20625,Vtx 1300
BIKE_20626,R 1200 Gs Lc
BIKE_20627,R 1200 Gs Adventure
BIKE_20628,Bx 125
BIKE_20629,Vitpilen
BIKE_20630,Fzr 1000
BIKE_20631,F 900 Xr
BIKE_20632,Racing 125
BIKE_20633,K 1300 S
BIKE_20634,
BIKE_20635,Sh 300
BIKE_20636,Hayabusa
BIKE_20637,R 1200 Rt
BIKE_20638,Yzf-R125
BIKE_20639,Symphony 50
BIKE_20640,Symphony 50
BIKE_20641,Symphony 50
BIKE_20642,Sportster Xl 883
BIKE_20643,Am Spyder Rt
BIKE_20644,Cb 1100
BIKE_20645,Agility 125
BIKE_20646,R 1250 Gs
BIKE_20647,Panigale V4
BIKE_20648,R 1200 Gs Adventure
BIKE_20649,Sportster 1200
BIKE_20650,Z 1000
BIKE_20651,Versys 650
BIKE_20652,Gtr 1400
BIKE_20653,Sh 150
BIKE_20654,Visar 125I
BIKE_20655,Cb 650
BIKE_20656,R 1200 Gs
BIKE_20657,Aroma
BIKE_20658,
BIKE_20659,
BIKE_20660,R 1200 Gs Adventure
BIKE_20661,V-Strom 1050
BIKE_20662,Street Triple R
BIKE_20663,Liberty 50
BIKE_20664,790 Adventure
BIKE_20665,690 Smc
BIKE_20666,690 Smc
BIKE_20667,690 Smc
BIKE_20668,Caballero 50
BIKE_20669,R 1200 Gs Lc
BIKE_20670,
BIKE_20671,Mp3 250
BIKE_20672,Cvo Limited
BIKE_20673,Niken
BIKE_20674,R 1200 R
BIKE_20675,Gsx 1250
BIKE_20676,Mt-01
BIKE_20677,Street Twin
BIKE_20678,
BIKE_20679,Memory
BIKE_20680,R 1200 Gs
BIKE_20681,R 1200 Rt
BIKE_20682,Xjr 1300
BIKE_20683,Moto Cforce 520
BIKE_20684,Moto Cforce 520
BIKE_20685,Moto Cforce 520
BIKE_20686,F 700 Gs
BIKE_20687,Cb 1000
BIKE_20688,
BIKE_20689,X-Max 250
BIKE_20690,1290 Super Duke R
BIKE_20691,Vrsc V-Rod
BIKE_20692,Symphony 125
BIKE_20693,F 900 R
BIKE_20694,R 1200 Rt
BIKE_20695,R Ninet
BIKE_20696,
BIKE_20697,1299 Panigale
BIKE_20698,Rs 660
BIKE_20699,K 1300
BIKE_20700,Xdiavel
BIKE_20701,
BIKE_20702,
BIKE_20703,Crf 450
BIKE_20704,790 Duke
BIKE_20705,Katana 1000
BIKE_20706,Katana 1000
BIKE_20707,Katana 1000
BIKE_20708,Cb 1300
BIKE_20709,R 1250 Gs Adventure
BIKE_20710,Gsx-R 1000
BIKE_20711,Fjr 1300
BIKE_20712,R 1200 Rt
BIKE_20713,Nc 750
BIKE_20714,Sportster 1200
BIKE_20715,S 1000 Xr
BIKE_20716,
BIKE_20717,Liberty 125
BIKE_20718,Cb 500
BIKE_20719,Monster 821
BIKE_20720,Ds 650
BIKE_20721,S 1000 Rr
BIKE_20722,Speedjet 50
BIKE_20723,Ape
BIKE_20724,
BIKE_20725,Tmax 530
BIKE_20726,998
BIKE_20727,998
BIKE_20728,998
BIKE_20729,Xciting 400I
BIKE_20730,Ak 550
BIKE_20731,
BIKE_20732,R 1200 Gs
BIKE_20733,Yxz 1000
BIKE_20734,S 1000 Rr
BIKE_20735,Yzf-R6
BIKE_20736,1050 Adventure
BIKE_20737,Z 900
BIKE_20738,Xvs 950
BIKE_20739,R 1200 Gs Adventure
BIKE_20740,V-Strom 650
BIKE_20741,Sportster 1200
BIKE_20742,Gtr 1400
BIKE_20743,Z 900
BIKE_20744,Guzzi
BIKE_20745,690 Smc
BIKE_20746,690 Smc
BIKE_20747,690 Smc
BIKE_20748,R 1200 Gs Adventure
BIKE_20749,Monster 1200
BIKE_20750,Xtz 1200
BIKE_20751,Hypermotard 821
BIKE_20752,Hypermotard 821
BIKE_20753,Hypermotard 821
BIKE_20754,R 1200 Gs Adventure
BIKE_20755,Guzzi
BIKE_20756,Mt-07
BIKE_20757,Iron 883
BIKE_20758,Guzzi V 85
BIKE_20759,R Ninet
BIKE_20760,Mt-07
BIKE_20761,Tuono
BIKE_20762,
BIKE_20763,Liberty 50
BIKE_20764,Address
BIKE_20765,Z 1000
BIKE_20766,F 900 R
BIKE_20767,Hammer 8-Ball
BIKE_20768,C 400 Gt
BIKE_20769,X-Town
BIKE_20770,Mp3 400
BIKE_20771,Mp3 400
BIKE_20772,Mp3 400
BIKE_20773,Flory 25
BIKE_20774,Xt 700
BIKE_20775,Crf 450
BIKE_20776,Z 650
BIKE_20777,Cb 100
BIKE_20778,Cb 100
BIKE_20779,Cb 100
BIKE_20780,Z 900
BIKE_20781,Agusta Brutale 990
BIKE_20782,Agusta Brutale 990
BIKE_20783,Agusta Brutale 990
BIKE_20784,S 1000 Xr
BIKE_20785,Streetfighter
BIKE_20786,R 1200 Gs
BIKE_20787,Sportster
BIKE_20788,Tmax 560
BIKE_20789,Tuono
BIKE_20790,Sportster Forty Eight
BIKE_20791,Xjr 1300
BIKE_20792,Versys 650
BIKE_20793,Guzzi V 7
BIKE_20794,R 1200 Gs Adventure
BIKE_20795,Xt 1200
BIKE_20796,Vulcan S
BIKE_20797,Yiying
BIKE_20798,Yiying
BIKE_20799,Yiying
BIKE_20800,Guzzi California 1400
BIKE_20801,X-Max 300
BIKE_20802,Tricity
BIKE_20803,Ninja H2
BIKE_20804,Z 1000
BIKE_20805,K 1600 Gt
BIKE_20806,Dn-01
BIKE_20807,Dn-01
BIKE_20808,Dn-01
BIKE_20809,F 800 Gt
BIKE_20810,Gsx-S 1000
BIKE_20811,K 1300 R
BIKE_20812,Scrambler
BIKE_20813,F 800 R
BIKE_20814,Road Glide
BIKE_20815,
BIKE_20816,
BIKE_20817,C Evolution
BIKE_20818,R 1200 Gs
BIKE_20819,X-Max 300
BIKE_20820,Xciting 500I
BIKE_20821,Xciting 500I
BIKE_20822,Xciting 500I
BIKE_20823,Fz 6
BIKE_20824,Beverly 300
BIKE_20825,Sportster 1200
BIKE_20826,Monster 796
BIKE_20827,Monster 796
BIKE_20828,Monster 796
BIKE_20829,Xl 1200
BIKE_20830,
BIKE_20831,R 1200 Rt
BIKE_20832,Moto Cforce 800
BIKE_20833,F 900 R
BIKE_20834,Pcx 125
BIKE_20835,R 1200 Rt
BIKE_20836,
BIKE_20837,Thruxton
BIKE_20838,Supermoto 125
BIKE_20839,K 1300 S
BIKE_20840,Sportster
BIKE_20841,Tiger Explorer
BIKE_20842,
BIKE_20843,Caponord 1200
BIKE_20844,Sh 300
BIKE_20845,R 1200 Gs Adventure
BIKE_20846,Crf 1100
BIKE_20847,V-Rod
BIKE_20848,Ultra Classic
BIKE_20849,Electra Glide
BIKE_20850,1198
BIKE_20851,Cb 650
BIKE_20852,Vzr 1800
BIKE_20853,Sh 300
BIKE_20854,Zr 1000
BIKE_20855,Zr 1000
BIKE_20856,Zr 1000
BIKE_20857,Tmax Dx
BIKE_20858,Fjr 1300
BIKE_20859,Tiger Sport
BIKE_20860,
BIKE_20861,Guzzi V 7
BIKE_20862,F 800 Gs
BIKE_20863,Vlr 1800
BIKE_20864,Z 900
BIKE_20865,Memory
BIKE_20866,Gsx-R 1000
BIKE_20867,Z 900
BIKE_20868,Z 1000
BIKE_20869,K 1600 Gt
BIKE_20870,Xsr 700
BIKE_20871,Versys 1000
BIKE_20872,250 Exc
BIKE_20873,250 Exc
BIKE_20874,250 Exc
BIKE_20875,Multistrada 1200
BIKE_20876,Z 1000
BIKE_20877,Rsv4
BIKE_20878,Night Rod
BIKE_20879,Agility 200
BIKE_20880,Bandit 600
BIKE_20881,Xl 1200
BIKE_20882,Crf 1000
BIKE_20883,Versys 650
BIKE_20884,Street Glide
BIKE_20885,Ak 550
BIKE_20886,Cbr 250
BIKE_20887,Cbr 250
BIKE_20888,Cbr 250
BIKE_20889,Guzzi Galletto
BIKE_20890,
BIKE_20891,Agusta Brutale 675
BIKE_20892,Yzf-R6
BIKE_20893,Low Rider
BIKE_20894,
BIKE_20895,Multistrada 1200
BIKE_20896,R 1200 Gs
BIKE_20897,Yiying
BIKE_20898,Yiying
BIKE_20899,Yiying
BIKE_20900,
BIKE_20901,1299 Panigale
BIKE_20902,Novum
BIKE_20903,Sr 50
BIKE_20904,Xjr 1300
BIKE_20905,Ninja Zx-10R
BIKE_20906,X-Max 300
BIKE_20907,Cbx 1000
BIKE_20908,Cbx 1000
BIKE_20909,Cbx 1000
BIKE_20910,Agusta Brutale 1090
BIKE_20911,Versys-X 300
BIKE_20912,Gl 1800
BIKE_20913,Gsx-S 1000
BIKE_20914,Intruder M
BIKE_20915,Intruder M
BIKE_20916,Intruder M
BIKE_20917,690 Duke
BIKE_20918,Xsr 700
BIKE_20919,Versys 1000
BIKE_20920,Cbr 1000
BIKE_20921,
BIKE_20922,Rocket Iii Touring
BIKE_20923,R 1200 Gs Adventure
BIKE_20924,Tmax Sx
BIKE_20925,K 1600 Gtl
BIKE_20926,1290 Super Duke Gt
BIKE_20927,R 100 R
BIKE_20928,Sportster 1200
BIKE_20929,790 Duke
BIKE_20930,X-Max 250
BIKE_20931,Sportster Forty Eight
BIKE_20932,959 Panigale
BIKE_20933,C Evolution
BIKE_20934,Crf 1100
BIKE_20935,Monster 1100
BIKE_20936,
BIKE_20937,R 1200 R
BIKE_20938,Electra Glide
BIKE_20939,Tricity
BIKE_20940,Scr 950
BIKE_20941,
BIKE_20942,Cbf 125
BIKE_20943,
BIKE_20944,Diavel
BIKE_20945,Dink 125
BIKE_20946,
BIKE_20947,Yzf-R1
BIKE_20948,F 900 R
BIKE_20949,Late Shovel
BIKE_20950,Z 900
BIKE_20951,
BIKE_20952,Tracer 900
BIKE_20953,Hypermotard 939
BIKE_20954,
BIKE_20955,
BIKE_20956,R18
BIKE_20957,Cbr 1000
BIKE_20958,R 1200 Gs
BIKE_20959,
BIKE_20960,Nc 750
BIKE_20961,200 Duke
BIKE_20962,Sportster 1200
BIKE_20963,Ultra Limited
BIKE_20964,Cbr 600
BIKE_20965,Gsr 750
BIKE_20966,Scrambler
BIKE_20967,Sportster Xl 883
BIKE_20968,Intruder C
BIKE_20969,Ybr 125
BIKE_20970,Gts 300
BIKE_20971,Gts 300
BIKE_20972,Gts 300
BIKE_20973,1199 Panigale
BIKE_20974,Gsx-R 1000
BIKE_20975,S 1000 Rr
BIKE_20976,R 1200 Gs
BIKE_20977,Ybr 125
BIKE_20978,Crosstourer
BIKE_20979,Ninja 650
BIKE_20980,S 1000 Rr
BIKE_20981,S 1000 R
BIKE_20982,Ape
BIKE_20983,Spin 50
BIKE_20984,Mt-125
BIKE_20985,Street Triple 765
BIKE_20986,R 1200 Gs
BIKE_20987,Xv 1900
BIKE_20988,R 1200 Gs
BIKE_20989,Versys 650
BIKE_20990,Road King
BIKE_20991,Crf 1000
BIKE_20992,2.9
BIKE_20993,
BIKE_20994,
BIKE_20995,Ténéré 700
BIKE_20996,Cb 1000
BIKE_20997,Tmax 530
BIKE_20998,900 Z1
BIKE_20999,900 Z1
BIKE_21000,900 Z1
BIKE_21001,Yxz 1000
BIKE_21002,Sh 300
BIKE_21003,Thunderbird Sport
BIKE_21004,Cbr 1000
BIKE_21005,
BIKE_21006,Hp4
BIKE_21007,Hp4
BIKE_21008,Hp4
BIKE_21009,Z 750
BIKE_21010,Crf 1000
BIKE_21011,
BIKE_21012,1290 Super Adventure
BIKE_21013,R 1200 Rt
BIKE_21014,Silver Wing
BIKE_21015,Silver Wing
BIKE_21016,Silver Wing
BIKE_21017,
BIKE_21018,R Ninet
BIKE_21019,Senda
BIKE_21020,Agusta Turismo Veloce 800
BIKE_21021,Scrambler
BIKE_21022,Agusta F4
BIKE_21023,Gsx-R 1000
BIKE_21024,
BIKE_21025,Star 200
BIKE_21026,Scrambler
BIKE_21027,Vn 800
BIKE_21028,Mt-09
BIKE_21029,Ivory 500
BIKE_21030,V-Strom 650
BIKE_21031,Ninja 250 R
BIKE_21032,Ninja 250 R
BIKE_21033,Ninja 250 R
BIKE_21034,R 1200 Gs
BIKE_21035,R 1200 Rt
BIKE_21036,1098
BIKE_21037,1098
BIKE_21038,1098
BIKE_21039,Mt-09
BIKE_21040,Joyride 200
BIKE_21041,Joyride 200
BIKE_21042,Joyride 200
BIKE_21043,Electra Glide
BIKE_21044,F 900 Xr
BIKE_21045,K 1300 S
BIKE_21046,790 Duke
BIKE_21047,F 900 R
BIKE_21048,Ninja 650
BIKE_21049,Gsx-S 1000
BIKE_21050,Gl 1800
BIKE_21051,Agility 125
BIKE_21052,Road King
BIKE_21053,
BIKE_21054,990 Supermoto
BIKE_21055,Cbr 1000
BIKE_21056,R 1200 Rt
BIKE_21057,F 850 Gs
BIKE_21058,Vtx 1800
BIKE_21059,Am 800 Renegade
BIKE_21060,Am 800 Renegade
BIKE_21061,Am 800 Renegade
BIKE_21062,Am Traxter
BIKE_21063,Cb 500
BIKE_21064,Versys 1000
BIKE_21065,B King
BIKE_21066,M1
BIKE_21067,M1
BIKE_21068,M1
BIKE_21069,Neos 50
BIKE_21070,Agility 125
BIKE_21071,Dyna Street Bob
BIKE_21072,Sportster Forty Eight
BIKE_21073,Sportster
BIKE_21074,Multistrada 1200
BIKE_21075,R 1200 Gs Adventure
BIKE_21076,R Ninet
BIKE_21077,R 1200 Rs
BIKE_21078,250
BIKE_21079,Mp3 Lt
BIKE_21080,R 1200 Rs
BIKE_21081,C 400 X
BIKE_21082,1290 Super Adventure
BIKE_21083,Xt 1200
BIKE_21084,Streetfighter
BIKE_21085,Mt-09
BIKE_21086,Vulcan S
BIKE_21087,Ns 400
BIKE_21088,R 1250 R
BIKE_21089,R 1200 Gs Lc
BIKE_21090,Xv 1900
BIKE_21091,R18
BIKE_21092,
BIKE_21093,Cbr 1000
BIKE_21094,Z 800
BIKE_21095,899 Panigale
BIKE_21096,899 Panigale
BIKE_21097,899 Panigale
BIKE_21098,Ninja Zx-6R
BIKE_21099,R Ninet
BIKE_21100,R 1200 Rs
BIKE_21101,Sh 150
BIKE_21102,Tuono
BIKE_21103,Xsr 700
BIKE_21104,R 1200
BIKE_21105,999
BIKE_21106,K 1600 B
BIKE_21107,K 1600 B
BIKE_21108,K 1600 B
BIKE_21109,Bn 125
BIKE_21110,Bn 125
BIKE_21111,Bn 125
BIKE_21112,
BIKE_21113,C Evolution
BIKE_21114,Agility 125
BIKE_21115,Bn 125
BIKE_21116,Bn 125
BIKE_21117,Bn 125
BIKE_21118,Tiger Sport
BIKE_21119,Cb 1000
BIKE_21120,Cbr 125
BIKE_21121,Piega
BIKE_21122,1200 Custom
BIKE_21123,998
BIKE_21124,998
BIKE_21125,998
BIKE_21126,R Ninet
BIKE_21127,Liberty 125
BIKE_21128,Multistrada 950
BIKE_21129,Multistrada 950
BIKE_21130,Multistrada 950
BIKE_21131,R 1200 Rs
BIKE_21132,Supersport
BIKE_21133,Crf 1000
BIKE_21134,S 1000 Xr
BIKE_21135,Road Glide
BIKE_21136,Vmax
BIKE_21137,790 Adventure
BIKE_21138,R 80
BIKE_21139,
BIKE_21140,Scrambler
BIKE_21141,Panigale V4
BIKE_21142,Tricity
BIKE_21143,Xvs 1300
BIKE_21144,J300
BIKE_21145,1199 Panigale
BIKE_21146,Fjr 1300
BIKE_21147,Fjr 1300
BIKE_21148,Joymax 125I
BIKE_21149,Joymax 125I
BIKE_21150,Joymax 125I
BIKE_21151,R 1200 Gs
BIKE_21152,
BIKE_21153,Fat Boy
BIKE_21154,
BIKE_21155,
BIKE_21156,Ak 550
BIKE_21157,Canyon
BIKE_21158,R Ninet
BIKE_21159,V-Rod
BIKE_21160,X-City 125
BIKE_21161,W 800
BIKE_21162,Cb 125
BIKE_21163,Z 1000
BIKE_21164,R 1200 Rt
BIKE_21165,Vulcan S
BIKE_21166,Tracer 700
BIKE_21167,Z 900
BIKE_21168,Mt-07
BIKE_21169,Gsx-R 1000
BIKE_21170,R Ninet
BIKE_21171,R 1200 Gs Adventure
BIKE_21172,C 400 X
BIKE_21173,Star 151
BIKE_21174,R Ninet
BIKE_21175,250 Xc
BIKE_21176,690 Smc
BIKE_21177,690 Smc
BIKE_21178,690 Smc
BIKE_21179,S 2
BIKE_21180,
BIKE_21181,Rs 660
BIKE_21182,Sportster 883
BIKE_21183,Gtr 1400
BIKE_21184,
BIKE_21185,Monster 821
BIKE_21186,
BIKE_21187,
BIKE_21188,Cat 1000
BIKE_21189,Svartpilen
BIKE_21190,
BIKE_21191,Ninja Zx-6R
BIKE_21192,790 Adventure
BIKE_21193,Ctx 1300
BIKE_21194,Ctx 1300
BIKE_21195,Ctx 1300
BIKE_21196,Speed Triple 1050
BIKE_21197,S 1000 Rr
BIKE_21198,R 1200 Gs Lc
BIKE_21199,1290 Super Adventure
BIKE_21200,Am Maverick
BIKE_21201,
BIKE_21202,Gts 125
BIKE_21203,R 1200 Gs
BIKE_21204,
BIKE_21205,1290 Super Duke Gt
BIKE_21206,Ak 550
BIKE_21207,Quattronove X
BIKE_21208,Softail
BIKE_21209,Electra Glide
BIKE_21210,Sportster 883
BIKE_21211,Softail
BIKE_21212,R 1200 R
BIKE_21213,Gts 250
BIKE_21214,Gts 250
BIKE_21215,Gts 250
BIKE_21216,690 Smc
BIKE_21217,690 Smc
BIKE_21218,690 Smc
BIKE_21219,Mt-10
BIKE_21220,R 1200 Gs
BIKE_21221,Streetfighter
BIKE_21222,
BIKE_21223,Burgman 125
BIKE_21224,Yzf-R1
BIKE_21225,Integra
BIKE_21226,
BIKE_21227,Vfr 800
BIKE_21228,Z 650
BIKE_21229,
BIKE_21230,X-Adv
BIKE_21231,R 90 S
BIKE_21232,R 90 S
BIKE_21233,R 90 S
BIKE_21234,900 Z
BIKE_21235,900 Z
BIKE_21236,900 Z
BIKE_21237,
BIKE_21238,Dyna Street Bob
BIKE_21239,Cb 1100
BIKE_21240,1098
BIKE_21241,1098
BIKE_21242,1098
BIKE_21243,
BIKE_21244,S 1000 Xr
BIKE_21245,Diavel
BIKE_21246,Vtx 1800
BIKE_21247,R 1200 Gs
BIKE_21248,1290 Super Adventure
BIKE_21249,Knucklehead
BIKE_21250,Knucklehead
BIKE_21251,Knucklehead
BIKE_21252,Scrambler
BIKE_21253,Sprint
BIKE_21254,Scout
BIKE_21255,Goccia 50
BIKE_21256,Moto Cforce 1000
BIKE_21257,Zzr 1400
BIKE_21258,Tmax 500
BIKE_21259,Cvo Limited
BIKE_21260,
BIKE_21261,Raptor 700
BIKE_21262,Vision 110
BIKE_21263,
BIKE_21264,Mio
BIKE_21265,Night Rod
BIKE_21266,Vfr 1200
BIKE_21267,R 100 Gs
BIKE_21268,Gsx-S 750
BIKE_21269,
BIKE_21270,Vt 1300
BIKE_21271,Vt 1300
BIKE_21272,Vt 1300
BIKE_21273,Mp3 300
BIKE_21274,Dyna Super Glide
BIKE_21275,
BIKE_21276,
BIKE_21277,1198
BIKE_21278,Gsx-S 750
BIKE_21279,K 1300 R
BIKE_21280,Enfield Bullet 500
BIKE_21281,Enfield Bullet 500
BIKE_21282,Enfield Bullet 500
BIKE_21283,Vn 1700
BIKE_21284,Pcx 125
BIKE_21285,Diavel
BIKE_21286,K 1300
BIKE_21287,250 Exc
BIKE_21288,250 Exc
BIKE_21289,250 Exc
BIKE_21290,1290 Super Duke R
BIKE_21291,
BIKE_21292,M 2
BIKE_21293,Bad Boy
BIKE_21294,Bad Boy
BIKE_21295,Bad Boy
BIKE_21296,Mt-09
BIKE_21297,Ninja Zx-10R
BIKE_21298,Comet 125
BIKE_21299,Dyna Super Glide
BIKE_21300,Xdiavel
BIKE_21301,Fjr 1300
BIKE_21302,Multistrada 1200
BIKE_21303,Fat Bob
BIKE_21304,Beverly 300
BIKE_21305,
BIKE_21306,Scrambler
BIKE_21307,300 Exc
BIKE_21308,300 Exc
BIKE_21309,300 Exc
BIKE_21310,Versys 650
BIKE_21311,Qooder
BIKE_21312,
BIKE_21313,F 700 Gs
BIKE_21314,Kfx 450R
BIKE_21315,R 1250 Gs
BIKE_21316,Fat Boy
BIKE_21317,Bonneville T100
BIKE_21318,Dyna Super Glide
BIKE_21319,Xl 883
BIKE_21320,Speed Triple R
BIKE_21321,Guzzi V 7
BIKE_21322,X-Town
BIKE_21323,Runner 200
BIKE_21324,R 1250 Gs
BIKE_21325,F 850 Gs
BIKE_21326,Ape
BIKE_21327,Ninja Zx-10R
BIKE_21328,Nrg Power
BIKE_21329,Nrg Power
BIKE_21330,Nrg Power
BIKE_21331,Street Triple 765
BIKE_21332,Tmax 530
BIKE_21333,Rr 350
BIKE_21334,
BIKE_21335,Sh 125
BIKE_21336,Tiger 800
BIKE_21337,K 1600 Gt
BIKE_21338,X-Adv
BIKE_21339,Scarabeo
BIKE_21340,Fat Boy
BIKE_21341,R 1250 Gs
BIKE_21342,Fat Boy
BIKE_21343,Gsx-S 750
BIKE_21344,Sportster
BIKE_21345,Thruxton
BIKE_21346,Multistrada 1200
BIKE_21347,Multistrada 1200
BIKE_21348,Speed Triple 1050
BIKE_21349,Vmax
BIKE_21350,Dyna Fat Bob
BIKE_21351,Liberty 125
BIKE_21352,Hp4
BIKE_21353,Hp4
BIKE_21354,Hp4
BIKE_21355,
BIKE_21356,Seventyfive 125
BIKE_21357,748
BIKE_21358,748
BIKE_21359,748
BIKE_21360,Cbr 1000
BIKE_21361,K 1600 Gtl
BIKE_21362,Crf 1000
BIKE_21363,Softail
BIKE_21364,
BIKE_21365,Fat Boy
BIKE_21366,
BIKE_21367,Guzzi 750 S
BIKE_21368,Softail
BIKE_21369,
BIKE_21370,1200 Custom
BIKE_21371,1290 Super Duke Gt
BIKE_21372,Softail
BIKE_21373,Ys 125
BIKE_21374,Ys 125
BIKE_21375,Ys 125
BIKE_21376,F 800
BIKE_21377,Joymax 125I
BIKE_21378,Joymax 125I
BIKE_21379,Joymax 125I
BIKE_21380,Street Glide
BIKE_21381,Mp3 500
BIKE_21382,R 1250 Gs Adventure
BIKE_21383,R Ninet
BIKE_21384,Rkv 125
BIKE_21385,Crf 1000
BIKE_21386,Scrambler
BIKE_21387,
BIKE_21388,R 1200 R
BIKE_21389,R 1200 Gs
BIKE_21390,Sr 50
BIKE_21391,Z1000 Sx
BIKE_21392,Roadster
BIKE_21393,F 900 R
BIKE_21394,Agusta F4 1000
BIKE_21395,Mt-09
BIKE_21396,Tmax Dx
BIKE_21397,Tmax 530
BIKE_21398,125 Duke
BIKE_21399,Integra
BIKE_21400,R 1200 Rt
BIKE_21401,Dyna Wide Glide
BIKE_21402,Xdiavel
BIKE_21403,Beverly 350
BIKE_21404,Hurricane
BIKE_21405,S 1000 Xr
BIKE_21406,
BIKE_21407,R 1200 Gs Adventure
BIKE_21408,R 1200 Gs
BIKE_21409,Retro
BIKE_21410,K 100 Rt
BIKE_21411,Xvs 950
BIKE_21412,Zip 50
BIKE_21413,
BIKE_21414,Z 800
BIKE_21415,X-Max 250
BIKE_21416,F 850 Gs
BIKE_21417,R Ninet
BIKE_21418,Sixteen 150
BIKE_21419,
BIKE_21420,Rf1
BIKE_21421,Burgman 200
BIKE_21422,Px 200 Gs
BIKE_21423,F 900 Xr
BIKE_21424,Dax 50
BIKE_21425,
BIKE_21426,
BIKE_21427,Springfield
BIKE_21428,R 1200 C Independent
BIKE_21429,R 1200 Gs
BIKE_21430,F 900 Xr
BIKE_21431,Nc 750
BIKE_21432,Mt-07
BIKE_21433,Road King
BIKE_21434,Forza 300
BIKE_21435,Cb 1300
BIKE_21436,V-Strom 650
BIKE_21437,
BIKE_21438,600 Lc 4
BIKE_21439,790 Duke
BIKE_21440,Tiger 800
BIKE_21441,R Ninet
BIKE_21442,Nrg 50
BIKE_21443,Tracer 900
BIKE_21444,R 1200 Gs
BIKE_21445,Tiger 1200
BIKE_21446,C 600 Sport
BIKE_21447,Race 50
BIKE_21448,Race 50
BIKE_21449,Race 50
BIKE_21450,Cbf 125
BIKE_21451,Multistrada 1200
BIKE_21452,Diavel
BIKE_21453,S 1000 Xr
BIKE_21454,Diavel
BIKE_21455,Ultra Classic
BIKE_21456,R Ninet
BIKE_21457,R 1200 R
BIKE_21458,Monster 797
BIKE_21459,Monster 797
BIKE_21460,Monster 797
BIKE_21461,Ténéré 700
BIKE_21462,Custom Bike
BIKE_21463,Vitpilen
BIKE_21464,Multistrada 1200
BIKE_21465,Dyna Fat Bob
BIKE_21466,F 800 Gt
BIKE_21467,Vt 1100
BIKE_21468,Z 800
BIKE_21469,G 310 R
BIKE_21470,990 Super Duke
BIKE_21471,Agusta Brutale 990
BIKE_21472,Agusta Brutale 990
BIKE_21473,Agusta Brutale 990
BIKE_21474,
BIKE_21475,999
BIKE_21476,Tiger Explorer
BIKE_21477,
BIKE_21478,R Ninet
BIKE_21479,V-Strom 1050
BIKE_21480,
BIKE_21481,R 1200 Gs
BIKE_21482,Agusta Brutale 1090
BIKE_21483,K 1600 B
BIKE_21484,K 1600 B
BIKE_21485,K 1600 B
BIKE_21486,
BIKE_21487,Fzr 1000
BIKE_21488,
BIKE_21489,Sportcity 125
BIKE_21490,Sportcity 125
BIKE_21491,Sportcity 125
BIKE_21492,R 1200 Gs Adventure
BIKE_21493,
BIKE_21494,Xl 1200
BIKE_21495,Panigale V4
BIKE_21496,
BIKE_21497,Xsr 700
BIKE_21498,K 1600 Gt
BIKE_21499,F 800 Gt
BIKE_21500,Rkv 125
BIKE_21501,R 1200 Rt
BIKE_21502,Sportster 883
BIKE_21503,Agility 125
BIKE_21504,Burgman 650
BIKE_21505,Crf 1000
BIKE_21506,Agility 125
BIKE_21507,Crf 1000
BIKE_21508,Street Cup
BIKE_21509,Street Cup
BIKE_21510,Street Cup
BIKE_21511,Sportster 883
BIKE_21512,Ténéré 700
BIKE_21513,Z 800
BIKE_21514,1198
BIKE_21515,Street Twin
BIKE_21516,Raptor 700
BIKE_21517,Monster 821
BIKE_21518,G 310 Gs
BIKE_21519,701 Supermoto
BIKE_21520,Burgman 650
BIKE_21521,Rsv4
BIKE_21522,1199 Panigale
BIKE_21523,
BIKE_21524,Rsv4
BIKE_21525,V-Strom 650
BIKE_21526,Tmax 530
BIKE_21527,
BIKE_21528,Sportster Forty Eight
BIKE_21529,Nc 750
BIKE_21530,City
BIKE_21531,Xvs 1100
BIKE_21532,Dyna Fat Bob
BIKE_21533,R 1200 Gs Adventure
BIKE_21534,R 1250 Gs
BIKE_21535,Dyna Street Bob
BIKE_21536,959 Panigale
BIKE_21537,Bonneville T120
BIKE_21538,R 1200 Gs
BIKE_21539,Heritage Springer
BIKE_21540,Tt R110E
BIKE_21541,Tiger 800
BIKE_21542,Cbr 500 R
BIKE_21543,Scrambler
BIKE_21544,Hyperstrada
BIKE_21545,790 Duke
BIKE_21546,Like 50
BIKE_21547,Yzf-R1
BIKE_21548,Cvo Limited
BIKE_21549,1290 Super Adventure
BIKE_21550,Xv 950
BIKE_21551,R 1200 Gs Adventure
BIKE_21552,Scrambler
BIKE_21553,R Ninet
BIKE_21554,F 700 Gs
BIKE_21555,
BIKE_21556,Qv3
BIKE_21557,Qv3
BIKE_21558,Qv3
BIKE_21559,
BIKE_21560,Am Outlander
BIKE_21561,Commando
BIKE_21562,Tiger 1200
BIKE_21563,
BIKE_21564,Gsx-R 1100
BIKE_21565,X-Town
BIKE_21566,Mt-09
BIKE_21567,Neos 50
BIKE_21568,K 1600 Gt
BIKE_21569,Agusta Brutale 1090
BIKE_21570,R 1200 Gs
BIKE_21571,C 400 Gt
BIKE_21572,R 1200 Gs
BIKE_21573,Carnaby 300
BIKE_21574,1190 Adventure
BIKE_21575,C Evolution
BIKE_21576,Electra Glide
BIKE_21577,
BIKE_21578,R 26
BIKE_21579,
BIKE_21580,Ls 650
BIKE_21581,Vlr 1800
BIKE_21582,Z 900
BIKE_21583,Scrambler
BIKE_21584,690 Enduro
BIKE_21585,690 Enduro
BIKE_21586,690 Enduro
BIKE_21587,Te 125
BIKE_21588,Cb 650
BIKE_21589,C 650
BIKE_21590,K 1600 Gtl
BIKE_21591,Kx 125
BIKE_21592,
BIKE_21593,752 S
BIKE_21594,Grizzly 550
BIKE_21595,X-Adv
BIKE_21596,
BIKE_21597,Supersport
BIKE_21598,Guzzi Mgx-21
BIKE_21599,Svartpilen
BIKE_21600,R 100 S
BIKE_21601,R 100 S
BIKE_21602,R 100 S
BIKE_21603,1290 Super Duke Gt
BIKE_21604,Hp 2 Megamoto
BIKE_21605,Scrambler
BIKE_21606,Xv 1900
BIKE_21607,Versys 1000
BIKE_21608,F 900 R
BIKE_21609,
BIKE_21610,Gsx-S 125
BIKE_21611,Gsx-S 125
BIKE_21612,Gsx-S 125
BIKE_21613,Gsx-S 750
BIKE_21614,Sportster 1200
BIKE_21615,790 Adventure
BIKE_21616,Niken
BIKE_21617,
BIKE_21618,Xvs 950
BIKE_21619,Scrambler
BIKE_21620,Tracer 900
BIKE_21621,K 1300 S
BIKE_21622,Panigale V4
BIKE_21623,K 1600 Gt
BIKE_21624,R 1200 Gs
BIKE_21625,Mp3 500
BIKE_21626,
BIKE_21627,Panigale V4
BIKE_21628,Niken
BIKE_21629,Street Scrambler
BIKE_21630,Mt-10
BIKE_21631,Tdm 900
BIKE_21632,Tdm 900
BIKE_21633,Tdm 900
BIKE_21634,K-Xct 300I
BIKE_21635,R 1200 R
BIKE_21636,Burgman 650
BIKE_21637,Tracer 900
BIKE_21638,Ninja 250 R
BIKE_21639,Ninja 250 R
BIKE_21640,Ninja 250 R
BIKE_21641,Tmax 530
BIKE_21642,Agility 50
BIKE_21643,Road King
BIKE_21644,Sportster Xl 883
BIKE_21645,Gsx-R 1100
BIKE_21646,Mt-07
BIKE_21647,
BIKE_21648,Monster 1200
BIKE_21649,Versys 650
BIKE_21650,Multistrada 1200
BIKE_21651,R 1200 R
BIKE_21652,R 1200 Gs Adventure
BIKE_21653,Deluxe
BIKE_21654,Fz 1
BIKE_21655,Monster 1200
BIKE_21656,Monster 821
BIKE_21657,R 1200 Gs
BIKE_21658,1290 Super Adventure
BIKE_21659,Bonneville Spirit
BIKE_21660,Gsx-R 1000
BIKE_21661,R 1200 Rt
BIKE_21662,Ftr 1200
BIKE_21663,Ninja 1000Sx
BIKE_21664,
BIKE_21665,Z 800
BIKE_21666,
BIKE_21667,V-Rod
BIKE_21668,Z1000 Sx
BIKE_21669,
BIKE_21670,Niken
BIKE_21671,Atv 700
BIKE_21672,Fjr 1300
BIKE_21673,Agusta Brutale 800
BIKE_21674,S 1000 Xr
BIKE_21675,Sr 50
BIKE_21676,1200 Custom
BIKE_21677,Bonneville T120
BIKE_21678,Versys 1000
BIKE_21679,Agility 125
BIKE_21680,Cbf 125
BIKE_21681,Tiger 800
BIKE_21682,Guzzi California
BIKE_21683,Thunderbird Sport
BIKE_21684,Gold Wing
BIKE_21685,Scrambler 1000
BIKE_21686,Tuono
BIKE_21687,Z 900
BIKE_21688,Crf 1000
BIKE_21689,Vulcan 1700
BIKE_21690,Softail
BIKE_21691,Tricity
BIKE_21692,R Ninet
BIKE_21693,
BIKE_21694,X-Max 250
BIKE_21695,R Ninet
BIKE_21696,R 1200 Gs Adventure
BIKE_21697,Sv 650
BIKE_21698,Joymax 300
BIKE_21699,R 1250 Gs
BIKE_21700,Electra Glide
BIKE_21701,R18
BIKE_21702,Primavera
BIKE_21703,R Ninet
BIKE_21704,Tracer 700
BIKE_21705,S 1000 Rr
BIKE_21706,Agility 50
BIKE_21707,Guzzi 850 Le Mans
BIKE_21708,
BIKE_21709,R Ninet
BIKE_21710,Versys 1000
BIKE_21711,Street Triple 765
BIKE_21712,Hypermotard 950
BIKE_21713,Hypermotard 950
BIKE_21714,
BIKE_21715,F 800 St
BIKE_21716,Low Rider
BIKE_21717,F 800 Gs
BIKE_21718,Yzf-R1
BIKE_21719,R 1200 Rt
BIKE_21720,790 Adventure
BIKE_21721,Z 900
BIKE_21722,Cre Six Competition
BIKE_21723,
BIKE_21724,Bonneville T120
BIKE_21725,Tiger 1200
BIKE_21726,Xsr 900
BIKE_21727,Mh 900 E
BIKE_21728,Mt-07
BIKE_21729,Scrambler
BIKE_21730,Ps 125I
BIKE_21731,Ps 125I
BIKE_21732,Ps 125I
BIKE_21733,R 1200 Gs Adventure
BIKE_21734,Blog 125
BIKE_21735,Blog 125
BIKE_21736,Blog 125
BIKE_21737,Z 900
BIKE_21738,Moto Cforce 520
BIKE_21739,Moto Cforce 520
BIKE_21740,Moto Cforce 520
BIKE_21741,Am Renegade
BIKE_21742,Am Renegade
BIKE_21743,Am Renegade
BIKE_21744,S 1000 R
BIKE_21745,X-Town
BIKE_21746,Dorsoduro
BIKE_21747,Sportster Forty Eight
BIKE_21748,
BIKE_21749,Scrambler
BIKE_21750,Wr 125
BIKE_21751,Wr 125
BIKE_21752,Wr 125
BIKE_21753,R 1250 R
BIKE_21754,R 1200 Gs
BIKE_21755,Z 800
BIKE_21756,R Ninet
BIKE_21757,Rl 125
BIKE_21758,Moto Code 125
BIKE_21759,Road King
BIKE_21760,Tuono
BIKE_21761,Burgman 200
BIKE_21762,Z 1000
BIKE_21763,Burgman 650
BIKE_21764,Street Glide
BIKE_21765,Scout
BIKE_21766,R 1200 R
BIKE_21767,Street Glide
BIKE_21768,Vs 1400
BIKE_21769,R 1200 Gs
BIKE_21770,Ninja Zx-10R
BIKE_21771,Nc 750
BIKE_21772,Xt 1200
BIKE_21773,Mt-07
BIKE_21774,Versys 650
BIKE_21775,Ninja 650
BIKE_21776,K 1
BIKE_21777,Dog Pitbull
BIKE_21778,Dog Pitbull
BIKE_21779,Dog Pitbull
BIKE_21780,Tmax 530
BIKE_21781,Guzzi 850 Le Mans
BIKE_21782,V-Rod
BIKE_21783,R Ninet
BIKE_21784,Flory 50
BIKE_21785,Bonneville Bobber
BIKE_21786,Fe 350
BIKE_21787,Thruxton
BIKE_21788,S 1000 R
BIKE_21789,K 1300
BIKE_21790,Tiger 800
BIKE_21791,Sixteen 150
BIKE_21792,
BIKE_21793,Tracer 900
BIKE_21794,Gsx-R 1000
BIKE_21795,Gsx-R 1000
BIKE_21796,F 800 R
BIKE_21797,Brute Force 750
BIKE_21798,Diavel
BIKE_21799,Cbr 1000
BIKE_21800,
BIKE_21801,
BIKE_21802,
BIKE_21803,Scrambler
BIKE_21804,Fjr 1300
BIKE_21805,1290 Super Adventure
BIKE_21806,R 1200 Gs Adventure
BIKE_21807,Tmax 530
BIKE_21808,Street Triple 765
BIKE_21809,Zero Sr
BIKE_21810,Vfr 1200
BIKE_21811,X-Adv
BIKE_21812,Road Glide
BIKE_21813,V-Strom 1000
BIKE_21814,Rsv4
BIKE_21815,F 800 St
BIKE_21816,Dyna Street Bob
BIKE_21817,R 1200 R
BIKE_21818,Street 750
BIKE_21819,R 1200 Gs
BIKE_21820,Multistrada 1260
BIKE_21821,450 Sx
BIKE_21822,K 1200 R
BIKE_21823,K 1200 R
BIKE_21824,K 1200 R
BIKE_21825,R 1250 Rt
BIKE_21826,Nmax
BIKE_21827,Tmax 530
BIKE_21828,Diavel
BIKE_21829,Crf 1000
BIKE_21830,Beverly 400
BIKE_21831,Multistrada 950
BIKE_21832,Multistrada 950
BIKE_21833,Multistrada 950
BIKE_21834,Bn 251
BIKE_21835,Bn 251
BIKE_21836,Bn 251
BIKE_21837,Scrambler
BIKE_21838,690 Enduro
BIKE_21839,690 Enduro
BIKE_21840,690 Enduro
BIKE_21841,Sportster Forty Eight
BIKE_21842,Gsx-R 1000
BIKE_21843,1198
BIKE_21844,St 1300
BIKE_21845,Speed Twin
BIKE_21846,Swan
BIKE_21847,Gts 125
BIKE_21848,Bet & Win 150
BIKE_21849,X-Max 125
BIKE_21850,R 1200 Gs Adventure
BIKE_21851,Pcx 125
BIKE_21852,Logik
BIKE_21853,Yzf-R1
BIKE_21854,Ak 550
BIKE_21855,
BIKE_21856,
BIKE_21857,Smx 450 Fi Ks
BIKE_21858,
BIKE_21859,Moto Cforce 450
BIKE_21860,Ak 550
BIKE_21861,Spirit
BIKE_21862,Citycom 300
BIKE_21863,Sh 300
BIKE_21864,K 1600 Gt
BIKE_21865,R 1200 C Montauk
BIKE_21866,R 1200 C Montauk
BIKE_21867,R 1200 C Montauk
BIKE_21868,Agusta Turismo Veloce 800
BIKE_21869,
BIKE_21870,Moto Cforce 600
BIKE_21871,Sportster 1000
BIKE_21872,Rs 660
BIKE_21873,R Ninet
BIKE_21874,Road King
BIKE_21875,Sh 125
BIKE_21876,Fjr 1300
BIKE_21877,Guzzi California 1400
BIKE_21878,Guzzi V 85
BIKE_21879,Crf 1100
BIKE_21880,Vlr 1800
BIKE_21881,People S 300I
BIKE_21882,People S 300I
BIKE_21883,People S 300I
BIKE_21884,Diavel
BIKE_21885,R 1200 Gs Adventure
BIKE_21886,Sportster
BIKE_21887,Multistrada 950
BIKE_21888,Multistrada 950
BIKE_21889,Multistrada 950
BIKE_21890,Z1000 Sx
BIKE_21891,Tr 50
BIKE_21892,F 850 Gs
BIKE_21893,Beverly 300
BIKE_21894,Agusta Brutale 800
BIKE_21895,Elettrica
BIKE_21896,Bullet Rs
BIKE_21897,F 900 R
BIKE_21898,Qooder
BIKE_21899,
BIKE_21900,
BIKE_21901,Shadow 600
BIKE_21902,Shadow 600
BIKE_21903,Shadow 600
BIKE_21904,
BIKE_21905,
BIKE_21906,Z 900
BIKE_21907,X-Max 250
BIKE_21908,K 1600 Gtl
BIKE_21909,
BIKE_21910,Gts 125
BIKE_21911,Street Glide
BIKE_21912,1199 Panigale
BIKE_21913,Z 1000
BIKE_21914,350 Exc
BIKE_21915,Thruxton
BIKE_21916,Tmax 530
BIKE_21917,R 67
BIKE_21918,Cat 700
BIKE_21919,Rr 350
BIKE_21920,Guzzi California 1100
BIKE_21921,R 1200 Rs
BIKE_21922,Smm 530 Fi Es
BIKE_21923,F 800 R
BIKE_21924,959 Panigale
BIKE_21925,R 1200 R
BIKE_21926,Integra
BIKE_21927,Guzzi V 7
BIKE_21928,Ténéré 700
BIKE_21929,
BIKE_21930,
BIKE_21931,Fjs 400
BIKE_21932,125 Duke
BIKE_21933,C 650
BIKE_21934,Xt 1200
BIKE_21935,R 1250 Gs Adventure
BIKE_21936,S 1000 Xr
BIKE_21937,Yfz 450
BIKE_21938,1190 Adventure
BIKE_21939,
BIKE_21940,Diavel
BIKE_21941,750 F1
BIKE_21942,Scrambler
BIKE_21943,Mt-10
BIKE_21944,F 12
BIKE_21945,R 1200 S
BIKE_21946,Sportster 1200
BIKE_21947,Night Rod
BIKE_21948,1290 Super Duke R
BIKE_21949,R Ninet
BIKE_21950,1125 Cr
BIKE_21951,1125 Cr
BIKE_21952,1125 Cr
BIKE_21953,Gsx-S 1000
BIKE_21954,R 1250 Gs Adventure
BIKE_21955,
BIKE_21956,X-Adv
BIKE_21957,F 800 St
BIKE_21958,Hypermotard 796
BIKE_21959,Hypermotard 796
BIKE_21960,Hypermotard 796
BIKE_21961,Tiger 800
BIKE_21962,Mt-09
BIKE_21963,Yp 125
BIKE_21964,Tmax 530
BIKE_21965,K 1600 Gt
BIKE_21966,Xevo 125
BIKE_21967,Xevo 125
BIKE_21968,Xevo 125
BIKE_21969,Burgman 400
BIKE_21970,Iron 883
BIKE_21971,City Fly
BIKE_21972,R 1200 C
BIKE_21973,
BIKE_21974,R 1250 Rt
BIKE_21975,Senda
BIKE_21976,1290 Super Duke R
BIKE_21977,R 1200 Gs Lc
BIKE_21978,Xdiavel
BIKE_21979,S 1000 Xr
BIKE_21980,Heritage Softail
BIKE_21981,R 1200 Gs
BIKE_21982,X-Adv
BIKE_21983,690 Duke
BIKE_21984,Scrambler
BIKE_21985,Thunderbird Commander
BIKE_21986,Softail Slim
BIKE_21987,Fat Boy
BIKE_21988,Road Glide
BIKE_21989,Scrambler
BIKE_21990,Multistrada 1260
BIKE_21991,Gl 1500
BIKE_21992,
BIKE_21993,Intruder M
BIKE_21994,Intruder M
BIKE_21995,Intruder M
BIKE_21996,Xl 1200
BIKE_21997,R Ninet
BIKE_21998,X-Adv
BIKE_21999,Yzf-R1
BIKE_22000,Xt 1200
BIKE_22001,F 700 Gs
BIKE_22002,Low Rider
BIKE_22003,
BIKE_22004,1098
BIKE_22005,1098
BIKE_22006,1098
BIKE_22007,Tmax 530
BIKE_22008,390 Duke
BIKE_22009,Thruxton
BIKE_22010,Multistrada 1200
BIKE_22011,
BIKE_22012,Gpr
BIKE_22013,Gpr
BIKE_22014,Gpr
BIKE_22015,Dyna Street Bob
BIKE_22016,Scrambler
BIKE_22017,748
BIKE_22018,748
BIKE_22019,748
BIKE_22020,Fz 8
BIKE_22021,790 Adventure
BIKE_22022,Vn 900
BIKE_22023,Dyna Street Bob
BIKE_22024,R 1200 Gs
BIKE_22025,People Gt300I
BIKE_22026,1050 Adventure
BIKE_22027,Fz 8
BIKE_22028,Ninja Zx-6R
BIKE_22029,Tiger Explorer
BIKE_22030,R 1200
BIKE_22031,Carnaby 300
BIKE_22032,R 1250 Gs
BIKE_22033,Tracer 700
BIKE_22034,
BIKE_22035,Vn 900
BIKE_22036,People S 50
BIKE_22037,Road King
BIKE_22038,Joymax 250
BIKE_22039,Tmax 530
BIKE_22040,R 1200 Gs Adventure
BIKE_22041,Crf 1100
BIKE_22042,1290 Super Duke Gt
BIKE_22043,
BIKE_22044,R07
BIKE_22045,Sh 150
BIKE_22046,Agusta Brutale 989
BIKE_22047,Cb 1000
BIKE_22048,Mp3 500
BIKE_22049,F 900 Xr
BIKE_22050,Mt-10
BIKE_22051,S 1000 R
BIKE_22052,Custom Bike
BIKE_22053,Vn 1700
BIKE_22054,Panigale V4
BIKE_22055,Street Triple R
BIKE_22056,Like 50
BIKE_22057,Mp3 500
BIKE_22058,Fjr 1300
BIKE_22059,F 900 R
BIKE_22060,Versity 300
BIKE_22061,Electra Glide
BIKE_22062,K 1600 Gt
BIKE_22063,V-Strom 650
BIKE_22064,Gl 1800
BIKE_22065,Nc 750
BIKE_22066,Enfield Bullet 500
BIKE_22067,Enfield Bullet 500
BIKE_22068,Enfield Bullet 500
BIKE_22069,Grizzly 450
BIKE_22070,
BIKE_22071,Z 1000
BIKE_22072,Primavera 125
BIKE_22073,Sportster 1200
BIKE_22074,V-Rod
BIKE_22075,R Ninet
BIKE_22076,
BIKE_22077,Chieftain
BIKE_22078,Ftr 1200
BIKE_22079,Joymax 250
BIKE_22080,Vt 600
BIKE_22081,Sportster Forty Eight
BIKE_22082,Mp3 500
BIKE_22083,Mt-07
BIKE_22084,C 650
BIKE_22085,790 Duke
BIKE_22086,Fat Boy
BIKE_22087,Electra Glide
BIKE_22088,
BIKE_22089,450 Desmo
BIKE_22090,Mt-09
BIKE_22091,Cat 1000
BIKE_22092,Guzzi V 7
BIKE_22093,V-Strom 650
BIKE_22094,Agusta F3
BIKE_22095,Street Glide
BIKE_22096,Z 900
BIKE_22097,Street Triple 765
BIKE_22098,Road Glide
BIKE_22099,Monster 797
BIKE_22100,Monster 797
BIKE_22101,Monster 797
BIKE_22102,Fat Bob
BIKE_22103,Yzf-R1
BIKE_22104,Sportster
BIKE_22105,Yzf-R1
BIKE_22106,Est 1902 Ol School Bobber
BIKE_22107,F 900 Xr
BIKE_22108,S 1000 Xr
BIKE_22109,Tmax 530
BIKE_22110,R 1200 Rt
BIKE_22111,Vf 1000
BIKE_22112,S 1000 R
BIKE_22113,R 1200 R
BIKE_22114,Heritage Softail
BIKE_22115,R 1200
BIKE_22116,
BIKE_22117,Mt-07
BIKE_22118,F 800 Gs
BIKE_22119,
BIKE_22120,Yzf-R1
BIKE_22121,Yzf 1000
BIKE_22122,Hypermotard 939
BIKE_22123,Nc 750
BIKE_22124,Guzzi California
BIKE_22125,Street Scrambler
BIKE_22126,R 1200 Gs
BIKE_22127,Joymax 300
BIKE_22128,Gl 1200
BIKE_22129,Vegas Highball
BIKE_22130,Gsx-S 1000
BIKE_22131,R 1200 Gs
BIKE_22132,1198
BIKE_22133,C 400 X
BIKE_22134,
BIKE_22135,Speed Triple 1050
BIKE_22136,Xt 1200
BIKE_22137,Wolverine 350
BIKE_22138,Fly 50
BIKE_22139,Fly 50
BIKE_22140,Fly 50
BIKE_22141,Guzzi 1200 Sport
BIKE_22142,Heritage
BIKE_22143,Rsv4
BIKE_22144,Bonneville T120
BIKE_22145,Street 750
BIKE_22146,Diavel
BIKE_22147,Cb 1000
BIKE_22148,Burgman 400
BIKE_22149,S 1000 R
BIKE_22150,Tricity
BIKE_22151,Streetfighter
BIKE_22152,Tornado Rs 900
BIKE_22153,R 1200 Rt
BIKE_22154,350S
BIKE_22155,350S
BIKE_22156,350S
BIKE_22157,R 1200 Rs
BIKE_22158,Z1000 Sx
BIKE_22159,Streetfighter
BIKE_22160,Cb 600
BIKE_22161,Ape
BIKE_22162,Vrsc Night Rod
BIKE_22163,Xb 12
BIKE_22164,X-Adv
BIKE_22165,748
BIKE_22166,748
BIKE_22167,748
BIKE_22168,R 1
BIKE_22169,R 1200 Gs Adventure
BIKE_22170,Street Glide
BIKE_22171,Mt-09
BIKE_22172,R 1250 Gs
BIKE_22173,Multistrada 1200
BIKE_22174,K 1300 S
BIKE_22175,Tuono
BIKE_22176,S 1000 R
BIKE_22177,Z 1000
BIKE_22178,
BIKE_22179,Tmax Dx
BIKE_22180,1190 Adventure
BIKE_22181,Tuono
BIKE_22182,Evo 80
BIKE_22183,Hypermotard 939
BIKE_22184,1290 Super Adventure
BIKE_22185,R 1200 Gs
BIKE_22186,Sh 150
BIKE_22187,W 800
BIKE_22188,X-Max 300
BIKE_22189,
BIKE_22190,Sprint 50
BIKE_22191,F 800 R
BIKE_22192,Star 125
BIKE_22193,Xl 1200
BIKE_22194,
BIKE_22195,Tracer 700
BIKE_22196,Bikes Brera 300
BIKE_22197,Speed Triple R
BIKE_22198,R 1250 Gs
BIKE_22199,Gsx 1300
BIKE_22200,Mt-09
BIKE_22201,Cbf 1000
BIKE_22202,Ninja 650
BIKE_22203,Rr Enduro
BIKE_22204,Rr Enduro
BIKE_22205,Rr Enduro
BIKE_22206,Vrsc V-Rod
BIKE_22207,X-Adv
BIKE_22208,1290 Super Duke R
BIKE_22209,X-City 125
BIKE_22210,Guzzi V 85
BIKE_22211,946
BIKE_22212,
BIKE_22213,Crf 1100
BIKE_22214,Hypermotard 950
BIKE_22215,
BIKE_22216,F 900 R
BIKE_22217,Z 1000
BIKE_22218,Versys 1000
BIKE_22219,Vt 750
BIKE_22220,Z 900
BIKE_22221,Sportster 1200
BIKE_22222,Speed Triple 1050
BIKE_22223,Sportster 1200
BIKE_22224,Road King
BIKE_22225,K-Xct 300I
BIKE_22226,Star 125
BIKE_22227,K 1200
BIKE_22228,
BIKE_22229,Yzf-R6
BIKE_22230,690 Smc
BIKE_22231,690 Smc
BIKE_22232,690 Smc
BIKE_22233,Cbf 600
BIKE_22234,Streetfighter
BIKE_22235,Tmax 530
BIKE_22236,Mxu 700
BIKE_22237,R 80 Gs
BIKE_22238,R 1200 Gs
BIKE_22239,S 1000 Xr
BIKE_22240,R 1200 R
BIKE_22241,
BIKE_22242,Agusta F4 1000
BIKE_22243,Ninja Zx-6R
BIKE_22244,Nuda 900
BIKE_22245,Tmax 560
BIKE_22246,Hurricane 450
BIKE_22247,Monster 796
BIKE_22248,Monster 796
BIKE_22249,Monster 796
BIKE_22250,
BIKE_22251,Gsx-R 1000
BIKE_22252,Tmax Sx
BIKE_22253,Diavel
BIKE_22254,R 1200 Gs
BIKE_22255,959 Panigale
BIKE_22256,Mt-09
BIKE_22257,Softail Slim
BIKE_22258,Cb 1100
BIKE_22259,Z 1000
BIKE_22260,Bonneville T120
BIKE_22261,K 1300
BIKE_22262,Nc 750
BIKE_22263,
BIKE_22264,Vmax
BIKE_22265,F 800 Gs
BIKE_22266,Z1000 Sx
BIKE_22267,
BIKE_22268,Ak 550
BIKE_22269,Multistrada 1200
BIKE_22270,Cb 650
BIKE_22271,Agility 125
BIKE_22272,Hypermotard 821
BIKE_22273,Hypermotard 821
BIKE_22274,Hypermotard 821
BIKE_22275,Mrt 50
BIKE_22276,Xt 1200
BIKE_22277,Tiger 800
BIKE_22278,
BIKE_22279,Jet 4
BIKE_22280,Jet 4
BIKE_22281,Jet 4
BIKE_22282,Tmax 530
BIKE_22283,Race 50
BIKE_22284,Race 50
BIKE_22285,Race 50
BIKE_22286,R 1200 Gs
BIKE_22287,F 850 Gs
BIKE_22288,Dyna Wide Glide
BIKE_22289,
BIKE_22290,
BIKE_22291,Tiger 1200
BIKE_22292,Mt-07
BIKE_22293,Dyna Fat Bob
BIKE_22294,Gold Wing
BIKE_22295,1190 Adventure
BIKE_22296,S 1000 R
BIKE_22297,
BIKE_22298,Gsx-R 750
BIKE_22299,
BIKE_22300,V-Strom 1050
BIKE_22301,Sportster Xr 1200
BIKE_22302,Cb 650
BIKE_22303,
BIKE_22304,Xvs 950
BIKE_22305,R Ninet
BIKE_22306,Z1000 Sx
BIKE_22307,Am Traxter
BIKE_22308,C 400 Gt
BIKE_22309,Cb 1300
BIKE_22310,R 1200 Gs Adventure
BIKE_22311,Agility 125
BIKE_22312,Ténéré 700
BIKE_22313,Z 800
BIKE_22314,Cb 650
BIKE_22315,Sportster
BIKE_22316,Vzr 1800
BIKE_22317,Scrambler
BIKE_22318,Crf 1000
BIKE_22319,996
BIKE_22320,Street Glide
BIKE_22321,Wave
BIKE_22322,Cbr 1000
BIKE_22323,Rmz 450
BIKE_22324,F 800 Gs
BIKE_22325,K 1300 S
BIKE_22326,R 1200 Gs Adventure
BIKE_22327,Inazuma 250
BIKE_22328,Inazuma 250
BIKE_22329,Inazuma 250
BIKE_22330,F 800 R
BIKE_22331,1199 Panigale
BIKE_22332,N1S
BIKE_22333,990 Adventure
BIKE_22334,Streetfighter
BIKE_22335,Scrambler
BIKE_22336,Ranger
BIKE_22337,Guzzi Stelvio 1200
BIKE_22338,1290 Super Adventure
BIKE_22339,
BIKE_22340,Shadow 750
BIKE_22341,R 850 R
BIKE_22342,R Ninet
BIKE_22343,R 1250 Gs
BIKE_22344,Yfm 700
BIKE_22345,Commando
BIKE_22346,F 850 Gs
BIKE_22347,Nc 750
BIKE_22348,Fuoco 500
BIKE_22349,
BIKE_22350,Street Twin
BIKE_22351,Sixty Five
BIKE_22352,Cat 1000I Xt
BIKE_22353,Q Scooter
BIKE_22354,
BIKE_22355,390 Duke
BIKE_22356,K 1600
BIKE_22357,Cb 650
BIKE_22358,
BIKE_22359,Cb 1000
BIKE_22360,X-Adv
BIKE_22361,Gsx-R 1000
BIKE_22362,V-Strom 1050
BIKE_22363,Freeride E
BIKE_22364,R 1250 Gs Adventure
BIKE_22365,
BIKE_22366,Rsv4
BIKE_22367,Street Glide
BIKE_22368,Qooder
BIKE_22369,Panigale V4
BIKE_22370,R 1200 R
BIKE_22371,Speedmaster
BIKE_22372,Vfr 1200
BIKE_22373,F 900 R
BIKE_22374,Fat Boy
BIKE_22375,X-Adv
BIKE_22376,Cbr 1000
BIKE_22377,R Ninet
BIKE_22378,Hp4
BIKE_22379,Hp4
BIKE_22380,Hp4
BIKE_22381,Zr 750
BIKE_22382,Zr 750
BIKE_22383,Zr 750
BIKE_22384,Dorsoduro
BIKE_22385,125 Duke
BIKE_22386,Agusta F3
BIKE_22387,F 700 Gs
BIKE_22388,125 Duke
BIKE_22389,Multistrada 950
BIKE_22390,Multistrada 950
BIKE_22391,Multistrada 950
BIKE_22392,R 1200 Rt
BIKE_22393,Sportster Forty Eight
BIKE_22394,
BIKE_22395,Diavel
BIKE_22396,Am Spyder F3-S
BIKE_22397,Agusta Brutale
BIKE_22398,Cruisym 125
BIKE_22399,Sportster
BIKE_22400,Sw-T 400
BIKE_22401,Gts 250
BIKE_22402,R 1200 Gs
BIKE_22403,Nc 750
BIKE_22404,Street Glide
BIKE_22405,Sh 125
BIKE_22406,Z1000 Sx
BIKE_22407,
BIKE_22408,V-Strom 650
BIKE_22409,1190 Adventure
BIKE_22410,R 1200 Gs
BIKE_22411,Judge
BIKE_22412,
BIKE_22413,Guzzi Griso 1100
BIKE_22414,R 1200 Rt
BIKE_22415,Rsv4
BIKE_22416,Xsr 700
BIKE_22417,R 1200 Gs Adventure
BIKE_22418,Road King
BIKE_22419,
BIKE_22420,R 1200 R
BIKE_22421,Speed Triple S
BIKE_22422,Vl 800
BIKE_22423,
BIKE_22424,Agility 50
BIKE_22425,Versys 650
BIKE_22426,Tx 750
BIKE_22427,Cbr 1000
BIKE_22428,Guzzi California 1400
BIKE_22429,R18
BIKE_22430,Z 650
BIKE_22431,Burgman 125
BIKE_22432,Crosstourer
BIKE_22433,Sh 150
BIKE_22434,Nc 750
BIKE_22435,Crf 1000
BIKE_22436,Medley 125
BIKE_22437,Tiger Explorer
BIKE_22438,Medley 150
BIKE_22439,Street Scrambler
BIKE_22440,1290 Super Adventure
BIKE_22441,Versys 650
BIKE_22442,
BIKE_22443,Night Train
BIKE_22444,Tiger 800
BIKE_22445,
BIKE_22446,Agility 50
BIKE_22447,King Quad
BIKE_22448,Cvo Limited
BIKE_22449,Street Glide
BIKE_22450,R 1200 Gs
BIKE_22451,R 1200 Gs
BIKE_22452,F 800 Gt
BIKE_22453,F 850 Gs
BIKE_22454,Gsx-S 1000
BIKE_22455,Xl 1200
BIKE_22456,R 1200 Rt
BIKE_22457,
BIKE_22458,F 800 R
BIKE_22459,Liberty 50
BIKE_22460,
BIKE_22461,Trike
BIKE_22462,Softail
BIKE_22463,Softail
BIKE_22464,Racing
BIKE_22465,Racing
BIKE_22466,Racing
BIKE_22467,Sr Max 300
BIKE_22468,Sr Max 300
BIKE_22469,Sr Max 300
BIKE_22470,Thruxton
BIKE_22471,Road Glide
BIKE_22472,K 1300
BIKE_22473,Otello F.I.
BIKE_22474,Agusta Brutale
BIKE_22475,
BIKE_22476,Street Triple R
BIKE_22477,Cbr 650
BIKE_22478,Scout
BIKE_22479,People Gti
BIKE_22480,People Gti
BIKE_22481,People Gti
BIKE_22482,Cb 1000
BIKE_22483,Road Glide
BIKE_22484,Crf 450
BIKE_22485,F 800 R
BIKE_22486,Chieftain
BIKE_22487,Nmax
BIKE_22488,R 1150 Gs Adventure
BIKE_22489,F 700 Gs
BIKE_22490,899 Panigale
BIKE_22491,899 Panigale
BIKE_22492,899 Panigale
BIKE_22493,Mt-01
BIKE_22494,Ak 550
BIKE_22495,Vision 110
BIKE_22496,K 1600 Gt
BIKE_22497,Classico
BIKE_22498,Supermoto 125
BIKE_22499,790 Duke
BIKE_22500,Lx 50
BIKE_22501,Zero S
BIKE_22502,Zero S
BIKE_22503,Zero S
BIKE_22504,Nc 750
BIKE_22505,Sportster 883
BIKE_22506,F 800 R
BIKE_22507,Tmax 530
BIKE_22508,Crosstourer
BIKE_22509,Dog Ridgeback
BIKE_22510,Agility 50
BIKE_22511,Tr 6
BIKE_22512,Bonneville Spirit
BIKE_22513,Tracer 900
BIKE_22514,R 1200 Gs Adventure
BIKE_22515,C 600 Sport
BIKE_22516,R 1200 Gs
BIKE_22517,S 1000 Rr
BIKE_22518,R 1200 Gs
BIKE_22519,Sportster 1200
BIKE_22520,F 900 Xr
BIKE_22521,Heritage Softail
BIKE_22522,
BIKE_22523,Cb 650
BIKE_22524,Tmax Dx
BIKE_22525,Gl 1800
BIKE_22526,Beverly 300
BIKE_22527,Ranger
BIKE_22528,Tzr 50
BIKE_22529,
BIKE_22530,Cbr 650
BIKE_22531,1290 Super Adventure
BIKE_22532,Z 800
BIKE_22533,Rr 50
BIKE_22534,Gtr 1400
BIKE_22535,Am Spyder Rs
BIKE_22536,Xjr 1300
BIKE_22537,Hypermotard 950
BIKE_22538,Fat Boy
BIKE_22539,Z 900
BIKE_22540,Intruder C
BIKE_22541,Z 125
BIKE_22542,Grizzly 660
BIKE_22543,
BIKE_22544,Boulevard 125
BIKE_22545,F 900 Xr
BIKE_22546,F 750 Gs
BIKE_22547,R 75/7
BIKE_22548,Mt-10
BIKE_22549,Commando
BIKE_22550,Guzzi
BIKE_22551,Tph 50
BIKE_22552,65 Sx
BIKE_22553,Hypermotard 950
BIKE_22554,Hypermotard 939
BIKE_22555,K 1600
BIKE_22556,Nrg Power
BIKE_22557,Nrg Power
BIKE_22558,Nrg Power
BIKE_22559,
BIKE_22560,
BIKE_22561,R 1200 Gs
BIKE_22562,
BIKE_22563,R 1200 C
BIKE_22564,Scarabeo
BIKE_22565,F 900 Xr
BIKE_22566,Custom Bike
BIKE_22567,Z 900
BIKE_22568,Tmax 530
BIKE_22569,Multistrada 950
BIKE_22570,Multistrada 950
BIKE_22571,Multistrada 950
BIKE_22572,
BIKE_22573,Thunderbird Storm
BIKE_22574,Thunderbird Storm
BIKE_22575,Thunderbird Storm
BIKE_22576,Mxu 500
BIKE_22577,Tmax 530
BIKE_22578,Monster 821
BIKE_22579,Sh 125
BIKE_22580,1090 Adventure
BIKE_22581,1090 Adventure
BIKE_22582,1090 Adventure
BIKE_22583,Mt-09
BIKE_22584,Nc 700
BIKE_22585,R 1200 Gs
BIKE_22586,Road King
BIKE_22587,S 1000 R
BIKE_22588,Sportsman 570
BIKE_22589,R Ninet
BIKE_22590,R 1200 Gs
BIKE_22591,Svartpilen
BIKE_22592,
BIKE_22593,
BIKE_22594,R 1250 Rt
BIKE_22595,Rr 50
BIKE_22596,Mt-07
BIKE_22597,Tmax 560
BIKE_22598,Diavel
BIKE_22599,1290 Super Duke Gt
BIKE_22600,
BIKE_22601,Thruxton
BIKE_22602,
BIKE_22603,Fat Bob
BIKE_22604,X-Max 125
BIKE_22605,Dyna Wide Glide
BIKE_22606,Versys 650
BIKE_22607,Sportster
BIKE_22608,Vfr
BIKE_22609,Novax
BIKE_22610,R 1200 Gs Adventure
BIKE_22611,
BIKE_22612,Z 750
BIKE_22613,Sx 50
BIKE_22614,Sx 50
BIKE_22615,Sx 50
BIKE_22616,R 1250 Gs Adventure
BIKE_22617,Speed Triple 1050
BIKE_22618,Dirt Track
BIKE_22619,Dirt Track
BIKE_22620,Dirt Track
BIKE_22621,Ultra Limited
BIKE_22622,R 1200 Rt
BIKE_22623,Downtown 300I
BIKE_22624,Fz 1
BIKE_22625,Bonneville T120
BIKE_22626,R Ninet
BIKE_22627,Moto Tw 125
BIKE_22628,Ultra Limited
BIKE_22629,Rocket Iii Touring
BIKE_22630,F 850 Gs
BIKE_22631,Cb 750 Four
BIKE_22632,Z 800
BIKE_22633,Inazuma 250
BIKE_22634,Inazuma 250
BIKE_22635,Inazuma 250
BIKE_22636,Supersport
BIKE_22637,Nmax
BIKE_22638,Tango 250
BIKE_22639,
BIKE_22640,Sportster 883
BIKE_22641,Vzr 1800
BIKE_22642,Tiger Explorer
BIKE_22643,Tracer 900
BIKE_22644,Fat Boy
BIKE_22645,Rx 50
BIKE_22646,Rx 50
BIKE_22647,Rx 50
BIKE_22648,Streetfighter
BIKE_22649,Mt-09
BIKE_22650,Mp3 Lt
BIKE_22651,Burgman 650
BIKE_22652,Cb 500
BIKE_22653,Monster 1200
BIKE_22654,Multistrada 1200
BIKE_22655,Ninja Zx-10R
BIKE_22656,X-City 250
BIKE_22657,
BIKE_22658,
BIKE_22659,Mt-09
BIKE_22660,Cb 750 Four
BIKE_22661,Xb 9
BIKE_22662,Vfr 1200
BIKE_22663,Tmax 530
BIKE_22664,Integra
BIKE_22665,
BIKE_22666,Multistrada 1260
BIKE_22667,R 1250 Gs Adventure
BIKE_22668,Multistrada 950
BIKE_22669,Multistrada 950
BIKE_22670,Multistrada 950
BIKE_22671,Xl 1200
BIKE_22672,Majesty 250
BIKE_22673,Majesty 250
BIKE_22674,Majesty 250
BIKE_22675,
BIKE_22676,Z 1
BIKE_22677,Tmax Sx
BIKE_22678,1290 Super Adventure
BIKE_22679,Cb 1100
BIKE_22680,Rmz 250
BIKE_22681,Guzzi
BIKE_22682,Softail Slim
BIKE_22683,Mt-10
BIKE_22684,1290 Super Duke R
BIKE_22685,Tracer 700
BIKE_22686,Cb 500
BIKE_22687,Multistrada 1200
BIKE_22688,R 1200 Gs
BIKE_22689,Gsx-R 1000
BIKE_22690,Versys 1000
BIKE_22691,V-Strom 650
BIKE_22692,Rs 660
BIKE_22693,Pcx 125
BIKE_22694,Gsx-S 1000
BIKE_22695,R 1200 Gs
BIKE_22696,701 Supermoto
BIKE_22697,Gtr 1400
BIKE_22698,Tornado Le 900
BIKE_22699,Crf 1100
BIKE_22700,Z 800
BIKE_22701,
BIKE_22702,
BIKE_22703,Bx 125
BIKE_22704,X-Max 300
BIKE_22705,Ninja 1000Sx
BIKE_22706,1290 Super Duke Gt
BIKE_22707,X-Max 250
BIKE_22708,
BIKE_22709,S 1000 Xr
BIKE_22710,Hayabusa
BIKE_22711,Ninja Zx-6R
BIKE_22712,Cat 1000I Gt 4X4
BIKE_22713,Dax 50
BIKE_22714,Softail
BIKE_22715,Star Venture
BIKE_22716,
BIKE_22717,Scarabeo
BIKE_22718,Z 400
BIKE_22719,Z 400
BIKE_22720,Z 400
BIKE_22721,Cmx 500
BIKE_22722,S 1000 R
BIKE_22723,Fjr 1300
BIKE_22724,V-Strom 1050
BIKE_22725,R 100 R
BIKE_22726,C 650 Gt
BIKE_22727,Crf 1000
BIKE_22728,S 1000 Rr
BIKE_22729,F 750 Gs
BIKE_22730,X-Max 400
BIKE_22731,Multistrada 1200
BIKE_22732,
BIKE_22733,Sportsman 1000
BIKE_22734,Sportsman 1000
BIKE_22735,Sportsman 1000
BIKE_22736,Raptor 700
BIKE_22737,R 1200 R
BIKE_22738,Agusta F4
BIKE_22739,690 Duke
BIKE_22740,Guzzi California 1400
BIKE_22741,
BIKE_22742,Z 650
BIKE_22743,Xdiavel
BIKE_22744,R Ninet
BIKE_22745,390 Adventure
BIKE_22746,390 Adventure
BIKE_22747,390 Adventure
BIKE_22748,Z 800
BIKE_22749,R 1250 Gs
BIKE_22750,Nmax
BIKE_22751,Centro
BIKE_22752,Zero S
BIKE_22753,Zero S
BIKE_22754,Zero S
BIKE_22755,Sportster Forty Eight
BIKE_22756,Pcx 125
BIKE_22757,Monster 696
BIKE_22758,Versys 1000
BIKE_22759,Electric 1954
BIKE_22760,R 1250 Rt
BIKE_22761,R 1250 Rt
BIKE_22762,Supersport
BIKE_22763,Multistrada 950
BIKE_22764,Multistrada 950
BIKE_22765,Multistrada 950
BIKE_22766,Tracer 700
BIKE_22767,Mxu 700
BIKE_22768,R 1200 Rt
BIKE_22769,Vn 900
BIKE_22770,Versys 650
BIKE_22771,R 1200 Rt
BIKE_22772,Softail
BIKE_22773,500 Exc
BIKE_22774,500 Exc
BIKE_22775,500 Exc
BIKE_22776,Blog 160
BIKE_22777,Tracer 900
BIKE_22778,Gsx-R 1000
BIKE_22779,Yzf-R1
BIKE_22780,Xl 883
BIKE_22781,Tmax 530
BIKE_22782,Multistrada 1200
BIKE_22783,Super 8
BIKE_22784,R 1200 Gs Lc
BIKE_22785,Z 1000
BIKE_22786,Sportster
BIKE_22787,Yzf-R6
BIKE_22788,Chieftain
BIKE_22789,Heritage Softail
BIKE_22790,X-Adv
BIKE_22791,Multistrada 1260
BIKE_22792,Scrambler
BIKE_22793,Street Triple 765
BIKE_22794,Sportster
BIKE_22795,Hayabusa
BIKE_22796,
BIKE_22797,Monster 1200
BIKE_22798,Z 900
BIKE_22799,V-Strom 650
BIKE_22800,Guzzi Gtv
BIKE_22801,Cb 650
BIKE_22802,Yz 250
BIKE_22803,Xdiavel
BIKE_22804,
BIKE_22805,Hayabusa
BIKE_22806,Bonneville T120
BIKE_22807,F 900 Xr
BIKE_22808,Z 900
BIKE_22809,Symphony 200
BIKE_22810,R 1200 Gs Adventure
BIKE_22811,1290 Super Duke Gt
BIKE_22812,Tmax 560
BIKE_22813,Joymax 125I
BIKE_22814,Joymax 125I
BIKE_22815,Joymax 125I
BIKE_22816,
BIKE_22817,Gsx-R 750
BIKE_22818,F 750 Gs
BIKE_22819,Road King
BIKE_22820,R 1200 Gs
BIKE_22821,Dorsoduro
BIKE_22822,Rs 660
BIKE_22823,Vtx 1800
BIKE_22824,Beverly 350
BIKE_22825,Fjr 1300
BIKE_22826,Yfm 700
BIKE_22827,Multistrada 950
BIKE_22828,Multistrada 950
BIKE_22829,Multistrada 950
BIKE_22830,Xsr 700
BIKE_22831,R 1200 Gs
BIKE_22832,R 1250 R
BIKE_22833,R 1250 Gs
BIKE_22834,R 1200 Gs Adventure
BIKE_22835,Rsv4
BIKE_22836,Gl 1500
BIKE_22837,Kr-1
BIKE_22838,
BIKE_22839,Tuono
BIKE_22840,Am Spyder Rt
BIKE_22841,X-Adv
BIKE_22842,R 1200 Rt
BIKE_22843,Dyna Street Bob
BIKE_22844,Liberty 125
BIKE_22845,Raptor 700
BIKE_22846,Road King
BIKE_22847,Hp4
BIKE_22848,Hp4
BIKE_22849,Hp4
BIKE_22850,Rsv4
BIKE_22851,Espro 45
BIKE_22852,Ninja 650
BIKE_22853,R Ninet
BIKE_22854,K 1300 S
BIKE_22855,
BIKE_22856,X-Max 250
BIKE_22857,Hunt S
BIKE_22858,Gt
BIKE_22859,Scrambler
BIKE_22860,F 800 R
BIKE_22861,R 1200 Gs
BIKE_22862,Street Triple 675
BIKE_22863,R 1250 R
BIKE_22864,Zero S
BIKE_22865,Zero S
BIKE_22866,Zero S
BIKE_22867,Speed Triple 1050
BIKE_22868,Tracer 900
BIKE_22869,
BIKE_22870,R 1200 Gs Lc
BIKE_22871,Dyna Wide Glide
BIKE_22872,Monster 821
BIKE_22873,R 1250 Gs Adventure
BIKE_22874,1290 Super Duke Gt
BIKE_22875,F 850 Gs
BIKE_22876,Electra Glide
BIKE_22877,790 Duke
BIKE_22878,K 1600
BIKE_22879,
BIKE_22880,Gsr 750
BIKE_22881,Z 900
BIKE_22882,Rc 390
BIKE_22883,R 1200 Rt
BIKE_22884,Sportster 1200
BIKE_22885,X-Pro
BIKE_22886,Multistrada 1200
BIKE_22887,Gsx-S 750
BIKE_22888,Gsx-S 750
BIKE_22889,690 Duke
BIKE_22890,
BIKE_22891,X-Adv
BIKE_22892,Diavel
BIKE_22893,Heritage Springer
BIKE_22894,Xsr 700
BIKE_22895,R 1200 Gs
BIKE_22896,K 1600 Gtl
BIKE_22897,V-Rod
BIKE_22898,Z 800
BIKE_22899,Gsr 750
BIKE_22900,Softail
BIKE_22901,R 1200 Gs Adventure
BIKE_22902,R 1200 Gs Lc
BIKE_22903,R 1200 Gs
BIKE_22904,
BIKE_22905,R 1200 R
BIKE_22906,C 650
BIKE_22907,R 1200 Gs Adventure
BIKE_22908,R 1200 Gs
BIKE_22909,K 1600 B
BIKE_22910,K 1600 B
BIKE_22911,K 1600 B
BIKE_22912,1190 Adventure
BIKE_22913,Fz 8
BIKE_22914,Freeride 250
BIKE_22915,Am Outlander
BIKE_22916,Liberty 50
BIKE_22917,R 1250 Gs Adventure
BIKE_22918,Multistrada 950
BIKE_22919,Multistrada 950
BIKE_22920,Multistrada 950
BIKE_22921,Heritage Softail
BIKE_22922,Mxu 700
BIKE_22923,Road King
BIKE_22924,R Ninet
BIKE_22925,Cb 1000
BIKE_22926,1190 Adventure
BIKE_22927,Sr 50
BIKE_22928,Crox 50
BIKE_22929,Crox 50
BIKE_22930,Crox 50
BIKE_22931,
BIKE_22932,Aeon Cobra
BIKE_22933,Gsx-R 600
BIKE_22934,K 1300 S
BIKE_22935,950 Duke
BIKE_22936,Rzr 1000
BIKE_22937,V-Strom 1000
BIKE_22938,1125 Cr
BIKE_22939,1125 Cr
BIKE_22940,1125 Cr
BIKE_22941,Wr 125
BIKE_22942,Wr 125
BIKE_22943,Wr 125
BIKE_22944,848
BIKE_22945,848
BIKE_22946,848
BIKE_22947,Tmax 500
BIKE_22948,K 1300 Gt
BIKE_22949,Sm 125 R
BIKE_22950,
BIKE_22951,Bonneville T100
BIKE_22952,Ninja 650
BIKE_22953,Mt-07
BIKE_22954,Address
BIKE_22955,Xt 1200
BIKE_22956,R 1200 Gs Adventure
BIKE_22957,Intruder C
BIKE_22958,Multistrada 1200
BIKE_22959,Vrsc Night Rod
BIKE_22960,Orbit Iii
BIKE_22961,Orbit Iii
BIKE_22962,Orbit Iii
BIKE_22963,Softail
BIKE_22964,Thruxton
BIKE_22965,Cb 1000
BIKE_22966,Mt-10
BIKE_22967,Crogen
BIKE_22968,Street Triple 765
BIKE_22969,1190 Adventure
BIKE_22970,R 1200 Gs Adventure
BIKE_22971,Vision 50
BIKE_22972,Sportster 1200
BIKE_22973,890 Duke
BIKE_22974,890 Duke
BIKE_22975,890 Duke
BIKE_22976,Cb 1000
BIKE_22977,R 1200 R
BIKE_22978,
BIKE_22979,K 1600 Gt
BIKE_22980,
BIKE_22981,
BIKE_22982,
BIKE_22983,
BIKE_22984,Z 900
BIKE_22985,S 1000 Xr
BIKE_22986,1198
BIKE_22987,Speed Triple 1050
BIKE_22988,R 1200 Gs Adventure
BIKE_22989,Street Glide
BIKE_22990,R 1200 Gs Adventure
BIKE_22991,Cat Prowler 700
BIKE_22992,Ninja Zx-6R
BIKE_22993,
BIKE_22994,F 800 Gs Adventure
BIKE_22995,Lipo
BIKE_22996,Bonneville T120
BIKE_22997,F 850 Gs
BIKE_22998,1290 Super Adventure
BIKE_22999,Crf 1000
BIKE_23000,Mp3 350
BIKE_23001,
BIKE_23002,Multistrada 1200
BIKE_23003,Tmax Sx
BIKE_23004,Street Glide
BIKE_23005,Guzzi California 1400
BIKE_23006,
BIKE_23007,Versys 1000
BIKE_23008,Medley 125
BIKE_23009,125 Exc
BIKE_23010,125 Exc
BIKE_23011,125 Exc
BIKE_23012,Xt 1200
BIKE_23013,R 1200 Gs
BIKE_23014,S 1000 Xr
BIKE_23015,Vn 900
BIKE_23016,Diavel
BIKE_23017,Moto Terralander
BIKE_23018,Moto Terralander
BIKE_23019,Moto Terralander
BIKE_23020,Sportster Forty Eight
BIKE_23021,Mxu 550
BIKE_23022,Mxu 550
BIKE_23023,Mxu 550
BIKE_23024,Tmax 530
BIKE_23025,Like 50
BIKE_23026,Vulcan S
BIKE_23027,Fat Bob
BIKE_23028,Kosmos
BIKE_23029,B King
BIKE_23030,
BIKE_23031,Ciao
BIKE_23032,Nc 750
BIKE_23033,V-Rod
BIKE_23034,Xv 950
BIKE_23035,
BIKE_23036,R 1200 Rs
BIKE_23037,Crf 450
BIKE_23038,
BIKE_23039,
BIKE_23040,Hammer
BIKE_23041,
BIKE_23042,Cvo Breakout
BIKE_23043,Jet 14
BIKE_23044,Flathead
BIKE_23045,Road Glide
BIKE_23046,Tmax 500
BIKE_23047,Guzzi V 9
BIKE_23048,Xtz 1200
BIKE_23049,Rzr 570
BIKE_23050,R 1200 Rt
BIKE_23051,
BIKE_23052,R 1200 Gs
BIKE_23053,Nc 750
BIKE_23054,Versys 1000
BIKE_23055,Mt-07
BIKE_23056,Tmax Sx
BIKE_23057,Li
BIKE_23058,Li
BIKE_23059,Li
BIKE_23060,Xsm
BIKE_23061,F 900 Xr
BIKE_23062,Crossrunner
BIKE_23063,Xjr 1300
BIKE_23064,Saturno
BIKE_23065,Scrambler
BIKE_23066,Multistrada 1200
BIKE_23067,V-Strom 650
BIKE_23068,Memory
BIKE_23069,Guzzi Le Mans
BIKE_23070,Guzzi Le Mans
BIKE_23071,Guzzi Le Mans
BIKE_23072,Rzr 570
BIKE_23073,Sr 50
BIKE_23074,Monster 821
BIKE_23075,Crf 1000
BIKE_23076,
BIKE_23077,Madison 250
BIKE_23078,125 Duke
BIKE_23079,Vision 50
BIKE_23080,Street Glide
BIKE_23081,Cbf 1000
BIKE_23082,Agusta Superveloce 800
BIKE_23083,Z 750
BIKE_23084,Yzf-R1
BIKE_23085,Agusta F4 1000
BIKE_23086,
BIKE_23087,Moto Tr 125
BIKE_23088,Mp3 500
BIKE_23089,Gpz 500 S
BIKE_23090,Sh 150
BIKE_23091,Tiger 1200
BIKE_23092,Multistrada 1200
BIKE_23093,Z 900
BIKE_23094,Niken
BIKE_23095,Versys 650
BIKE_23096,F 800
BIKE_23097,X-City 250
BIKE_23098,Trike
BIKE_23099,F 900 R
BIKE_23100,Softail
BIKE_23101,R Ninet
BIKE_23102,Vfr
BIKE_23103,Gsx-R 600
BIKE_23104,Tuono
BIKE_23105,
BIKE_23106,Rc 125
BIKE_23107,Gsx-S 125
BIKE_23108,Gsx-S 125
BIKE_23109,Gsx-S 125
BIKE_23110,R Ninet
BIKE_23111,
BIKE_23112,Fat Boy
BIKE_23113,Daytona 675
BIKE_23114,Gsx-R 600
BIKE_23115,Crf 1000
BIKE_23116,S300 Fi
BIKE_23117,S300 Fi
BIKE_23118,S300 Fi
BIKE_23119,Liberty 125
BIKE_23120,Bonneville T120
BIKE_23121,Am Spyder F3-S
BIKE_23122,Citycom 300
BIKE_23123,Yzf-R1
BIKE_23124,Street Glide
BIKE_23125,Forza 300
BIKE_23126,Bonneville T120
BIKE_23127,Roadmaster
BIKE_23128,Cb 1100
BIKE_23129,Sportsman 1000
BIKE_23130,Sportsman 1000
BIKE_23131,Sportsman 1000
BIKE_23132,Yzf-R6
BIKE_23133,Fat Boy
BIKE_23134,Tracer 700
BIKE_23135,
BIKE_23136,Mt-09
BIKE_23137,C 650
BIKE_23138,Mp3 250
BIKE_23139,Iron 883
BIKE_23140,Multistrada 1200
BIKE_23141,
BIKE_23142,Z1000 Sx
BIKE_23143,350 Exc
BIKE_23144,R 1150 Gs Adventure
BIKE_23145,Agusta F4 1078
BIKE_23146,R 1200 Gs Adventure
BIKE_23147,Tracer 900
BIKE_23148,Am Maverick
BIKE_23149,Zzr 1400
BIKE_23150,Quadro4
BIKE_23151,F 800 R
BIKE_23152,Cygnus
BIKE_23153,1290 Super Duke R
BIKE_23154,Mt-09
BIKE_23155,Rs 660
BIKE_23156,Street Triple R
BIKE_23157,Katana 1000
BIKE_23158,Katana 1000
BIKE_23159,Katana 1000
BIKE_23160,Liberty 50
BIKE_23161,350S
BIKE_23162,350S
BIKE_23163,350S
BIKE_23164,Xl 1200
BIKE_23165,F 900 R
BIKE_23166,Tmax 530
BIKE_23167,Velosolex 3800
BIKE_23168,Smr 125 2T
BIKE_23169,F 900 R
BIKE_23170,Supersport
BIKE_23171,F 800 Gt
BIKE_23172,Panigale R
BIKE_23173,Cb 1000
BIKE_23174,Star 150
BIKE_23175,125 G1
BIKE_23176,R 1200 Gs
BIKE_23177,790 Duke
BIKE_23178,R 1200 Gs
BIKE_23179,R 80 Gs
BIKE_23180,Z1000 Sx
BIKE_23181,R 1200 Gs
BIKE_23182,C 400 X
BIKE_23183,Cb 1000
BIKE_23184,Hypermotard 796
BIKE_23185,Hypermotard 796
BIKE_23186,Hypermotard 796
BIKE_23187,Xsr 700
BIKE_23188,Pepe
BIKE_23189,Gsx-S 1000
BIKE_23190,Cb 500
BIKE_23191,Versys 1000
BIKE_23192,Burgman 650
BIKE_23193,Crf 1100
BIKE_23194,S 1000 Rr
BIKE_23195,Tnt 1130
BIKE_23196,
BIKE_23197,Vzr 1800
BIKE_23198,Mp3 500
BIKE_23199,Forza 300
BIKE_23200,R 1200 Rt
BIKE_23201,F 900 Xr
BIKE_23202,R 1200 R
BIKE_23203,
BIKE_23204,K 1300
BIKE_23205,Fiddle 125
BIKE_23206,Scrambler
BIKE_23207,Nc 750
BIKE_23208,Panigale V4
BIKE_23209,790 Adventure
BIKE_23210,Superlow
BIKE_23211,Superlow
BIKE_23212,Superlow
BIKE_23213,Heritage Softail
BIKE_23214,V-Strom 650
BIKE_23215,C 650 Gt
BIKE_23216,Superlow
BIKE_23217,Superlow
BIKE_23218,Superlow
BIKE_23219,Z 800
BIKE_23220,Rs 250
BIKE_23221,Crf 1100
BIKE_23222,Z 900
BIKE_23223,Agusta Brutale 675
BIKE_23224,Majesty 125
BIKE_23225,Majesty 125
BIKE_23226,Majesty 125
BIKE_23227,1199 Panigale
BIKE_23228,St 1300
BIKE_23229,Electra Glide
BIKE_23230,Srv 850
BIKE_23231,Mt-09
BIKE_23232,S 1000 Rr
BIKE_23233,Sportster 883
BIKE_23234,
BIKE_23235,R 1250 R
BIKE_23236,Fjr 1300
BIKE_23237,1290 Super Duke Gt
BIKE_23238,Multistrada 1200
BIKE_23239,Nc 750
BIKE_23240,Sportsman 850
BIKE_23241,Custom Bike
BIKE_23242,Xciting 400I
BIKE_23243,Sportsman 800
BIKE_23244,Gtr 1400
BIKE_23245,S 1000 Xr
BIKE_23246,Hurricane 450
BIKE_23247,Nc 750
BIKE_23248,Ak 550
BIKE_23249,S 1000 R
BIKE_23250,R 1200 R
BIKE_23251,Cb 750
BIKE_23252,R 1200 Gs
BIKE_23253,Hypermotard 1100
BIKE_23254,Xjr 1300
BIKE_23255,Hayabusa
BIKE_23256,
BIKE_23257,S 1000 Rr
BIKE_23258,R Ninet
BIKE_23259,S 1000 Xr
BIKE_23260,Xdiavel
BIKE_23261,Softail
BIKE_23262,
BIKE_23263,Sportster Xr 1200
BIKE_23264,Versys 650
BIKE_23265,1090 Adventure
BIKE_23266,1090 Adventure
BIKE_23267,1090 Adventure
BIKE_23268,K 1300
BIKE_23269,Softail
BIKE_23270,S 1000 Xr
BIKE_23271,Thunderbird Sport
BIKE_23272,Guzzi V 7
BIKE_23273,Agusta Brutale 1090
BIKE_23274,Vlr 1800
BIKE_23275,Gsx-S 750
BIKE_23276,
BIKE_23277,
BIKE_23278,R Ninet
BIKE_23279,Cbr 1000
BIKE_23280,Z 1000
BIKE_23281,R Ninet
BIKE_23282,R 1200 Gs Adventure
BIKE_23283,R 1200 Gs
BIKE_23284,Ks 125 Sport
BIKE_23285,Ks 125 Sport
BIKE_23286,Ks 125 Sport
BIKE_23287,S 1000 Xr
BIKE_23288,Versys 650
BIKE_23289,Agusta F3
BIKE_23290,Xevo 125
BIKE_23291,Xevo 125
BIKE_23292,Xevo 125
BIKE_23293,Sportster 1200
BIKE_23294,Tiger Sport
BIKE_23295,Derapage
BIKE_23296,
BIKE_23297,
BIKE_23298,R 1250 Gs
BIKE_23299,Mt-09
BIKE_23300,R 1250 Gs
BIKE_23301,Typhoon
BIKE_23302,Z 1000
BIKE_23303,
BIKE_23304,Road King
BIKE_23305,V-Strom 650
BIKE_23306,Street Cup
BIKE_23307,Street Cup
BIKE_23308,Street Cup
BIKE_23309,
BIKE_23310,
BIKE_23311,Gold Wing
BIKE_23312,Burgman 200
BIKE_23313,R 1200 Rt
BIKE_23314,Guzzi Norge 1200
BIKE_23315,Z 800
BIKE_23316,
BIKE_23317,
BIKE_23318,R Ninet
BIKE_23319,Electra Glide
BIKE_23320,R 100 Rs
BIKE_23321,690 Duke
BIKE_23322,Speed Triple 1050
BIKE_23323,Road Glide
BIKE_23324,Sportster 1200
BIKE_23325,Ybr 250
BIKE_23326,S 1000 R
BIKE_23327,Softail
BIKE_23328,Forza 250
BIKE_23329,Ninja 1000Sx
BIKE_23330,R 1200 Gs Adventure
BIKE_23331,Cbr 600
BIKE_23332,Multistrada 1200
BIKE_23333,690 Duke
BIKE_23334,C 650 Gt
BIKE_23335,
BIKE_23336,Morini 3 1/2
BIKE_23337,Scrambler
BIKE_23338,R 90
BIKE_23339,790 Adventure
BIKE_23340,Xj 750
BIKE_23341,Multistrada 1260
BIKE_23342,S 1000 Rr
BIKE_23343,1190 Adventure
BIKE_23344,R 1200 Gs Adventure
BIKE_23345,Dyna Street Bob
BIKE_23346,Mt-10
BIKE_23347,Streetfighter
BIKE_23348,Monster 696
BIKE_23349,R 1200 Gs
BIKE_23350,Z1000 Sx
BIKE_23351,F 650 Gs
BIKE_23352,R 1200 Gs Adventure
BIKE_23353,Sh 300
BIKE_23354,Xsr 900
BIKE_23355,
BIKE_23356,Versys 1000
BIKE_23357,Sportster 883
BIKE_23358,R 1200 Gs
BIKE_23359,1290 Super Duke Gt
BIKE_23360,R 1200 Rt
BIKE_23361,Gtr 1400
BIKE_23362,Blade 1000
BIKE_23363,St 125
BIKE_23364,R 1200 Gs
BIKE_23365,Ténéré 700
BIKE_23366,R 1250 Rt
BIKE_23367,Gsx-R 600
BIKE_23368,Street Triple 675
BIKE_23369,R Ninet
BIKE_23370,Scrambler
BIKE_23371,Smx 125I Supermoto
BIKE_23372,
BIKE_23373,Yz 125
BIKE_23374,Diavel
BIKE_23375,K 1300 S
BIKE_23376,Pcx 125
BIKE_23377,Cobra
BIKE_23378,R 1200 Gs
BIKE_23379,Xvs 1300
BIKE_23380,Streetfighter
BIKE_23381,J125
BIKE_23382,J125
BIKE_23383,J125
BIKE_23384,
BIKE_23385,Monster 1200
BIKE_23386,Lx 150
BIKE_23387,Scrambler
BIKE_23388,Mt-09
BIKE_23389,Sw-T 400
BIKE_23390,Agusta F3
BIKE_23391,Mio
BIKE_23392,K 1200 Lt
BIKE_23393,K 1200 Lt
BIKE_23394,K 1200 Lt
BIKE_23395,Xl 1200
BIKE_23396,Caponord 1200
BIKE_23397,V-Strom 650
BIKE_23398,R 1200 Gs Adventure
BIKE_23399,R 1200 Rt
BIKE_23400,X-Max 125
BIKE_23401,Agusta F3
BIKE_23402,Sport Glide
BIKE_23403,Crf 1100
BIKE_23404,Sh 150
BIKE_23405,890 Duke
BIKE_23406,890 Duke
BIKE_23407,890 Duke
BIKE_23408,Multistrada 1200
BIKE_23409,Beverly 250
BIKE_23410,Versys 650
BIKE_23411,Tuono
BIKE_23412,Softail
BIKE_23413,X-Max 250
BIKE_23414,Agility 50
BIKE_23415,Jet 4
BIKE_23416,Jet 4
BIKE_23417,Jet 4
BIKE_23418,Xvs 950
BIKE_23419,R 1200 Gs Lc
BIKE_23420,V-Strom 650
BIKE_23421,790 Adventure
BIKE_23422,
BIKE_23423,Am Outlander
BIKE_23424,1200 Custom
BIKE_23425,Multistrada 1200
BIKE_23426,Gsx-S 1000
BIKE_23427,R 1200 Gs
BIKE_23428,R 1200 Gs Lc
BIKE_23429,Nc 750
BIKE_23430,790 Duke
BIKE_23431,
BIKE_23432,Gtr 1400
BIKE_23433,S 1000 R
BIKE_23434,Speed Triple S
BIKE_23435,Iron 883
BIKE_23436,Cb 650
BIKE_23437,Softail
BIKE_23438,Night Train
BIKE_23439,R 1200 Gs
BIKE_23440,Tiger Explorer
BIKE_23441,Rr 50
BIKE_23442,Vn 1600
BIKE_23443,Vn 1600
BIKE_23444,Vn 1600
BIKE_23445,
BIKE_23446,Agusta Brutale 1090
BIKE_23447,
BIKE_23448,Monster 1200
BIKE_23449,
BIKE_23450,Multistrada 1260
BIKE_23451,Tuono
BIKE_23452,Mp3 500
BIKE_23453,Orbit Iii
BIKE_23454,Orbit Iii
BIKE_23455,Orbit Iii
BIKE_23456,Tiger 1050
BIKE_23457,
BIKE_23458,V-Strom 1000
BIKE_23459,Primavera
BIKE_23460,Gl 1800
BIKE_23461,Tiger 900
BIKE_23462,S 1000 Xr
BIKE_23463,Multistrada 1260
BIKE_23464,Intruder C
BIKE_23465,Z 1
BIKE_23466,Xciting 400I
BIKE_23467,Flathead
BIKE_23468,
BIKE_23469,C 400 Gt
BIKE_23470,Vfr 1200
BIKE_23471,Nrx 1800
BIKE_23472,Fly 125
BIKE_23473,Fly 125
BIKE_23474,Fly 125
BIKE_23475,Furia Max
BIKE_23476,Sportster 1200
BIKE_23477,
BIKE_23478,Road King
BIKE_23479,Bonneville T100
BIKE_23480,R Ninet
BIKE_23481,
BIKE_23482,V-Strom 650
BIKE_23483,Tiger 800
BIKE_23484,900 Ss
BIKE_23485,
BIKE_23486,
BIKE_23487,Niken
BIKE_23488,R 1200 Gs Adventure
BIKE_23489,Burgman 400
BIKE_23490,X-Max 300
BIKE_23491,1190 Adventure
BIKE_23492,
BIKE_23493,R 1200 Gs
BIKE_23494,Yzf-R1
BIKE_23495,N1S
BIKE_23496,R Ninet
BIKE_23497,
BIKE_23498,F 700
BIKE_23499,F 700
BIKE_23500,F 700
BIKE_23501,People Gti
BIKE_23502,People Gti
BIKE_23503,People Gti
BIKE_23504,690 Smc
BIKE_23505,690 Smc
BIKE_23506,690 Smc
BIKE_23507,Diavel
BIKE_23508,
BIKE_23509,C 650
BIKE_23510,Sr 50
BIKE_23511,R 1200 Gs
BIKE_23512,Sh 150
BIKE_23513,Fjr 1300
BIKE_23514,Thruxton
BIKE_23515,X-Max 300
BIKE_23516,
BIKE_23517,F 800 Gs
BIKE_23518,Ninja Zx-12R
BIKE_23519,Liberty 150
BIKE_23520,Vl 800
BIKE_23521,Mt-01
BIKE_23522,Versys 650
BIKE_23523,Quadro4
BIKE_23524,R 1250 Gs
BIKE_23525,W 800
BIKE_23526,Agility 50
BIKE_23527,Gsx-R 1000
BIKE_23528,Agility 50
BIKE_23529,790 Duke
BIKE_23530,Tmax 530
BIKE_23531,R 1200 Gs
BIKE_23532,R 1200 Gs
BIKE_23533,Multistrada 950
BIKE_23534,Multistrada 950
BIKE_23535,Multistrada 950
BIKE_23536,F 800 Gs
BIKE_23537,Tracer 900
BIKE_23538,Scout
BIKE_23539,690 Smc
BIKE_23540,690 Smc
BIKE_23541,690 Smc
BIKE_23542,M1
BIKE_23543,M1
BIKE_23544,M1
BIKE_23545,F 800 Gs Adventure
BIKE_23546,Gts 125
BIKE_23547,R Ninet
BIKE_23548,Wla
BIKE_23549,Wla
BIKE_23550,Wla
BIKE_23551,
BIKE_23552,Downtown 300I
BIKE_23553,Versys 1000
BIKE_23554,Tiger 1050
BIKE_23555,Evo 250
BIKE_23556,Dyna Wide Glide
BIKE_23557,Guzzi V 7
BIKE_23558,Dyna Fat Bob
BIKE_23559,R 80
BIKE_23560,S 1000 Xr
BIKE_23561,Hayabusa
BIKE_23562,Z 900
BIKE_23563,Sportster Forty Eight
BIKE_23564,R 1200 Rt
BIKE_23565,Xvs 950
BIKE_23566,
BIKE_23567,R 25
BIKE_23568,Tracer 700
BIKE_23569,Fxd
BIKE_23570,
BIKE_23571,Joymax 125I
BIKE_23572,Joymax 125I
BIKE_23573,Joymax 125I
BIKE_23574,Versys 1000
BIKE_23575,R 1200 R
BIKE_23576,R Ninet
BIKE_23577,K 1600 Gt
BIKE_23578,Tmax 560
BIKE_23579,Agusta Brutale 800
BIKE_23580,1190 Adventure
BIKE_23581,Monster 1100
BIKE_23582,Mp3 350
BIKE_23583,Tiger 800
BIKE_23584,R 1200 Rt
BIKE_23585,Dyna Street Bob
BIKE_23586,Rs4 50
BIKE_23587,Rs4 50
BIKE_23588,Rs4 50
BIKE_23589,
BIKE_23590,S 1000 Rr
BIKE_23591,S 1000 R
BIKE_23592,Ciak 100
BIKE_23593,Softail
BIKE_23594,Gl 1800
BIKE_23595,1200 Custom
BIKE_23596,F 750 Gs
BIKE_23597,Gsx-S 750
BIKE_23598,People Gt300I
BIKE_23599,Er - 6 N
BIKE_23600,Bonneville T100
BIKE_23601,
BIKE_23602,R 1200 R
BIKE_23603,
BIKE_23604,Z 1000
BIKE_23605,1290 Super Adventure
BIKE_23606,
BIKE_23607,C 650 Gt
BIKE_23608,Multistrada 1200
BIKE_23609,Tiger 800
BIKE_23610,1098
BIKE_23611,1098
BIKE_23612,1098
BIKE_23613,Electra Glide
BIKE_23614,Fz 1
BIKE_23615,
BIKE_23616,
BIKE_23617,Kb 1
BIKE_23618,Yzf-R125
BIKE_23619,R 1250 R
BIKE_23620,Yfz 450
BIKE_23621,
BIKE_23622,
BIKE_23623,Z 900
BIKE_23624,
BIKE_23625,Crf 1100
BIKE_23626,F 800 Gs
BIKE_23627,1290 Super Duke R
BIKE_23628,R 90 S
BIKE_23629,R 90 S
BIKE_23630,R 90 S
BIKE_23631,Multistrada 1200
BIKE_23632,Crf 1100
BIKE_23633,701 Supermoto
BIKE_23634,Z 900
BIKE_23635,
BIKE_23636,W 800
BIKE_23637,Speed Triple 1050
BIKE_23638,Super Dink 125
BIKE_23639,Z 1000
BIKE_23640,People Gti
BIKE_23641,People Gti
BIKE_23642,People Gti
BIKE_23643,Sportster 1200
BIKE_23644,Softail
BIKE_23645,
BIKE_23646,
BIKE_23647,Cbr 1000
BIKE_23648,Sportster 1200
BIKE_23649,R Ninet
BIKE_23650,R 1200 Gs
BIKE_23651,Ak 550
BIKE_23652,Dyna Switchback
BIKE_23653,Dyna Switchback
BIKE_23654,Dyna Switchback
BIKE_23655,S 1000 Xr
BIKE_23656,Ak 550
BIKE_23657,Crosstourer
BIKE_23658,Dyna Super Glide
BIKE_23659,Beverly 300
BIKE_23660,Supersport
BIKE_23661,R 65
BIKE_23662,
BIKE_23663,1190 Adventure
BIKE_23664,Pcx 125
BIKE_23665,Cb 1100
BIKE_23666,F 750 Gs
BIKE_23667,
BIKE_23668,R 1200 Gs
BIKE_23669,R 1200 Gs
BIKE_23670,Fz 1
BIKE_23671,
BIKE_23672,Am Ryker
BIKE_23673,Am Ryker
BIKE_23674,Am Ryker
BIKE_23675,Street Rod
BIKE_23676,Street Rod
BIKE_23677,Street Rod
BIKE_23678,899 Panigale
BIKE_23679,899 Panigale
BIKE_23680,899 Panigale
BIKE_23681,
BIKE_23682,Yzf-R1
BIKE_23683,
BIKE_23684,Am Maverick
BIKE_23685,Hypermotard 939
BIKE_23686,R 1200 Gs
BIKE_23687,R Ninet
BIKE_23688,Capri 50
BIKE_23689,
BIKE_23690,C 400 X
BIKE_23691,Shade Xtreme 850
BIKE_23692,R 1200 Gs
BIKE_23693,Nmax
BIKE_23694,R 1200 Gs
BIKE_23695,500 Exc
BIKE_23696,500 Exc
BIKE_23697,500 Exc
BIKE_23698,Road King
BIKE_23699,
BIKE_23700,Rocker C
BIKE_23701,Pcx 125
BIKE_23702,
BIKE_23703,
BIKE_23704,
BIKE_23705,
BIKE_23706,Roadwin
BIKE_23707,Mio
BIKE_23708,Softail
BIKE_23709,F 800 Gt
BIKE_23710,B King
BIKE_23711,Vn 1700
BIKE_23712,R 1200 Gs Adventure
BIKE_23713,Sportsman 1000
BIKE_23714,Sportsman 1000
BIKE_23715,Sportsman 1000
BIKE_23716,Z 900
BIKE_23717,K 1600 Gt
BIKE_23718,Versys 650
BIKE_23719,R 1250 R
BIKE_23720,Yfm 700
BIKE_23721,R 1200 Gs Lc
BIKE_23722,Vrsc V-Rod
BIKE_23723,S 1000 R
BIKE_23724,Racing
BIKE_23725,Racing
BIKE_23726,Racing
BIKE_23727,Guzzi V 75
BIKE_23728,V-Strom 1050
BIKE_23729,Niken
BIKE_23730,
BIKE_23731,Street Glide
BIKE_23732,Rs 250
BIKE_23733,Yzf-R6
BIKE_23734,Street Triple 765
BIKE_23735,Dyna Street Bob
BIKE_23736,C 400 Gt
BIKE_23737,X-Max 250
BIKE_23738,R 1200 C Independent
BIKE_23739,Crf 1000
BIKE_23740,R Ninet
BIKE_23741,Sr 50
BIKE_23742,
BIKE_23743,Msx 125
BIKE_23744,Supersport
BIKE_23745,Nexus 300
BIKE_23746,
BIKE_23747,
BIKE_23748,Vrsc V-Rod
BIKE_23749,Z 1000
BIKE_23750,
BIKE_23751,Maxsym Tl
BIKE_23752,
BIKE_23753,1199 Panigale
BIKE_23754,Cbr 1000
BIKE_23755,F 850 Gs
BIKE_23756,Softail
BIKE_23757,F 900 R
BIKE_23758,Zzr 1100
BIKE_23759,Zzr 1100
BIKE_23760,Zzr 1100
BIKE_23761,Guzzi V 7
BIKE_23762,V-Strom 1050
BIKE_23763,
BIKE_23764,790 Adventure
BIKE_23765,R 1200 Gs Adventure
BIKE_23766,50M
BIKE_23767,50M
BIKE_23768,50M
BIKE_23769,Burgman 650
BIKE_23770,Forza 125
BIKE_23771,R 1200 Gs
BIKE_23772,Crf 1100
BIKE_23773,Ninja Zx-6R
BIKE_23774,Heritage Softail
BIKE_23775,Agusta Brutale 675
BIKE_23776,R 1200 Gs
BIKE_23777,Vl 800
BIKE_23778,Versys 650
BIKE_23779,Vulcan 900
BIKE_23780,Dyna Fat Bob
BIKE_23781,Sportster
BIKE_23782,Monster 821
BIKE_23783,Cb 500
BIKE_23784,R 1200 Gs Adventure
BIKE_23785,R 1200 Gs
BIKE_23786,Agusta Turismo Veloce 800
BIKE_23787,Electra Glide
BIKE_23788,Tracer 700
BIKE_23789,Yzf-R1
BIKE_23790,Zip Ii 25
BIKE_23791,Yfm 700
BIKE_23792,
BIKE_23793,S 1000 Xr
BIKE_23794,Sportster 883
BIKE_23795,Z 650
BIKE_23796,Softail
BIKE_23797,Multistrada 1200
BIKE_23798,K 1100
BIKE_23799,R 1200 C
BIKE_23800,Tmax 530
BIKE_23801,Vulcan S
BIKE_23802,King Quad
BIKE_23803,Gsx-S 1000
BIKE_23804,Xenter 125
BIKE_23805,Heritage Softail
BIKE_23806,Thruxton
BIKE_23807,Softail
BIKE_23808,R 1250 Rt
BIKE_23809,Tmax 530
BIKE_23810,Ninja Zx-10R
BIKE_23811,V-Strom 650
BIKE_23812,Gsx-S 125
BIKE_23813,Gsx-S 125
BIKE_23814,Gsx-S 125
BIKE_23815,Scrambler
BIKE_23816,Z 750
BIKE_23817,Crossrunner
BIKE_23818,Sw-T 400
BIKE_23819,Low Rider
BIKE_23820,Est 1902 Ol School Bobber
BIKE_23821,R 80 Gs
BIKE_23822,R 1200 Rs
BIKE_23823,Monster 821
BIKE_23824,Z 800
BIKE_23825,Burgman 400
BIKE_23826,Street 750
BIKE_23827,Mp3 Yourban
BIKE_23828,Z 650
BIKE_23829,Nc 750
BIKE_23830,K 1600 Gt
BIKE_23831,1290 Super Duke R
BIKE_23832,F 850 Gs
BIKE_23833,125 Duke
BIKE_23834,Gsx-R 1000
BIKE_23835,
BIKE_23836,Crf 1000
BIKE_23837,Late Shovel
BIKE_23838,Super Glide
BIKE_23839,Vfr 1200
BIKE_23840,Nmax
BIKE_23841,Liberty 150
BIKE_23842,Xsr 700
BIKE_23843,Rsv4
BIKE_23844,C 650
BIKE_23845,1299 Panigale
BIKE_23846,C 650 Gt
BIKE_23847,Chieftain
BIKE_23848,C 650 Gt
BIKE_23849,K 1600
BIKE_23850,X-Adv
BIKE_23851,R 1250 R
BIKE_23852,125 Duke
BIKE_23853,
BIKE_23854,Nc 750
BIKE_23855,
BIKE_23856,Z 1000
BIKE_23857,Mt-07
BIKE_23858,Sport Glide
BIKE_23859,Tmax 560
BIKE_23860,R 1200 R
BIKE_23861,Dyna Super Glide
BIKE_23862,
BIKE_23863,Guzzi V 7
BIKE_23864,Moto Grs 125
BIKE_23865,
BIKE_23866,Rocket Iii Touring
BIKE_23867,
BIKE_23868,Tzr 250
BIKE_23869,King Quad
BIKE_23870,Monster 821
BIKE_23871,Z 650
BIKE_23872,Street Triple 765
BIKE_23873,Speed Triple 1050
BIKE_23874,Bws
BIKE_23875,Cbr 600
BIKE_23876,Crf 1100
BIKE_23877,Grizzly 550
BIKE_23878,Scarabeo 50
BIKE_23879,Scarabeo 50
BIKE_23880,Scarabeo 50
BIKE_23881,Forza 300
BIKE_23882,Night Train
BIKE_23883,Xt 1200
BIKE_23884,S 1000 Xr
BIKE_23885,
BIKE_23886,Hayabusa
BIKE_23887,R 1200 Gs
BIKE_23888,Crf 1000
BIKE_23889,Cbr 1000
BIKE_23890,Sh 150
BIKE_23891,Vulcan 1700
BIKE_23892,Gsx-S 1000
BIKE_23893,Smr 125 2T
BIKE_23894,Diavel
BIKE_23895,Z H2
BIKE_23896,
BIKE_23897,Xr 1200
BIKE_23898,R 1200
BIKE_23899,848
BIKE_23900,848
BIKE_23901,848
BIKE_23902,Sportster 1200
BIKE_23903,R 1200 Gs Adventure
BIKE_23904,Senda
BIKE_23905,Tuono
BIKE_23906,Bandit 1250
BIKE_23907,Felsberg 125
BIKE_23908,Ak 550
BIKE_23909,Rzr 900
BIKE_23910,Rzr 900
BIKE_23911,Rzr 900
BIKE_23912,X-City 250
BIKE_23913,Electra Glide
BIKE_23914,888
BIKE_23915,Mt-09
BIKE_23916,Mp3 300
BIKE_23917,Agusta Brutale 990
BIKE_23918,Agusta Brutale 990
BIKE_23919,Agusta Brutale 990
BIKE_23920,Bandit 1250
BIKE_23921,Electra Glide
BIKE_23922,Sportster 883
BIKE_23923,K 1300 S
BIKE_23924,Liberty 125
BIKE_23925,Dink 125
BIKE_23926,Cbr 1000
BIKE_23927,Softail
BIKE_23928,R 1200 Gs
BIKE_23929,S 1000 R
BIKE_23930,Street Triple 675
BIKE_23931,R Ninet
BIKE_23932,Majesty 150
BIKE_23933,Vl 800
BIKE_23934,Softail
BIKE_23935,Thruxton
BIKE_23936,R 850 R
BIKE_23937,Tracer 900
BIKE_23938,Guzzi V 85
BIKE_23939,Tmax 530
BIKE_23940,Sportster 1200
BIKE_23941,R 1200 R
BIKE_23942,X-Adv
BIKE_23943,Z 1000
BIKE_23944,Tmax 530
BIKE_23945,Monster 1200
BIKE_23946,Fat Boy
BIKE_23947,1090 Adventure
BIKE_23948,1090 Adventure
BIKE_23949,1090 Adventure
BIKE_23950,F 750 Gs
BIKE_23951,1050 Adventure
BIKE_23952,Cbr 1000
BIKE_23953,Tmax 530
BIKE_23954,
BIKE_23955,R 1250 Rs
BIKE_23956,S 1000 R
BIKE_23957,Agility 150
BIKE_23958,
BIKE_23959,R 80 Rt
BIKE_23960,Hypermotard 950
BIKE_23961,1290 Super Duke Gt
BIKE_23962,Electra Glide
BIKE_23963,Dyna Fat Bob
BIKE_23964,R 1200 Gs Adventure
BIKE_23965,Street Triple Rx
BIKE_23966,Street Triple Rx
BIKE_23967,Street Triple Rx
BIKE_23968,K 1600
BIKE_23969,R Ninet
BIKE_23970,F 800 Gs
BIKE_23971,Tmax 530
BIKE_23972,R 1250 R
BIKE_23973,Multistrada 1200
BIKE_23974,Myroad 700I
BIKE_23975,Myroad 700I
BIKE_23976,Myroad 700I
BIKE_23977,St 1300
BIKE_23978,R 1200 Rt
BIKE_23979,Z 900
BIKE_23980,X-Adv
BIKE_23981,Tuono
BIKE_23982,Dyna Wide Glide
BIKE_23983,Z 1000
BIKE_23984,Fat Bob
BIKE_23985,Mt-07
BIKE_23986,R 1200 Gs
BIKE_23987,Guzzi V 7
BIKE_23988,F 750 Gs
BIKE_23989,Street Twin
BIKE_23990,Sportster 883
BIKE_23991,
BIKE_23992,Mt-09
BIKE_23993,Cb 750
BIKE_23994,R 1200 Rt
BIKE_23995,R 1250 Gs Adventure
BIKE_23996,Heritage Softail
BIKE_23997,
BIKE_23998,Cb 1000
BIKE_23999,Atlantic 400
BIKE_24000,Hypermotard 939
BIKE_24001,
BIKE_24002,K 1300 S
BIKE_24003,S 1000 Rr
BIKE_24004,V-Rod
BIKE_24005,R 1200 Rt
BIKE_24006,Cb 650
BIKE_24007,
BIKE_24008,1198
BIKE_24009,Cbr 1000
BIKE_24010,Yzf-R3
BIKE_24011,1290 Super Adventure
BIKE_24012,R Ninet
BIKE_24013,R 1200 Gs Lc
BIKE_24014,R Ninet
BIKE_24015,Cb 1000
BIKE_24016,Cb 1000
BIKE_24017,790 Duke
BIKE_24018,Crf 1100
BIKE_24019,F 900 R
BIKE_24020,Am Outlander
BIKE_24021,R 1200 Rt
BIKE_24022,Hypermotard 939
BIKE_24023,Zzr 1400
BIKE_24024,Crf 1000
BIKE_24025,
BIKE_24026,Lead
BIKE_24027,Cb 125
BIKE_24028,690 Duke
BIKE_24029,Tmax 530
BIKE_24030,Roadster
BIKE_24031,Wr 125
BIKE_24032,Wr 125
BIKE_24033,Wr 125
BIKE_24034,Dyna Switchback
BIKE_24035,Dyna Switchback
BIKE_24036,Dyna Switchback
BIKE_24037,Thruxton
BIKE_24038,Bullet 50
BIKE_24039,Tiger Sport
BIKE_24040,C 650 Gt
BIKE_24041,Z 900
BIKE_24042,Cb 1000
BIKE_24043,Sportster 1200
BIKE_24044,Trophy
BIKE_24045,Rocker C
BIKE_24046,
BIKE_24047,Monster 1200
BIKE_24048,Road King
BIKE_24049,R 1200 Gs Adventure
BIKE_24050,Xv 750
BIKE_24051,Xv 750
BIKE_24052,Xv 750
BIKE_24053,Z 900
BIKE_24054,Streetfighter
BIKE_24055,Xjr 1300
BIKE_24056,Mt-09
BIKE_24057,Ch 125
BIKE_24058,
BIKE_24059,Dyna Street Bob
BIKE_24060,520 Max
BIKE_24061,Heritage
BIKE_24062,V-Rod
BIKE_24063,
BIKE_24064,Dyna Street Bob
BIKE_24065,R Ninet
BIKE_24066,790 Duke
BIKE_24067,Z1000 Sx
BIKE_24068,Mt-10
BIKE_24069,Address
BIKE_24070,Yzf 1000
BIKE_24071,Ape
BIKE_24072,Cmx 500
BIKE_24073,Speed Triple 1050
BIKE_24074,
BIKE_24075,
BIKE_24076,Superlow
BIKE_24077,Superlow
BIKE_24078,Superlow
BIKE_24079,C 650
BIKE_24080,Late Shovel
BIKE_24081,Intruder C
BIKE_24082,Joymax 125I
BIKE_24083,Joymax 125I
BIKE_24084,Joymax 125I
BIKE_24085,Vzr 1800
BIKE_24086,S 1000 Xr
BIKE_24087,Vision 110
BIKE_24088,R 25
BIKE_24089,Tiger Explorer
BIKE_24090,Fly 125
BIKE_24091,Fly 125
BIKE_24092,Fly 125
BIKE_24093,Yzf-R6
BIKE_24094,C Evolution
BIKE_24095,Guzzi V 7
BIKE_24096,
BIKE_24097,125 F
BIKE_24098,Dyna Street Bob
BIKE_24099,Guzzi V 7
BIKE_24100,Tiger Explorer
BIKE_24101,Aerox
BIKE_24102,Roadster
BIKE_24103,Sr 500
BIKE_24104,Iron 883
BIKE_24105,Monster 1200
BIKE_24106,S 1000 R
BIKE_24107,V-Strom 1000
BIKE_24108,Street Glide
BIKE_24109,Agusta Brutale 990
BIKE_24110,Agusta Brutale 990
BIKE_24111,Agusta Brutale 990
BIKE_24112,Carnaby 300
BIKE_24113,Raptor 700
BIKE_24114,Nc 750
BIKE_24115,Iron 883
BIKE_24116,Mxu 450I
BIKE_24117,Primavera 50
BIKE_24118,Heritage Springer
BIKE_24119,Star 150
BIKE_24120,
BIKE_24121,Xjr 1300
BIKE_24122,Bonneville T100
BIKE_24123,Cmx 500
BIKE_24124,Fly 50
BIKE_24125,Fly 50
BIKE_24126,Fly 50
BIKE_24127,Z 1000
BIKE_24128,Crf 1100
BIKE_24129,Bonneville T120
BIKE_24130,Sv 650
BIKE_24131,S 1000 Xr
BIKE_24132,Liberty 125
BIKE_24133,790 Duke
BIKE_24134,Symphony 125
BIKE_24135,Burgman 400
BIKE_24136,Softail
BIKE_24137,
BIKE_24138,Tmax 500
BIKE_24139,
BIKE_24140,X-Town
BIKE_24141,
BIKE_24142,1190 Adventure
BIKE_24143,
BIKE_24144,1290 Super Duke R
BIKE_24145,Tracer 900
BIKE_24146,Tiger 900
BIKE_24147,R 1200 Gs
BIKE_24148,Mh 900 E
BIKE_24149,Rsv4
BIKE_24150,R Ninet
BIKE_24151,Yzf-R6
BIKE_24152,Enfield Bullet 500
BIKE_24153,Enfield Bullet 500
BIKE_24154,Enfield Bullet 500
BIKE_24155,Quadro4
BIKE_24156,F 800 Gs
BIKE_24157,Xsr 900
BIKE_24158,390 Adventure
BIKE_24159,390 Adventure
BIKE_24160,390 Adventure
BIKE_24161,Night Train
BIKE_24162,Sh 300
BIKE_24163,F 900 Xr
BIKE_24164,V-Strom 650
BIKE_24165,R Ninet
BIKE_24166,Tracer 900
BIKE_24167,Hypermotard 939
BIKE_24168,R 1200 Gs
BIKE_24169,Sprint 50
BIKE_24170,
BIKE_24171,Tiger Explorer
BIKE_24172,R Ninet
BIKE_24173,Z 1000
BIKE_24174,Fxdr 114
BIKE_24175,Xl 1200
BIKE_24176,996
BIKE_24177,Gl 1500
BIKE_24178,Daytona 675
BIKE_24179,Trike
BIKE_24180,
BIKE_24181,Cb 750
BIKE_24182,1190 Rc8
BIKE_24183,1190 Rc8
BIKE_24184,1190 Rc8
BIKE_24185,Fat Bob
BIKE_24186,K 1200
BIKE_24187,690 Enduro
BIKE_24188,690 Enduro
BIKE_24189,690 Enduro
BIKE_24190,Vfr 1200
BIKE_24191,Bellavita 125
BIKE_24192,
BIKE_24193,S 1000 Rr
BIKE_24194,Supermoto 125
BIKE_24195,R 1150
BIKE_24196,R 1250 Gs Adventure
BIKE_24197,F 900 R
BIKE_24198,701 Supermoto
BIKE_24199,Xsr 900
BIKE_24200,F 750 Gs
BIKE_24201,Tmax Dx
BIKE_24202,Versys 650
BIKE_24203,Sh 150
BIKE_24204,X-Adv
BIKE_24205,Ciak 50
BIKE_24206,Sportcity 125
BIKE_24207,Sportcity 125
BIKE_24208,Sportcity 125
BIKE_24209,Tricity
BIKE_24210,Z 900
BIKE_24211,R 1250 Gs Adventure
BIKE_24212,Nc 750
BIKE_24213,R 1200 Rt
BIKE_24214,Cb 750
BIKE_24215,Sh 150
BIKE_24216,990 Super Duke
BIKE_24217,R 1250 Gs
BIKE_24218,Vn 1700
BIKE_24219,
BIKE_24220,Z 900
BIKE_24221,Tracer 900
BIKE_24222,R 1200 Gs
BIKE_24223,Agusta
BIKE_24224,Morini Corsaro 125
BIKE_24225,690 Duke
BIKE_24226,Mt-10
BIKE_24227,F 800 Gt
BIKE_24228,Sportster Forty Eight
BIKE_24229,Tmax 530
BIKE_24230,Tuono
BIKE_24231,R 1200 Gs
BIKE_24232,Sportster 883
BIKE_24233,R 1200 Rs
BIKE_24234,Mt-10
BIKE_24235,Late Shovel
BIKE_24236,Xvs 1300
BIKE_24237,Vtr 1000
BIKE_24238,Vtr 1000
BIKE_24239,Vtr 1000
BIKE_24240,Tiger 800
BIKE_24241,R 1200 Rt
BIKE_24242,
BIKE_24243,Multistrada 1200
BIKE_24244,R 1200 Gs
BIKE_24245,Fxd
BIKE_24246,Cb 650
BIKE_24247,
BIKE_24248,Cbr 650
BIKE_24249,X-Adv
BIKE_24250,Cb 750
BIKE_24251,
BIKE_24252,X-Adv
BIKE_24253,
BIKE_24254,Cbr 1000
BIKE_24255,Seventyfive 125
BIKE_24256,1290 Super Adventure
BIKE_24257,
BIKE_24258,
BIKE_24259,Cb 1000
BIKE_24260,Agusta
BIKE_24261,Z 800
BIKE_24262,V-Strom 1050
BIKE_24263,1190 Adventure
BIKE_24264,750 Sfc
BIKE_24265,Nc 750
BIKE_24266,King Quad
BIKE_24267,1190 Adventure
BIKE_24268,Softail Slim
BIKE_24269,Cbr 1000
BIKE_24270,Am Traxter
BIKE_24271,
BIKE_24272,R 50
BIKE_24273,S 1000 Xr
BIKE_24274,1299 Panigale
BIKE_24275,
BIKE_24276,Multistrada 1200
BIKE_24277,R 1200 Gs Adventure
BIKE_24278,Gsx-S 750
BIKE_24279,Yzf-R1
BIKE_24280,C 650 Gt
BIKE_24281,Roadster
BIKE_24282,Scrambler
BIKE_24283,Agusta Brutale 1090
BIKE_24284,Xjr 1300
BIKE_24285,R 1200 R
BIKE_24286,Z1000 Sx
BIKE_24287,Agusta 800
BIKE_24288,Agusta 800
BIKE_24289,Agusta 800
BIKE_24290,Hypermotard 1100
BIKE_24291,
BIKE_24292,Tiger 1200
BIKE_24293,Diavel
BIKE_24294,Smr 125
BIKE_24295,F 800 Gs
BIKE_24296,Road King
BIKE_24297,
BIKE_24298,Integra
BIKE_24299,V-Strom 1000
BIKE_24300,R 1200 Gs Adventure
BIKE_24301,Px 150
BIKE_24302,Yzf-R1
BIKE_24303,350 Exc
BIKE_24304,Crf 1000
BIKE_24305,1190 Adventure
BIKE_24306,F 800 Gs
BIKE_24307,R 35
BIKE_24308,Tmax 530
BIKE_24309,F 800 Gs
BIKE_24310,Vlr 1800
BIKE_24311,
BIKE_24312,125
BIKE_24313,Liberty 50
BIKE_24314,Variant
BIKE_24315,S 1000 Rr
BIKE_24316,Versys 650
BIKE_24317,K 1600 Gtl
BIKE_24318,Nc 750
BIKE_24319,Super Dink 300
BIKE_24320,C 400 Gt
BIKE_24321,Vision 50
BIKE_24322,250 Exc
BIKE_24323,250 Exc
BIKE_24324,250 Exc
BIKE_24325,Street Glide
BIKE_24326,S 1000 R
BIKE_24327,J300
BIKE_24328,Carnaby 300
BIKE_24329,
BIKE_24330,Xsr 700
BIKE_24331,Multistrada 1200
BIKE_24332,Xv 750
BIKE_24333,Xv 750
BIKE_24334,Xv 750
BIKE_24335,500 V
BIKE_24336,
BIKE_24337,Multistrada 1260
BIKE_24338,R 1200 Gs
BIKE_24339,Uxv 700
BIKE_24340,R 1250 Gs
BIKE_24341,Crf 1100
BIKE_24342,Moto Cforce 625
BIKE_24343,Mt-09
BIKE_24344,Versys 1000
BIKE_24345,Dyna Fat Bob
BIKE_24346,R 1200 Gs
BIKE_24347,Katana 1000
BIKE_24348,Katana 1000
BIKE_24349,Katana 1000
BIKE_24350,Hammer S
BIKE_24351,Hammer S
BIKE_24352,Hammer S
BIKE_24353,R Ninet
BIKE_24354,Maxsym 400I
BIKE_24355,Thruxton
BIKE_24356,Gsx-R 600
BIKE_24357,Dog Pitbull
BIKE_24358,Dog Pitbull
BIKE_24359,Dog Pitbull
BIKE_24360,Fat Boy
BIKE_24361,R 1200
BIKE_24362,Crf 1000
BIKE_24363,1098
BIKE_24364,1098
BIKE_24365,1098
BIKE_24366,Road Glide
BIKE_24367,Tiger 800
BIKE_24368,Cromwell 250
BIKE_24369,Forza 250
BIKE_24370,
BIKE_24371,Trike Fighter
BIKE_24372,Dyna Fat Bob
BIKE_24373,
BIKE_24374,Like 125
BIKE_24375,Fjr 1300
BIKE_24376,Z 900
BIKE_24377,Xl 1200
BIKE_24378,Crosstourer
BIKE_24379,Tracer 700
BIKE_24380,Za 25
BIKE_24381,F 800 Gs
BIKE_24382,Tiger 800
BIKE_24383,
BIKE_24384,R 1200 Rt
BIKE_24385,Versys 650
BIKE_24386,Dyna Super Glide
BIKE_24387,1098
BIKE_24388,1098
BIKE_24389,1098
BIKE_24390,R 1250 Gs Adventure
BIKE_24391,Wr 125
BIKE_24392,Wr 125
BIKE_24393,Wr 125
BIKE_24394,Iron 883
BIKE_24395,R 1250 Gs
BIKE_24396,Softail
BIKE_24397,Xl 1200
BIKE_24398,Cbr 1000
BIKE_24399,Agility 125
BIKE_24400,Ninja 650
BIKE_24401,Monster 821
BIKE_24402,R 100
BIKE_24403,Vfr 1200
BIKE_24404,Cb 500
BIKE_24405,R 1200 Gs
BIKE_24406,R 1200 Gs
BIKE_24407,Rsv4
BIKE_24408,
BIKE_24409,Tmax 530
BIKE_24410,Versys 1000
BIKE_24411,R 1200 R
BIKE_24412,Ape
BIKE_24413,Z 900
BIKE_24414,F 750 Gs
BIKE_24415,Sportster Forty Eight
BIKE_24416,Morini Scrambler 1200
BIKE_24417,
BIKE_24418,Versys 650
BIKE_24419,Agusta
BIKE_24420,
BIKE_24421,R 1200 Gs
BIKE_24422,Agility 200
BIKE_24423,Mt-07
BIKE_24424,Agusta 850
BIKE_24425,Monster 796
BIKE_24426,Monster 796
BIKE_24427,Monster 796
BIKE_24428,Caballero 500
BIKE_24429,S 1000 Rr
BIKE_24430,1290 Super Adventure
BIKE_24431,848
BIKE_24432,848
BIKE_24433,848
BIKE_24434,X-City 250
BIKE_24435,R 1200
BIKE_24436,Mt-09
BIKE_24437,S 1000 Rr
BIKE_24438,Road King
BIKE_24439,Nc 750
BIKE_24440,Cb 1000
BIKE_24441,Streetfighter
BIKE_24442,Rocket Iii Touring
BIKE_24443,Crf 1100
BIKE_24444,Fat Boy
BIKE_24445,Guzzi V 65
BIKE_24446,Custom Bike
BIKE_24447,Gtr 1400
BIKE_24448,
BIKE_24449,899 Panigale
BIKE_24450,899 Panigale
BIKE_24451,899 Panigale
BIKE_24452,Agility 50
BIKE_24453,Rr 450
BIKE_24454,Road King
BIKE_24455,Guzzi 750 S
BIKE_24456,
BIKE_24457,W 800
BIKE_24458,Tracer 700
BIKE_24459,Z H2
BIKE_24460,Nmax
BIKE_24461,R 1200 Rs
BIKE_24462,Hypermotard 1100
BIKE_24463,Yxz 1000
BIKE_24464,R 1200 Gs
BIKE_24465,
BIKE_24466,R 1200 Gs Adventure
BIKE_24467,F 6 C
BIKE_24468,F 900 R
BIKE_24469,Medley 125
BIKE_24470,
BIKE_24471,Crf 1000
BIKE_24472,R 1200 Gs Adventure
BIKE_24473,C 650 Gt
BIKE_24474,Street Glide
BIKE_24475,1190 Adventure
BIKE_24476,Vn 1700
BIKE_24477,R 1200 Gs
BIKE_24478,C 400 X
BIKE_24479,Crf 1100
BIKE_24480,K 1600 Gtl Exclusive
BIKE_24481,K 1600 Gtl Exclusive
BIKE_24482,K 1600 Gtl Exclusive
BIKE_24483,Tiger Explorer
BIKE_24484,Sportcity 50
BIKE_24485,Sportcity 50
BIKE_24486,Sportcity 50
BIKE_24487,Street Scrambler
BIKE_24488,Scrambler
BIKE_24489,Dink 200
BIKE_24490,
BIKE_24491,
BIKE_24492,Sportster 883
BIKE_24493,Multistrada 1200
BIKE_24494,Tmax 500
BIKE_24495,R 1200 Gs Adventure
BIKE_24496,Diavel
BIKE_24497,1125 R
BIKE_24498,
BIKE_24499,
BIKE_24500,C Evolution
BIKE_24501,R 80 Gs
BIKE_24502,Custom Bike
BIKE_24503,Ninja Zx-6R
BIKE_24504,
BIKE_24505,People Gti
BIKE_24506,People Gti
BIKE_24507,People Gti
BIKE_24508,R Ninet
BIKE_24509,Diavel
BIKE_24510,Z1000 Sx
BIKE_24511,R 100
BIKE_24512,R Ninet
BIKE_24513,F 750 Gs
BIKE_24514,R 1200 Gs
BIKE_24515,
BIKE_24516,Scrambler
BIKE_24517,C 650
BIKE_24518,Tracer 700
BIKE_24519,Guzzi 1200 Sport
BIKE_24520,1290 Super Duke R
BIKE_24521,Panigale V4
BIKE_24522,K 1600 Gt
BIKE_24523,Guzzi V 7
BIKE_24524,Rocket Iii Roadster
BIKE_24525,Cbx 500
BIKE_24526,690 Smc
BIKE_24527,690 Smc
BIKE_24528,690 Smc
BIKE_24529,1190 Adventure
BIKE_24530,Cat Alterra
BIKE_24531,Cb 650
BIKE_24532,
BIKE_24533,Crf 1100
BIKE_24534,Fuoco 500
BIKE_24535,Grand Dink 300
BIKE_24536,Road Glide
BIKE_24537,
BIKE_24538,Street Triple 765
BIKE_24539,Road King
BIKE_24540,Mt-09
BIKE_24541,
BIKE_24542,Xl 1200
BIKE_24543,Katana 1000
BIKE_24544,Katana 1000
BIKE_24545,Katana 1000
BIKE_24546,Nc 750
BIKE_24547,Xv 1900
BIKE_24548,Tiger 1200
BIKE_24549,F 900 R
BIKE_24550,Mt-10
BIKE_24551,W 800
BIKE_24552,Crf 1000
BIKE_24553,R Ninet
BIKE_24554,Mp3 500
BIKE_24555,Speed Twin
BIKE_24556,Yzf-R1
BIKE_24557,R 1200 Gs Lc
BIKE_24558,Sh 300
BIKE_24559,R Ninet
BIKE_24560,Vn 2000
BIKE_24561,Vn 2000
BIKE_24562,Vn 2000
BIKE_24563,Vt 1300
BIKE_24564,Vt 1300
BIKE_24565,Vt 1300
BIKE_24566,K 1600 Gt
BIKE_24567,R Ninet
BIKE_24568,Guzzi
BIKE_24569,Star 125
BIKE_24570,Versys 1000
BIKE_24571,R 1200 Gs
BIKE_24572,
BIKE_24573,
BIKE_24574,
BIKE_24575,Cbr 125
BIKE_24576,X Motion 125
BIKE_24577,
BIKE_24578,Versys-X 300
BIKE_24579,Ninja H2
BIKE_24580,Agusta Brutale 800
BIKE_24581,Cb 1000
BIKE_24582,R 1200 Rs
BIKE_24583,Rsv4
BIKE_24584,R 1200 Gs
BIKE_24585,Gl 1800
BIKE_24586,Agusta F3
BIKE_24587,F 800 Gs
BIKE_24588,Xsr 700
BIKE_24589,
BIKE_24590,1290 Super Duke Gt
BIKE_24591,K 1600 Gt
BIKE_24592,
BIKE_24593,Fat Boy
BIKE_24594,Guzzi Eldorado
BIKE_24595,S 1000 R
BIKE_24596,R 1200 Rt
BIKE_24597,Xt 1200
BIKE_24598,Ak 550
BIKE_24599,Vrsc V-Rod
BIKE_24600,Cbr 1000
BIKE_24601,Yzf-R1
BIKE_24602,V-Strom 1050
BIKE_24603,F 850 Gs
BIKE_24604,
BIKE_24605,
BIKE_24606,Cbr 1000
BIKE_24607,R Ninet
BIKE_24608,Softail
BIKE_24609,F 900 Xr
BIKE_24610,Vn 1700
BIKE_24611,F 800 R
BIKE_24612,F 850 Gs
BIKE_24613,Niken
BIKE_24614,Mt-09
BIKE_24615,Hammer 8-Ball
BIKE_24616,Symphony 200
BIKE_24617,
BIKE_24618,Night Rod
BIKE_24619,1290 Super Duke R
BIKE_24620,
BIKE_24621,R 1200 R
BIKE_24622,Yzf-R1
BIKE_24623,Vfr 1200
BIKE_24624,
BIKE_24625,Crf 1000
BIKE_24626,Multistrada 1260
BIKE_24627,Lx Touring 50
BIKE_24628,X-Adv
BIKE_24629,R 1250 Rt
BIKE_24630,Star 151
BIKE_24631,899 Panigale
BIKE_24632,899 Panigale
BIKE_24633,899 Panigale
BIKE_24634,Daystar F.I.
BIKE_24635,Venom
BIKE_24636,Street 750
BIKE_24637,Z 900
BIKE_24638,F 650
BIKE_24639,F 650
BIKE_24640,F 650
BIKE_24641,Guzzi V 7
BIKE_24642,Gl 1800
BIKE_24643,Dyna Street Bob
BIKE_24644,790 Duke
BIKE_24645,Sportster 1200
BIKE_24646,Vision 50
BIKE_24647,Medley 125
BIKE_24648,999
BIKE_24649,
BIKE_24650,C Evolution
BIKE_24651,1190 Adventure
BIKE_24652,390 Duke
BIKE_24653,Tmax 530
BIKE_24654,Dyna Street Bob
BIKE_24655,Am Spyder Rs
BIKE_24656,Yzf-R1
BIKE_24657,Pan European
BIKE_24658,Z 1300
BIKE_24659,R Ninet
BIKE_24660,F 700 Gs
BIKE_24661,Street Twin
BIKE_24662,Gold Wing
BIKE_24663,Softail
BIKE_24664,R 1200 Gs
BIKE_24665,Crf 1000
BIKE_24666,Crf 1000
BIKE_24667,Niken
BIKE_24668,Majesty 250
BIKE_24669,Majesty 250
BIKE_24670,Majesty 250
BIKE_24671,Gsx-R 125
BIKE_24672,Ninja Zx-10R
BIKE_24673,Road Glide
BIKE_24674,Ek3
BIKE_24675,Tmax 560
BIKE_24676,S 1000 Rr
BIKE_24677,Z 1000
BIKE_24678,Xv 535
BIKE_24679,Xv 535
BIKE_24680,Xv 535
BIKE_24681,Tmax 530
BIKE_24682,300 Exc
BIKE_24683,300 Exc
BIKE_24684,300 Exc
BIKE_24685,
BIKE_24686,R 1200 R
BIKE_24687,Cb 650
BIKE_24688,Heritage Softail
BIKE_24689,Tiger 800
BIKE_24690,
BIKE_24691,Electra Glide
BIKE_24692,R 1200 R
BIKE_24693,Sh 150
BIKE_24694,R 1200 Rs
BIKE_24695,899 Panigale
BIKE_24696,899 Panigale
BIKE_24697,899 Panigale
BIKE_24698,R 1200 Gs Adventure
BIKE_24699,S 1000 R
BIKE_24700,Beverly 300
BIKE_24701,Livewire
BIKE_24702,V-Rod
BIKE_24703,R 1250 Gs
BIKE_24704,Sportster
BIKE_24705,Rg 500
BIKE_24706,Rg 500
BIKE_24707,Rg 500
BIKE_24708,X-Max 400
BIKE_24709,Tmax 530
BIKE_24710,Neos 50
BIKE_24711,Yzf-R125
BIKE_24712,Black Seven
BIKE_24713,Agility 50
BIKE_24714,Versys 1000
BIKE_24715,Ténéré 700
BIKE_24716,Yzf 1000
BIKE_24717,R 1200 Gs
BIKE_24718,R 1200 Gs
BIKE_24719,1198
BIKE_24720,
BIKE_24721,V-Strom 650
BIKE_24722,Streetfighter
BIKE_24723,
BIKE_24724,Supersport
BIKE_24725,
BIKE_24726,Softail
BIKE_24727,Xj 6
BIKE_24728,Cbr 500 R
BIKE_24729,S 1000 Xr
BIKE_24730,Xsr 900
BIKE_24731,
BIKE_24732,Xt 1200
BIKE_24733,Sportster 1200
BIKE_24734,F 850 Gs
BIKE_24735,Te 250
BIKE_24736,Ctx 1300
BIKE_24737,Ctx 1300
BIKE_24738,Ctx 1300
BIKE_24739,Ninja 1000Sx
BIKE_24740,R 1200 Gs Lc
BIKE_24741,Am Ryker
BIKE_24742,Am Ryker
BIKE_24743,Am Ryker
BIKE_24744,K 1600 Gt
BIKE_24745,R 1200 Rs
BIKE_24746,Tmax 530
BIKE_24747,Sportsman 500
BIKE_24748,Gl 1800
BIKE_24749,Xt 660
BIKE_24750,Panigale V4
BIKE_24751,Crf 1100
BIKE_24752,Monster 797
BIKE_24753,Monster 797
BIKE_24754,Monster 797
BIKE_24755,Daytona 955I
BIKE_24756,Nmax
BIKE_24757,Tiger 1200
BIKE_24758,R 1200 R
BIKE_24759,Iron 883
BIKE_24760,Ak 550
BIKE_24761,C 650 Gt
BIKE_24762,Mp3 500
BIKE_24763,King Quad
BIKE_24764,Diavel
BIKE_24765,Cb 650
BIKE_24766,1290 Super Adventure
BIKE_24767,Guzzi Mgx-21
BIKE_24768,R 1250 Gs
BIKE_24769,
BIKE_24770,Z 800
BIKE_24771,R 1200 Gs
BIKE_24772,Wolf Sb 125 Ni
BIKE_24773,Wolf Sb 125 Ni
BIKE_24774,Wolf Sb 125 Ni
BIKE_24775,Svartpilen
BIKE_24776,Agility 150
BIKE_24777,R 1200 Gs Adventure
BIKE_24778,F 800 Gt
BIKE_24779,
BIKE_24780,
BIKE_24781,R 1200 Gs
BIKE_24782,
BIKE_24783,Fat Boy
BIKE_24784,Z 900
BIKE_24785,Z 1000
BIKE_24786,R 1200 Rs
BIKE_24787,Te 300
BIKE_24788,
BIKE_24789,Xsr 700
BIKE_24790,V-Strom 650
BIKE_24791,R 1200 Gs Adventure
BIKE_24792,Z 900
BIKE_24793,Fat Boy
BIKE_24794,Moto Cforce 450
BIKE_24795,Zzr 1400
BIKE_24796,S 1000 Xr
BIKE_24797,S 1000 Rr
BIKE_24798,Gsx-S 1000
BIKE_24799,Cat 1000
BIKE_24800,Speedmaster
BIKE_24801,Guzzi V 7
BIKE_24802,Thunderbird Storm
BIKE_24803,Thunderbird Storm
BIKE_24804,Thunderbird Storm
BIKE_24805,Gold Wing
BIKE_24806,Rsv4
BIKE_24807,S 1000 Xr
BIKE_24808,Agusta
BIKE_24809,Blade 1000
BIKE_24810,Moto Cforce 1000
BIKE_24811,Medley 125
BIKE_24812,
BIKE_24813,Road King
BIKE_24814,Guzzi California
BIKE_24815,Gl 1500
BIKE_24816,Yzf-R3
BIKE_24817,500
BIKE_24818,Rocket Iii Touring
BIKE_24819,Z 900
BIKE_24820,D'Elight
BIKE_24821,R 100
BIKE_24822,Guzzi
BIKE_24823,Sportster 883
BIKE_24824,Tmax Dx
BIKE_24825,Sx 50
BIKE_24826,Sx 50
BIKE_24827,Sx 50
BIKE_24828,F 6 C
BIKE_24829,K 1600 Gtl
BIKE_24830,R 1200 Gs
BIKE_24831,F 6 C
BIKE_24832,Niken
BIKE_24833,Fxdr 114
BIKE_24834,Cbr 650
BIKE_24835,R 100 Cs
BIKE_24836,Streetfighter
BIKE_24837,Sportster 883
BIKE_24838,Hypermotard 1100
BIKE_24839,Fat Boy
BIKE_24840,Bn 302
BIKE_24841,Bn 302
BIKE_24842,Bn 302
BIKE_24843,S3
BIKE_24844,S3
BIKE_24845,S3
BIKE_24846,Dog
BIKE_24847,Guzzi V 9
BIKE_24848,Vfr 1200
BIKE_24849,1190 Adventure
BIKE_24850,Night Rod
BIKE_24851,S 50 Gp
BIKE_24852,Gsx-R 1000
BIKE_24853,Monster 1200
BIKE_24854,F 900 Xr
BIKE_24855,1290 Super Adventure
BIKE_24856,Rzr 570
BIKE_24857,Heritage Softail
BIKE_24858,S 1000 Xr
BIKE_24859,S 1000 Rr
BIKE_24860,Nrg Power
BIKE_24861,Nrg Power
BIKE_24862,Nrg Power
BIKE_24863,S 1000 R
BIKE_24864,Softail
BIKE_24865,Xl 883
BIKE_24866,Ténéré 700
BIKE_24867,Dyna Super Glide
BIKE_24868,Xvs 1300
BIKE_24869,K 100
BIKE_24870,Agility 50
BIKE_24871,Tuono
BIKE_24872,Rocket Iii Touring
BIKE_24873,
BIKE_24874,Cb 1100
BIKE_24875,Moto Cforce 520
BIKE_24876,Moto Cforce 520
BIKE_24877,Moto Cforce 520
BIKE_24878,Xvs 1300
BIKE_24879,
BIKE_24880,R 1200 Gs Adventure
BIKE_24881,Vulcan S
BIKE_24882,Xl 883
BIKE_24883,Rf1
BIKE_24884,Diavel
BIKE_24885,Dyna Street Bob
BIKE_24886,899 Panigale
BIKE_24887,899 Panigale
BIKE_24888,899 Panigale
BIKE_24889,S 1000 Xr
BIKE_24890,F 850 Gs
BIKE_24891,Madison 125
BIKE_24892,F 850 Gs
BIKE_24893,Cbf 1000
BIKE_24894,Panigale V4
BIKE_24895,Capri 50
BIKE_24896,Guzzi V 65
BIKE_24897,Z 800
BIKE_24898,R 1200 Rt
BIKE_24899,Softail
BIKE_24900,R 1200 Gs
BIKE_24901,Pcx 125
BIKE_24902,Vulcan S
BIKE_24903,
BIKE_24904,Yzf-R1
BIKE_24905,690 Supermoto
BIKE_24906,R 1200 Rs
BIKE_24907,Versys 650
BIKE_24908,Drakon
BIKE_24909,Hammer S 106
BIKE_24910,Agusta
BIKE_24911,1200 Custom
BIKE_24912,Scout
BIKE_24913,Gs 550
BIKE_24914,Agility 200
BIKE_24915,Tricity
BIKE_24916,Gl 1800
BIKE_24917,Scout
BIKE_24918,Gts 300
BIKE_24919,Guzzi California 1400
BIKE_24920,Sh 150
BIKE_24921,R 1200 Gs
BIKE_24922,Softail
BIKE_24923,R 1200 Gs Adventure
BIKE_24924,Vulcan S
BIKE_24925,Agusta F4 1000 R 312
BIKE_24926,Agusta F4 1000 R 312
BIKE_24927,Agusta F4 1000 R 312
BIKE_24928,Ninja Zx-10Rr
BIKE_24929,Ninja Zx-10Rr
BIKE_24930,Ninja Zx-10Rr
BIKE_24931,F 800 R
BIKE_24932,Ak 550
BIKE_24933,Softail Slim
BIKE_24934,Multistrada 950
BIKE_24935,Multistrada 950
BIKE_24936,Multistrada 950
BIKE_24937,
BIKE_24938,Vn 2000
BIKE_24939,Vn 2000
BIKE_24940,Vn 2000
BIKE_24941,990 Supermoto
BIKE_24942,Ninja 650
BIKE_24943,
BIKE_24944,Mt-09
BIKE_24945,
BIKE_24946,R 1200 Gs Adventure
BIKE_24947,R 1200 Gs Adventure
BIKE_24948,Agusta F4 1000
BIKE_24949,
BIKE_24950,Vfr 800
BIKE_24951,790 Adventure
BIKE_24952,R Ninet
BIKE_24953,Yiying
BIKE_24954,Yiying
BIKE_24955,Yiying
BIKE_24956,R 1200 R
BIKE_24957,Agusta F4 1000
BIKE_24958,Symnh X
BIKE_24959,Symnh X
BIKE_24960,Symnh X
BIKE_24961,Z 900
BIKE_24962,Gsx-S 1000
BIKE_24963,Seventyfive 125
BIKE_24964,Beverly 250
BIKE_24965,Vl 800
BIKE_24966,Hayabusa
BIKE_24967,Late Shovel
BIKE_24968,R 1200 Gs Adventure
BIKE_24969,Yzf-R1
BIKE_24970,Dyna Switchback
BIKE_24971,Dyna Switchback
BIKE_24972,Dyna Switchback
BIKE_24973,Heritage Softail
BIKE_24974,300 Exc
BIKE_24975,300 Exc
BIKE_24976,300 Exc
BIKE_24977,C 650 Gt
BIKE_24978,C Evolution
BIKE_24979,F 850 Gs
BIKE_24980,R 1200
BIKE_24981,R 100 Rs
BIKE_24982,
BIKE_24983,Sh 300
BIKE_24984,1290 Super Duke Gt
BIKE_24985,Dyna Wide Glide
BIKE_24986,R 1200
BIKE_24987,Xvs 650
BIKE_24988,Xvs 650
BIKE_24989,Xvs 650
BIKE_24990,Vs 1400
BIKE_24991,851
BIKE_24992,851
BIKE_24993,851
BIKE_24994,C 650 Gt
BIKE_24995,1290 Super Duke Gt
BIKE_24996,
BIKE_24997,Qooder
BIKE_24998,S 1000 Xr
BIKE_24999,Iron 883
BIKE_25000,K 1600 Gt
BIKE_25001,Mt-09
BIKE_25002,Burgman 400
BIKE_25003,
BIKE_25004,Neos 50
BIKE_25005,1098
BIKE_25006,1098
BIKE_25007,1098
BIKE_25008,R 1200 Rt
BIKE_25009,Quattronove X
BIKE_25010,Street Glide
BIKE_25011,S 1000 R
BIKE_25012,
BIKE_25013,R Ninet
BIKE_25014,Mp3 500
BIKE_25015,Xb 12
BIKE_25016,Super 8
BIKE_25017,R Ninet
BIKE_25018,Vulcan S
BIKE_25019,Road King
BIKE_25020,Night Train
BIKE_25021,F 750 Gs
BIKE_25022,S 1000 R
BIKE_25023,Tiger Explorer
BIKE_25024,S 1000 Xr
BIKE_25025,Monster 1200
BIKE_25026,Bonneville T120
BIKE_25027,Street Twin
BIKE_25028,K 1600 Gt
BIKE_25029,1290 Super Duke R
BIKE_25030,Nsc 50 R
BIKE_25031,Nsc 50 R
BIKE_25032,Nsc 50 R
BIKE_25033,Yzf 1000
BIKE_25034,Monster 797
BIKE_25035,Monster 797
BIKE_25036,Monster 797
BIKE_25037,790 Duke
BIKE_25038,Guzzi Gtv
BIKE_25039,Dyna Fat Bob
BIKE_25040,Guzzi V 7
BIKE_25041,Monster 1200
BIKE_25042,Wr 125
BIKE_25043,Wr 125
BIKE_25044,Wr 125
BIKE_25045,Msx 125
BIKE_25046,Nc 750
BIKE_25047,1199 Panigale
BIKE_25048,959 Panigale
BIKE_25049,Cb 500
BIKE_25050,F 800 Gs
BIKE_25051,S 1000 Rr
BIKE_25052,Cbf 125
BIKE_25053,Gold Wing
BIKE_25054,K 1600 Gt
BIKE_25055,Tmax 530
BIKE_25056,Dyna Street Bob
BIKE_25057,R 1200 Gs
BIKE_25058,Cbf 125
BIKE_25059,Tmax 530
BIKE_25060,900 Sei
BIKE_25061,Cb 1100
BIKE_25062,Guzzi 1200 Sport
BIKE_25063,Vfr 1200
BIKE_25064,Vfr 1200
BIKE_25065,F 750 Gs
BIKE_25066,Multistrada 1200
BIKE_25067,Super Glide
BIKE_25068,Mt-09
BIKE_25069,
BIKE_25070,Yzf-R1
BIKE_25071,Soco
BIKE_25072,Trike Mustang
BIKE_25073,Trike Mustang
BIKE_25074,Trike Mustang
BIKE_25075,Scrambler
BIKE_25076,Sr 50
BIKE_25077,
BIKE_25078,Z 900
BIKE_25079,
BIKE_25080,Street Twin
BIKE_25081,C Evolution
BIKE_25082,Guzzi V 7
BIKE_25083,C 650
BIKE_25084,
BIKE_25085,Niken
BIKE_25086,Runner 50
BIKE_25087,S 1000 Xr
BIKE_25088,Liberty 50
BIKE_25089,F 800 Gs Adventure
BIKE_25090,Mp3 500
BIKE_25091,Am Spyder Rs
BIKE_25092,Tmax 530
BIKE_25093,Sr 50
BIKE_25094,F 900 Xr
BIKE_25095,Superlow
BIKE_25096,Superlow
BIKE_25097,Superlow
BIKE_25098,Gsx-S 750
BIKE_25099,Fat Boy
BIKE_25100,Z 800
BIKE_25101,Rs4 50
BIKE_25102,Rs4 50
BIKE_25103,Rs4 50
BIKE_25104,Versys 1000
BIKE_25105,Mio
BIKE_25106,Rocket Iii Roadster
BIKE_25107,Cb 500
BIKE_25108,Sh 150
BIKE_25109,Rocket Iii Classic
BIKE_25110,Novantic
BIKE_25111,Electra Glide
BIKE_25112,Sh 150
BIKE_25113,Vrsc Night Rod
BIKE_25114,
BIKE_25115,R Ninet
BIKE_25116,Dyna Super Glide
BIKE_25117,Streetfighter
BIKE_25118,990 Super Duke
BIKE_25119,1000
BIKE_25120,1000
BIKE_25121,1000
BIKE_25122,X-Max 300
BIKE_25123,F 800 Gt
BIKE_25124,Mp3 300
BIKE_25125,Guzzi V 7
BIKE_25126,Crf 250
BIKE_25127,1190 Adventure
BIKE_25128,R 1200 C Montauk
BIKE_25129,R 1200 C Montauk
BIKE_25130,R 1200 C Montauk
BIKE_25131,Ninja Zx-10R
BIKE_25132,996
BIKE_25133,Guzzi California 1400
BIKE_25134,
BIKE_25135,Booster
BIKE_25136,
BIKE_25137,R Ninet
BIKE_25138,F 750 Gs
BIKE_25139,Neos 50
BIKE_25140,Dyna Super Glide
BIKE_25141,Cb 1000
BIKE_25142,R 1200 Rt
BIKE_25143,F 800 Gt
BIKE_25144,Downtown 300I
BIKE_25145,
BIKE_25146,Crossrunner
BIKE_25147,Fat Boy
BIKE_25148,Judge
BIKE_25149,690 Duke
BIKE_25150,R Ninet
BIKE_25151,Thruxton
BIKE_25152,Z 800
BIKE_25153,Downtown 300I
BIKE_25154,Liberty 150
BIKE_25155,Cb 1000
BIKE_25156,Multistrada 1200
BIKE_25157,Vulcan 900
BIKE_25158,Sportster Xl 883
BIKE_25159,Softail Slim
BIKE_25160,
BIKE_25161,Yfm 700
BIKE_25162,Mt-03
BIKE_25163,Mt-03
BIKE_25164,Mt-03
BIKE_25165,Street Triple 765
BIKE_25166,Zzr 1400
BIKE_25167,Nc 750
BIKE_25168,R Ninet
BIKE_25169,Tricity
BIKE_25170,Senda
BIKE_25171,C 650 Gt
BIKE_25172,Z H2
BIKE_25173,1199 Panigale
BIKE_25174,Versys 1000
BIKE_25175,1199 Panigale
BIKE_25176,X-City 250
BIKE_25177,
BIKE_25178,Crf 1000
BIKE_25179,Sh 125
BIKE_25180,Agusta F3
BIKE_25181,Heritage Softail
BIKE_25182,Two Fifty
BIKE_25183,R 1200
BIKE_25184,Monster 821
BIKE_25185,Diavel
BIKE_25186,Trike
BIKE_25187,Guzzi California 1400
BIKE_25188,Tiger 800
BIKE_25189,Z1000 Sx
BIKE_25190,K 1300
BIKE_25191,Xc 125
BIKE_25192,Street Glide
BIKE_25193,Beverly 350
BIKE_25194,Guzzi Airone
BIKE_25195,Vs 1400
BIKE_25196,Sr 250
BIKE_25197,People One
BIKE_25198,1290 Super Duke Gt
BIKE_25199,Dyna Street Bob
BIKE_25200,R Ninet
BIKE_25201,1290 Super Duke Gt
BIKE_25202,Bn 125
BIKE_25203,Bn 125
BIKE_25204,Bn 125
BIKE_25205,Fjr 1300
BIKE_25206,R 100 Gs
BIKE_25207,Sportsman 570
BIKE_25208,Multistrada 1200
BIKE_25209,Wr 125
BIKE_25210,Wr 125
BIKE_25211,Wr 125
BIKE_25212,Z 1000
BIKE_25213,V-Strom 1000
BIKE_25214,Cbr 650
BIKE_25215,S 1000 Xr
BIKE_25216,Vfr 800
BIKE_25217,R 1200 Gs
BIKE_25218,Xb 12
BIKE_25219,Elite 400
BIKE_25220,1290 Super Duke R
BIKE_25221,Fz 8
BIKE_25222,Sportster
BIKE_25223,Ninja H2
BIKE_25224,Fat Boy
BIKE_25225,Sportster Forty Eight
BIKE_25226,R 1200 Gs
BIKE_25227,Xdiavel
BIKE_25228,Tmax 560
BIKE_25229,Tuono
BIKE_25230,Ninja 650
BIKE_25231,R 1250 Gs
BIKE_25232,S 1000 Xr
BIKE_25233,Electra Glide
BIKE_25234,Cb 500
BIKE_25235,Dyna Low Rider
BIKE_25236,Mt-125
BIKE_25237,
BIKE_25238,Niken
BIKE_25239,Niken
BIKE_25240,1190 Adventure
BIKE_25241,Ninja H2
BIKE_25242,F 750 Gs
BIKE_25243,
BIKE_25244,Ftr 1200
BIKE_25245,C 650 Gt
BIKE_25246,Street Triple 765
BIKE_25247,Nc 750
BIKE_25248,Z 900
BIKE_25249,Cbr 1000
BIKE_25250,Cb 500
BIKE_25251,1290 Super Adventure
BIKE_25252,
BIKE_25253,Roadmaster
BIKE_25254,Sportster Forty Eight
BIKE_25255,Vlr 1800
BIKE_25256,Rkv 125
BIKE_25257,Zip 50
BIKE_25258,
BIKE_25259,Yzf-R1
BIKE_25260,Sh 150
BIKE_25261,Gsx-S 1000
BIKE_25262,Versys 1000
BIKE_25263,Pcx 125
BIKE_25264,Agility 125
BIKE_25265,Sxv 450
BIKE_25266,
BIKE_25267,Sportster 883
BIKE_25268,
BIKE_25269,Vfr 800
BIKE_25270,R 1200
BIKE_25271,Tmax 530
BIKE_25272,Cb 125
BIKE_25273,Scout
BIKE_25274,Multistrada 1200
BIKE_25275,Scrambler
BIKE_25276,Tuono
BIKE_25277,Scrambler
BIKE_25278,Rs 660
BIKE_25279,Street Triple R
BIKE_25280,V-Strom 650
BIKE_25281,Sportster Xr 1200
BIKE_25282,Vegas Highball
BIKE_25283,Tracer 900
BIKE_25284,1290 Super Duke Gt
BIKE_25285,
BIKE_25286,
BIKE_25287,Agusta Turismo Veloce 800
BIKE_25288,K 75
BIKE_25289,Mt-09
BIKE_25290,Cb 500
BIKE_25291,
BIKE_25292,
BIKE_25293,R 1200 Rt
BIKE_25294,Xv 1900
BIKE_25295,S 1000 Rr
BIKE_25296,Supersport
BIKE_25297,Multistrada 1260
BIKE_25298,Zing 125
BIKE_25299,Z 650
BIKE_25300,Niken
BIKE_25301,F 800 Gs
BIKE_25302,Sportster Forty Eight
BIKE_25303,1299 Panigale
BIKE_25304,R 1200 Gs Adventure
BIKE_25305,
BIKE_25306,Gsx 1300
BIKE_25307,Sportster Xl 883
BIKE_25308,F 900 R
BIKE_25309,
BIKE_25310,R 1200 Gs Adventure
BIKE_25311,R 1200 Gs
BIKE_25312,Monster 1200
BIKE_25313,Agusta Brutale 800
BIKE_25314,Ranger
BIKE_25315,Road King
BIKE_25316,R Ninet
BIKE_25317,Versys 650
BIKE_25318,Diavel
BIKE_25319,Scarabeo
BIKE_25320,Mt-09
BIKE_25321,1290 Super Duke R
BIKE_25322,
BIKE_25323,R 1200 R
BIKE_25324,
BIKE_25325,Black Seven
BIKE_25326,Si
BIKE_25327,Agility 50
BIKE_25328,Bonneville T100
BIKE_25329,Beverly 125
BIKE_25330,Tuono
BIKE_25331,
BIKE_25332,R 1250 Rs
BIKE_25333,Ultra Limited
BIKE_25334,Supersport
BIKE_25335,
BIKE_25336,Softail
BIKE_25337,R 1250 Gs
BIKE_25338,Agusta 1000 Ago
BIKE_25339,Street Triple R
BIKE_25340,Z 1000
BIKE_25341,
BIKE_25342,Rx 125
BIKE_25343,
BIKE_25344,Ninja Zx-6R
BIKE_25345,R 1200 Rt
BIKE_25346,Thruxton
BIKE_25347,V-Strom 650
BIKE_25348,S 1000 R
BIKE_25349,Ninja 400
BIKE_25350,R 1200 C Montauk
BIKE_25351,R 1200 C Montauk
BIKE_25352,R 1200 C Montauk
BIKE_25353,Yzf-R6
BIKE_25354,Versys 650
BIKE_25355,K 1200
BIKE_25356,R 1250 Gs
BIKE_25357,Tracer 900
BIKE_25358,Fat Bob
BIKE_25359,Liberty 150
BIKE_25360,Nc 750
BIKE_25361,Versys 650
BIKE_25362,Panigale V4
BIKE_25363,
BIKE_25364,Crossrunner
BIKE_25365,Dyna Super Glide
BIKE_25366,Panigale V4
BIKE_25367,Versys 1000
BIKE_25368,Z 900
BIKE_25369,1198
BIKE_25370,
BIKE_25371,C 600
BIKE_25372,C 600
BIKE_25373,C 600
BIKE_25374,F 900 R
BIKE_25375,V-Strom 1000
BIKE_25376,Mt-09
BIKE_25377,1290 Super Adventure
BIKE_25378,F 850 Gs
BIKE_25379,Cbr 1000
BIKE_25380,
BIKE_25381,Zzr 1400
BIKE_25382,F 700 Gs
BIKE_25383,Nc 750
BIKE_25384,Cbr 650
BIKE_25385,Agility 50
BIKE_25386,Custom Bike
BIKE_25387,
BIKE_25388,Beverly 300
BIKE_25389,
BIKE_25390,Gl 1800
BIKE_25391,
BIKE_25392,Mt-07
BIKE_25393,Guzzi V 7
BIKE_25394,
BIKE_25395,R 1200 Gs
BIKE_25396,Ninja Zx-6R
BIKE_25397,Drd
BIKE_25398,Drd
BIKE_25399,Drd
BIKE_25400,Nmax
BIKE_25401,Ninja 1000Sx
BIKE_25402,Niken
BIKE_25403,Gsx-R 750
BIKE_25404,
BIKE_25405,F 850 Gs
BIKE_25406,1299 Panigale
BIKE_25407,Agusta F4 1078
BIKE_25408,Niken
BIKE_25409,
BIKE_25410,Xl 1200
BIKE_25411,Mt-07
BIKE_25412,F 700 Gs
BIKE_25413,R Ninet
BIKE_25414,Rsv4
BIKE_25415,S 50
BIKE_25416,S 50
BIKE_25417,S 50
BIKE_25418,
BIKE_25419,R 1200 R
BIKE_25420,Hayabusa
BIKE_25421,Vn 1700
BIKE_25422,Panigale V4
BIKE_25423,Z 1000
BIKE_25424,R 1250 Gs
BIKE_25425,125
BIKE_25426,Xvs 950
BIKE_25427,K 1600 Gt
BIKE_25428,Diavel
BIKE_25429,Niken
BIKE_25430,Te 300
BIKE_25431,Sr 50
BIKE_25432,F 800 Gs Adventure
BIKE_25433,En 250 Fi
BIKE_25434,Dyna Street Bob
BIKE_25435,K 1
BIKE_25436,
BIKE_25437,1200 Custom
BIKE_25438,Agility 125
BIKE_25439,Dyna Super Glide
BIKE_25440,Aerox
BIKE_25441,Ninja Zx-6R
BIKE_25442,Tmax 530
BIKE_25443,R 100 R
BIKE_25444,R 1250 Gs
BIKE_25445,Gsr 750
BIKE_25446,
BIKE_25447,R 1200
BIKE_25448,Hypermotard 939
BIKE_25449,Crf 1000
BIKE_25450,
BIKE_25451,Road King
BIKE_25452,R 1200 Rs
BIKE_25453,888
BIKE_25454,C Evolution
BIKE_25455,Tiger 800
BIKE_25456,F 900 R
BIKE_25457,Fe 350
BIKE_25458,1199 Panigale
BIKE_25459,Versys 650
BIKE_25460,
BIKE_25461,Mt-07
BIKE_25462,R 1250 Rs
BIKE_25463,Crf 1000
BIKE_25464,Crf 1100
BIKE_25465,Ultra Classic
BIKE_25466,Sw-T 400
BIKE_25467,S 1000 Rr
BIKE_25468,Rs 660
BIKE_25469,C 650
BIKE_25470,Vt 750
BIKE_25471,1290 Super Adventure
BIKE_25472,R Ninet
BIKE_25473,Road King
BIKE_25474,Rr Motard
BIKE_25475,F 800 Gs
BIKE_25476,Streetfighter
BIKE_25477,Z 800
BIKE_25478,Springfield
BIKE_25479,
BIKE_25480,
BIKE_25481,
BIKE_25482,Softail
BIKE_25483,Sh 300
BIKE_25484,Aquila 125
BIKE_25485,Speed Triple 1050
BIKE_25486,Tmax 530
BIKE_25487,Tracer 900
BIKE_25488,Super 8
BIKE_25489,Streetfighter
BIKE_25490,Roadster
BIKE_25491,Symphony 200
BIKE_25492,Z 800
BIKE_25493,
BIKE_25494,1199 Panigale
BIKE_25495,Beverly 300
BIKE_25496,Sportster Xl 883
BIKE_25497,Buggy 1100
BIKE_25498,Buggy 1100
BIKE_25499,Buggy 1100
BIKE_25500,S2 125
BIKE_25501,R 1200 Gs
BIKE_25502,R 1200 Gs
BIKE_25503,Zip 50
BIKE_25504,Crossrunner
BIKE_25505,
BIKE_25506,B King
BIKE_25507,S3
BIKE_25508,S3
BIKE_25509,S3
BIKE_25510,Multistrada 950
BIKE_25511,Multistrada 950
BIKE_25512,Multistrada 950
BIKE_25513,Hayabusa
BIKE_25514,Jla
BIKE_25515,Jla
BIKE_25516,Jla
BIKE_25517,Diavel
BIKE_25518,N1S
BIKE_25519,790 Duke
BIKE_25520,R18
BIKE_25521,Softail
BIKE_25522,Intruder C
BIKE_25523,X-Max 300
BIKE_25524,Dyna Switchback
BIKE_25525,Dyna Switchback
BIKE_25526,Dyna Switchback
BIKE_25527,Multistrada 950
BIKE_25528,Multistrada 950
BIKE_25529,Multistrada 950
BIKE_25530,Bonneville T100
BIKE_25531,R 1200 Gs Adventure
BIKE_25532,Z 900
BIKE_25533,
BIKE_25534,Xt 1200
BIKE_25535,Tmax 560
BIKE_25536,Mt-09
BIKE_25537,125 Duke
BIKE_25538,R 1150 Gs Adventure
BIKE_25539,Mp3 350
BIKE_25540,K 1600 Gt
BIKE_25541,
BIKE_25542,R 1200 Rt
BIKE_25543,Mt-07
BIKE_25544,F 850 Gs
BIKE_25545,Supersport
BIKE_25546,V-Strom 1000
BIKE_25547,Medley 150
BIKE_25548,Spin 50
BIKE_25549,R 1200 Gs
BIKE_25550,Ninja 1000Sx
BIKE_25551,Moto Terracross
BIKE_25552,R Ninet
BIKE_25553,Streetfighter
BIKE_25554,790 Duke
BIKE_25555,Kx 65
BIKE_25556,Scrambler
BIKE_25557,Rs 660
BIKE_25558,Tiger 1200
BIKE_25559,V-Strom 650
BIKE_25560,Cbr 1000
BIKE_25561,Vitpilen
BIKE_25562,
BIKE_25563,
BIKE_25564,X-Adv
BIKE_25565,
BIKE_25566,790 Adventure
BIKE_25567,R 1250 R
BIKE_25568,Sw-T 400
BIKE_25569,Agusta Brutale 800
BIKE_25570,
BIKE_25571,F 900 Xr
BIKE_25572,Wr 125
BIKE_25573,Wr 125
BIKE_25574,Wr 125
BIKE_25575,Scout
BIKE_25576,F 900 R
BIKE_25577,Fiddle 50
BIKE_25578,Heritage Springer
BIKE_25579,848
BIKE_25580,848
BIKE_25581,848
BIKE_25582,S 1000 Rr
BIKE_25583,
BIKE_25584,Z 1000
BIKE_25585,1090 Adventure
BIKE_25586,1090 Adventure
BIKE_25587,1090 Adventure
BIKE_25588,S 1000 R
BIKE_25589,Fxd
BIKE_25590,
BIKE_25591,
BIKE_25592,Guzzi V 85
BIKE_25593,Sh 150
BIKE_25594,Dyna Wide Glide
BIKE_25595,Crf 1000
BIKE_25596,Niken
BIKE_25597,Cbr 1000
BIKE_25598,F 800 Gs
BIKE_25599,Agusta F3
BIKE_25600,Integra
BIKE_25601,Rf1
BIKE_25602,Guzzi
BIKE_25603,Vfr 800
BIKE_25604,R 1200 Gs
BIKE_25605,Mt-09
BIKE_25606,Burgman 200
BIKE_25607,
BIKE_25608,R 1200 Gs Adventure
BIKE_25609,390 Duke
BIKE_25610,R 1200 R
BIKE_25611,Racing
BIKE_25612,Racing
BIKE_25613,Racing
BIKE_25614,Xvz 1300
BIKE_25615,Eqv3
BIKE_25616,Crf 1100
BIKE_25617,R 80 Rt
BIKE_25618,Guzzi California 1400
BIKE_25619,Cb 1100
BIKE_25620,Xtz 1200
BIKE_25621,Awo 425
BIKE_25622,690 Duke
BIKE_25623,R 1200 Gs Lc
BIKE_25624,Cb 1000
BIKE_25625,Tmax 530
BIKE_25626,Vision 110
BIKE_25627,Softail Slim
BIKE_25628,Vzr 1800
BIKE_25629,Rf 600
BIKE_25630,50
BIKE_25631,Tmax 530
BIKE_25632,R 1200 Gs
BIKE_25633,R 1100 R
BIKE_25634,Rocker C
BIKE_25635,Scrambler
BIKE_25636,
BIKE_25637,Fat Boy
BIKE_25638,Crf 1000
BIKE_25639,690 Smc
BIKE_25640,690 Smc
BIKE_25641,690 Smc
BIKE_25642,Softail
BIKE_25643,
BIKE_25644,K 1200
BIKE_25645,Bonneville T120
BIKE_25646,Elefant 900
BIKE_25647,Monster 1200
BIKE_25648,Nmax
BIKE_25649,F 750 Gs
BIKE_25650,K 1600 Grand America
BIKE_25651,Bonneville T100
BIKE_25652,R 1200 Rt
BIKE_25653,Heritage Softail
BIKE_25654,K 1600 Gtl
BIKE_25655,Low Rider
BIKE_25656,Late Shovel
BIKE_25657,Cb 650
BIKE_25658,Supersport
BIKE_25659,R Ninet
BIKE_25660,R 80 Gs
BIKE_25661,Z 900
BIKE_25662,Sportster
BIKE_25663,Softail
BIKE_25664,Liberty 150
BIKE_25665,Tmax 530
BIKE_25666,Electra Glide
BIKE_25667,Sportster 1200
BIKE_25668,690 Smc
BIKE_25669,690 Smc
BIKE_25670,690 Smc
BIKE_25671,Electra Glide
BIKE_25672,Heritage Softail
BIKE_25673,Scrambler
BIKE_25674,Z H2
BIKE_25675,899 Panigale
BIKE_25676,899 Panigale
BIKE_25677,899 Panigale
BIKE_25678,R 1200 Gs Adventure
BIKE_25679,Diavel
BIKE_25680,Nc 750
BIKE_25681,Tmax 530
BIKE_25682,Scrambler
BIKE_25683,R 1250 R
BIKE_25684,Versys 1000
BIKE_25685,Like 125
BIKE_25686,Diavel
BIKE_25687,R 1200 R
BIKE_25688,Cbr 600
BIKE_25689,Tmax Sx
BIKE_25690,Tracer 900
BIKE_25691,Sportster 1200
BIKE_25692,S 1000 R
BIKE_25693,Versys 1000
BIKE_25694,Cbr 600
BIKE_25695,Runner 50
BIKE_25696,Tiger 1200
BIKE_25697,Hypermotard 1100
BIKE_25698,690 Duke
BIKE_25699,Mio
BIKE_25700,
BIKE_25701,998
BIKE_25702,998
BIKE_25703,998
BIKE_25704,Pegaso 650
BIKE_25705,Gsx 1250
BIKE_25706,Sprint 125 I.E.
BIKE_25707,Z 900
BIKE_25708,Vtx 1800
BIKE_25709,
BIKE_25710,Crf 1100
BIKE_25711,Mt-01
BIKE_25712,Race 50
BIKE_25713,Race 50
BIKE_25714,Race 50
BIKE_25715,Insignio 250
BIKE_25716,Gts 125
BIKE_25717,Z 900
BIKE_25718,K-Pipe 125
BIKE_25719,Agusta Superveloce 800
BIKE_25720,Xl 1200
BIKE_25721,
BIKE_25722,
BIKE_25723,
BIKE_25724,
BIKE_25725,
BIKE_25726,Lxv 125
BIKE_25727,Sportster 883
BIKE_25728,Yzf-R1
BIKE_25729,W 800
BIKE_25730,Softail
BIKE_25731,Tuono
BIKE_25732,Tmax 530
BIKE_25733,R 1200 Gs
BIKE_25734,Xl 1200
BIKE_25735,Crf 1100
BIKE_25736,R 1200 Rs
BIKE_25737,1199 Panigale
BIKE_25738,Yzf-R6
BIKE_25739,
BIKE_25740,Ninja 650
BIKE_25741,Yzf-R1
BIKE_25742,Street Glide
BIKE_25743,F 850 Gs
BIKE_25744,Agility 125
BIKE_25745,Mt-01
BIKE_25746,V-Strom 1000
BIKE_25747,
BIKE_25748,F 800 Gs
BIKE_25749,Nc 750
BIKE_25750,R11
BIKE_25751,Speed Triple 1050
BIKE_25752,C 600 Sport
BIKE_25753,Zero Dsr
BIKE_25754,Iron 883
BIKE_25755,C 400 Gt
BIKE_25756,F 750 Gs
BIKE_25757,Versys 1000
BIKE_25758,F 800 Gs
BIKE_25759,Gunner
BIKE_25760,Gunner
BIKE_25761,Gunner
BIKE_25762,
BIKE_25763,Niken
BIKE_25764,100 Cs
BIKE_25765,Niken
BIKE_25766,Versys 1000
BIKE_25767,R 1200 Gs
BIKE_25768,Scrambler
BIKE_25769,Heritage
BIKE_25770,Ultra Limited
BIKE_25771,Joyride 200
BIKE_25772,Joyride 200
BIKE_25773,Joyride 200
BIKE_25774,Night Train
BIKE_25775,Orbit Ii
BIKE_25776,Pcx 125
BIKE_25777,X-Adv
BIKE_25778,1290 Super Duke R
BIKE_25779,Sportster 1200
BIKE_25780,R 1200 Rt
BIKE_25781,Dyna Street Bob
BIKE_25782,Dyna Wide Glide
BIKE_25783,R 1150
BIKE_25784,R 1200 Gs Adventure
BIKE_25785,Cbr 650
BIKE_25786,Hayabusa
BIKE_25787,Gsx-S 750
BIKE_25788,K 1600 Gtl
BIKE_25789,R 1200 Gs
BIKE_25790,F 700 Gs
BIKE_25791,85 Motocross
BIKE_25792,Crf 1000
BIKE_25793,
BIKE_25794,Niken
BIKE_25795,
BIKE_25796,Fz 1
BIKE_25797,Deluxe
BIKE_25798,R 1200 Gs
BIKE_25799,Ultra Limited
BIKE_25800,S 1000 Xr
BIKE_25801,Sportster Xr 1200
BIKE_25802,F 850 Gs
BIKE_25803,Xb 9
BIKE_25804,Gold Wing
BIKE_25805,Xl 1200
BIKE_25806,Burgman 650
BIKE_25807,Heritage Softail
BIKE_25808,Agusta
BIKE_25809,Fat Boy
BIKE_25810,
BIKE_25811,Cre Six Competition
BIKE_25812,Speed Triple 1050
BIKE_25813,
BIKE_25814,F 750 Gs
BIKE_25815,Es2
BIKE_25816,Road Glide
BIKE_25817,Bonneville T100
BIKE_25818,Like 125
BIKE_25819,Softail
BIKE_25820,Softail
BIKE_25821,R 1200 Gs
BIKE_25822,Bonneville T100
BIKE_25823,Mt-07
BIKE_25824,Sr 50
BIKE_25825,Tracer 900
BIKE_25826,R 80 R
BIKE_25827,R 80 R
BIKE_25828,R 80 R
BIKE_25829,Liberty 125
BIKE_25830,R 100 Rt
BIKE_25831,R 100 Rt
BIKE_25832,R 100 Rt
BIKE_25833,Cb 1000
BIKE_25834,Bonneville T120
BIKE_25835,Multistrada 1200
BIKE_25836,Xvs 1300
BIKE_25837,Raptor 700
BIKE_25838,R 100 Rs
BIKE_25839,Street Cup
BIKE_25840,Street Cup
BIKE_25841,Street Cup
BIKE_25842,F 800
BIKE_25843,Forza 350
BIKE_25844,Scrambler
BIKE_25845,Z 1000
BIKE_25846,
BIKE_25847,
BIKE_25848,
BIKE_25849,Guzzi Stelvio 1200
BIKE_25850,Lt-R 450
BIKE_25851,Lt-R 450
BIKE_25852,Lt-R 450
BIKE_25853,Crf 1000
BIKE_25854,Monster 821
BIKE_25855,Hyperstrada
BIKE_25856,Z 1000
BIKE_25857,Mt-10
BIKE_25858,Crf 450
BIKE_25859,Cmx 500
BIKE_25860,Guzzi Stelvio 1200
BIKE_25861,Motion
BIKE_25862,Sr 50
BIKE_25863,Monster S4R
BIKE_25864,Monster S4R
BIKE_25865,Monster S4R
BIKE_25866,Monster 1200
BIKE_25867,Mt-10
BIKE_25868,Dyna Street Bob
BIKE_25869,Tuono
BIKE_25870,Speed Triple 1050
BIKE_25871,Crf 1000
BIKE_25872,Xl 1200
BIKE_25873,1290 Super Adventure
BIKE_25874,
BIKE_25875,Sprint 50
BIKE_25876,1199 Panigale
BIKE_25877,
BIKE_25878,
BIKE_25879,
BIKE_25880,Fat Bob
BIKE_25881,R 1200 Gs
BIKE_25882,Gsx-R 600
BIKE_25883,Softail
BIKE_25884,R Ninet
BIKE_25885,X-Max 400
BIKE_25886,Mt-10
BIKE_25887,S 1000 Xr
BIKE_25888,Sportster 1200
BIKE_25889,R 1200 R
BIKE_25890,F 750 Gs
BIKE_25891,F 900 Xr
BIKE_25892,Trident 750
BIKE_25893,Trident 750
BIKE_25894,Trident 750
BIKE_25895,Rsv4
BIKE_25896,Cbr 125
BIKE_25897,Sportster
BIKE_25898,Sx 50
BIKE_25899,Sx 50
BIKE_25900,Sx 50
BIKE_25901,Multistrada 1260
BIKE_25902,Electra Glide
BIKE_25903,Regina
BIKE_25904,Regina
BIKE_25905,Regina
BIKE_25906,X-City 250
BIKE_25907,Hp 2 Megamoto
BIKE_25908,R 1250 Gs
BIKE_25909,Vision Tour
BIKE_25910,Xt 1200
BIKE_25911,R 1200 Gs Adventure
BIKE_25912,Tiger 800
BIKE_25913,F 850 Gs
BIKE_25914,R 1200 Gs Adventure
BIKE_25915,Hp4
BIKE_25916,Hp4
BIKE_25917,Hp4
BIKE_25918,R 1250 Rs
BIKE_25919,Bonneville T100
BIKE_25920,Gsx-R 750
BIKE_25921,Rsv 1000 R
BIKE_25922,R 1200 Gs
BIKE_25923,Trike Low Rider
BIKE_25924,Trike Low Rider
BIKE_25925,Trike Low Rider
BIKE_25926,Z 1000
BIKE_25927,Saturno
BIKE_25928,Integra
BIKE_25929,S 1000 R
BIKE_25930,Burgman 125
BIKE_25931,Nc 750
BIKE_25932,Ape
BIKE_25933,R Ninet
BIKE_25934,R 1250 R
BIKE_25935,
BIKE_25936,790 Adventure
BIKE_25937,
BIKE_25938,F 800 Gs
BIKE_25939,Cbr 1000
BIKE_25940,Softail
BIKE_25941,Agusta F3
BIKE_25942,Vfr 800
BIKE_25943,People 250
BIKE_25944,Cbr 500 R
BIKE_25945,Primavera
BIKE_25946,Heritage Springer
BIKE_25947,F 750 Gs
BIKE_25948,Xl 1200
BIKE_25949,S 1000 Xr
BIKE_25950,Grand Dink 300
BIKE_25951,Bandit 650
BIKE_25952,Bandit 650
BIKE_25953,Bandit 650
BIKE_25954,Dorsoduro
BIKE_25955,Vulcan S
BIKE_25956,R 1200 Gs
BIKE_25957,Hp4
BIKE_25958,Hp4
BIKE_25959,Hp4
BIKE_25960,F 750 Gs
BIKE_25961,Gl 1500
BIKE_25962,Road King
BIKE_25963,Cbr 1000
BIKE_25964,Guzzi
BIKE_25965,Tmax Dx
BIKE_25966,C 650 Gt
BIKE_25967,Grand Dink 125
BIKE_25968,Xv 1900
BIKE_25969,C 650
BIKE_25970,Ninja Zx-6R
BIKE_25971,S 1000 R
BIKE_25972,Xb 12
BIKE_25973,Vs 1400
BIKE_25974,V-Rod
BIKE_25975,K 1600 Gt
BIKE_25976,Sr 50
BIKE_25977,Roadmaster
BIKE_25978,Intruder C
BIKE_25979,St 1300
BIKE_25980,Gsx-R 1000
BIKE_25981,Z 800
BIKE_25982,S-Wing
BIKE_25983,S-Wing
BIKE_25984,S-Wing
BIKE_25985,
BIKE_25986,1290 Super Adventure
BIKE_25987,Versys 650
BIKE_25988,Road King
BIKE_25989,701 Supermoto
BIKE_25990,Z 900
BIKE_25991,R Ninet
BIKE_25992,Bonneville T120
BIKE_25993,Z1000 Sx
BIKE_25994,Versys 650
BIKE_25995,Heritage Softail
BIKE_25996,Z 1000
BIKE_25997,Versys 650
BIKE_25998,
BIKE_25999,
BIKE_26000,Rg 500
BIKE_26001,Rg 500
BIKE_26002,Rg 500
BIKE_26003,
BIKE_26004,X-Max 250
BIKE_26005,Street Glide
BIKE_26006,Moto Zforce 1000
BIKE_26007,Moto Zforce 1000
BIKE_26008,Moto Zforce 1000
BIKE_26009,R 1200 Rt
BIKE_26010,Night Train
BIKE_26011,K 1600 Gt
BIKE_26012,Custom Bike
BIKE_26013,Agusta Brutale 800
BIKE_26014,S 1000 Rr
BIKE_26015,Tiger Explorer
BIKE_26016,R 1200 Rs
BIKE_26017,Speedmaster
BIKE_26018,F 800 Gt
BIKE_26019,Paradise 50
BIKE_26020,Diavel
BIKE_26021,Vrsc Night Rod
BIKE_26022,Z 1000
BIKE_26023,1090 Adventure
BIKE_26024,1090 Adventure
BIKE_26025,1090 Adventure
BIKE_26026,Cbr 1000
BIKE_26027,Mt-09
BIKE_26028,Bet & Win 125
BIKE_26029,Dorsoduro
BIKE_26030,Multistrada 1260
BIKE_26031,750 H2
BIKE_26032,R 1200 Gs
BIKE_26033,Heritage Softail
BIKE_26034,S 1000 R
BIKE_26035,Mp3 500
BIKE_26036,
BIKE_26037,Xl 1200
BIKE_26038,R 1200 Gs
BIKE_26039,1200 Custom
BIKE_26040,Skycruiser
BIKE_26041,G 310 Gs
BIKE_26042,Yz 125
BIKE_26043,1199 Panigale
BIKE_26044,Street Glide
BIKE_26045,Xvs 1100
BIKE_26046,R Ninet
BIKE_26047,R 1200 Gs
BIKE_26048,Ténéré 700
BIKE_26049,Zero Ds
BIKE_26050,Multistrada 1200
BIKE_26051,R 1250 Gs
BIKE_26052,R 1200 Gs Lc
BIKE_26053,S 1000 Rr
BIKE_26054,R 1200 Rt
BIKE_26055,X-Adv
BIKE_26056,Speed Triple 1050
BIKE_26057,Superlow
BIKE_26058,Superlow
BIKE_26059,Superlow
BIKE_26060,Crosstourer
BIKE_26061,
BIKE_26062,Street Triple Rx
BIKE_26063,Street Triple Rx
BIKE_26064,Street Triple Rx
BIKE_26065,Majesty 125
BIKE_26066,Majesty 125
BIKE_26067,Majesty 125
BIKE_26068,Dyna Switchback
BIKE_26069,Dyna Switchback
BIKE_26070,Dyna Switchback
BIKE_26071,Diavel
BIKE_26072,R 1200 Rs
BIKE_26073,F 700 Gs
BIKE_26074,R 75/5
BIKE_26075,S 1000 R
BIKE_26076,Agusta F4 1000
BIKE_26077,Diavel
BIKE_26078,Vn 900
BIKE_26079,Tmax Dx
BIKE_26080,1290 Super Duke Gt
BIKE_26081,Gsx-R 1000
BIKE_26082,Versys 650
BIKE_26083,Guzzi V 7
BIKE_26084,R Ninet
BIKE_26085,
BIKE_26086,V-Rod
BIKE_26087,Liberty 125
BIKE_26088,Multistrada 950
BIKE_26089,Multistrada 950
BIKE_26090,Multistrada 950
BIKE_26091,F 800 R
BIKE_26092,Street Triple 765
BIKE_26093,Tmax 530
BIKE_26094,Sh 150
BIKE_26095,Orbit Ii
BIKE_26096,
BIKE_26097,Cbf 1000
BIKE_26098,Tr 280I
BIKE_26099,Crf 1100
BIKE_26100,Rsv4
BIKE_26101,
BIKE_26102,F 800 Gs
BIKE_26103,916
BIKE_26104,
BIKE_26105,390 Adventure
BIKE_26106,390 Adventure
BIKE_26107,390 Adventure
BIKE_26108,Xsr 900
BIKE_26109,Pan European
BIKE_26110,
BIKE_26111,Softail
BIKE_26112,R 1200 R
BIKE_26113,F 800 Gt
BIKE_26114,Scrambler
BIKE_26115,R 1200 Rt
BIKE_26116,Gsx-S 1000
BIKE_26117,S 1000 Rr
BIKE_26118,Supersport
BIKE_26119,K 1600 Gt
BIKE_26120,
BIKE_26121,Zip 50
BIKE_26122,1190 Adventure
BIKE_26123,
BIKE_26124,Yzf-R3
BIKE_26125,Sh 150
BIKE_26126,W 800
BIKE_26127,Nmax
BIKE_26128,F 800 Gs Adventure
BIKE_26129,
BIKE_26130,X-Max 125
BIKE_26131,Scrambler
BIKE_26132,Vfr 1200
BIKE_26133,Panigale V4
BIKE_26134,Caballero 50
BIKE_26135,Gl 1800
BIKE_26136,990 Supermoto
BIKE_26137,Z 1000
BIKE_26138,
BIKE_26139,Yfm 700
BIKE_26140,Sprint
BIKE_26141,Scrambler
BIKE_26142,Gsr 750
BIKE_26143,Diavel
BIKE_26144,
BIKE_26145,Dyna Street Bob
BIKE_26146,Scrambler
BIKE_26147,Dyna Low Rider
BIKE_26148,Yzf-R1
BIKE_26149,Agility 200
BIKE_26150,Versys 650
BIKE_26151,Cbr 500 R
BIKE_26152,Agility 50
BIKE_26153,Tiger 800
BIKE_26154,Z 900
BIKE_26155,S 1000 Xr
BIKE_26156,S 1000 Rr
BIKE_26157,R Ninet
BIKE_26158,Thruxton
BIKE_26159,Sh 300
BIKE_26160,Xciting 500I
BIKE_26161,Xciting 500I
BIKE_26162,Xciting 500I
BIKE_26163,Burgman 400
BIKE_26164,990 Adventure
BIKE_26165,Electra Glide
BIKE_26166,Fjr 1300
BIKE_26167,Crf 1000
BIKE_26168,S 1000 Xr
BIKE_26169,990 Super Duke
BIKE_26170,R 1200 Rs
BIKE_26171,
BIKE_26172,
BIKE_26173,Zzr 600
BIKE_26174,848
BIKE_26175,848
BIKE_26176,848
BIKE_26177,
BIKE_26178,Sh 300
BIKE_26179,Dyna Low Rider
BIKE_26180,Cb 1000
BIKE_26181,Morini Granpasso 1200
BIKE_26182,690 Smc
BIKE_26183,690 Smc
BIKE_26184,690 Smc
BIKE_26185,Ninja Zx-6R
BIKE_26186,959 Panigale
BIKE_26187,Vfr
BIKE_26188,R 100
BIKE_26189,1199 Panigale
BIKE_26190,F 800 R
BIKE_26191,1290 Super Duke Gt
BIKE_26192,X-Max 125
BIKE_26193,Mt-125
BIKE_26194,Z 900
BIKE_26195,Scrambler
BIKE_26196,Itank
BIKE_26197,
BIKE_26198,N1S
BIKE_26199,D'Elight
BIKE_26200,Hayabusa
BIKE_26201,250 Xc
BIKE_26202,Monster 1200
BIKE_26203,King Quad
BIKE_26204,Street Triple 675
BIKE_26205,F 800
BIKE_26206,
BIKE_26207,Xt 1200
BIKE_26208,R Ninet
BIKE_26209,Xl 1200
BIKE_26210,Fireblade
BIKE_26211,Primavera
BIKE_26212,Enfield Interceptor
BIKE_26213,Road King
BIKE_26214,Xtm
BIKE_26215,Mt-09
BIKE_26216,Tmax Sx
BIKE_26217,R 1200 Gs
BIKE_26218,Monster 1200
BIKE_26219,Thruxton
BIKE_26220,
BIKE_26221,R 1200 R
BIKE_26222,790 Adventure
BIKE_26223,Guzzi V 7
BIKE_26224,R 1250 Gs Adventure
BIKE_26225,Gsx-R 750
BIKE_26226,
BIKE_26227,Ace
BIKE_26228,Rkv 125
BIKE_26229,R 1200 Gs Lc
BIKE_26230,Z 900
BIKE_26231,Softail Slim
BIKE_26232,Boulevard 25/50
BIKE_26233,Cb 125
BIKE_26234,F 750 Gs
BIKE_26235,Crf 1100
BIKE_26236,C 650 Gt
BIKE_26237,
BIKE_26238,F 700 Gs
BIKE_26239,Vl 1500
BIKE_26240,Vl 1500
BIKE_26241,Vl 1500
BIKE_26242,Tracer 900
BIKE_26243,Xsr 700
BIKE_26244,Heritage
BIKE_26245,Tracer 900
BIKE_26246,Iron 883
BIKE_26247,
BIKE_26248,Gsx-S 1000
BIKE_26249,Softail Slim
BIKE_26250,K 1600 Gt
BIKE_26251,Sprint 50
BIKE_26252,Movie 125S
BIKE_26253,Sr 50
BIKE_26254,Tiger Explorer
BIKE_26255,Monster 821
BIKE_26256,Electra Glide
BIKE_26257,Streetfighter
BIKE_26258,
BIKE_26259,
BIKE_26260,S 1000 Xr
BIKE_26261,Gsx-R 1000
BIKE_26262,
BIKE_26263,Xl 500
BIKE_26264,Mt-09
BIKE_26265,X-Adv
BIKE_26266,Crf 1000
BIKE_26267,Xsr 700
BIKE_26268,F 750 Gs
BIKE_26269,
BIKE_26270,Street Triple 675
BIKE_26271,Crf 1000
BIKE_26272,Livewire
BIKE_26273,Tmax 500
BIKE_26274,Cb 1000
BIKE_26275,Gas Ec 300
BIKE_26276,Vulcan S
BIKE_26277,Rsv4
BIKE_26278,Electra Glide
BIKE_26279,Z 1000
BIKE_26280,848
BIKE_26281,848
BIKE_26282,848
BIKE_26283,Dyna Street Bob
BIKE_26284,R 1200 Gs
BIKE_26285,Fxd
BIKE_26286,V-Strom 1000
BIKE_26287,
BIKE_26288,Ultra Classic
BIKE_26289,R 1200 Rs
BIKE_26290,Z 900
BIKE_26291,Gpr
BIKE_26292,Gpr
BIKE_26293,Gpr
BIKE_26294,Xtz 1200
BIKE_26295,690 Supermoto
BIKE_26296,Versys 650
BIKE_26297,Star 200
BIKE_26298,R 1200 Gs
BIKE_26299,Sh 150
BIKE_26300,F 800 Gs
BIKE_26301,S 1000 Xr
BIKE_26302,Agusta Superveloce 800
BIKE_26303,350 Rs
BIKE_26304,R 1250 Rt
BIKE_26305,Softail
BIKE_26306,
BIKE_26307,Tmax 530
BIKE_26308,Fjr 1300
BIKE_26309,Versys-X 300
BIKE_26310,Tracer 700
BIKE_26311,Ninja Zx-10R
BIKE_26312,Z 1000
BIKE_26313,Streetfighter
BIKE_26314,690 Smc
BIKE_26315,690 Smc
BIKE_26316,690 Smc
BIKE_26317,K 1300 R
BIKE_26318,Versys 1000
BIKE_26319,R 1250 R
BIKE_26320,R 1200 Gs
BIKE_26321,R 1200 Rt
BIKE_26322,R 1200
BIKE_26323,F 900 R
BIKE_26324,R 1200 Gs Adventure
BIKE_26325,Scrambler
BIKE_26326,Mt-07
BIKE_26327,R 1200 Gs Adventure
BIKE_26328,K 1300 S
BIKE_26329,
BIKE_26330,Monster 1200
BIKE_26331,Rr 430
BIKE_26332,Sportster 1200
BIKE_26333,R 1200 C Independent
BIKE_26334,
BIKE_26335,Versys 1000
BIKE_26336,999
BIKE_26337,K 1600 Gt
BIKE_26338,
BIKE_26339,1299 Panigale
BIKE_26340,Guzzi V 7
BIKE_26341,Te 250
BIKE_26342,R 1200 Gs Adventure
BIKE_26343,Z 900
BIKE_26344,Cb 650
BIKE_26345,Super 8
BIKE_26346,S 1000 R
BIKE_26347,Multistrada 1200
BIKE_26348,Gsx-R 1000
BIKE_26349,Z 650
BIKE_26350,C 650 Gt
BIKE_26351,
BIKE_26352,Cbr 500 R
BIKE_26353,Tmax Sx
BIKE_26354,R 1200 Gs
BIKE_26355,790 Duke
BIKE_26356,
BIKE_26357,R 1200 Rt
BIKE_26358,R 1250 Rt
BIKE_26359,
BIKE_26360,Cb 750 Four
BIKE_26361,Street 750
BIKE_26362,V-Strom 1000
BIKE_26363,C 650 Gt
BIKE_26364,Dyna Street Bob
BIKE_26365,Multistrada 1260
BIKE_26366,Street Triple R
BIKE_26367,Custom
BIKE_26368,Cbr 650
BIKE_26369,S 1000 Xr
BIKE_26370,Tracer 700
BIKE_26371,Multistrada 950
BIKE_26372,Multistrada 950
BIKE_26373,Multistrada 950
BIKE_26374,V-Strom 650
BIKE_26375,Xl 1200
BIKE_26376,F 800 Gt
BIKE_26377,Xv 1900
BIKE_26378,F 900 R
BIKE_26379,848
BIKE_26380,848
BIKE_26381,848
BIKE_26382,Am Spyder Rt
BIKE_26383,Moto Cforce 850
BIKE_26384,Scrambler
BIKE_26385,Tmax 530
BIKE_26386,F 900 R
BIKE_26387,Moto Grs 125
BIKE_26388,Cb 1100
BIKE_26389,F 900 R
BIKE_26390,F 750 Gs
BIKE_26391,Gold Wing
BIKE_26392,Versys 1000
BIKE_26393,Liberty 125
BIKE_26394,Cbr 125
BIKE_26395,
BIKE_26396,Thruxton
BIKE_26397,K 1600 Gt
BIKE_26398,501 Osl
BIKE_26399,
BIKE_26400,1290 Super Adventure
BIKE_26401,Tzr 50
BIKE_26402,Rsv4
BIKE_26403,Gsx-R 600
BIKE_26404,Sh 150
BIKE_26405,Z 1000
BIKE_26406,C 650 Gt
BIKE_26407,X-Adv
BIKE_26408,Monster 821
BIKE_26409,Sh 150
BIKE_26410,Panigale V4
BIKE_26411,790 Duke
BIKE_26412,Crf 450
BIKE_26413,Tmax 530
BIKE_26414,Liberty 50
BIKE_26415,Sportster 883
BIKE_26416,Scrambler
BIKE_26417,Gold Wing
BIKE_26418,Vmax
BIKE_26419,Monster 696
BIKE_26420,Road King
BIKE_26421,Hypermotard 1100
BIKE_26422,
BIKE_26423,1290 Super Duke R
BIKE_26424,C 650 Gt
BIKE_26425,R 1200 Gs Lc
BIKE_26426,Vrsc Street Rod
BIKE_26427,Z 1000
BIKE_26428,Sportster Forty Eight
BIKE_26429,Gl 1500
BIKE_26430,Outlook 125
BIKE_26431,Guzzi
BIKE_26432,Vfr 1200
BIKE_26433,R 1200 Gs Adventure
BIKE_26434,501 Osl
BIKE_26435,Crf 1000
BIKE_26436,Cb 500
BIKE_26437,Cb 500
BIKE_26438,R 1250 Gs Adventure
BIKE_26439,
BIKE_26440,Road King
BIKE_26441,Tmax 560
BIKE_26442,
BIKE_26443,
BIKE_26444,Am Maverick
BIKE_26445,R 1200 Rt
BIKE_26446,Dyna Street Bob
BIKE_26447,Mp3 500
BIKE_26448,Monster 1100
BIKE_26449,Sh 125
BIKE_26450,Chieftain
BIKE_26451,
BIKE_26452,Nmax
BIKE_26453,Scarabeo
BIKE_26454,Z 1000
BIKE_26455,Guzzi Le Mans
BIKE_26456,Guzzi Le Mans
BIKE_26457,Guzzi Le Mans
BIKE_26458,R Ninet
BIKE_26459,Gsx-R 750
BIKE_26460,Xenter 125
BIKE_26461,F 750 Gs
BIKE_26462,Star 125
BIKE_26463,Fiddle 50
BIKE_26464,Pk 125
BIKE_26465,Vfr 800
BIKE_26466,Lx 50
BIKE_26467,Yzf-R125
BIKE_26468,Softail
BIKE_26469,Thunderbird Commander
BIKE_26470,R 1200 Rt
BIKE_26471,Tuono
BIKE_26472,Rocket Iii Touring
BIKE_26473,Forza 300
BIKE_26474,Crf 1000
BIKE_26475,
BIKE_26476,Shiver 900
BIKE_26477,S 1000 Xr
BIKE_26478,Scrambler
BIKE_26479,
BIKE_26480,Sportster
BIKE_26481,Heritage Softail
BIKE_26482,Tiger Explorer
BIKE_26483,R 80 Gs
BIKE_26484,Caballero 500
BIKE_26485,Panigale V4
BIKE_26486,Hypermotard 950
BIKE_26487,S 1000 Rr
BIKE_26488,Vz 800
BIKE_26489,
BIKE_26490,Sv 650
BIKE_26491,Fs 450
BIKE_26492,F 800
BIKE_26493,Speedmaster
BIKE_26494,S 1000 Rr
BIKE_26495,R 1200 Gs
BIKE_26496,Nc 750
BIKE_26497,Road King
BIKE_26498,Tiger 900
BIKE_26499,Panigale V4
BIKE_26500,899 Panigale
BIKE_26501,899 Panigale
BIKE_26502,899 Panigale
BIKE_26503,R 1250 Gs Adventure
BIKE_26504,1200
BIKE_26505,Z 900
BIKE_26506,
BIKE_26507,Crossrunner
BIKE_26508,S 1000 R
BIKE_26509,Soco Cux
BIKE_26510,S 1000 R
BIKE_26511,Ultra Classic
BIKE_26512,R Ninet
BIKE_26513,Crf 1100
BIKE_26514,Speedmaster
BIKE_26515,Sportster
BIKE_26516,Multistrada 1200
BIKE_26517,Sportster 1200
BIKE_26518,Ultra Classic
BIKE_26519,Niken
BIKE_26520,Thruxton
BIKE_26521,Fat Boy
BIKE_26522,R 1200 Gs Lc
BIKE_26523,R 80 R
BIKE_26524,R 80 R
BIKE_26525,R 80 R
BIKE_26526,Bad Boy
BIKE_26527,Bad Boy
BIKE_26528,Bad Boy
BIKE_26529,
BIKE_26530,Gl 1800
BIKE_26531,Agusta Brutale 800
BIKE_26532,Fjr 1300
BIKE_26533,
BIKE_26534,Movie Xl
BIKE_26535,50 N
BIKE_26536,50 N
BIKE_26537,50 N
BIKE_26538,1200 Custom
BIKE_26539,Streetfighter
BIKE_26540,Multistrada 950
BIKE_26541,Multistrada 950
BIKE_26542,Multistrada 950
BIKE_26543,High-Ball
BIKE_26544,Morini Scrambler 1200
BIKE_26545,Speedmaster
BIKE_26546,Dorsoduro
BIKE_26547,R Ninet
BIKE_26548,Scrambler
BIKE_26549,Tiger 800
BIKE_26550,790 Duke
BIKE_26551,Guzzi V 9
BIKE_26552,R 1250 Rt
BIKE_26553,S 1000 R
BIKE_26554,Tmax 530
BIKE_26555,Rs 660
BIKE_26556,Fxd
BIKE_26557,R 1200 Gs
BIKE_26558,
BIKE_26559,690 Duke
BIKE_26560,
BIKE_26561,Multistrada 1200
BIKE_26562,Tmax 560
BIKE_26563,R 1200 Gs Adventure
BIKE_26564,Tnt 1130
BIKE_26565,Nc 750
BIKE_26566,R 1200 Rt
BIKE_26567,Electra Glide
BIKE_26568,1050 Adventure
BIKE_26569,Z 750
BIKE_26570,350 Exc
BIKE_26571,Z 1000
BIKE_26572,Sh 150
BIKE_26573,Cb 500
BIKE_26574,F 800 Gs
BIKE_26575,Forza 300
BIKE_26576,Hp4
BIKE_26577,Hp4
BIKE_26578,Hp4
BIKE_26579,Guzzi V 85
BIKE_26580,
BIKE_26581,
BIKE_26582,S 1000 R
BIKE_26583,1190 Adventure
BIKE_26584,R 1200 Gs
BIKE_26585,Vmax
BIKE_26586,Sportster 1200
BIKE_26587,
BIKE_26588,Electra Glide Sidecar
BIKE_26589,Xciting 400I
BIKE_26590,Am Spyder F3-S
BIKE_26591,Tiger 800
BIKE_26592,R 1200 Gs
BIKE_26593,
BIKE_26594,Softail
BIKE_26595,R 1200 Gs Adventure
BIKE_26596,R Ninet
BIKE_26597,Scrambler
BIKE_26598,Cb 650
BIKE_26599,Road King
BIKE_26600,R 1200 Gs
BIKE_26601,
BIKE_26602,
BIKE_26603,
BIKE_26604,F 750 Gs
BIKE_26605,Gsx-R 600
BIKE_26606,Agusta Rivale 800
BIKE_26607,Like 50
BIKE_26608,
BIKE_26609,Zip 50
BIKE_26610,Tiger Explorer
BIKE_26611,R 1250 Rt
BIKE_26612,Cb 1000
BIKE_26613,Judge
BIKE_26614,Tracer 900
BIKE_26615,Xsr 700
BIKE_26616,C 400 X
BIKE_26617,Crf 1000
BIKE_26618,Vtx 1300
BIKE_26619,New Qooder
BIKE_26620,Xl 883
BIKE_26621,R 1200 Gs
BIKE_26622,F 900 R
BIKE_26623,Softail
BIKE_26624,Z 900
BIKE_26625,K 1300
BIKE_26626,Xdiavel
BIKE_26627,Tnt 125
BIKE_26628,Tnt 125
BIKE_26629,Tnt 125
BIKE_26630,R Ninet
BIKE_26631,Fat Boy
BIKE_26632,C Evolution
BIKE_26633,Sh 150
BIKE_26634,Fz 8
BIKE_26635,Tmax 530
BIKE_26636,
BIKE_26637,125 Rs
BIKE_26638,
BIKE_26639,F 900 Xr
BIKE_26640,Cb 1000
BIKE_26641,V-Strom 1000
BIKE_26642,Z 900
BIKE_26643,Agusta Brutale
BIKE_26644,R 1200 Gs
BIKE_26645,V-Strom 650
BIKE_26646,Fireblade
BIKE_26647,Nc 750
BIKE_26648,Gsx-R 750
BIKE_26649,R 1200 Gs
BIKE_26650,Cat Dvx 300
BIKE_26651,X-Max 250
BIKE_26652,Xdiavel
BIKE_26653,Sh 125
BIKE_26654,R 1200 Rt
BIKE_26655,Road King
BIKE_26656,Diavel
BIKE_26657,
BIKE_26658,F 700 Gs
BIKE_26659,Bestia
BIKE_26660,Cb 500
BIKE_26661,R Ninet
BIKE_26662,Scrambler
BIKE_26663,R 1200 Rs
BIKE_26664,R 1200 Gs
BIKE_26665,R 1200 Gs
BIKE_26666,1290 Super Duke R
BIKE_26667,R 1250 Gs
BIKE_26668,S 1000 R
BIKE_26669,F 850 Gs
BIKE_26670,Dyna Fat Bob
BIKE_26671,R 1200 Gs
BIKE_26672,Monster 821
BIKE_26673,
BIKE_26674,K 1600
BIKE_26675,Address
BIKE_26676,Cb 750 Four
BIKE_26677,Vmax
BIKE_26678,Vn 2000
BIKE_26679,Vn 2000
BIKE_26680,Vn 2000
BIKE_26681,Scrambler
BIKE_26682,Agility 125
BIKE_26683,Sh 125
BIKE_26684,S 1000 R
BIKE_26685,Agusta Brutale 800
BIKE_26686,C 400 Gt
BIKE_26687,R 1200 R
BIKE_26688,
BIKE_26689,
BIKE_26690,
BIKE_26691,
BIKE_26692,Crossrunner
BIKE_26693,F 900 Xr
BIKE_26694,Panigale V4
BIKE_26695,Heritage
BIKE_26696,Gsx-S 750
BIKE_26697,Crf 1100
BIKE_26698,
BIKE_26699,R 1200 Gs
BIKE_26700,Cb 1000
BIKE_26701,F 800
BIKE_26702,790 Duke
BIKE_26703,R 1250 Rt
BIKE_26704,R 60/6
BIKE_26705,Tuono
BIKE_26706,Versys 1000
BIKE_26707,Street Glide
BIKE_26708,Z 1000
BIKE_26709,Raptor 700
BIKE_26710,50 N
BIKE_26711,50 N
BIKE_26712,50 N
BIKE_26713,Panigale V4
BIKE_26714,Rocker C
BIKE_26715,Road Glide
BIKE_26716,Vision 50
BIKE_26717,Zzr 1400
BIKE_26718,R Ninet
BIKE_26719,Paul Smart 1000
BIKE_26720,Xl 1200
BIKE_26721,Ultra Limited
BIKE_26722,Scarabeo
BIKE_26723,
BIKE_26724,Sportster
BIKE_26725,Tracer 700
BIKE_26726,1125 Cr
BIKE_26727,1125 Cr
BIKE_26728,1125 Cr
BIKE_26729,R 1200 Rt
BIKE_26730,Monster 821
BIKE_26731,R 1200 Gs Adventure
BIKE_26732,Rs 425/450
BIKE_26733,Versys 1000
BIKE_26734,Vs 125
BIKE_26735,Sportster 883
BIKE_26736,Multistrada 950
BIKE_26737,Multistrada 950
BIKE_26738,Multistrada 950
BIKE_26739,R 1250 Gs
BIKE_26740,Agusta F4
BIKE_26741,Mt-09
BIKE_26742,
BIKE_26743,Integra
BIKE_26744,Street Triple 675
BIKE_26745,Sportster Forty Eight
BIKE_26746,Fat Boy
BIKE_26747,Cmx 500
BIKE_26748,
BIKE_26749,Softail
BIKE_26750,Ninja H2
BIKE_26751,Bx 125
BIKE_26752,V-Strom 1050
BIKE_26753,Vt 1300
BIKE_26754,Vt 1300
BIKE_26755,Vt 1300
BIKE_26756,
BIKE_26757,Scrambler
BIKE_26758,Bullet 50
BIKE_26759,R 1200 Gs
BIKE_26760,Z 900
BIKE_26761,Vs 1400
BIKE_26762,450 Exc
BIKE_26763,R 1150 R
BIKE_26764,R 1150 R
BIKE_26765,R 1150 R
BIKE_26766,Typhoon
BIKE_26767,
BIKE_26768,Street Triple 765
BIKE_26769,701 Supermoto
BIKE_26770,1290 Super Duke Gt
BIKE_26771,K 1300 S
BIKE_26772,888
BIKE_26773,R 1200 Gs
BIKE_26774,R 1200
BIKE_26775,Street Triple R
BIKE_26776,Cb 1300
BIKE_26777,Versys 1000
BIKE_26778,K 1600 Gt
BIKE_26779,Heritage Softail
BIKE_26780,R 1200 Gs
BIKE_26781,Am Spyder Rs
BIKE_26782,Dyna Fat Bob
BIKE_26783,R 1200 Gs
BIKE_26784,Moto Tr 125
BIKE_26785,Softail
BIKE_26786,Dyna Switchback
BIKE_26787,Dyna Switchback
BIKE_26788,Dyna Switchback
BIKE_26789,Yzf-R6
BIKE_26790,Burgman 400
BIKE_26791,R 1200 Gs Adventure
BIKE_26792,Road King
BIKE_26793,Monster 821
BIKE_26794,Scrambler
BIKE_26795,Sportster Forty Eight
BIKE_26796,B King
BIKE_26797,R 1200 Rt
BIKE_26798,Sportster 1200
BIKE_26799,C Evolution
BIKE_26800,Multistrada 1260
BIKE_26801,S4
BIKE_26802,Daytona 675
BIKE_26803,Niken
BIKE_26804,Crf 1100
BIKE_26805,R 1200 Gs
BIKE_26806,Ninja 650
BIKE_26807,Cbr 1000
BIKE_26808,Z 900
BIKE_26809,998
BIKE_26810,998
BIKE_26811,998
BIKE_26812,Gl 1800
BIKE_26813,Tiger Explorer
BIKE_26814,Sh 150
BIKE_26815,Bonneville Bobber
BIKE_26816,Cvo Breakout
BIKE_26817,Sv 650
BIKE_26818,C Evolution
BIKE_26819,Dyna Street Bob
BIKE_26820,Sportster
BIKE_26821,F 850 Gs
BIKE_26822,Sh 300
BIKE_26823,Monster 696
BIKE_26824,F 900 Xr
BIKE_26825,K 1200 Lt
BIKE_26826,K 1200 Lt
BIKE_26827,K 1200 Lt
BIKE_26828,Mp3 300
BIKE_26829,Crf 1100
BIKE_26830,Cb 125
BIKE_26831,Bonneville T120
BIKE_26832,Tmax 560
BIKE_26833,Sv 650
BIKE_26834,Heritage Softail
BIKE_26835,Dyna Wide Glide
BIKE_26836,R 1250 R
BIKE_26837,Crf 1100
BIKE_26838,Multistrada 1200
BIKE_26839,Sixteen 150
BIKE_26840,Zip 50
BIKE_26841,Tiger 1200
BIKE_26842,
BIKE_26843,
BIKE_26844,Cb 1100
BIKE_26845,R 1200 Gs Adventure
BIKE_26846,Cbf 125
BIKE_26847,Sportster Forty Eight
BIKE_26848,Street Glide
BIKE_26849,
BIKE_26850,Z1000 Sx
BIKE_26851,
BIKE_26852,Tmax 560
BIKE_26853,Ninja Zx-6R
BIKE_26854,Z 900
BIKE_26855,Ninja H2
BIKE_26856,Versys 1000
BIKE_26857,Heritage Softail
BIKE_26858,
BIKE_26859,Cb 650
BIKE_26860,Rs 250
BIKE_26861,Z 1000
BIKE_26862,Mt-10
BIKE_26863,Tiger 800
BIKE_26864,Yzf-R3
BIKE_26865,Gt 650
BIKE_26866,
BIKE_26867,Versys 1000
BIKE_26868,Streetfighter
BIKE_26869,Gold Wing
BIKE_26870,R 1200 Gs
BIKE_26871,R 1200 R
BIKE_26872,
BIKE_26873,Dyna Fat Bob
BIKE_26874,Ala Verde
BIKE_26875,D'Elight
BIKE_26876,Raptor 700
BIKE_26877,Ape
BIKE_26878,Beverly 300
BIKE_26879,690 Duke
BIKE_26880,Vs 1400
BIKE_26881,S 1000 R
BIKE_26882,Milano
BIKE_26883,Gsx-R 1000
BIKE_26884,Vt 125
BIKE_26885,Moto Tr 50
BIKE_26886,Softail
BIKE_26887,Cb 1100
BIKE_26888,125
BIKE_26889,R Ninet
BIKE_26890,
BIKE_26891,Yiying
BIKE_26892,Yiying
BIKE_26893,Yiying
BIKE_26894,F 800 R
BIKE_26895,Thruxton
BIKE_26896,Scrambler
BIKE_26897,Crossrunner
BIKE_26898,Z 800
BIKE_26899,Versys 650
BIKE_26900,Z 900
BIKE_26901,Xvs 1100
BIKE_26902,Gl 1800
BIKE_26903,
BIKE_26904,Diavel
BIKE_26905,Softail
BIKE_26906,1290 Super Duke R
BIKE_26907,
BIKE_26908,Z 750
BIKE_26909,R 1200 Rt
BIKE_26910,Softail
BIKE_26911,Street Rod
BIKE_26912,Street Rod
BIKE_26913,Street Rod
BIKE_26914,Crf 1100
BIKE_26915,
BIKE_26916,Road King
BIKE_26917,
BIKE_26918,Bonneville T120
BIKE_26919,R 60
BIKE_26920,R 60
BIKE_26921,R 60
BIKE_26922,Address
BIKE_26923,R 1200
BIKE_26924,S 1000 Rr
BIKE_26925,Panigale V4
BIKE_26926,Thruxton
BIKE_26927,Gsx 1250
BIKE_26928,Dyna Street Bob
BIKE_26929,Fly 125
BIKE_26930,Fly 125
BIKE_26931,Fly 125
BIKE_26932,Tmax 530
BIKE_26933,Streetfighter
BIKE_26934,S 1000 Xr
BIKE_26935,125 Duke
BIKE_26936,Nmax
BIKE_26937,Roadster
BIKE_26938,Sv 650
BIKE_26939,Fiddle 50
BIKE_26940,R 26
BIKE_26941,S 1000 Xr
BIKE_26942,Mt-09
BIKE_26943,1125 Cr
BIKE_26944,1125 Cr
BIKE_26945,1125 Cr
BIKE_26946,Vn 900
BIKE_26947,Street Triple 765
BIKE_26948,Iron 883
BIKE_26949,Custom Bike
BIKE_26950,Majesty 400
BIKE_26951,R 1200 Gs
BIKE_26952,125
BIKE_26953,Yzf-R6
BIKE_26954,S 1000 Xr
BIKE_26955,Tiger 900
BIKE_26956,F 900 R
BIKE_26957,S 1000 R
BIKE_26958,Tmax 530
BIKE_26959,Scrambler
BIKE_26960,790 Adventure
BIKE_26961,Road King
BIKE_26962,Ninja Zx-6R
BIKE_26963,R 1250 R
BIKE_26964,Versys 650
BIKE_26965,Street Glide
BIKE_26966,Versys 1000
BIKE_26967,
BIKE_26968,
BIKE_26969,
BIKE_26970,Vrsc V-Rod
BIKE_26971,Panigale V4
BIKE_26972,Ninja Zx-6R
BIKE_26973,1190 Adventure
BIKE_26974,Monster 796
BIKE_26975,Monster 796
BIKE_26976,Monster 796
BIKE_26977,Sportster 1200
BIKE_26978,Monster 821
BIKE_26979,Z 800
BIKE_26980,Crf 450
BIKE_26981,Vfr
BIKE_26982,C 400 X
BIKE_26983,Versys 650
BIKE_26984,Agility 125
BIKE_26985,R 1250 Rs
BIKE_26986,690 Lc 4
BIKE_26987,
BIKE_26988,Super Dink 300
BIKE_26989,Xdiavel
BIKE_26990,Aquila 250
BIKE_26991,Seventyfive 125
BIKE_26992,S 1000 Rr
BIKE_26993,Agusta F4 1000
BIKE_26994,Gsx-S 1000
BIKE_26995,Fjr 1300
BIKE_26996,Rsv4
BIKE_26997,848
BIKE_26998,848
BIKE_26999,848
BIKE_27000,Rc 390
BIKE_27001,Nmax
BIKE_27002,
BIKE_27003,General
BIKE_27004,
BIKE_27005,250 Exc
BIKE_27006,250 Exc
BIKE_27007,250 Exc
BIKE_27008,Cbr 1000
BIKE_27009,R 1200 Gs
BIKE_27010,V-Strom 650
BIKE_27011,R 1200 Gs Adventure
BIKE_27012,Diavel
BIKE_27013,Rr 300
BIKE_27014,Enfield Bullet 500
BIKE_27015,Enfield Bullet 500
BIKE_27016,Enfield Bullet 500
BIKE_27017,
BIKE_27018,Cat 1000
BIKE_27019,
BIKE_27020,Hypermotard 821
BIKE_27021,Hypermotard 821
BIKE_27022,Hypermotard 821
BIKE_27023,C Evolution
BIKE_27024,Scrambler
BIKE_27025,X-Max 125
BIKE_27026,1290 Super Duke R
BIKE_27027,R 1200 Rs
BIKE_27028,Diavel
BIKE_27029,Cb 1100
BIKE_27030,
BIKE_27031,F 900 R
BIKE_27032,Wr 125
BIKE_27033,Wr 125
BIKE_27034,Wr 125
BIKE_27035,Cobra 400
BIKE_27036,Am Ryker
BIKE_27037,Am Ryker
BIKE_27038,Am Ryker
BIKE_27039,Rocket Iii Roadster
BIKE_27040,R 1250 Gs Adventure
BIKE_27041,
BIKE_27042,Dyna Fat Bob
BIKE_27043,R 1200 Gs
BIKE_27044,Joymax 125I
BIKE_27045,Joymax 125I
BIKE_27046,Joymax 125I
BIKE_27047,Wr 250
BIKE_27048,
BIKE_27049,R 1200 R
BIKE_27050,R 1200 Rs
BIKE_27051,F 800 Gs
BIKE_27052,Xl 1200
BIKE_27053,
BIKE_27054,F 700 Gs
BIKE_27055,Bonneville T100
BIKE_27056,Multistrada 950
BIKE_27057,Multistrada 950
BIKE_27058,Multistrada 950
BIKE_27059,Deauville
BIKE_27060,Deauville
BIKE_27061,Deauville
BIKE_27062,Sportster 1200
BIKE_27063,Tuono
BIKE_27064,
BIKE_27065,Tmax Dx
BIKE_27066,Nm4 Vultus
BIKE_27067,Sh 125
BIKE_27068,R 1200 Rt
BIKE_27069,
BIKE_27070,Vfr 800
BIKE_27071,Hp 2 Megamoto
BIKE_27072,Xtz 1200
BIKE_27073,Hp4
BIKE_27074,Hp4
BIKE_27075,Hp4
BIKE_27076,Tmax 530
BIKE_27077,Electra Glide
BIKE_27078,C 600 Sport
BIKE_27079,Roadmaster
BIKE_27080,Sprint
BIKE_27081,King Quad
BIKE_27082,Scout
BIKE_27083,Medley 125
BIKE_27084,Ninja 650
BIKE_27085,X-Adv
BIKE_27086,
BIKE_27087,R 1200 Gs
BIKE_27088,X-Max 125
BIKE_27089,
BIKE_27090,Niken
BIKE_27091,Cmx 500
BIKE_27092,K 1600 Gt
BIKE_27093,Z 1
BIKE_27094,
BIKE_27095,R 1200 Gs
BIKE_27096,Cb 125
BIKE_27097,S 1000 Xr
BIKE_27098,R Ninet
BIKE_27099,Svartpilen
BIKE_27100,Fjr 1300
BIKE_27101,690 Supermoto
BIKE_27102,Rd 500
BIKE_27103,Rd 500
BIKE_27104,Rd 500
BIKE_27105,R 1200 Rt
BIKE_27106,Te 510
BIKE_27107,Comet 250
BIKE_27108,Gt 750
BIKE_27109,R 80 Gs
BIKE_27110,F 700 Gs
BIKE_27111,
BIKE_27112,R 1200 Gs
BIKE_27113,X-Adv
BIKE_27114,
BIKE_27115,S 1000 R
BIKE_27116,Xl 883
BIKE_27117,
BIKE_27118,Medley 125
BIKE_27119,Street Triple 675
BIKE_27120,Nsc 50 R
BIKE_27121,Nsc 50 R
BIKE_27122,Nsc 50 R
BIKE_27123,R 1200 Gs
BIKE_27124,
BIKE_27125,Xt 1200
BIKE_27126,C 650 Gt
BIKE_27127,S 1000 R
BIKE_27128,Sportster 1200
BIKE_27129,R 1250 Gs
BIKE_27130,Xl 1200
BIKE_27131,
BIKE_27132,X-Adv
BIKE_27133,Bonneville T120
BIKE_27134,
BIKE_27135,Street Triple 765
BIKE_27136,Rocket Iii Touring
BIKE_27137,Cb 125
BIKE_27138,R 1200 Rs
BIKE_27139,K 1300 Gt
BIKE_27140,Tmax 530
BIKE_27141,Z 800
BIKE_27142,Am Spyder F3-S
BIKE_27143,Monster 1200
BIKE_27144,Moto Cforce 1000
BIKE_27145,Primavera 50
BIKE_27146,Z 1000
BIKE_27147,Xl 1200
BIKE_27148,Dyna Fat Bob
BIKE_27149,Runner 50
BIKE_27150,F 900 R
BIKE_27151,Cat 550
BIKE_27152,
BIKE_27153,
BIKE_27154,
BIKE_27155,Speed Triple 1050
BIKE_27156,C 650 Gt
BIKE_27157,R 1250 Rt
BIKE_27158,Cbr 1000
BIKE_27159,
BIKE_27160,Electra Glide
BIKE_27161,Burgman 400
BIKE_27162,S 1000 Xr
BIKE_27163,
BIKE_27164,310 V
BIKE_27165,Dyna Fat Bob
BIKE_27166,
BIKE_27167,
BIKE_27168,Tdm 850
BIKE_27169,Diavel
BIKE_27170,X-Pro
BIKE_27171,Guzzi V 7
BIKE_27172,Custom Bike
BIKE_27173,996
BIKE_27174,
BIKE_27175,R Ninet
BIKE_27176,Gtr 1400
BIKE_27177,S 1000 Rr
BIKE_27178,K 1600 Gt
BIKE_27179,R 1250 R
BIKE_27180,Softail
BIKE_27181,Scrambler
BIKE_27182,W 800
BIKE_27183,Street Triple 765
BIKE_27184,Agility 125
BIKE_27185,
BIKE_27186,Agility 50
BIKE_27187,Cb 1000
BIKE_27188,
BIKE_27189,Street Glide
BIKE_27190,R Ninet
BIKE_27191,Xl 1200
BIKE_27192,K 100 Rt
BIKE_27193,Bonneville T120
BIKE_27194,K-Xct 300I
BIKE_27195,R 75/5
BIKE_27196,V-Strom 650
BIKE_27197,R 1200 Gs Adventure
BIKE_27198,R18
BIKE_27199,Ak 550
BIKE_27200,Supersport
BIKE_27201,Fjr 1300
BIKE_27202,
BIKE_27203,F 800 R
BIKE_27204,Yfz 350
BIKE_27205,
BIKE_27206,
BIKE_27207,
BIKE_27208,Nc 750
BIKE_27209,Road Glide
BIKE_27210,Mp3 500
BIKE_27211,Thunderbird Commander
BIKE_27212,R 1100 S Boxercup Replika
BIKE_27213,C 650 Gt
BIKE_27214,R 1200 Gs
BIKE_27215,Cat 700
BIKE_27216,Crf 1000
BIKE_27217,R 1200 Gs
BIKE_27218,Crf 1100
BIKE_27219,Guzzi California 1400
BIKE_27220,
BIKE_27221,Road King
BIKE_27222,Tuono
BIKE_27223,Forza 250
BIKE_27224,
BIKE_27225,Crossfire 500
BIKE_27226,Monster 1200
BIKE_27227,R Ninet
BIKE_27228,Low Rider
BIKE_27229,Desmosedici Rr
BIKE_27230,R 1100 R
BIKE_27231,Vrsc V-Rod
BIKE_27232,
BIKE_27233,Chieftain
BIKE_27234,1290 Super Duke R
BIKE_27235,Street Glide
BIKE_27236,R 1250 Gs
BIKE_27237,
BIKE_27238,Thruxton
BIKE_27239,Burgman 650
BIKE_27240,
BIKE_27241,Yzf-R6
BIKE_27242,Z1000 Sx
BIKE_27243,Mt-09
BIKE_27244,Crf 1000
BIKE_27245,Fz 1
BIKE_27246,
BIKE_27247,Hp4
BIKE_27248,Hp4
BIKE_27249,Hp4
BIKE_27250,R Ninet
BIKE_27251,Beverly 300
BIKE_27252,R 1200 Gs
BIKE_27253,Rs 125
BIKE_27254,Softail
BIKE_27255,Ténéré 700
BIKE_27256,Cbr 125
BIKE_27257,Cb 750
BIKE_27258,Fireblade
BIKE_27259,Crf 1000
BIKE_27260,F 850 Gs
BIKE_27261,People S 125
BIKE_27262,Rsv4
BIKE_27263,Burgman 650
BIKE_27264,Pcx 125
BIKE_27265,Heritage Softail
BIKE_27266,848
BIKE_27267,848
BIKE_27268,848
BIKE_27269,Tmax 530
BIKE_27270,Crf 1000
BIKE_27271,Tmax 530
BIKE_27272,Gold Wing
BIKE_27273,Gl 1800
BIKE_27274,
BIKE_27275,S 1000 R
BIKE_27276,Speed Triple 1050
BIKE_27277,People 125
BIKE_27278,Multistrada 1200
BIKE_27279,Am Renegade
BIKE_27280,Am Renegade
BIKE_27281,Am Renegade
BIKE_27282,F 850 Gs
BIKE_27283,F 900 R
BIKE_27284,Fe 250
BIKE_27285,125 Duke
BIKE_27286,Softail
BIKE_27287,Streetfighter
BIKE_27288,Integra
BIKE_27289,Dyna Super Glide
BIKE_27290,Mt-10
BIKE_27291,R 1250 Rt
BIKE_27292,Rs 660
BIKE_27293,R 1200 R
BIKE_27294,Vulcan S
BIKE_27295,Guzzi Ercole
BIKE_27296,Guzzi Ercole
BIKE_27297,Guzzi Ercole
BIKE_27298,Bonneville T100
BIKE_27299,Z 1000
BIKE_27300,
BIKE_27301,R 1200 Gs
BIKE_27302,
BIKE_27303,S 1000 Xr
BIKE_27304,Gl 500
BIKE_27305,X-Adv
BIKE_27306,Sportster Forty Eight
BIKE_27307,Gsx 1300
BIKE_27308,
BIKE_27309,Thruxton
BIKE_27310,701 Supermoto
BIKE_27311,
BIKE_27312,Xsr 700
BIKE_27313,Cb 500
BIKE_27314,Wla
BIKE_27315,Wla
BIKE_27316,Wla
BIKE_27317,Scrambler
BIKE_27318,Monster 1200
BIKE_27319,Vision 50
BIKE_27320,Vn 1700
BIKE_27321,Nrg Power
BIKE_27322,Nrg Power
BIKE_27323,Nrg Power
BIKE_27324,R 1200 Rt
BIKE_27325,Primavera 150 3V
BIKE_27326,R 1200 Rt
BIKE_27327,V-Strom 650
BIKE_27328,Like 125
BIKE_27329,125 Xc
BIKE_27330,Cvo Breakout
BIKE_27331,F 900 R
BIKE_27332,
BIKE_27333,Tracer 900
BIKE_27334,Vl 800
BIKE_27335,Softail
BIKE_27336,F 900 R
BIKE_27337,F 900 Xr
BIKE_27338,Crf 1000
BIKE_27339,Tmax 530
BIKE_27340,1290 Super Adventure
BIKE_27341,Tmax 530
BIKE_27342,Tiger Explorer
BIKE_27343,F 750 Gs
BIKE_27344,Z 900
BIKE_27345,C Evolution
BIKE_27346,Diavel
BIKE_27347,Gpx 600 R
BIKE_27348,R 1250 Gs Adventure
BIKE_27349,Agusta Brutale 800
BIKE_27350,Dyna Street Bob
BIKE_27351,S 1000 Rr
BIKE_27352,Dyna Wide Glide
BIKE_27353,Fz 8
BIKE_27354,Street 750
BIKE_27355,F 900 Xr
BIKE_27356,
BIKE_27357,R 1200 Gs
BIKE_27358,
BIKE_27359,Triketec
BIKE_27360,
BIKE_27361,Monster 821
BIKE_27362,Hollister
BIKE_27363,Sportster Xl 883
BIKE_27364,Sportster 883
BIKE_27365,Multistrada 1200
BIKE_27366,Mt-07
BIKE_27367,Tmax 530
BIKE_27368,Diavel
BIKE_27369,R Ninet
BIKE_27370,R 1250 R
BIKE_27371,Agusta F4
BIKE_27372,Nmax
BIKE_27373,Dyna Street Bob
BIKE_27374,S 1000 Xr
BIKE_27375,Cb 750 Four
BIKE_27376,Burgman 200
BIKE_27377,Tzr 250
BIKE_27378,Neos 4Takt
BIKE_27379,Tiger 900
BIKE_27380,Z 650
BIKE_27381,Agusta F3
BIKE_27382,Tmax 500
BIKE_27383,Z 1000
BIKE_27384,1090 Adventure
BIKE_27385,1090 Adventure
BIKE_27386,1090 Adventure
BIKE_27387,Mp3 500
BIKE_27388,R 1200 R
BIKE_27389,Medley 125
BIKE_27390,Cb 1000
BIKE_27391,R 69 S
BIKE_27392,R 69 S
BIKE_27393,R 69 S
BIKE_27394,Xv 1900
BIKE_27395,Softail
BIKE_27396,125 Duke
BIKE_27397,Guzzi V 7
BIKE_27398,R 1200 Gs
BIKE_27399,85 Sx
BIKE_27400,F 850 Gs
BIKE_27401,Street Glide
BIKE_27402,R 1200 Rt
BIKE_27403,W 800
BIKE_27404,Downtown 300I
BIKE_27405,Liberty 125
BIKE_27406,F 850 Gs
BIKE_27407,R 1250 Rs
BIKE_27408,Shadow 750
BIKE_27409,Dyna Wide Glide
BIKE_27410,Multistrada 950
BIKE_27411,Multistrada 950
BIKE_27412,Multistrada 950
BIKE_27413,Softail
BIKE_27414,
BIKE_27415,Moto Cforce 600
BIKE_27416,R 1250 Gs
BIKE_27417,Gsx-R 600
BIKE_27418,R 1200 R Classic
BIKE_27419,
BIKE_27420,Z1000 Sx
BIKE_27421,Sportster 883
BIKE_27422,Softail
BIKE_27423,Otello F.I.
BIKE_27424,848
BIKE_27425,848
BIKE_27426,848
BIKE_27427,Tuono
BIKE_27428,Monster 1200
BIKE_27429,1190 Adventure
BIKE_27430,Softail
BIKE_27431,
BIKE_27432,S 1000 Rr
BIKE_27433,
BIKE_27434,Gsx-R 1000
BIKE_27435,Grizzly 700
BIKE_27436,Otello F.I.
BIKE_27437,Dyna Fat Bob
BIKE_27438,Xciting 300I
BIKE_27439,690 Smc
BIKE_27440,690 Smc
BIKE_27441,690 Smc
BIKE_27442,Gsx-S 1000
BIKE_27443,Sw-T 400
BIKE_27444,R 1250 Gs
BIKE_27445,Metralla Mk2
BIKE_27446,Multistrada 950
BIKE_27447,Multistrada 950
BIKE_27448,Multistrada 950
BIKE_27449,Iron 883
BIKE_27450,Speed Triple 1050
BIKE_27451,K 1300
BIKE_27452,Gsr 750
BIKE_27453,Xvs 1100
BIKE_27454,690 Duke
BIKE_27455,Xv 535
BIKE_27456,Xv 535
BIKE_27457,Xv 535
BIKE_27458,F 850 Gs
BIKE_27459,Tiger 800
BIKE_27460,C 650 Gt
BIKE_27461,Tiger 800
BIKE_27462,Rf1
BIKE_27463,Yz 250
BIKE_27464,Tmax 530
BIKE_27465,Citycom 300
BIKE_27466,R Ninet
BIKE_27467,Fat Bob
BIKE_27468,R 1200
BIKE_27469,Sportster Xr 1200
BIKE_27470,1290 Super Adventure
BIKE_27471,R 1200 Rt
BIKE_27472,Street Glide
BIKE_27473,Sportster Forty Eight
BIKE_27474,Z 900
BIKE_27475,Bonneville T100
BIKE_27476,F 800 Gs
BIKE_27477,R 1200 Gs Adventure
BIKE_27478,Multistrada 1260
BIKE_27479,Agusta Brutale 1090
BIKE_27480,Multistrada 1200
BIKE_27481,Bonneville T100
BIKE_27482,Teryx
BIKE_27483,Cbr 1000
BIKE_27484,Scrambler
BIKE_27485,R 1200 Gs
BIKE_27486,Ninja 125
BIKE_27487,Gsx-S 1000
BIKE_27488,Sportster Forty Eight
BIKE_27489,Xciting 300I
BIKE_27490,Sx 50
BIKE_27491,Sx 50
BIKE_27492,Sx 50
BIKE_27493,Sv 650
BIKE_27494,K 1600 Gt
BIKE_27495,Crf 1000
BIKE_27496,Agusta Turismo Veloce 800
BIKE_27497,Ideo 50
BIKE_27498,848
BIKE_27499,848
BIKE_27500,848
BIKE_27501,Tiger 800
BIKE_27502,Street Scrambler
BIKE_27503,Mt-10
BIKE_27504,Xv 950
BIKE_27505,Srv 850
BIKE_27506,Beverly 250
BIKE_27507,Xvs 950
BIKE_27508,1290 Super Duke R
BIKE_27509,
BIKE_27510,Vrsc Night Rod
BIKE_27511,
BIKE_27512,Skr 125
BIKE_27513,Street Glide
BIKE_27514,Z 1
BIKE_27515,Cbr 500 R
BIKE_27516,Centro
BIKE_27517,Tracer 700
BIKE_27518,Zip Ii 50
BIKE_27519,Monster 1100
BIKE_27520,R 1200 Gs Lc
BIKE_27521,1190 Adventure
BIKE_27522,690 Enduro
BIKE_27523,690 Enduro
BIKE_27524,690 Enduro
BIKE_27525,Dyna Low Rider
BIKE_27526,Super Venture 1200
BIKE_27527,Trike
BIKE_27528,Nc 750
BIKE_27529,
BIKE_27530,Xsr 900
BIKE_27531,S 1000 Rr
BIKE_27532,Super 8
BIKE_27533,Panigale V4
BIKE_27534,Monster 1200
BIKE_27535,1050 Adventure
BIKE_27536,Vf 1000
BIKE_27537,Cb 1000
BIKE_27538,
BIKE_27539,Two Fifty
BIKE_27540,R Ninet
BIKE_27541,Blog 160
BIKE_27542,R 1200 Gs Adventure
BIKE_27543,Mt-09
BIKE_27544,R 1200 Gs Adventure
BIKE_27545,S 1000 Rr
BIKE_27546,Dyna Wide Glide
BIKE_27547,Max
BIKE_27548,Z 900
BIKE_27549,Cb 1100
BIKE_27550,Thruxton
BIKE_27551,Versys 650
BIKE_27552,Rs 660
BIKE_27553,
BIKE_27554,Agility 125
BIKE_27555,
BIKE_27556,F 900 Xr
BIKE_27557,Fz 1
BIKE_27558,K 1300 Gt
BIKE_27559,S 1000 Xr
BIKE_27560,Am Outlander
BIKE_27561,F 900 R
BIKE_27562,Te 250
BIKE_27563,
BIKE_27564,Speed Triple 1050
BIKE_27565,1290 Super Duke Gt
BIKE_27566,R 1250 R
BIKE_27567,Multistrada 1200
BIKE_27568,Ctx 1300
BIKE_27569,Ctx 1300
BIKE_27570,Ctx 1300
BIKE_27571,Sh 150
BIKE_27572,Custom Bike
BIKE_27573,Softail
BIKE_27574,Tracer 700
BIKE_27575,Cat 1000I Xt
BIKE_27576,Streetfighter
BIKE_27577,R 1200 Rt
BIKE_27578,Road King
BIKE_27579,Z H2
BIKE_27580,Sportster
BIKE_27581,Rm 80
BIKE_27582,
BIKE_27583,R 1200 C Montauk
BIKE_27584,R 1200 C Montauk
BIKE_27585,R 1200 C Montauk
BIKE_27586,Yb 8
BIKE_27587,
BIKE_27588,X-Town
BIKE_27589,Multistrada 1260
BIKE_27590,R 100 Gs Paris-Dakar
BIKE_27591,
BIKE_27592,1050 Adventure
BIKE_27593,Scout
BIKE_27594,People S 50
BIKE_27595,Xciting 400I
BIKE_27596,1290 Super Adventure
BIKE_27597,
BIKE_27598,Z 1000
BIKE_27599,F 800 Gt
BIKE_27600,Tiger 1200
BIKE_27601,Sv 650
BIKE_27602,Softail
BIKE_27603,Gsx 1300
BIKE_27604,Crosstourer
BIKE_27605,Tiger 1050
BIKE_27606,Integra
BIKE_27607,V-Rod
BIKE_27608,Softail
BIKE_27609,Burgman 400
BIKE_27610,Fat Boy
BIKE_27611,F 900 R
BIKE_27612,R Ninet
BIKE_27613,Dxr 250
BIKE_27614,K 1600 Gt
BIKE_27615,Hunt S
BIKE_27616,Guzzi California 1400
BIKE_27617,R 1250 Rs
BIKE_27618,R 1250 Rt
BIKE_27619,Mt-09
BIKE_27620,Sr 50
BIKE_27621,1199 Panigale
BIKE_27622,
BIKE_27623,Mt-09
BIKE_27624,
BIKE_27625,F 800 Gs
BIKE_27626,Streetfighter
BIKE_27627,S 1000 Rr
BIKE_27628,Xevo 125
BIKE_27629,Xevo 125
BIKE_27630,Xevo 125
BIKE_27631,Mp3 300
BIKE_27632,Gsx 1300
BIKE_27633,Xt 1200
BIKE_27634,Tmax 560
BIKE_27635,Scrambler
BIKE_27636,Nrg Power
BIKE_27637,Nrg Power
BIKE_27638,Nrg Power
BIKE_27639,S 1000 Xr
BIKE_27640,Mt-09
BIKE_27641,Mt-09
BIKE_27642,Agusta Brutale 800
BIKE_27643,
BIKE_27644,Multistrada 1100
BIKE_27645,Cat 1000
BIKE_27646,R 1200 Gs Adventure
BIKE_27647,Zip 50
BIKE_27648,Gsx 1100
BIKE_27649,Gsx 1100
BIKE_27650,Gsx 1100
BIKE_27651,Cobra 400
BIKE_27652,Xv 950
BIKE_27653,1190 Adventure
BIKE_27654,Motors
BIKE_27655,1290 Super Adventure
BIKE_27656,Fx6
BIKE_27657,
BIKE_27658,F 900 Xr
BIKE_27659,Vn 1700
BIKE_27660,Softail
BIKE_27661,Fat Boy
BIKE_27662,Versys 1000
BIKE_27663,J300
BIKE_27664,Nc 750
BIKE_27665,Ybr 125
BIKE_27666,Canyon
BIKE_27667,V-Strom 1050
BIKE_27668,Mt-10
BIKE_27669,Fe 350
BIKE_27670,General
BIKE_27671,
BIKE_27672,R 100 Gs
BIKE_27673,Heritage Softail
BIKE_27674,Softail
BIKE_27675,R 1200 Rt
BIKE_27676,Crf 1000
BIKE_27677,
BIKE_27678,R 1200 Rt
BIKE_27679,Z 650
BIKE_27680,
BIKE_27681,R 1200 Gs Adventure
BIKE_27682,G 310 R
BIKE_27683,R Ninet
BIKE_27684,F 800 Gt
BIKE_27685,Vfr 800
BIKE_27686,Cb 1000
BIKE_27687,Cat 1000
BIKE_27688,C 650
BIKE_27689,
BIKE_27690,Sr 50
BIKE_27691,R 1250 Rt
BIKE_27692,Cbr 125
BIKE_27693,K 1600 Gt
BIKE_27694,
BIKE_27695,C 400 X
BIKE_27696,Speedmaster
BIKE_27697,Fat Boy
BIKE_27698,Tmax Sx
BIKE_27699,Vn 900
BIKE_27700,Sportster Forty Eight
BIKE_27701,Cb 650
BIKE_27702,Versys 1000
BIKE_27703,
BIKE_27704,Café Racer
BIKE_27705,Café Racer
BIKE_27706,Café Racer
BIKE_27707,Cb 650
BIKE_27708,W 800
BIKE_27709,Dyna Switchback
BIKE_27710,Dyna Switchback
BIKE_27711,Dyna Switchback
BIKE_27712,Vn 1700
BIKE_27713,Iron 883
BIKE_27714,R 1200 Rt
BIKE_27715,V-Strom 1000
BIKE_27716,X-Adv
BIKE_27717,Beverly 350
BIKE_27718,Diavel
BIKE_27719,Sportster
BIKE_27720,V-Strom 650
BIKE_27721,
BIKE_27722,F 800 Gt
BIKE_27723,Heritage Softail
BIKE_27724,Tiger 1050
BIKE_27725,Diavel
BIKE_27726,Gold Wing
BIKE_27727,F 6 C
BIKE_27728,Road King
BIKE_27729,X-Adv
BIKE_27730,Ninja H2
BIKE_27731,Sportster 1200
BIKE_27732,Sportster 1200
BIKE_27733,690 Duke
BIKE_27734,Gsr 750
BIKE_27735,Scrambler
BIKE_27736,C Evolution
BIKE_27737,Gts 250Ie
BIKE_27738,Softail Slim
BIKE_27739,Street Scrambler
BIKE_27740,C 400 Gt
BIKE_27741,Lx 150
BIKE_27742,Sport Glide
BIKE_27743,R 1200 Rt
BIKE_27744,R 1100 S
BIKE_27745,
BIKE_27746,V-Strom 650
BIKE_27747,
BIKE_27748,R 1250 Gs
BIKE_27749,R 1200 Rs
BIKE_27750,Z 900
BIKE_27751,R 1200 Gs Adventure
BIKE_27752,Hypermotard 796
BIKE_27753,Hypermotard 796
BIKE_27754,Hypermotard 796
BIKE_27755,Tracer 900
BIKE_27756,Super Glide
BIKE_27757,Tmax 530
BIKE_27758,Agusta Dragster
BIKE_27759,Xenter 150
BIKE_27760,Xenter 150
BIKE_27761,Xenter 150
BIKE_27762,Scrambler
BIKE_27763,
BIKE_27764,Ty 125
BIKE_27765,Dyna Super Glide
BIKE_27766,S 1000 Rr
BIKE_27767,Mt-09
BIKE_27768,R 1200 Gs Adventure
BIKE_27769,Rsv4
BIKE_27770,K 1300 S
BIKE_27771,Eva
BIKE_27772,Streetfighter
BIKE_27773,Ak 550
BIKE_27774,F 800 Gt
BIKE_27775,Daytona 675
BIKE_27776,Vtr 1000
BIKE_27777,Vtr 1000
BIKE_27778,Vtr 1000
BIKE_27779,Cbr 1000
BIKE_27780,R 1200 Gs
BIKE_27781,Night Train
BIKE_27782,Cb 1000
BIKE_27783,X-Adv
BIKE_27784,990 Supermoto
BIKE_27785,Beverly 400
BIKE_27786,R Ninet
BIKE_27787,F 850 Gs
BIKE_27788,Sportster Xl 883
BIKE_27789,Cbr 650
BIKE_27790,Vn 1600
BIKE_27791,Vn 1600
BIKE_27792,Vn 1600
BIKE_27793,Beverly 350
BIKE_27794,
BIKE_27795,
BIKE_27796,Crf 1000
BIKE_27797,Qooder
BIKE_27798,Streetfighter
BIKE_27799,Rocket Iii Roadster
BIKE_27800,Cbf 125
BIKE_27801,
BIKE_27802,Gsx-S 1000
BIKE_27803,R 1250 Gs
BIKE_27804,
BIKE_27805,Crf 1000
BIKE_27806,R 1200 Gs
BIKE_27807,Scrambler
BIKE_27808,Tracer 900
BIKE_27809,Zip Sp
BIKE_27810,Yzf-R1
BIKE_27811,Z 650
BIKE_27812,959 Panigale
BIKE_27813,450 Sx
BIKE_27814,Liberty 50
BIKE_27815,R 1200 Gs Lc
BIKE_27816,
BIKE_27817,
BIKE_27818,R Ninet
BIKE_27819,R 1200
BIKE_27820,Tmax 530
BIKE_27821,Sportster
BIKE_27822,C Evolution
BIKE_27823,Mt-07
BIKE_27824,
BIKE_27825,
BIKE_27826,
BIKE_27827,Agusta F3
BIKE_27828,Heritage Softail
BIKE_27829,Gtr 1400
BIKE_27830,Scout
BIKE_27831,V-Strom 650
BIKE_27832,R Ninet
BIKE_27833,Tuono
BIKE_27834,
BIKE_27835,Yzf-R1
BIKE_27836,1290 Super Adventure
BIKE_27837,Cbr 250
BIKE_27838,Cbr 250
BIKE_27839,Cbr 250
BIKE_27840,Mxu 50
BIKE_27841,Rocket Iii Roadster
BIKE_27842,1090 Adventure
BIKE_27843,1090 Adventure
BIKE_27844,1090 Adventure
BIKE_27845,Monster 1100
BIKE_27846,Guzzi V 65
BIKE_27847,Mt-09
BIKE_27848,Super Dink 125
BIKE_27849,Cb 1000
BIKE_27850,V-Strom 1000
BIKE_27851,
BIKE_27852,C 650
BIKE_27853,1290 Super Adventure
BIKE_27854,Road King
BIKE_27855,Ak 550
BIKE_27856,
BIKE_27857,Dyna Super Glide
BIKE_27858,F 800 R
BIKE_27859,Road King
BIKE_27860,Cb 1000
BIKE_27861,Fat Boy
BIKE_27862,Heritage Softail
BIKE_27863,Diavel
BIKE_27864,
BIKE_27865,Vfr 1200
BIKE_27866,Guzzi V 850
BIKE_27867,R 1200 Rt
BIKE_27868,Bws
BIKE_27869,R 1200 Gs
BIKE_27870,F 900 Xr
BIKE_27871,F 800 Gs
BIKE_27872,Z1000 Sx
BIKE_27873,Tmax 560
BIKE_27874,S 1000 Xr
BIKE_27875,F 800 Gs
BIKE_27876,K 1600 Gt
BIKE_27877,Quadro4
BIKE_27878,Streetfighter
BIKE_27879,Z 1000
BIKE_27880,Maxsym Tl
BIKE_27881,Monster 821
BIKE_27882,R 1200 R
BIKE_27883,Xv 1900
BIKE_27884,R 1200 Gs
BIKE_27885,R 1200 Gs
BIKE_27886,
BIKE_27887,Multistrada 1260
BIKE_27888,Sportcity 50
BIKE_27889,Sportcity 50
BIKE_27890,Sportcity 50
BIKE_27891,Z 650
BIKE_27892,R Ninet
BIKE_27893,
BIKE_27894,Scout
BIKE_27895,1190 Adventure
BIKE_27896,F 850 Gs
BIKE_27897,R 1200 R
BIKE_27898,Ftr 1200
BIKE_27899,Yzf-R1
BIKE_27900,F 900 Xr
BIKE_27901,Tuono
BIKE_27902,Cb 650
BIKE_27903,R 1200 Gs Adventure
BIKE_27904,Blade 1000
BIKE_27905,Custom Bike
BIKE_27906,F 900 R
BIKE_27907,
BIKE_27908,Sh 125
BIKE_27909,Lt-R 450
BIKE_27910,Lt-R 450
BIKE_27911,Lt-R 450
BIKE_27912,Kfx 700
BIKE_27913,Kfx 700
BIKE_27914,Kfx 700
BIKE_27915,Z 900
BIKE_27916,Gsx-S 1000
BIKE_27917,Guzzi 1000 Daytona
BIKE_27918,Veloce 50
BIKE_27919,C 650
BIKE_27920,Crosstourer
BIKE_27921,K 1200 Lt
BIKE_27922,K 1200 Lt
BIKE_27923,K 1200 Lt
BIKE_27924,Agility 125
BIKE_27925,
BIKE_27926,Zzr 1400
BIKE_27927,Cbr 1000
BIKE_27928,
BIKE_27929,Street Glide
BIKE_27930,1290 Super Adventure
BIKE_27931,Multistrada 1200
BIKE_27932,K 1200 Gt
BIKE_27933,K 1200 Gt
BIKE_27934,K 1200 Gt
BIKE_27935,
BIKE_27936,Fat Boy
BIKE_27937,F 700 Gs
BIKE_27938,Intruder C
BIKE_27939,S 1000 Rr
BIKE_27940,Guzzi Superalce
BIKE_27941,Multistrada 1260
BIKE_27942,R 1200 Gs
BIKE_27943,Gl 1800
BIKE_27944,Z1000 Sx
BIKE_27945,F 800 Gs Adventure
BIKE_27946,Cbr 1000
BIKE_27947,
BIKE_27948,Moto Cforce 850
BIKE_27949,Majesty 400
BIKE_27950,R 1200 Gs
BIKE_27951,Cb 650
BIKE_27952,Diavel
BIKE_27953,
BIKE_27954,C 650 Gt
BIKE_27955,Softail
BIKE_27956,Sh 125
BIKE_27957,Versys 1000
BIKE_27958,Downtown 300I
BIKE_27959,Vtx 1300
BIKE_27960,Orbit Ii
BIKE_27961,K 1300 R
BIKE_27962,1000
BIKE_27963,1000
BIKE_27964,1000
BIKE_27965,K 1600 Gtl
BIKE_27966,Tmax 530
BIKE_27967,Fxdr 114
BIKE_27968,Guzzi California 1000
BIKE_27969,502C
BIKE_27970,Crf 1000
BIKE_27971,Agility 125
BIKE_27972,690 Smc
BIKE_27973,690 Smc
BIKE_27974,690 Smc
BIKE_27975,Xv 1900
BIKE_27976,W 800
BIKE_27977,Guzzi V 7
BIKE_27978,Z1000 Sx
BIKE_27979,F 6 C
BIKE_27980,F 800 R
BIKE_27981,
BIKE_27982,Xl 1200
BIKE_27983,Moto Zforce 1000
BIKE_27984,Moto Zforce 1000
BIKE_27985,Moto Zforce 1000
BIKE_27986,Cbr 650
BIKE_27987,1290 Super Adventure
BIKE_27988,
BIKE_27989,K 1300 S
BIKE_27990,F 10
BIKE_27991,F 10
BIKE_27992,F 10
BIKE_27993,Z 900
BIKE_27994,
BIKE_27995,
BIKE_27996,
BIKE_27997,
BIKE_27998,Integra
BIKE_27999,C 400 Gt
BIKE_28000,Multistrada 1200
BIKE_28001,
BIKE_28002,1290 Super Adventure
BIKE_28003,
BIKE_28004,Moto Code 125
BIKE_28005,Chieftain
BIKE_28006,Rs 660
BIKE_28007,Am Spyder Rt
BIKE_28008,Night Rod
BIKE_28009,Nc 750
BIKE_28010,
BIKE_28011,Xl 1200
BIKE_28012,Tz 350
BIKE_28013,Z 1000
BIKE_28014,R 1250 R
BIKE_28015,Cb 500
BIKE_28016,Z 900
BIKE_28017,
BIKE_28018,S 1000 Xr
BIKE_28019,
BIKE_28020,R 1200 Gs
BIKE_28021,Thruxton
BIKE_28022,Z 900
BIKE_28023,K 1600 Gtl Exclusive
BIKE_28024,K 1600 Gtl Exclusive
BIKE_28025,K 1600 Gtl Exclusive
BIKE_28026,Cb 500
BIKE_28027,Nexus 300
BIKE_28028,Fjr 1300
BIKE_28029,1290 Super Adventure
BIKE_28030,
BIKE_28031,Gl 1500
BIKE_28032,F 800 Gs
BIKE_28033,Ultra Classic
BIKE_28034,Cmx 500
BIKE_28035,Versys 1000
BIKE_28036,Orbit Iii
BIKE_28037,Orbit Iii
BIKE_28038,Orbit Iii
BIKE_28039,Cat Prowler 700
BIKE_28040,F 850 Gs
BIKE_28041,Tiger Sport
BIKE_28042,
BIKE_28043,
BIKE_28044,Pepe
BIKE_28045,Pcx 125
BIKE_28046,R 1200 Rs
BIKE_28047,
BIKE_28048,Streetfighter
BIKE_28049,Adventure
BIKE_28050,Crf 1000
BIKE_28051,Tmax 530
BIKE_28052,R Ninet
BIKE_28053,690 Smc
BIKE_28054,690 Smc
BIKE_28055,690 Smc
BIKE_28056,Tnt 125
BIKE_28057,Tnt 125
BIKE_28058,Tnt 125
BIKE_28059,S 1000 Rr
BIKE_28060,Z1000 Sx
BIKE_28061,Crf 100
BIKE_28062,Cb 1000
BIKE_28063,Road King
BIKE_28064,Mp3 300
BIKE_28065,790 Adventure
BIKE_28066,R 1200 Gs
BIKE_28067,Primavera 50
BIKE_28068,R 1200 Gs Lc
BIKE_28069,Bonneville T100
BIKE_28070,F 850 Gs
BIKE_28071,
BIKE_28072,Fat Bob
BIKE_28073,Guzzi Le Mans
BIKE_28074,Guzzi Le Mans
BIKE_28075,Guzzi Le Mans
BIKE_28076,Street Triple R
BIKE_28077,K 1300 Gt
BIKE_28078,F 850 Gs
BIKE_28079,Tmax Dx
BIKE_28080,R 1200 Gs
BIKE_28081,
BIKE_28082,Electra Glide
BIKE_28083,Smx 450 Fi Ks
BIKE_28084,Tmax 560
BIKE_28085,Speed Triple 1050
BIKE_28086,S 1000 Rr
BIKE_28087,
BIKE_28088,Primavera
BIKE_28089,Monster 1200
BIKE_28090,Agusta Brutale 800
BIKE_28091,Ninja 1000Sx
BIKE_28092,R 1250 Rt
BIKE_28093,Z 900
BIKE_28094,F 800 Gs
BIKE_28095,Tmax 560
BIKE_28096,Forza 300
BIKE_28097,F 850 Gs
BIKE_28098,Sportcity 50
BIKE_28099,Sportcity 50
BIKE_28100,Sportcity 50
BIKE_28101,
BIKE_28102,Gold Wing
BIKE_28103,Gsx-R 1000
BIKE_28104,Supersport
BIKE_28105,
BIKE_28106,Z 900
BIKE_28107,Hypermotard 939
BIKE_28108,Z 750
BIKE_28109,Streetfighter
BIKE_28110,Xv 1600
BIKE_28111,Beverly 300
BIKE_28112,Guzzi V 9
BIKE_28113,Vfr 800
BIKE_28114,Jl125
BIKE_28115,R 1200 Rt
BIKE_28116,Z 800
BIKE_28117,K 1600 B
BIKE_28118,K 1600 B
BIKE_28119,K 1600 B
BIKE_28120,Monster 1100
BIKE_28121,Cb 500
BIKE_28122,People S 125
BIKE_28123,Gsx-S 1000
BIKE_28124,Cb 500
BIKE_28125,Scrambler
BIKE_28126,Tiger Explorer
BIKE_28127,Nmax
BIKE_28128,Sportster Forty Eight
BIKE_28129,Nc 750
BIKE_28130,250 2 C
BIKE_28131,F 900 Xr
BIKE_28132,Iron 883
BIKE_28133,F 900 Xr
BIKE_28134,Vfr 1200
BIKE_28135,Crossrunner
BIKE_28136,Ybr 125
BIKE_28137,Star 125
BIKE_28138,Dyna Low Rider
BIKE_28139,Cat Prowler 700
BIKE_28140,Fjr 1300
BIKE_28141,
BIKE_28142,X-Adv
BIKE_28143,
BIKE_28144,Ninja Zx-6R
BIKE_28145,R 80 Gs
BIKE_28146,Cmx 500
BIKE_28147,F 800 Gs
BIKE_28148,
BIKE_28149,R 1200 Gs Lc
BIKE_28150,Dt 50
BIKE_28151,Caballero 50
BIKE_28152,Liberty 150
BIKE_28153,X-Max 250
BIKE_28154,R 1250 R
BIKE_28155,Cmx 500
BIKE_28156,1199 Panigale
BIKE_28157,
BIKE_28158,Nc 750
BIKE_28159,Hypermotard 950
BIKE_28160,Cbf 1000
BIKE_28161,X 9
BIKE_28162,Xv 535
BIKE_28163,Xv 535
BIKE_28164,Xv 535
BIKE_28165,Vfr 1200
BIKE_28166,1198
BIKE_28167,C Evolution
BIKE_28168,
BIKE_28169,Multistrada 1260
BIKE_28170,Lx 50
BIKE_28171,Gl 1800
BIKE_28172,Hayabusa
BIKE_28173,Ftr 1200
BIKE_28174,Heritage Softail
BIKE_28175,M 1800 R
BIKE_28176,M 1800 R
BIKE_28177,M 1800 R
BIKE_28178,1290 Super Adventure
BIKE_28179,Carnaby 300
BIKE_28180,C 600
BIKE_28181,C 600
BIKE_28182,C 600
BIKE_28183,
BIKE_28184,Scarabeo
BIKE_28185,S 1000 Xr
BIKE_28186,Softail
BIKE_28187,R Ninet
BIKE_28188,
BIKE_28189,
BIKE_28190,Z 900
BIKE_28191,
BIKE_28192,Sportster 1200
BIKE_28193,R 1200 C Independent
BIKE_28194,
BIKE_28195,Night Train
BIKE_28196,Medley 125
BIKE_28197,Zero Ds
BIKE_28198,Dyna Fat Bob
BIKE_28199,Z 1000
BIKE_28200,Fe 450
BIKE_28201,F 800 Gt
BIKE_28202,Mt-10
BIKE_28203,
BIKE_28204,899 Panigale
BIKE_28205,899 Panigale
BIKE_28206,899 Panigale
BIKE_28207,
BIKE_28208,Street Triple 765
BIKE_28209,S 1000 Rr
BIKE_28210,790 Duke
BIKE_28211,Xl 1200
BIKE_28212,Diavel
BIKE_28213,Fat Boy
BIKE_28214,X-Max 250
BIKE_28215,Scout
BIKE_28216,S 1000 Xr
BIKE_28217,
BIKE_28218,C 650
BIKE_28219,Agility 150
BIKE_28220,
BIKE_28221,R 1200 Gs
BIKE_28222,Sportster
BIKE_28223,
BIKE_28224,Diavel
BIKE_28225,Cre Baja
BIKE_28226,Cre Baja
BIKE_28227,Cre Baja
BIKE_28228,Rsv4
BIKE_28229,Rsv4
BIKE_28230,Drd
BIKE_28231,Drd
BIKE_28232,Drd
BIKE_28233,Eagle
BIKE_28234,Electra Glide
BIKE_28235,Mt-09
BIKE_28236,Nc 750
BIKE_28237,Dyna Street Bob
BIKE_28238,Diavel
BIKE_28239,Shadow 750
BIKE_28240,Yager Gt
BIKE_28241,Yager Gt
BIKE_28242,Yager Gt
BIKE_28243,R 1200 Rt
BIKE_28244,Xv 1900
BIKE_28245,Cbr 1000
BIKE_28246,1290 Super Duke R
BIKE_28247,
BIKE_28248,
BIKE_28249,Xl 1200
BIKE_28250,Tiger 900
BIKE_28251,Softail
BIKE_28252,F 900 R
BIKE_28253,
BIKE_28254,Vz 800
BIKE_28255,Star 200
BIKE_28256,X-Max 250
BIKE_28257,
BIKE_28258,Cb 1000
BIKE_28259,Lead
BIKE_28260,790 Duke
BIKE_28261,Xdiavel
BIKE_28262,
BIKE_28263,Cbr 125
BIKE_28264,R 1250 Rt
BIKE_28265,Z 1000
BIKE_28266,R 1250 Gs Adventure
BIKE_28267,Dax St 50
BIKE_28268,R 1200
BIKE_28269,Supersport
BIKE_28270,Xv 950
BIKE_28271,Caballero 50
BIKE_28272,Gsx-S 1000
BIKE_28273,
BIKE_28274,Dyna Low Rider
BIKE_28275,Cbr 125
BIKE_28276,Vfr 800
BIKE_28277,F 800 Gs
BIKE_28278,790 Adventure
BIKE_28279,R 1200 Gs Adventure
BIKE_28280,Xv 950
BIKE_28281,
BIKE_28282,Softail
BIKE_28283,Speed Triple 1050
BIKE_28284,R 100
BIKE_28285,R Ninet
BIKE_28286,Majesty 400
BIKE_28287,Jet 14
BIKE_28288,
BIKE_28289,Cvo Breakout
BIKE_28290,
BIKE_28291,Streetfighter
BIKE_28292,
BIKE_28293,Tiger 800
BIKE_28294,
BIKE_28295,Cbr 500 R
BIKE_28296,Am Traxter
BIKE_28297,500 Exc
BIKE_28298,500 Exc
BIKE_28299,500 Exc
BIKE_28300,Hyperstrada
BIKE_28301,Tiger Explorer
BIKE_28302,Tiger 1200
BIKE_28303,Agusta Brutale 800
BIKE_28304,Integra
BIKE_28305,Guzzi V 7
BIKE_28306,Versys 650
BIKE_28307,Ultra Limited
BIKE_28308,People S 300I
BIKE_28309,People S 300I
BIKE_28310,People S 300I
BIKE_28311,Lead
BIKE_28312,R 1200 Gs
BIKE_28313,Xl 1000
BIKE_28314,X-Adv
BIKE_28315,Xsr 700
BIKE_28316,F 800 Gs Adventure
BIKE_28317,Senda
BIKE_28318,Heritage Softail
BIKE_28319,K 1300 S
BIKE_28320,Guzzi
BIKE_28321,Dink 200
BIKE_28322,Pusa
BIKE_28323,R 80 Rt
BIKE_28324,Yzf-R1
BIKE_28325,R 1200 S
BIKE_28326,Mt-07
BIKE_28327,C 400 X
BIKE_28328,Sl 750
BIKE_28329,
BIKE_28330,
BIKE_28331,Tiger 800
BIKE_28332,R 1200 Gs
BIKE_28333,Monster 821
BIKE_28334,
BIKE_28335,Multistrada 1200
BIKE_28336,R 1200 Gs
BIKE_28337,Vzr 1800
BIKE_28338,Pcx 125
BIKE_28339,1098
BIKE_28340,1098
BIKE_28341,1098
BIKE_28342,Xvs 1300
BIKE_28343,
BIKE_28344,Versys 1000
BIKE_28345,1290 Super Duke R
BIKE_28346,Vmax
BIKE_28347,Panigale V4
BIKE_28348,Guzzi V 7
BIKE_28349,
BIKE_28350,S 1000 Xr
BIKE_28351,Hammer 8-Ball
BIKE_28352,Multistrada 1260
BIKE_28353,Tracer 900
BIKE_28354,Sportsman 570
BIKE_28355,Yzf-R6
BIKE_28356,
BIKE_28357,Gsx-S 1000
BIKE_28358,Dyna Wide Glide
BIKE_28359,R 1250 Gs
BIKE_28360,Mt-125
BIKE_28361,R Ninet
BIKE_28362,Ninja 1000Sx
BIKE_28363,1050 Adventure
BIKE_28364,Versys 1000
BIKE_28365,R 1200 Gs
BIKE_28366,
BIKE_28367,Mp3 350
BIKE_28368,Like 50
BIKE_28369,X-Max 125
BIKE_28370,R 1200 Gs Lc
BIKE_28371,Zzr 1400
BIKE_28372,Inazuma 250
BIKE_28373,Inazuma 250
BIKE_28374,Inazuma 250
BIKE_28375,R 1200 Gs
BIKE_28376,Cb 1100
BIKE_28377,
BIKE_28378,R 1250 Gs
BIKE_28379,
BIKE_28380,
BIKE_28381,
BIKE_28382,Nc 750
BIKE_28383,Yzf-R1
BIKE_28384,Sportcity One
BIKE_28385,Sportcity One
BIKE_28386,Sportcity One
BIKE_28387,Versys 1000
BIKE_28388,Fs 450
BIKE_28389,R 1200 R
BIKE_28390,
BIKE_28391,
BIKE_28392,S 1000 R
BIKE_28393,Sportster 1200
BIKE_28394,Road Glide
BIKE_28395,Cb 1000
BIKE_28396,Crf 1100
BIKE_28397,Panigale V4
BIKE_28398,R 1200 Gs Lc
BIKE_28399,Monster 821
BIKE_28400,Downtown 300I
BIKE_28401,Majesty 400
BIKE_28402,Katana 1000
BIKE_28403,Katana 1000
BIKE_28404,Katana 1000
BIKE_28405,S 1000 Xr
BIKE_28406,R Ninet
BIKE_28407,Vn 900
BIKE_28408,1290 Super Duke R
BIKE_28409,X-Max 400
BIKE_28410,Softail
BIKE_28411,R Ninet
BIKE_28412,R Ninet
BIKE_28413,Softail
BIKE_28414,R 1200 Gs Adventure
BIKE_28415,Tmax 530
BIKE_28416,F 800 Gs
BIKE_28417,C 400 X
BIKE_28418,R 100 Gs
BIKE_28419,Mt-10
BIKE_28420,
BIKE_28421,390 Adventure
BIKE_28422,390 Adventure
BIKE_28423,390 Adventure
BIKE_28424,Mp3 500
BIKE_28425,V-Strom 1000
BIKE_28426,Z 1000
BIKE_28427,F 900 R
BIKE_28428,
BIKE_28429,Imperator
BIKE_28430,R Ninet
BIKE_28431,Bonneville America
BIKE_28432,Bonneville America
BIKE_28433,Bonneville America
BIKE_28434,Crf 1100
BIKE_28435,701 Supermoto
BIKE_28436,Carnaby 300
BIKE_28437,R 1200 R
BIKE_28438,V60
BIKE_28439,1290 Super Duke Gt
BIKE_28440,Tl 1000
BIKE_28441,S 1000 Xr
BIKE_28442,Sw-T 400
BIKE_28443,C 650
BIKE_28444,Thruxton
BIKE_28445,Felsberg 125
BIKE_28446,R Ninet
BIKE_28447,790 Adventure
BIKE_28448,1290 Super Duke Gt
BIKE_28449,Am Outlander
BIKE_28450,990 Adventure
BIKE_28451,
BIKE_28452,R 1250 Rt
BIKE_28453,Sh 150
BIKE_28454,Monster 821
BIKE_28455,N1S
BIKE_28456,R 1200 R
BIKE_28457,Rf1
BIKE_28458,Sl 1000
BIKE_28459,Sportster 1200
BIKE_28460,Sportster
BIKE_28461,R 1200 Gs
BIKE_28462,K 1200 Lt
BIKE_28463,K 1200 Lt
BIKE_28464,K 1200 Lt
BIKE_28465,R 1200 Gs
BIKE_28466,Cbr 1000
BIKE_28467,Nrg 50
BIKE_28468,Scrambler
BIKE_28469,Tmax 530
BIKE_28470,
BIKE_28471,Supersport
BIKE_28472,R 1200 Gs
BIKE_28473,Wr 125
BIKE_28474,Wr 125
BIKE_28475,Wr 125
BIKE_28476,Custom Bike
BIKE_28477,1199 Panigale
BIKE_28478,Xb 9
BIKE_28479,Yzf-R6
BIKE_28480,R 1250 Gs Adventure
BIKE_28481,Speed Triple R
BIKE_28482,Mt-09
BIKE_28483,R 1200 Gs
BIKE_28484,
BIKE_28485,R 1250 R
BIKE_28486,F 850 Gs
BIKE_28487,Custom Bike
BIKE_28488,Tmax Sx
BIKE_28489,
BIKE_28490,1290 Super Duke R
BIKE_28491,Tiger 800
BIKE_28492,
BIKE_28493,Electra Glide
BIKE_28494,Cb 100
BIKE_28495,Cb 100
BIKE_28496,Cb 100
BIKE_28497,Guzzi V 85
BIKE_28498,Cbf 125
BIKE_28499,Am Outlander
BIKE_28500,Gtr 1400
BIKE_28501,R 75/5
BIKE_28502,1050 Adventure
BIKE_28503,R 1200 Gs
BIKE_28504,F 850 Gs
BIKE_28505,R 1200 Gs
BIKE_28506,Versys 1000
BIKE_28507,Nc 750
BIKE_28508,Agusta Brutale 1078
BIKE_28509,Tmax 560
BIKE_28510,Quadro4
BIKE_28511,
BIKE_28512,Monster 821
BIKE_28513,701 Supermoto
BIKE_28514,F 900 Xr
BIKE_28515,Sh 150
BIKE_28516,Fe 350
BIKE_28517,K 1600 Gt
BIKE_28518,Versys 1000
BIKE_28519,R 100 Rt
BIKE_28520,R 100 Rt
BIKE_28521,R 100 Rt
BIKE_28522,Late Shovel
BIKE_28523,Versys 1000
BIKE_28524,Tmax 530
BIKE_28525,Diavel
BIKE_28526,Mt-09
BIKE_28527,R 1200 Gs
BIKE_28528,S 1000 R
BIKE_28529,R 100 Gs
BIKE_28530,890 Duke
BIKE_28531,890 Duke
BIKE_28532,890 Duke
BIKE_28533,
BIKE_28534,V-Rod
BIKE_28535,Tricity
BIKE_28536,X-Adv
BIKE_28537,Nc 750
BIKE_28538,Diavel
BIKE_28539,Mt-125
BIKE_28540,Softail
BIKE_28541,Manx
BIKE_28542,Shade Xtreme 650
BIKE_28543,R 80 Rt
BIKE_28544,V-Strom 1050
BIKE_28545,R Ninet
BIKE_28546,Heritage Softail
BIKE_28547,R 1200 Gs Adventure
BIKE_28548,Rs 2
BIKE_28549,K 100
BIKE_28550,Tiger 800
BIKE_28551,People Gt300I
BIKE_28552,C 650 Gt
BIKE_28553,Seventyfive 125
BIKE_28554,Liberty 125
BIKE_28555,Dirt Track
BIKE_28556,Dirt Track
BIKE_28557,Dirt Track
BIKE_28558,
BIKE_28559,Multistrada 1200
BIKE_28560,Mt-07
BIKE_28561,1290 Super Adventure
BIKE_28562,R 1200 Gs
BIKE_28563,Scrambler
BIKE_28564,R 1200 Gs
BIKE_28565,Ultra Limited
BIKE_28566,Multistrada 1260
BIKE_28567,Enfield Taurus
BIKE_28568,Gl 1800
BIKE_28569,Roadmaster
BIKE_28570,R 1200 Gs Adventure
BIKE_28571,Sportster 883
BIKE_28572,Iron 883
BIKE_28573,Sportster
BIKE_28574,C 650
BIKE_28575,
BIKE_28576,F 800 R
BIKE_28577,Sr Max 125
BIKE_28578,Street Triple 675
BIKE_28579,Integra
BIKE_28580,
BIKE_28581,R 1250 Gs
BIKE_28582,R 1200
BIKE_28583,Tracer 900
BIKE_28584,Yiying
BIKE_28585,Yiying
BIKE_28586,Yiying
BIKE_28587,Fjr 1300
BIKE_28588,125 Duke
BIKE_28589,Hp4
BIKE_28590,Hp4
BIKE_28591,Hp4
BIKE_28592,Tracer 900
BIKE_28593,Multistrada 1200
BIKE_28594,Ninja H2
BIKE_28595,Vfr 1200
BIKE_28596,Multistrada 1200
BIKE_28597,F 850 Gs
BIKE_28598,Heritage Softail
BIKE_28599,Dyna Street Bob
BIKE_28600,Rs 250
BIKE_28601,
BIKE_28602,Multistrada 1200
BIKE_28603,Softail
BIKE_28604,R Ninet
BIKE_28605,Cb 125
BIKE_28606,R Ninet
BIKE_28607,Speed Triple 1050
BIKE_28608,
BIKE_28609,Sv 650
BIKE_28610,R 1200 Gs Adventure
BIKE_28611,Z1000 Sx
BIKE_28612,851
BIKE_28613,851
BIKE_28614,851
BIKE_28615,Gsx 1300
BIKE_28616,R 1200 Gs Adventure
BIKE_28617,Gsx-R 750
BIKE_28618,Scrambler
BIKE_28619,C 650
BIKE_28620,
BIKE_28621,Vfr 800
BIKE_28622,Ninja 650
BIKE_28623,Lead
BIKE_28624,Sportster 1200
BIKE_28625,S 1000 Rr
BIKE_28626,Gsx-R 1000
BIKE_28627,Sh 300
BIKE_28628,Cb 1000
BIKE_28629,1098
BIKE_28630,1098
BIKE_28631,1098
BIKE_28632,J125
BIKE_28633,J125
BIKE_28634,J125
BIKE_28635,Monster 1200
BIKE_28636,R 1200 Gs
BIKE_28637,Ténéré 700
BIKE_28638,Z 900
BIKE_28639,Sprint
BIKE_28640,Xl 1200
BIKE_28641,
BIKE_28642,Agility 125
BIKE_28643,Tmax 560
BIKE_28644,Z 1000
BIKE_28645,Crossrunner
BIKE_28646,125 Duke
BIKE_28647,
BIKE_28648,
BIKE_28649,Xl 883
BIKE_28650,390 Duke
BIKE_28651,Hypermotard 1100
BIKE_28652,V-Strom 1050
BIKE_28653,R 1200 R
BIKE_28654,R Ninet
BIKE_28655,R 1250 Gs
BIKE_28656,Xdiavel
BIKE_28657,Multistrada 1260
BIKE_28658,R 1250 R
BIKE_28659,Tmax 560
BIKE_28660,Xv 1600
BIKE_28661,Monster 900
BIKE_28662,Monster 900
BIKE_28663,Monster 900
BIKE_28664,Scrambler
BIKE_28665,250 Exc
BIKE_28666,250 Exc
BIKE_28667,250 Exc
BIKE_28668,W 800
BIKE_28669,Rsv4
BIKE_28670,S 1000 R
BIKE_28671,1290 Super Duke R
BIKE_28672,R 1200 Gs Lc
BIKE_28673,1290 Super Adventure
BIKE_28674,848
BIKE_28675,848
BIKE_28676,848
BIKE_28677,R 1200 Gs Adventure
BIKE_28678,Hypermotard 939
BIKE_28679,Tmax Sx
BIKE_28680,R 1200 Gs Lc
BIKE_28681,
BIKE_28682,Centro
BIKE_28683,Chieftain
BIKE_28684,Monster 1200
BIKE_28685,
BIKE_28686,R 1200 R
BIKE_28687,
BIKE_28688,Agusta Brutale 800
BIKE_28689,Tricity
BIKE_28690,Crf 1000
BIKE_28691,Monster 797
BIKE_28692,Monster 797
BIKE_28693,Monster 797
BIKE_28694,Tmax 560
BIKE_28695,Hypermotard 950
BIKE_28696,R 1200 Rs
BIKE_28697,K 1200
BIKE_28698,R 1200 Gs Adventure
BIKE_28699,Am Traxter
BIKE_28700,Guzzi California 1400
BIKE_28701,R 1200 Rs
BIKE_28702,R 71
BIKE_28703,Vrsc V-Rod
BIKE_28704,
BIKE_28705,R 1200 Gs Adventure
BIKE_28706,
BIKE_28707,Mt-09
BIKE_28708,Cb 1000
BIKE_28709,
BIKE_28710,R18
BIKE_28711,X-Adv
BIKE_28712,R 1200 Rt
BIKE_28713,1198
BIKE_28714,Crf 1000
BIKE_28715,Moto Zforce 1000
BIKE_28716,Moto Zforce 1000
BIKE_28717,Moto Zforce 1000
BIKE_28718,Runner 50
BIKE_28719,Superlow
BIKE_28720,Superlow
BIKE_28721,Superlow
BIKE_28722,
BIKE_28723,Sportster Forty Eight
BIKE_28724,Dyna Super Glide
BIKE_28725,Monster 821
BIKE_28726,R 1200 Gs
BIKE_28727,Crf 1000
BIKE_28728,Versys 1000
BIKE_28729,8-Ball
BIKE_28730,Crf 1100
BIKE_28731,200 Duke
BIKE_28732,Road Glide
BIKE_28733,Guzzi Galletto
BIKE_28734,Am Outlander
BIKE_28735,1190 Adventure
BIKE_28736,Z 900
BIKE_28737,Z1000 Sx
BIKE_28738,Nmax
BIKE_28739,
BIKE_28740,Crf 1000
BIKE_28741,S 1000 Rr
BIKE_28742,Tmax 530
BIKE_28743,Multistrada 1200
BIKE_28744,
BIKE_28745,R 1200 Gs
BIKE_28746,Gsx-S 1000
BIKE_28747,Gpz 750
BIKE_28748,R 1200 Gs Adventure
BIKE_28749,Versys 650
BIKE_28750,S 1000 Xr
BIKE_28751,Gpr
BIKE_28752,Gpr
BIKE_28753,Gpr
BIKE_28754,Orbit Iii
BIKE_28755,Orbit Iii
BIKE_28756,Orbit Iii
BIKE_28757,Vfr 1200
BIKE_28758,Sportster 883
BIKE_28759,Ultra Classic
BIKE_28760,R 1200 Gs
BIKE_28761,Am Spyder Rs
BIKE_28762,Cbr 1000
BIKE_28763,F 850 Gs
BIKE_28764,R 1200 Gs
BIKE_28765,Daytona 675
BIKE_28766,
BIKE_28767,R 1200 Rt
BIKE_28768,K 1300
BIKE_28769,Tmax 530
BIKE_28770,Scrambler
BIKE_28771,Mt-07
BIKE_28772,Sportsman 570
BIKE_28773,Dorsoduro
BIKE_28774,Dorsoduro
BIKE_28775,R 1150 Gs
BIKE_28776,1290 Super Adventure
BIKE_28777,Zzr 1400
BIKE_28778,Cb 750
BIKE_28779,R 1200 Gs
BIKE_28780,K 1600 Gt
BIKE_28781,X-Max 250
BIKE_28782,
BIKE_28783,Integra
BIKE_28784,R 1200 Gs
BIKE_28785,Multistrada 1200
BIKE_28786,R 1200 R
BIKE_28787,851
BIKE_28788,851
BIKE_28789,851
BIKE_28790,Heritage Softail
BIKE_28791,Rf1
BIKE_28792,Xvs 650
BIKE_28793,Xvs 650
BIKE_28794,Xvs 650
BIKE_28795,Fat Boy
BIKE_28796,Z 900
BIKE_28797,
BIKE_28798,
BIKE_28799,Niken
BIKE_28800,300 Exc
BIKE_28801,300 Exc
BIKE_28802,300 Exc
BIKE_28803,Movie 125S
BIKE_28804,
BIKE_28805,1098
BIKE_28806,1098
BIKE_28807,1098
BIKE_28808,R Ninet
BIKE_28809,R 1200 Rt
BIKE_28810,R 1200 Gs
BIKE_28811,Gts 300
BIKE_28812,R 1200 R
BIKE_28813,Cvo Limited
BIKE_28814,Yzf-R1
BIKE_28815,Cb 125
BIKE_28816,Xdiavel
BIKE_28817,
BIKE_28818,1290 Super Adventure
BIKE_28819,Gsx 550
BIKE_28820,Guzzi
BIKE_28821,K 1600
BIKE_28822,S 1000 Rr
BIKE_28823,Guzzi V 7
BIKE_28824,Cb 650
BIKE_28825,Streetfighter
BIKE_28826,Electric 54Iconic
BIKE_28827,Am Spyder F3-S
BIKE_28828,F 800 Gs
BIKE_28829,Speed Triple 1050
BIKE_28830,Vfr 1200
BIKE_28831,Vzr 1800
BIKE_28832,790 Adventure
BIKE_28833,
BIKE_28834,Springfield
BIKE_28835,
BIKE_28836,Street Glide
BIKE_28837,Street Scrambler
BIKE_28838,Sh 150
BIKE_28839,Tracer 700
BIKE_28840,R 1200 R
BIKE_28841,1290 Super Adventure
BIKE_28842,Fj-09
BIKE_28843,Xtz 1200
BIKE_28844,Agusta 350 S
BIKE_28845,R 100 Gs
BIKE_28846,Z1000 Sx
BIKE_28847,Dyna Street Bob
BIKE_28848,1290 Super Adventure
BIKE_28849,Tracer 900
BIKE_28850,Agusta Brutale 800
BIKE_28851,R 1200 Gs
BIKE_28852,Downtown 300I
BIKE_28853,Softail
BIKE_28854,Crf 1000
BIKE_28855,R Ninet
BIKE_28856,Monster 1200
BIKE_28857,Sportster
BIKE_28858,R 1250 Gs
BIKE_28859,
BIKE_28860,Ultra Limited
BIKE_28861,Orbit Ii
BIKE_28862,Fjr 1300
BIKE_28863,
BIKE_28864,Z 1000
BIKE_28865,R 1200 Gs
BIKE_28866,
BIKE_28867,S 1000 Xr
BIKE_28868,Gl 1800
BIKE_28869,R 1200 Gs
BIKE_28870,V-Strom 650
BIKE_28871,Cb 500
BIKE_28872,F 900 R
BIKE_28873,Hollister
BIKE_28874,Monster 1100
BIKE_28875,J125
BIKE_28876,J125
BIKE_28877,J125
BIKE_28878,Nc 750
BIKE_28879,X-Max 250
BIKE_28880,Zzr 1400
BIKE_28881,1200 Custom
BIKE_28882,790 Duke
BIKE_28883,S 1000 Rr
BIKE_28884,X 10
BIKE_28885,X 10
BIKE_28886,X 10
BIKE_28887,Cb 650
BIKE_28888,Low Rider
BIKE_28889,R 1200 Rs
BIKE_28890,Cbr 600
BIKE_28891,Tracer 900
BIKE_28892,K 1600 Gt
BIKE_28893,Guzzi California 1400
BIKE_28894,Hypermotard 950
BIKE_28895,
BIKE_28896,Cb 650
BIKE_28897,Sh 125
BIKE_28898,1190 Adventure
BIKE_28899,R 1200 Gs Lc
BIKE_28900,Sportsman 570
BIKE_28901,R 1200 C Independent
BIKE_28902,R 1200 Rt
BIKE_28903,Ninja Zx-10R
BIKE_28904,Fat Bob
BIKE_28905,
BIKE_28906,Ln 125
BIKE_28907,Burgman 650
BIKE_28908,Xt 500
BIKE_28909,Wr 125
BIKE_28910,Wr 125
BIKE_28911,Wr 125
BIKE_28912,Fat Bob
BIKE_28913,Am Spyder Rs
BIKE_28914,F 800 R
BIKE_28915,Tmax 530
BIKE_28916,
BIKE_28917,Ak 550
BIKE_28918,Vfr 800
BIKE_28919,R 100 S
BIKE_28920,R 100 S
BIKE_28921,R 100 S
BIKE_28922,X-Max 300
BIKE_28923,Joymax 300
BIKE_28924,Panigale V4
BIKE_28925,Monster 821
BIKE_28926,Elefant 900
BIKE_28927,
BIKE_28928,C 650
BIKE_28929,R 1200 Rt
BIKE_28930,Shiver 900
BIKE_28931,Cb 1000
BIKE_28932,Hypermotard 939
BIKE_28933,Symphony 125
BIKE_28934,Sv 650
BIKE_28935,Xb 12
BIKE_28936,
BIKE_28937,Yzf 1000
BIKE_28938,Mt-07
BIKE_28939,Ybr 125
BIKE_28940,Nrg Power
BIKE_28941,Nrg Power
BIKE_28942,Nrg Power
BIKE_28943,Z 800
BIKE_28944,X-Adv
BIKE_28945,People S 125
BIKE_28946,Speed Triple 1050
BIKE_28947,Gl 1800
BIKE_28948,Crf 1100
BIKE_28949,Cbf 125
BIKE_28950,R 1200 Gs
BIKE_28951,Vrsc Night Rod
BIKE_28952,R 1200 Gs Adventure
BIKE_28953,Agusta Superveloce 800
BIKE_28954,Z 900
BIKE_28955,Joymax 300
BIKE_28956,C Evolution
BIKE_28957,Softail
BIKE_28958,R Ninet
BIKE_28959,Vrsc Night Rod
BIKE_28960,
BIKE_28961,X-Adv
BIKE_28962,Agusta Brutale 1090
BIKE_28963,C 400 Gt
BIKE_28964,R 1200 Gs
BIKE_28965,Road King
BIKE_28966,F 700 Gs
BIKE_28967,Deluxe
BIKE_28968,R 1200 Rt
BIKE_28969,W 800
BIKE_28970,C 650 Gt
BIKE_28971,Sportster 1200
BIKE_28972,R 1200 Rt
BIKE_28973,
BIKE_28974,Commando
BIKE_28975,
BIKE_28976,Z 900
BIKE_28977,C 650
BIKE_28978,990 Adventure
BIKE_28979,Crosstourer
BIKE_28980,Rf1
BIKE_28981,Cbf 1000
BIKE_28982,F 800 Gs
BIKE_28983,V-Rod
BIKE_28984,Dyna Low Rider
BIKE_28985,Sh 150
BIKE_28986,
BIKE_28987,Bonneville T100
BIKE_28988,Speed Triple R
BIKE_28989,Z 800
BIKE_28990,Dyna Fat Bob
BIKE_28991,Fjr 1300
BIKE_28992,Mt-07
BIKE_28993,Hypermotard 1100
BIKE_28994,Fc 350
BIKE_28995,Vt 750
BIKE_28996,Rs 660
BIKE_28997,Monster 821
BIKE_28998,Mt-07
BIKE_28999,Ténéré 700
BIKE_29000,1290 Super Duke R
BIKE_29001,Multistrada 950
BIKE_29002,Multistrada 950
BIKE_29003,Multistrada 950
BIKE_29004,Cb 125
BIKE_29005,1290 Super Duke Gt
BIKE_29006,Tiger 1200
BIKE_29007,Crf 1000
BIKE_29008,Burgman 650
BIKE_29009,Vrsc V-Rod
BIKE_29010,Cbr 500 R
BIKE_29011,750 Sei
BIKE_29012,Multistrada 1260
BIKE_29013,1290 Super Duke R
BIKE_29014,V-Strom 650
BIKE_29015,C 650 Gt
BIKE_29016,690 Duke
BIKE_29017,Hammer 8-Ball
BIKE_29018,S 1000 Xr
BIKE_29019,R 1200 Gs
BIKE_29020,Xciting 400I
BIKE_29021,R Ninet
BIKE_29022,Tmax 560
BIKE_29023,Hypermotard 821
BIKE_29024,Hypermotard 821
BIKE_29025,Hypermotard 821
BIKE_29026,F 800 Gs
BIKE_29027,R 1100 R
BIKE_29028,Tmax 530
BIKE_29029,Z 750
BIKE_29030,S 1000 Rr
BIKE_29031,990 Adventure
BIKE_29032,Rr 50
BIKE_29033,X-Max 400
BIKE_29034,Silver Wing
BIKE_29035,Silver Wing
BIKE_29036,Silver Wing
BIKE_29037,Sportsman 1000
BIKE_29038,Sportsman 1000
BIKE_29039,Sportsman 1000
BIKE_29040,Mt-07
BIKE_29041,Gl 1500
BIKE_29042,R 1200 Gs
BIKE_29043,Rd 350
BIKE_29044,X-Max 300
BIKE_29045,Sv 650
BIKE_29046,F 900 R
BIKE_29047,R 1200 Gs
BIKE_29048,Road King
BIKE_29049,
BIKE_29050,C Evolution
BIKE_29051,125 Duke
BIKE_29052,Monster 821
BIKE_29053,Tmax 530
BIKE_29054,Typhoon
BIKE_29055,People S 300I
BIKE_29056,People S 300I
BIKE_29057,People S 300I
BIKE_29058,S 1000 Rr
BIKE_29059,
BIKE_29060,Cb 1000
BIKE_29061,Medley 125
BIKE_29062,Streetfighter
BIKE_29063,Vl 800
BIKE_29064,
BIKE_29065,Monster 1200
BIKE_29066,R 1200 Gs Adventure
BIKE_29067,
BIKE_29068,Speed Triple 1050
BIKE_29069,Guzzi V 7
BIKE_29070,Maxsym 400I
BIKE_29071,Versys 1000
BIKE_29072,C 400 X
BIKE_29073,Streetfighter
BIKE_29074,X-Max 250
BIKE_29075,R 1250 Rt
BIKE_29076,Shadow 600
BIKE_29077,Shadow 600
BIKE_29078,Shadow 600
BIKE_29079,Tmax 530
BIKE_29080,Sportster Forty Eight
BIKE_29081,R 1200 C
BIKE_29082,
BIKE_29083,Fxdr 114
BIKE_29084,N1S
BIKE_29085,Tiger 900
BIKE_29086,Cbr 600
BIKE_29087,Rr 50
BIKE_29088,Xvz 1300
BIKE_29089,Nrg Power
BIKE_29090,Nrg Power
BIKE_29091,Nrg Power
BIKE_29092,Yzf-R6
BIKE_29093,Road King
BIKE_29094,Mt-07
BIKE_29095,Scr 950
BIKE_29096,Sportster Xl 883
BIKE_29097,Vlr 1800
BIKE_29098,
BIKE_29099,R 1200 Gs
BIKE_29100,Z 1000
BIKE_29101,Supersport
BIKE_29102,1050 Adventure
BIKE_29103,Tmax 530
BIKE_29104,G 310 Gs
BIKE_29105,Ninja 650
BIKE_29106,R 1200 Gs
BIKE_29107,Street Glide
BIKE_29108,Dyna Wide Glide
BIKE_29109,Vfr 750
BIKE_29110,Vfr 750
BIKE_29111,Vfr 750
BIKE_29112,
BIKE_29113,Sportcity 125
BIKE_29114,Sportcity 125
BIKE_29115,Sportcity 125
BIKE_29116,Gsx-S 750
BIKE_29117,Monster 797
BIKE_29118,Monster 797
BIKE_29119,Monster 797
BIKE_29120,Typhoon
BIKE_29121,300 Exc
BIKE_29122,300 Exc
BIKE_29123,300 Exc
BIKE_29124,Pan European
BIKE_29125,Cbr 1000
BIKE_29126,Moto Cforce 450
BIKE_29127,Liberty 50
BIKE_29128,Agility 50
BIKE_29129,450 Exc
BIKE_29130,R 1250 Rt
BIKE_29131,Niken
BIKE_29132,50 N
BIKE_29133,50 N
BIKE_29134,50 N
BIKE_29135,R 1200 Gs Adventure
BIKE_29136,R 1200 Gs
BIKE_29137,Fiddle 125
BIKE_29138,R Ninet
BIKE_29139,R 1200 Rs
BIKE_29140,
BIKE_29141,Cb 1000
BIKE_29142,Lead
BIKE_29143,Diavel
BIKE_29144,Nmax
BIKE_29145,Sportster 1200
BIKE_29146,
BIKE_29147,Hypermotard 821
BIKE_29148,Hypermotard 821
BIKE_29149,Hypermotard 821
BIKE_29150,Vn 1700
BIKE_29151,R 100
BIKE_29152,R Ninet
BIKE_29153,Guzzi V 850
BIKE_29154,Shadow 750
BIKE_29155,S 1000 R
BIKE_29156,Cbr 1000
BIKE_29157,Sh 150
BIKE_29158,
BIKE_29159,X-Adv
BIKE_29160,Sportster 883
BIKE_29161,Versys 1000
BIKE_29162,K 1300 R
BIKE_29163,Primavera 50
BIKE_29164,Monster 821
BIKE_29165,Versys 1000
BIKE_29166,
BIKE_29167,R 1200 R
BIKE_29168,Vrsc Night Rod
BIKE_29169,Daytona 675
BIKE_29170,R 1200 Gs Adventure
BIKE_29171,Iron 883
BIKE_29172,Multistrada 1260
BIKE_29173,Monster 796
BIKE_29174,Monster 796
BIKE_29175,Monster 796
BIKE_29176,S 1
BIKE_29177,S 1000 R
BIKE_29178,Z 900
BIKE_29179,N1S
BIKE_29180,
BIKE_29181,Cbf 1000
BIKE_29182,B King
BIKE_29183,R Ninet
BIKE_29184,Tmax 530
BIKE_29185,R 1200 Gs
BIKE_29186,Vfr 1200
BIKE_29187,Electra Glide
BIKE_29188,S 1000 Xr
BIKE_29189,690 Enduro
BIKE_29190,690 Enduro
BIKE_29191,690 Enduro
BIKE_29192,R 1200 Gs
BIKE_29193,Xl 1200
BIKE_29194,Xvs 1300
BIKE_29195,R 100 Rs
BIKE_29196,Electra Glide
BIKE_29197,
BIKE_29198,Xciting 300I
BIKE_29199,Versys 1000
BIKE_29200,Z 1000
BIKE_29201,R 1200 Gs Adventure
BIKE_29202,
BIKE_29203,Multistrada 1200
BIKE_29204,Yzf-R1
BIKE_29205,Bonneville Newchurch
BIKE_29206,S 1000 R
BIKE_29207,S 1000 R
BIKE_29208,R 1200 Gs
BIKE_29209,Sportster 1200
BIKE_29210,Agora
BIKE_29211,
BIKE_29212,Beverly 300
BIKE_29213,Bonneville T100
BIKE_29214,Z 1000
BIKE_29215,Vulcan S
BIKE_29216,Cbr 500 R
BIKE_29217,
BIKE_29218,R 1200 Gs Adventure
BIKE_29219,Livewire
BIKE_29220,
BIKE_29221,
BIKE_29222,Tricity
BIKE_29223,R 1200 Gs
BIKE_29224,1190 Adventure
BIKE_29225,Xsr 700
BIKE_29226,R 1200 Gs Adventure
BIKE_29227,R 1200 Gs
BIKE_29228,Sportster 883
BIKE_29229,Road King
BIKE_29230,F 850 Gs
BIKE_29231,Gl 1800
BIKE_29232,S 1000 Xr
BIKE_29233,690 Enduro
BIKE_29234,690 Enduro
BIKE_29235,690 Enduro
BIKE_29236,Maxsym 400I
BIKE_29237,
BIKE_29238,X-Max 250
BIKE_29239,R 1100 S
BIKE_29240,Z 1000
BIKE_29241,916
BIKE_29242,Hypermotard 939
BIKE_29243,Z1000 Sx
BIKE_29244,R 1250 Gs Adventure
BIKE_29245,Multistrada 1260
BIKE_29246,790 Adventure
BIKE_29247,S 1000 Rr
BIKE_29248,Tmax 530
BIKE_29249,Gsx-R 1000
BIKE_29250,Iron 883
BIKE_29251,
BIKE_29252,R 1250 Rs
BIKE_29253,Tmax Dx
BIKE_29254,Fat Boy
BIKE_29255,X-City 250
BIKE_29256,S 1000 R
BIKE_29257,Rr Motard
BIKE_29258,Vtx 1300
BIKE_29259,F 800 Gs
BIKE_29260,S 1000 R
BIKE_29261,1000 Sf
BIKE_29262,S 1000 Xr
BIKE_29263,Qv3
BIKE_29264,Qv3
BIKE_29265,Qv3
BIKE_29266,Bonneville T100
BIKE_29267,R Ninet
BIKE_29268,
BIKE_29269,Streetfighter
BIKE_29270,Agusta Brutale 800
BIKE_29271,Tracer 900
BIKE_29272,1290 Super Adventure
BIKE_29273,Crosstourer
BIKE_29274,Zxm 125
BIKE_29275,Scrambler
BIKE_29276,Mt-09
BIKE_29277,K 75
BIKE_29278,Road Glide
BIKE_29279,Mt-07
BIKE_29280,
BIKE_29281,Cb 650
BIKE_29282,Xdiavel
BIKE_29283,Multistrada 950
BIKE_29284,Multistrada 950
BIKE_29285,Multistrada 950
BIKE_29286,Tiger Explorer
BIKE_29287,R Ninet
BIKE_29288,
BIKE_29289,Diavel
BIKE_29290,Sh 150
BIKE_29291,R 1250 Gs Adventure
BIKE_29292,Road King
BIKE_29293,Intruder M
BIKE_29294,Intruder M
BIKE_29295,Intruder M
BIKE_29296,
BIKE_29297,Crf 450
BIKE_29298,Street Glide
BIKE_29299,Sportster 1200
BIKE_29300,Z 900
BIKE_29301,
BIKE_29302,Cb 1100
BIKE_29303,Agusta Brutale
BIKE_29304,Mxu 700
BIKE_29305,
BIKE_29306,Sv 650
BIKE_29307,Bx 125
BIKE_29308,
BIKE_29309,
BIKE_29310,
BIKE_29311,Nitro
BIKE_29312,K 1600 Gtl Exclusive
BIKE_29313,K 1600 Gtl Exclusive
BIKE_29314,K 1600 Gtl Exclusive
BIKE_29315,Supersport
BIKE_29316,Forza 300
BIKE_29317,X-Adv
BIKE_29318,Motors Retro Star
BIKE_29319,Nc 750
BIKE_29320,Rsv4
BIKE_29321,R 80 Rt
BIKE_29322,W 800
BIKE_29323,
BIKE_29324,R 1200 R
BIKE_29325,R 1200 Rt
BIKE_29326,1290 Super Duke Gt
BIKE_29327,Cbx 500
BIKE_29328,Vfr 1200
BIKE_29329,Xsr 900
BIKE_29330,R 1200
BIKE_29331,Heritage Softail
BIKE_29332,S 1000 Xr
BIKE_29333,Zr 1000
BIKE_29334,Zr 1000
BIKE_29335,Zr 1000
BIKE_29336,Cb 1000
BIKE_29337,Like 125
BIKE_29338,Grizzly 550
BIKE_29339,
BIKE_29340,Gts 300
BIKE_29341,Vrsc V-Rod
BIKE_29342,Rocket Iii Roadster
BIKE_29343,Tiger 1200
BIKE_29344,X-Adv
BIKE_29345,Nmax
BIKE_29346,Wr 125
BIKE_29347,Wr 125
BIKE_29348,Wr 125
BIKE_29349,Crf 1100
BIKE_29350,Mask 50
BIKE_29351,996
BIKE_29352,Heritage Softail
BIKE_29353,V-Strom 1000
BIKE_29354,S 1000 Xr
BIKE_29355,Scrambler
BIKE_29356,Ninja H2
BIKE_29357,1290 Super Adventure
BIKE_29358,Otello F.I.
BIKE_29359,Pcx 125
BIKE_29360,Dj 50
BIKE_29361,Dj 50
BIKE_29362,Dj 50
BIKE_29363,Panigale V4
BIKE_29364,1290 Super Adventure
BIKE_29365,Agusta Brutale 800
BIKE_29366,Niken
BIKE_29367,R 1200 Gs Lc
BIKE_29368,F 900 Xr
BIKE_29369,Tiger Explorer
BIKE_29370,Mt-07
BIKE_29371,150 Sprint
BIKE_29372,Multistrada 1200
BIKE_29373,Crf 1000
BIKE_29374,D
BIKE_29375,Gsr 750
BIKE_29376,900 Ss
BIKE_29377,
BIKE_29378,Gsx-S 1000
BIKE_29379,R 1200 Gs Adventure
BIKE_29380,
BIKE_29381,R 1250 Gs
BIKE_29382,F 750 Gs
BIKE_29383,R 1200 R
BIKE_29384,Panigale V4
BIKE_29385,Hp 2 Megamoto
BIKE_29386,C 400 Gt
BIKE_29387,Xenter 150
BIKE_29388,Xenter 150
BIKE_29389,Xenter 150
BIKE_29390,Dyna Fat Bob
BIKE_29391,Star 125
BIKE_29392,Downtown 200I
BIKE_29393,Downtown 200I
BIKE_29394,Downtown 200I
BIKE_29395,Heritage Softail
BIKE_29396,Beverly 300
BIKE_29397,Agusta F3
BIKE_29398,F 800 Gs
BIKE_29399,Sportster 1200
BIKE_29400,Five Hundred 400
BIKE_29401,Versys 1000
BIKE_29402,S 1000 R
BIKE_29403,S 51
BIKE_29404,S 51
BIKE_29405,S 51
BIKE_29406,Maxsym 400I
BIKE_29407,Z 650
BIKE_29408,Fiddle 125
BIKE_29409,K 1300 S
BIKE_29410,Vzr 1800
BIKE_29411,R 1200 C
BIKE_29412,People 125
BIKE_29413,Tiger Explorer
BIKE_29414,Lx 125
BIKE_29415,Yzf 750
BIKE_29416,Bn 251
BIKE_29417,Bn 251
BIKE_29418,Bn 251
BIKE_29419,Downtown 200I
BIKE_29420,Downtown 200I
BIKE_29421,Downtown 200I
BIKE_29422,C 650 Gt
BIKE_29423,R 1200
BIKE_29424,Cb 750
BIKE_29425,Mp3 250
BIKE_29426,F 900 Xr
BIKE_29427,X-City 250
BIKE_29428,Aerox
BIKE_29429,R 1200 Gs
BIKE_29430,Sh 150
BIKE_29431,Symphony 50
BIKE_29432,Symphony 50
BIKE_29433,Symphony 50
BIKE_29434,K 1300
BIKE_29435,Z 1000
BIKE_29436,Scrambler
BIKE_29437,Cb 650
BIKE_29438,Streetfighter
BIKE_29439,Softail
BIKE_29440,Aquila 125
BIKE_29441,Cbr 650
BIKE_29442,Sportster 1200
BIKE_29443,
BIKE_29444,
BIKE_29445,Multistrada 1200
BIKE_29446,Z 900
BIKE_29447,R 80
BIKE_29448,Monster 1200
BIKE_29449,Guzzi V 85
BIKE_29450,R Ninet
BIKE_29451,Yzf-R1
BIKE_29452,125 Enduro
BIKE_29453,Xt 500
BIKE_29454,Nc 750
BIKE_29455,Tiger Explorer
BIKE_29456,Moto Cforce 625
BIKE_29457,
BIKE_29458,K 1600 Gt
BIKE_29459,
BIKE_29460,Vfr 1200
BIKE_29461,Downtown 350I
BIKE_29462,Downtown 350I
BIKE_29463,Downtown 350I
BIKE_29464,Burgman 400
BIKE_29465,R 1200 Rs
BIKE_29466,Thunderbird Nightstorm
BIKE_29467,Yzf-R1
BIKE_29468,Mt-10
BIKE_29469,Xb 12
BIKE_29470,Night Rod
BIKE_29471,F 900 R
BIKE_29472,701 Supermoto
BIKE_29473,R 1200 Gs
BIKE_29474,Crf 450
BIKE_29475,1290 Super Adventure
BIKE_29476,Road King
BIKE_29477,Ninja Zx-10Rr
BIKE_29478,Ninja Zx-10Rr
BIKE_29479,Ninja Zx-10Rr
BIKE_29480,Moto Tr 125
BIKE_29481,Softail
BIKE_29482,K 1200 R
BIKE_29483,K 1200 R
BIKE_29484,K 1200 R
BIKE_29485,916
BIKE_29486,R 1200 R
BIKE_29487,Street Triple R
BIKE_29488,Crf 1000
BIKE_29489,Monster 1200
BIKE_29490,Agusta Rivale 800
BIKE_29491,Cb 1000
BIKE_29492,Joyride 125
BIKE_29493,W 800
BIKE_29494,Cb 650
BIKE_29495,Chieftain
BIKE_29496,888
BIKE_29497,Tmax 530
BIKE_29498,Maxsym 400I
BIKE_29499,Ninja 1000Sx
BIKE_29500,Yfm 700
BIKE_29501,Sportster 883
BIKE_29502,Tmax 530
BIKE_29503,
BIKE_29504,
BIKE_29505,Street Glide
BIKE_29506,Cbr 1000
BIKE_29507,V125
BIKE_29508,Neos 50
BIKE_29509,Liberty 125
BIKE_29510,Tmax Dx
BIKE_29511,R 1200 Gs
BIKE_29512,
BIKE_29513,R 1200 Gs
BIKE_29514,Guzzi Falcone
BIKE_29515,Myroad 700I
BIKE_29516,Myroad 700I
BIKE_29517,Myroad 700I
BIKE_29518,R 1200 Gs
BIKE_29519,Tdm 850
BIKE_29520,Dyna Super Glide
BIKE_29521,Agility 125
BIKE_29522,R 1200 Gs Adventure
BIKE_29523,
BIKE_29524,R 1200 Rt
BIKE_29525,Scrambler
BIKE_29526,X-Adv
BIKE_29527,N1S
BIKE_29528,Nc 750
BIKE_29529,690 Enduro
BIKE_29530,690 Enduro
BIKE_29531,690 Enduro
BIKE_29532,Iron 883
BIKE_29533,C 650 Gt
BIKE_29534,Fat Bob
BIKE_29535,
BIKE_29536,F 800 Gt
BIKE_29537,X-Max 250
BIKE_29538,R 1200 Rt
BIKE_29539,Cbr 1000
BIKE_29540,Street Glide
BIKE_29541,Vmax
BIKE_29542,Multistrada 1200
BIKE_29543,Hypermotard 1100
BIKE_29544,Cb 500
BIKE_29545,Bonneville T100
BIKE_29546,
BIKE_29547,Superlow
BIKE_29548,Superlow
BIKE_29549,Superlow
BIKE_29550,Tmax 530
BIKE_29551,Wr 125
BIKE_29552,Wr 125
BIKE_29553,Wr 125
BIKE_29554,
BIKE_29555,Street Glide
BIKE_29556,Z 900
BIKE_29557,R 1200 Gs
BIKE_29558,Enfield Classic
BIKE_29559,Cross Country
BIKE_29560,
BIKE_29561,
BIKE_29562,Rf1
BIKE_29563,Zip 50
BIKE_29564,
BIKE_29565,F 800
BIKE_29566,K 1600 Gt
BIKE_29567,Mt-09
BIKE_29568,250 Exc
BIKE_29569,250 Exc
BIKE_29570,250 Exc
BIKE_29571,Db 200
BIKE_29572,Beverly 125
BIKE_29573,150 Xc
BIKE_29574,R 1250 Gs
BIKE_29575,S 1
BIKE_29576,S 1000 Xr
BIKE_29577,Electra Glide
BIKE_29578,Sportcity 125
BIKE_29579,Sportcity 125
BIKE_29580,Sportcity 125
BIKE_29581,Xb 9
BIKE_29582,Streetfighter
BIKE_29583,Tiger 800
BIKE_29584,Gl 1800
BIKE_29585,Crosstourer
BIKE_29586,X-Adv
BIKE_29587,R 1250 R
BIKE_29588,790 Adventure
BIKE_29589,Burgman 650
BIKE_29590,Z 1000
BIKE_29591,Z H2
BIKE_29592,Gl 1800
BIKE_29593,
BIKE_29594,Fat Boy
BIKE_29595,Blade 600
BIKE_29596,690 Enduro
BIKE_29597,690 Enduro
BIKE_29598,690 Enduro
BIKE_29599,Z 900
BIKE_29600,Custom Bike
BIKE_29601,
BIKE_29602,Yzf 1000
BIKE_29603,Ninja H2
BIKE_29604,Gl 1500
BIKE_29605,Universal
BIKE_29606,Sportster Forty Eight
BIKE_29607,Tmax Dx
BIKE_29608,S 1000 Xr
BIKE_29609,Star 150
BIKE_29610,R 1250 R
BIKE_29611,F 800 R
BIKE_29612,Hypermotard 950
BIKE_29613,Monster 1100
BIKE_29614,R 1200 Gs
BIKE_29615,Cb 1000
BIKE_29616,Multistrada 1260
BIKE_29617,1290 Super Duke R
BIKE_29618,K 1600 Gt
BIKE_29619,Cb 1100
BIKE_29620,
BIKE_29621,Ranger
BIKE_29622,R 1200 Gs Adventure
BIKE_29623,Sr 50
BIKE_29624,Gts 300
BIKE_29625,Tmax 530
BIKE_29626,1190 Adventure
BIKE_29627,Hypermotard 1100
BIKE_29628,Dyna Wide Glide
BIKE_29629,Street Glide
BIKE_29630,Monster 1100
BIKE_29631,Xciting 300I
BIKE_29632,
BIKE_29633,R 1200 Gs Adventure
BIKE_29634,Mt-09
BIKE_29635,65 Sx
BIKE_29636,Tmax 560
BIKE_29637,Ténéré 700
BIKE_29638,F 750 Gs
BIKE_29639,1098
BIKE_29640,1098
BIKE_29641,1098
BIKE_29642,Tmax 500
BIKE_29643,Monster 821
BIKE_29644,Ak 550
BIKE_29645,Cb 1000
BIKE_29646,
BIKE_29647,Gsx-S 1000
BIKE_29648,Multistrada 1260
BIKE_29649,R Ninet
BIKE_29650,Agusta Brutale 800
BIKE_29651,Electra Glide
BIKE_29652,R 1200 Gs
BIKE_29653,Downtown 300I
BIKE_29654,Dyna Fat Bob
BIKE_29655,Sportster Forty Eight
BIKE_29656,Tracer 900
BIKE_29657,Yzf-R1
BIKE_29658,Downtown 300I
BIKE_29659,Z 900
BIKE_29660,
BIKE_29661,Hypermotard 796
BIKE_29662,Hypermotard 796
BIKE_29663,Hypermotard 796
BIKE_29664,999
BIKE_29665,X-Adv
BIKE_29666,
BIKE_29667,Quadster
BIKE_29668,Versys 1000
BIKE_29669,Gsx-R 1000
BIKE_29670,Zip 50
BIKE_29671,Multistrada 950
BIKE_29672,Multistrada 950
BIKE_29673,Multistrada 950
BIKE_29674,Mt-07
BIKE_29675,X-Town
BIKE_29676,Dyna Fat Bob
BIKE_29677,Versys 650
BIKE_29678,R 1200 Gs
BIKE_29679,Dink 125
BIKE_29680,Niken
BIKE_29681,Crosstourer
BIKE_29682,K 1600 Gt
BIKE_29683,F 800 Gs
BIKE_29684,R 1200 Gs
BIKE_29685,Maxsym Tl
BIKE_29686,Agusta Brutale
BIKE_29687,Fiddle 125
BIKE_29688,Gsx 1250
BIKE_29689,R 1200 R
BIKE_29690,Crf 1000
BIKE_29691,
BIKE_29692,R Ninet
BIKE_29693,Xdiavel
BIKE_29694,Mt-07
BIKE_29695,Sportster Forty Eight
BIKE_29696,Gsx-R 750
BIKE_29697,R 1200 Rt
BIKE_29698,Xt 1200
BIKE_29699,Tracer 900
BIKE_29700,Sportsman 1000
BIKE_29701,Sportsman 1000
BIKE_29702,Sportsman 1000
BIKE_29703,Xvs 1300
BIKE_29704,
BIKE_29705,690 Smc
BIKE_29706,690 Smc
BIKE_29707,690 Smc
BIKE_29708,Motors
BIKE_29709,R 1200 Rs
BIKE_29710,Cbr 1000
BIKE_29711,
BIKE_29712,Z 1300
BIKE_29713,Softail
BIKE_29714,Soco Ts
BIKE_29715,Tiger 900
BIKE_29716,Scout
BIKE_29717,Monster 821
BIKE_29718,Comet 125
BIKE_29719,990 Adventure
BIKE_29720,Tiger 800
BIKE_29721,F 750 Gs
BIKE_29722,R 1200 Gs
BIKE_29723,690 Smc
BIKE_29724,690 Smc
BIKE_29725,690 Smc
BIKE_29726,Vmax
BIKE_29727,Am Outlander
BIKE_29728,C 650
BIKE_29729,
BIKE_29730,996
BIKE_29731,
BIKE_29732,Centro
BIKE_29733,Scrambler
BIKE_29734,Custom Bike
BIKE_29735,Shade Xtreme 850
BIKE_29736,R 1200 Gs Adventure
BIKE_29737,F 900 Xr
BIKE_29738,Guzzi California
BIKE_29739,Gsx-S 125
BIKE_29740,Gsx-S 125
BIKE_29741,Gsx-S 125
BIKE_29742,X-Adv
BIKE_29743,Cb 500
BIKE_29744,1290 Super Duke R
BIKE_29745,S 1000 Xr
BIKE_29746,X-Adv
BIKE_29747,X-Max 300
BIKE_29748,Wk
BIKE_29749,F 700 Gs
BIKE_29750,Z 1000
BIKE_29751,Guzzi V 9
BIKE_29752,Monster 821
BIKE_29753,Zero Sr
BIKE_29754,R 1200 R
BIKE_29755,R 1250 Rt
BIKE_29756,S 1000 R
BIKE_29757,
BIKE_29758,Cbr 1000
BIKE_29759,
BIKE_29760,Tmax 530
BIKE_29761,S 1000 R
BIKE_29762,Mt-09
BIKE_29763,R 1200 Gs Adventure
BIKE_29764,R Ninet
BIKE_29765,Agility 125
BIKE_29766,Vrsc V-Rod
BIKE_29767,Fat Boy
BIKE_29768,Guzzi Norge 1200
BIKE_29769,Sportster Xl 883
BIKE_29770,Sportster
BIKE_29771,Sportster Forty Eight
BIKE_29772,Multistrada 1200
BIKE_29773,Xvs 950
BIKE_29774,1299 Panigale
BIKE_29775,F 750 Gs
BIKE_29776,F 900 R
BIKE_29777,Primavera
BIKE_29778,K 1600 Gt
BIKE_29779,K 100 Rs
BIKE_29780,S 1000 Rr
BIKE_29781,Xdiavel
BIKE_29782,Multistrada 1200
BIKE_29783,Tracer 900
BIKE_29784,Z 1000
BIKE_29785,Scout
BIKE_29786,Dyna Street Bob
BIKE_29787,
BIKE_29788,R 75/5
BIKE_29789,Scarabeo
BIKE_29790,R 1200 Gs
BIKE_29791,K 75
BIKE_29792,Tmax 530
BIKE_29793,899 Panigale
BIKE_29794,899 Panigale
BIKE_29795,899 Panigale
BIKE_29796,Multistrada 1200
BIKE_29797,Agusta F4 1000
BIKE_29798,K 1200 S
BIKE_29799,K 1200 S
BIKE_29800,K 1200 S
BIKE_29801,
BIKE_29802,S 1000 Xr
BIKE_29803,Monster 821
BIKE_29804,Dyna Fat Bob
BIKE_29805,990 Adventure
BIKE_29806,V-Rod
BIKE_29807,Z 125
BIKE_29808,Fat Boy
BIKE_29809,R 1250 Rt
BIKE_29810,Mt-09
BIKE_29811,Ninja 650
BIKE_29812,
BIKE_29813,V-Strom 1050
BIKE_29814,Moto Sirion 125
BIKE_29815,1299 Panigale
BIKE_29816,R 1200 Gs Adventure
BIKE_29817,Gtr 1400
BIKE_29818,Xtz 1200
BIKE_29819,Nc 750
BIKE_29820,Vfr 1200
BIKE_29821,Multistrada 950
BIKE_29822,Multistrada 950
BIKE_29823,Multistrada 950
BIKE_29824,Gsx-S 1000
BIKE_29825,Multistrada 1200
BIKE_29826,R 80 Gs
BIKE_29827,Streetfighter
BIKE_29828,R 1200 Rt
BIKE_29829,Rsv4
BIKE_29830,
BIKE_29831,Vfr 800
BIKE_29832,Cb 500
BIKE_29833,S 1000 Xr
BIKE_29834,
BIKE_29835,
BIKE_29836,
BIKE_29837,Dyna Fat Bob
BIKE_29838,Z 1000
BIKE_29839,Svartpilen
BIKE_29840,Tmax 530
BIKE_29841,R 1250 Gs
BIKE_29842,Yzf-R125
BIKE_29843,Mp3 400
BIKE_29844,Mp3 400
BIKE_29845,Mp3 400
BIKE_29846,125 Duke
BIKE_29847,
BIKE_29848,
BIKE_29849,K 1600 Gt
BIKE_29850,F 12
BIKE_29851,Monster 821
BIKE_29852,Gsx 750
BIKE_29853,Scrambler
BIKE_29854,Z 900
BIKE_29855,Am Outlander
BIKE_29856,Yzf-R1
BIKE_29857,R 1200 Gs
BIKE_29858,
BIKE_29859,Daytona 675
BIKE_29860,Enfield Interceptor
BIKE_29861,K 1600
BIKE_29862,Nc 750
BIKE_29863,
BIKE_29864,Gsx-R 1000
BIKE_29865,Hammer S
BIKE_29866,Hammer S
BIKE_29867,Hammer S
BIKE_29868,S 1000 R
BIKE_29869,Hypermotard 939
BIKE_29870,R 1200 Gs
BIKE_29871,Z 800
BIKE_29872,Z 1000
BIKE_29873,F 750 Gs
BIKE_29874,Nc 750
BIKE_29875,K 100 Lt
BIKE_29876,K 100 Lt
BIKE_29877,K 100 Lt
BIKE_29878,Yzf-R6
BIKE_29879,Katana 1000
BIKE_29880,Katana 1000
BIKE_29881,Katana 1000
BIKE_29882,F 800 Gt
BIKE_29883,
BIKE_29884,
BIKE_29885,
BIKE_29886,Gl 1800
BIKE_29887,Outlander 800
BIKE_29888,Z 900
BIKE_29889,790 Duke
BIKE_29890,Majesty 400
BIKE_29891,Mt-07
BIKE_29892,1198
BIKE_29893,Sport Glide
BIKE_29894,899 Panigale
BIKE_29895,899 Panigale
BIKE_29896,899 Panigale
BIKE_29897,Dyna Street Bob
BIKE_29898,Symphony 125
BIKE_29899,Z 800
BIKE_29900,Symphony 125
BIKE_29901,Liberty 50
BIKE_29902,R 1200 Gs Lc
BIKE_29903,Ninja Zx-10R
BIKE_29904,R 1200 Gs Lc
BIKE_29905,Gold Wing
BIKE_29906,350 Sx
BIKE_29907,Thruxton
BIKE_29908,Ninja H2
BIKE_29909,R Ninet
BIKE_29910,Intruder C
BIKE_29911,Softail
BIKE_29912,Dyna Super Glide
BIKE_29913,Speed Triple S
BIKE_29914,
BIKE_29915,R 1200 Rs
BIKE_29916,Streetfighter
BIKE_29917,R 1250 Rt
BIKE_29918,Mt-10
BIKE_29919,90
BIKE_29920,S 1000 Xr
BIKE_29921,Ak 550
BIKE_29922,Xdiavel
BIKE_29923,Pcx 125
BIKE_29924,
BIKE_29925,Monster 1200
BIKE_29926,Lx 50
BIKE_29927,F 800 R
BIKE_29928,Tiger 800
BIKE_29929,Vf 125
BIKE_29930,C 400 X
BIKE_29931,Vision 50
BIKE_29932,Gsx-R 750
BIKE_29933,K 1600 Gt
BIKE_29934,Lead
BIKE_29935,Dyna Street Bob
BIKE_29936,R 1200 Gs
BIKE_29937,Dyna Street Bob
BIKE_29938,Softail Slim
BIKE_29939,R 1250 Rs
BIKE_29940,R 1200 Rt
BIKE_29941,Z 1000
BIKE_29942,Sh 150
BIKE_29943,Crossrunner
BIKE_29944,
BIKE_29945,Scrambler
BIKE_29946,K-Pipe 125
BIKE_29947,1290 Super Duke R
BIKE_29948,X-Adv
BIKE_29949,Xsm
BIKE_29950,Thruxton
BIKE_29951,Tiger Sport
BIKE_29952,Liberty 150
BIKE_29953,Z 900
BIKE_29954,S 1000 Xr
BIKE_29955,Cbr 650
BIKE_29956,
BIKE_29957,
BIKE_29958,
BIKE_29959,Xt 1200
BIKE_29960,Ultra Limited
BIKE_29961,S 1000 R
BIKE_29962,Superlow
BIKE_29963,Superlow
BIKE_29964,Superlow
BIKE_29965,Mxu 700
BIKE_29966,Agusta Stradale 800
BIKE_29967,F 900 R
BIKE_29968,S 1000 Xr
BIKE_29969,Thunderbird Storm
BIKE_29970,Thunderbird Storm
BIKE_29971,Thunderbird Storm
BIKE_29972,R 1200 Rt
BIKE_29973,R 1200 Gs
BIKE_29974,Xv 1600
BIKE_29975,
BIKE_29976,1125 Cr
BIKE_29977,1125 Cr
BIKE_29978,1125 Cr
BIKE_29979,Sh 300
BIKE_29980,Diavel
BIKE_29981,Ultra Limited
BIKE_29982,F 900 Xr
BIKE_29983,
BIKE_29984,690 Smc
BIKE_29985,690 Smc
BIKE_29986,690 Smc
BIKE_29987,F 900 R
BIKE_29988,Pcx 125
BIKE_29989,Sh 300
BIKE_29990,Streetfighter
BIKE_29991,Sh 300
BIKE_29992,
BIKE_29993,Ninja 650
BIKE_29994,R 1200 Gs
BIKE_29995,Z 1000
BIKE_29996,R 1200 Rt
BIKE_29997,990 Supermoto
BIKE_29998,
BIKE_29999,1290 Super Adventure
BIKE_30000,
BIKE_30001,R 1200 Gs
BIKE_30002,Address
BIKE_30003,Softail
BIKE_30004,R 1250 Rt
BIKE_30005,Caponord 1200
BIKE_30006,F 900 Xr
BIKE_30007,Ftr 1200
BIKE_30008,F 850 Gs
BIKE_30009,Sh 150
BIKE_30010,R 1200 Rs
BIKE_30011,Ninja 650
BIKE_30012,Heritage Softail
BIKE_30013,Z 900
BIKE_30014,Streetfighter
BIKE_30015,R Ninet
BIKE_30016,F 800 Gt
BIKE_30017,Fat Bob
BIKE_30018,Ninja 650
BIKE_30019,X-Town
BIKE_30020,
BIKE_30021,Gsx-S 1000
BIKE_30022,Rc 125
BIKE_30023,R 1200 R Classic
BIKE_30024,R 1250 Gs
BIKE_30025,Maxsym Tl
BIKE_30026,Fe 250
BIKE_30027,F 800 Gs
BIKE_30028,
BIKE_30029,Zip Sp
BIKE_30030,
BIKE_30031,Sportster 1200
BIKE_30032,Tmax 530
BIKE_30033,Yzf-R1
BIKE_30034,Nrx 1800
BIKE_30035,R 1200 Gs
BIKE_30036,Rocket Iii Roadster
BIKE_30037,C 650
BIKE_30038,Agility 50
BIKE_30039,Dyna Low Rider
BIKE_30040,V-Strom 650
BIKE_30041,250 Exc
BIKE_30042,250 Exc
BIKE_30043,250 Exc
BIKE_30044,Sportster 1200
BIKE_30045,Monster 1200
BIKE_30046,F 800 Gs
BIKE_30047,Crf 1000
BIKE_30048,R Ninet
BIKE_30049,Forza 300
BIKE_30050,Scrambler
BIKE_30051,790 Duke
BIKE_30052,
BIKE_30053,Streetfighter
BIKE_30054,Xl 1200
BIKE_30055,Crf 1000
BIKE_30056,Gl 1800
BIKE_30057,R 1200 Gs
BIKE_30058,
BIKE_30059,Ninja H2
BIKE_30060,
BIKE_30061,F 900 R
BIKE_30062,Rc 390
BIKE_30063,Dink 200
BIKE_30064,Guzzi California 1400
BIKE_30065,R 1200 Gs Adventure
BIKE_30066,R Ninet
BIKE_30067,F 900 Xr
BIKE_30068,Tiger 800
BIKE_30069,Cruisym 125
BIKE_30070,R 1200 Rt
BIKE_30071,Monster 1100
BIKE_30072,Xl 1200
BIKE_30073,Agusta F4 750
BIKE_30074,Multistrada 1200
BIKE_30075,Moto Vionis
BIKE_30076,R 1200 Gs Lc
BIKE_30077,
BIKE_30078,R 1250 Rs
BIKE_30079,1199 Panigale
BIKE_30080,F 750 Gs
BIKE_30081,Ninja Zx-10Rr
BIKE_30082,Ninja Zx-10Rr
BIKE_30083,Ninja Zx-10Rr
BIKE_30084,D'Elight
BIKE_30085,Street Glide
BIKE_30086,
BIKE_30087,Nc 750
BIKE_30088,Scrambler
BIKE_30089,351 Osl
BIKE_30090,959 Panigale
BIKE_30091,Z 900
BIKE_30092,Niken
BIKE_30093,Cb 1000
BIKE_30094,Cb 125
BIKE_30095,C 650 Gt
BIKE_30096,Vn 900
BIKE_30097,Tmax 530
BIKE_30098,R 1200 R
BIKE_30099,Multistrada 1260
BIKE_30100,W 800
BIKE_30101,
BIKE_30102,Blade 1000
BIKE_30103,Downtown 300I
BIKE_30104,Agusta F4 750
BIKE_30105,125 Duke
BIKE_30106,1290 Super Adventure
BIKE_30107,Custom Bike
BIKE_30108,R Ninet
BIKE_30109,C 600 Sport
BIKE_30110,
BIKE_30111,C 650 Gt
BIKE_30112,Wolverine 450
BIKE_30113,Dyna Wide Glide
BIKE_30114,Tiger 900
BIKE_30115,Gsx 1300
BIKE_30116,R 1250 Gs
BIKE_30117,Softail
BIKE_30118,K 1300 Gt
BIKE_30119,Vt 750
BIKE_30120,
BIKE_30121,Est 1902 Ol School Bobber
BIKE_30122,Tiger Explorer
BIKE_30123,Sportster 883
BIKE_30124,R Ninet
BIKE_30125,
BIKE_30126,Tuono
BIKE_30127,
BIKE_30128,Moto Zforce 1000
BIKE_30129,Moto Zforce 1000
BIKE_30130,Moto Zforce 1000
BIKE_30131,Mt-09
BIKE_30132,
BIKE_30133,R 50
BIKE_30134,790 Adventure
BIKE_30135,Argon 700
BIKE_30136,Gsx-S 750
BIKE_30137,F 900 Xr
BIKE_30138,R18
BIKE_30139,Mt-09
BIKE_30140,S 1000 Xr
BIKE_30141,R 1200 Gs
BIKE_30142,F 900 R
BIKE_30143,Mt-09
BIKE_30144,Smx 125I Supermoto
BIKE_30145,F 850 Gs
BIKE_30146,Xvs 950
BIKE_30147,Guzzi California
BIKE_30148,1290 Super Adventure
BIKE_30149,F 750 Gs
BIKE_30150,
BIKE_30151,G 310 R
BIKE_30152,S 1000 Xr
BIKE_30153,Nmax
BIKE_30154,S 1000 R
BIKE_30155,125 Exc
BIKE_30156,125 Exc
BIKE_30157,125 Exc
BIKE_30158,
BIKE_30159,
BIKE_30160,R 1200 R
BIKE_30161,R 1200 Gs
BIKE_30162,S 1000 R
BIKE_30163,790 Duke
BIKE_30164,C 650
BIKE_30165,
BIKE_30166,R 1200 R Classic
BIKE_30167,S 1000 Rr
BIKE_30168,Spidermax 500
BIKE_30169,Vfr 1200
BIKE_30170,
BIKE_30171,Dyna Fat Bob
BIKE_30172,Zxr 750
BIKE_30173,Agusta Brutale 675
BIKE_30174,R 1250 Gs Adventure
BIKE_30175,
BIKE_30176,Guzzi 1000 Le Mans
BIKE_30177,Gsx-R 600
BIKE_30178,R 1200 R
BIKE_30179,Burgman 650
BIKE_30180,690 Duke
BIKE_30181,Multistrada 1200
BIKE_30182,1199 Panigale
BIKE_30183,Tmax 530
BIKE_30184,V-Strom 650
BIKE_30185,S 1000 Rr
BIKE_30186,Thunderbird Sport
BIKE_30187,Cbf 125
BIKE_30188,690 Duke
BIKE_30189,Nc 750
BIKE_30190,Am Ryker
BIKE_30191,Am Ryker
BIKE_30192,Am Ryker
BIKE_30193,Cvo Limited
BIKE_30194,Cb 1000
BIKE_30195,R 1200 Gs
BIKE_30196,1290 Super Duke Gt
BIKE_30197,
BIKE_30198,Xt 600
BIKE_30199,Bx 125
BIKE_30200,K 1300
BIKE_30201,Fat Boy
BIKE_30202,Fjr 1300
BIKE_30203,Speed Twin
BIKE_30204,Agusta Rivale 800
BIKE_30205,Mt-07
BIKE_30206,S 1000 Rr
BIKE_30207,Super 8
BIKE_30208,Xenter 125
BIKE_30209,K 1200 Rs
BIKE_30210,Majesty 250
BIKE_30211,Majesty 250
BIKE_30212,Majesty 250
BIKE_30213,
BIKE_30214,
BIKE_30215,
BIKE_30216,Nc 750
BIKE_30217,Gsx 1300
BIKE_30218,Softail
BIKE_30219,Z 900
BIKE_30220,Ninja H2
BIKE_30221,R 1200 Gs
BIKE_30222,Diavel
BIKE_30223,Tracer 900
BIKE_30224,Tracer 900
BIKE_30225,Agility 125
BIKE_30226,Agility 125
BIKE_30227,Hp4
BIKE_30228,Hp4
BIKE_30229,Hp4
BIKE_30230,Gold Wing
BIKE_30231,Tooby
BIKE_30232,Crf 1100
BIKE_30233,Street Glide
BIKE_30234,1290 Super Duke Gt
BIKE_30235,Moto Zforce 800
BIKE_30236,
BIKE_30237,Yzf-R1
BIKE_30238,Hero 125
BIKE_30239,V-Strom 650
BIKE_30240,X-Max 125
BIKE_30241,Street Twin
BIKE_30242,R 1200 Gs Adventure
BIKE_30243,
BIKE_30244,Gsr 750
BIKE_30245,S 1000 Xr
BIKE_30246,Tuono
BIKE_30247,Vegas
BIKE_30248,Vegas
BIKE_30249,Vegas
BIKE_30250,Xv 950
BIKE_30251,R 1200 Rt
BIKE_30252,R 1200 Gs
BIKE_30253,Mt-07
BIKE_30254,Tuono
BIKE_30255,Agusta Brutale
BIKE_30256,R 1200 Gs
BIKE_30257,R 1250 Gs Adventure
BIKE_30258,X-Treme
BIKE_30259,Cb 650
BIKE_30260,Agusta Dragster
BIKE_30261,Tracer 900
BIKE_30262,Beverly 350
BIKE_30263,Gsr 750
BIKE_30264,R 1200 Gs
BIKE_30265,Street Glide
BIKE_30266,Fat Boy
BIKE_30267,Yzf-R1
BIKE_30268,
BIKE_30269,1199 Panigale
BIKE_30270,V-Strom 650
BIKE_30271,F 900 R
BIKE_30272,Vegas 8-Ball
BIKE_30273,Crf 1100
BIKE_30274,Tuono
BIKE_30275,
BIKE_30276,R 1200 Gs
BIKE_30277,R Ninet
BIKE_30278,Scrambler
BIKE_30279,Carnaby 300
BIKE_30280,
BIKE_30281,R 1250 Rs
BIKE_30282,1090 Adventure
BIKE_30283,1090 Adventure
BIKE_30284,1090 Adventure
BIKE_30285,R 1250 Rt
BIKE_30286,Street Twin
BIKE_30287,S 1000 Xr
BIKE_30288,Pcx 125
BIKE_30289,Dax St 50
BIKE_30290,Gl 1800
BIKE_30291,Nc 750
BIKE_30292,Mt-125
BIKE_30293,R 1200 Gs Adventure
BIKE_30294,Cbr 600
BIKE_30295,Pan European
BIKE_30296,F 700 Gs
BIKE_30297,Vs 125
BIKE_30298,Vs 125
BIKE_30299,Vs 125
BIKE_30300,
BIKE_30301,Thunderbird Sport
BIKE_30302,R 100
BIKE_30303,S 1000 Xr
BIKE_30304,G 310 Gs
BIKE_30305,Monster 797
BIKE_30306,Monster 797
BIKE_30307,Monster 797
BIKE_30308,R 1200 Gs Adventure
BIKE_30309,R 100
BIKE_30310,Softail
BIKE_30311,Tiger 800
BIKE_30312,Xdiavel
BIKE_30313,Z 900
BIKE_30314,
BIKE_30315,
BIKE_30316,S 1000 Rr
BIKE_30317,Downtown 300I
BIKE_30318,Imperator
BIKE_30319,Fat Boy
BIKE_30320,Bonneville T100
BIKE_30321,Dyna Fat Bob
BIKE_30322,R 100 R
BIKE_30323,125 Sx
BIKE_30324,890 Duke
BIKE_30325,890 Duke
BIKE_30326,890 Duke
BIKE_30327,1199 Panigale
BIKE_30328,Nc 750
BIKE_30329,Xv 1900
BIKE_30330,Mt-09
BIKE_30331,
BIKE_30332,Cb 1000
BIKE_30333,Streetfighter
BIKE_30334,Fat Boy
BIKE_30335,Fxd
BIKE_30336,Rsv4
BIKE_30337,Agusta Stradale 800
BIKE_30338,X-Max 250
BIKE_30339,Cb 1100
BIKE_30340,R 1200 R
BIKE_30341,R 1200 Gs
BIKE_30342,Streetfighter
BIKE_30343,R 80 Rt
BIKE_30344,Z H2
BIKE_30345,Z 900
BIKE_30346,K 1300 R
BIKE_30347,Street Glide
BIKE_30348,K 1600 B
BIKE_30349,K 1600 B
BIKE_30350,K 1600 B
BIKE_30351,S 1000 Rr
BIKE_30352,Rzr 1000
BIKE_30353,
BIKE_30354,Sprint
BIKE_30355,
BIKE_30356,Tiger 900
BIKE_30357,
BIKE_30358,
BIKE_30359,Gl 1500
BIKE_30360,V-Rod
BIKE_30361,1290 Super Duke Gt
BIKE_30362,
BIKE_30363,D'Elight
BIKE_30364,Tuono
BIKE_30365,Tmax 530
BIKE_30366,Tuono
BIKE_30367,F 900 R
BIKE_30368,Agusta Brutale 800
BIKE_30369,620 Lc 4
BIKE_30370,Xtz 1200
BIKE_30371,S 1000 Rr
BIKE_30372,F 850 Gs
BIKE_30373,Xenter 125
BIKE_30374,
BIKE_30375,Tmax 530
BIKE_30376,F 850 Gs
BIKE_30377,K 1300 R
BIKE_30378,899 Panigale
BIKE_30379,899 Panigale
BIKE_30380,899 Panigale
BIKE_30381,
BIKE_30382,
BIKE_30383,Yzf-R1
BIKE_30384,Tiger 800
BIKE_30385,R Ninet
BIKE_30386,Zero Dsr
BIKE_30387,Street Glide
BIKE_30388,Versys 1000
BIKE_30389,K 1600 Gt
BIKE_30390,Moto Cforce 1000
BIKE_30391,K 1300 S
BIKE_30392,R 1200 Rt
BIKE_30393,Vn 1700
BIKE_30394,Mt-07
BIKE_30395,K 1600 Gtl
BIKE_30396,F 850 Gs
BIKE_30397,Multistrada 1100
BIKE_30398,Sportster
BIKE_30399,Raptor 700
BIKE_30400,R 1200 Gs
BIKE_30401,Intruder M
BIKE_30402,Intruder M
BIKE_30403,Intruder M
BIKE_30404,Tracer 900
BIKE_30405,Magnet
BIKE_30406,Magnet
BIKE_30407,Magnet
BIKE_30408,G 450 X
BIKE_30409,Msx 125
BIKE_30410,Cb 1000
BIKE_30411,R 1200 Gs
BIKE_30412,Xsr 900
BIKE_30413,V-Strom 1000
BIKE_30414,C 400 Gt
BIKE_30415,
BIKE_30416,Thunderbird Sport
BIKE_30417,
BIKE_30418,Gtr 1400
BIKE_30419,Xtz 660
BIKE_30420,Guzzi V 85
BIKE_30421,Mt-09
BIKE_30422,Guzzi V 7
BIKE_30423,Softail
BIKE_30424,
BIKE_30425,Vulcan S
BIKE_30426,Multistrada 1200
BIKE_30427,Hd 300
BIKE_30428,Bonneville T120
BIKE_30429,R 1250 Gs
BIKE_30430,Beverly 300
BIKE_30431,
BIKE_30432,Nc 750
BIKE_30433,Es3
BIKE_30434,S 1000 R
BIKE_30435,Am Traxter
BIKE_30436,F 750 Gs
BIKE_30437,R 75/6
BIKE_30438,M1
BIKE_30439,M1
BIKE_30440,M1
BIKE_30441,S 50
BIKE_30442,S 50
BIKE_30443,S 50
BIKE_30444,848
BIKE_30445,848
BIKE_30446,848
BIKE_30447,Regina
BIKE_30448,Regina
BIKE_30449,Regina
BIKE_30450,R 1200 R
BIKE_30451,R 1250 Gs
BIKE_30452,
BIKE_30453,790 Duke
BIKE_30454,
BIKE_30455,Fjr 1300
BIKE_30456,Yxz 1000
BIKE_30457,Cb 1000
BIKE_30458,Vegas 8-Ball
BIKE_30459,
BIKE_30460,Mt-09
BIKE_30461,Mt-03
BIKE_30462,Mt-03
BIKE_30463,Mt-03
BIKE_30464,
BIKE_30465,Scrambler
BIKE_30466,Mt-10
BIKE_30467,Low Rider
BIKE_30468,Scrambler
BIKE_30469,
BIKE_30470,K 1300
BIKE_30471,Multistrada 1200
BIKE_30472,Yfm 700
BIKE_30473,Vzr 1800
BIKE_30474,
BIKE_30475,R 1250 Gs
BIKE_30476,R 25
BIKE_30477,V-Strom 1000
BIKE_30478,1290 Super Adventure
BIKE_30479,Gl 1800
BIKE_30480,
BIKE_30481,Electric 1953
BIKE_30482,Est 1902 Ol School Bobber
BIKE_30483,R 1200 Gs Adventure
BIKE_30484,Road King
BIKE_30485,Diavel
BIKE_30486,S 1000 R
BIKE_30487,Qm 200
BIKE_30488,R 1200 Gs Adventure
BIKE_30489,S 1000 Rr
BIKE_30490,
BIKE_30491,R 1200 Gs
BIKE_30492,Z1000 Sx
BIKE_30493,Road King
BIKE_30494,R 1200 Gs
BIKE_30495,Vision 50
BIKE_30496,Vn 1700
BIKE_30497,F 800 Gs
BIKE_30498,Cbx 500
BIKE_30499,Wr 450
BIKE_30500,Bonneville Bobber
BIKE_30501,Vzr 1800
BIKE_30502,R 69 S
BIKE_30503,R 69 S
BIKE_30504,R 69 S
BIKE_30505,Yz 250
BIKE_30506,Street Glide
BIKE_30507,Fat Bob
BIKE_30508,Diavel
BIKE_30509,F 900 Xr
BIKE_30510,Tracer 900
BIKE_30511,Cb 650
BIKE_30512,Cbr 650
BIKE_30513,Pcx 125
BIKE_30514,People 50
BIKE_30515,Tracer 700
BIKE_30516,Cvo Breakout
BIKE_30517,Mt-07
BIKE_30518,
BIKE_30519,R 1200 R
BIKE_30520,Rsv4
BIKE_30521,
BIKE_30522,Am Ryker
BIKE_30523,Am Ryker
BIKE_30524,Am Ryker
BIKE_30525,Cb 750
BIKE_30526,R Ninet
BIKE_30527,Cbr 1000
BIKE_30528,Xciting 400I
BIKE_30529,Fat Boy
BIKE_30530,R 1200 R Classic
BIKE_30531,Tiger 800
BIKE_30532,Tracer 900
BIKE_30533,R 1250 Rt
BIKE_30534,Road King
BIKE_30535,790 Adventure
BIKE_30536,Sport Glide
BIKE_30537,Raptor 700
BIKE_30538,Quadro4
BIKE_30539,Dyna Fat Bob
BIKE_30540,R 1200 Gs
BIKE_30541,Mt-07
BIKE_30542,Z 1000
BIKE_30543,Versys 1000
BIKE_30544,R 1200 Gs Adventure
BIKE_30545,790 Adventure
BIKE_30546,
BIKE_30547,Ninja 650
BIKE_30548,Xl 1200
BIKE_30549,Softail
BIKE_30550,K 1300 R
BIKE_30551,C 400 X
BIKE_30552,Runner 50
BIKE_30553,Dyna Super Glide
BIKE_30554,Rs 660
BIKE_30555,
BIKE_30556,Xvs 650
BIKE_30557,Xvs 650
BIKE_30558,Xvs 650
BIKE_30559,Dorsoduro
BIKE_30560,
BIKE_30561,Rsv4
BIKE_30562,R 1200 Gs
BIKE_30563,Cmx 500
BIKE_30564,Rs 660
BIKE_30565,
BIKE_30566,N1S
BIKE_30567,R 100 Gs
BIKE_30568,R 1200 Gs
BIKE_30569,K 1600 Gtl
BIKE_30570,Citycom 300
BIKE_30571,F 900 Xr
BIKE_30572,S 1000 R
BIKE_30573,Gsx-R 1000
BIKE_30574,Xv 1600
BIKE_30575,Tmax 530
BIKE_30576,
BIKE_30577,Z 900
BIKE_30578,Yzf-R6
BIKE_30579,Gsx-R 1000
BIKE_30580,F 850 Gs
BIKE_30581,Crosstourer
BIKE_30582,Moto Zforce 1000
BIKE_30583,Moto Zforce 1000
BIKE_30584,Moto Zforce 1000
BIKE_30585,Gsx-S 750
BIKE_30586,Bonneville T100
BIKE_30587,Sportster Xl 883
BIKE_30588,
BIKE_30589,R 100 Gs
BIKE_30590,Crf 450
BIKE_30591,Supersport
BIKE_30592,
BIKE_30593,C 400 X
BIKE_30594,Z 650
BIKE_30595,Wolverine 450
BIKE_30596,Gsx-S 1000
BIKE_30597,Ninja Zx-10R
BIKE_30598,Beverly 350
BIKE_30599,Primavera 50
BIKE_30600,Dyna Fat Bob
BIKE_30601,
BIKE_30602,Diavel
BIKE_30603,
BIKE_30604,K 1600 Gt
BIKE_30605,F 700 Gs
BIKE_30606,Sh 150
BIKE_30607,Xsr 700
BIKE_30608,Yzf-R1
BIKE_30609,300 Se
BIKE_30610,Moto Cforce 820
BIKE_30611,Moto Cforce 820
BIKE_30612,Moto Cforce 820
BIKE_30613,Symnh X
BIKE_30614,Symnh X
BIKE_30615,Symnh X
BIKE_30616,Ctx 700
BIKE_30617,Beverly 250
BIKE_30618,F 800 R
BIKE_30619,Thruxton
BIKE_30620,C 400 Gt
BIKE_30621,848
BIKE_30622,848
BIKE_30623,848
BIKE_30624,
BIKE_30625,Dink 125
BIKE_30626,
BIKE_30627,People 125
BIKE_30628,Z 400
BIKE_30629,Z 400
BIKE_30630,Z 400
BIKE_30631,Blade 1000
BIKE_30632,Primavera 50
BIKE_30633,F 900 R
BIKE_30634,Crf 1000
BIKE_30635,Softail
BIKE_30636,Sx 50
BIKE_30637,Sx 50
BIKE_30638,Sx 50
BIKE_30639,
BIKE_30640,V-Rod
BIKE_30641,Tiger Sport
BIKE_30642,Rs 660
BIKE_30643,Multistrada 1200
BIKE_30644,
BIKE_30645,Caballero 500
BIKE_30646,
BIKE_30647,Z 1000
BIKE_30648,R 75/6
BIKE_30649,Guzzi
BIKE_30650,
BIKE_30651,
BIKE_30652,Dyna Street Bob
BIKE_30653,Sh 150
BIKE_30654,X-Adv
BIKE_30655,1290 Super Adventure
BIKE_30656,Electra Glide
BIKE_30657,Quadro4
BIKE_30658,Cb 1000
BIKE_30659,1190 Rc8
BIKE_30660,1190 Rc8
BIKE_30661,1190 Rc8
BIKE_30662,Multistrada 950
BIKE_30663,Multistrada 950
BIKE_30664,Multistrada 950
BIKE_30665,Gsx 1300
BIKE_30666,Multistrada 1200
BIKE_30667,Fat Boy
BIKE_30668,Ninja Zx-6R
BIKE_30669,
BIKE_30670,Ultra Limited
BIKE_30671,Chief
BIKE_30672,C 650 Gt
BIKE_30673,Intruder M
BIKE_30674,Intruder M
BIKE_30675,Intruder M
BIKE_30676,Moto Code 125
BIKE_30677,Guzzi V 85
BIKE_30678,Xciting 500I
BIKE_30679,Xciting 500I
BIKE_30680,Xciting 500I
BIKE_30681,Er - 5
BIKE_30682,Cvo Breakout
BIKE_30683,Trike Low Rider
BIKE_30684,Trike Low Rider
BIKE_30685,Trike Low Rider
BIKE_30686,Gl 1800
BIKE_30687,Gsx-S 1000
BIKE_30688,
BIKE_30689,Versys 1000
BIKE_30690,Z 1000
BIKE_30691,Speed Triple 1050
BIKE_30692,Road King
BIKE_30693,R 1200 R
BIKE_30694,R 1250 Gs Adventure
BIKE_30695,Z 1000
BIKE_30696,S 1000 Xr
BIKE_30697,R 1200 Rt
BIKE_30698,Yz 250
BIKE_30699,Z 900
BIKE_30700,R 1250 R
BIKE_30701,Multistrada 1200
BIKE_30702,R 1200 R
BIKE_30703,Tiger Explorer
BIKE_30704,Gsr 750
BIKE_30705,R 1250 R
BIKE_30706,R 1200 Gs
BIKE_30707,Nc 750
BIKE_30708,F 900 R
BIKE_30709,R 1200 Gs Lc
BIKE_30710,Crossrunner
BIKE_30711,Downtown 125I
BIKE_30712,Enfield Classic
BIKE_30713,Drd
BIKE_30714,Drd
BIKE_30715,Drd
BIKE_30716,Softail
BIKE_30717,X-Adv
BIKE_30718,Crf 1000
BIKE_30719,Street Glide
BIKE_30720,C 650
BIKE_30721,Mt-10
BIKE_30722,R 1200 R
BIKE_30723,Crf 1000
BIKE_30724,S 1000 Xr
BIKE_30725,Softail
BIKE_30726,Ultra Classic
BIKE_30727,690 Duke
BIKE_30728,Multistrada 1260
BIKE_30729,1098
BIKE_30730,1098
BIKE_30731,1098
BIKE_30732,
BIKE_30733,790 Adventure
BIKE_30734,
BIKE_30735,Yzf-R1
BIKE_30736,R 1200 Gs
BIKE_30737,Rf1
BIKE_30738,R 1200 Rt
BIKE_30739,Z1000 Sx
BIKE_30740,Versys 1000
BIKE_30741,R 1200 Gs Adventure
BIKE_30742,K 1300 S
BIKE_30743,Moto Cruzer
BIKE_30744,Speed Triple R
BIKE_30745,Cbr 650
BIKE_30746,R 1200 Gs Adventure
BIKE_30747,Z 900
BIKE_30748,Pcx 125
BIKE_30749,R Ninet
BIKE_30750,Xdiavel
BIKE_30751,R 1200 Gs
BIKE_30752,Fat Bob
BIKE_30753,Road Glide
BIKE_30754,Z 900
BIKE_30755,Z 900
BIKE_30756,
BIKE_30757,Ninja 125
BIKE_30758,Mt-09
BIKE_30759,Iron 883
BIKE_30760,R 1200 Rt
BIKE_30761,R 1200 Gs
BIKE_30762,C 650
BIKE_30763,Scrambler
BIKE_30764,X-Adv
BIKE_30765,Trophy
BIKE_30766,Cb 1000
BIKE_30767,Cb 1000
BIKE_30768,
BIKE_30769,Softail
BIKE_30770,Sportster 1200
BIKE_30771,X-Max 250
BIKE_30772,Scr 950
BIKE_30773,
BIKE_30774,Z 900
BIKE_30775,Agility 125
BIKE_30776,
BIKE_30777,Versys 650
BIKE_30778,Sv 650
BIKE_30779,Sportster Forty Eight
BIKE_30780,Fat Boy
BIKE_30781,Dyna Super Glide
BIKE_30782,Niken
BIKE_30783,People One
BIKE_30784,F 800 R
BIKE_30785,Hp4
BIKE_30786,Hp4
BIKE_30787,Hp4
BIKE_30788,
BIKE_30789,F 700 Gs
BIKE_30790,1200 Custom
BIKE_30791,V-Rod
BIKE_30792,Myroad 700I
BIKE_30793,Myroad 700I
BIKE_30794,Myroad 700I
BIKE_30795,Gtv 250
BIKE_30796,Enfield Superbullet
BIKE_30797,V-Rod
BIKE_30798,R 1250 Gs
BIKE_30799,F 800 Gt
BIKE_30800,Gsx-R 1100
BIKE_30801,X-Max 300
BIKE_30802,450 Smr
BIKE_30803,Sportster 883
BIKE_30804,Bonneville America
BIKE_30805,Bonneville America
BIKE_30806,Bonneville America
BIKE_30807,S 1000 R
BIKE_30808,Tiger Explorer
BIKE_30809,
BIKE_30810,Sh 150
BIKE_30811,
BIKE_30812,
BIKE_30813,
BIKE_30814,F 800 Gs Adventure
BIKE_30815,Dyna Street Bob
BIKE_30816,R 1200 Gs Adventure
BIKE_30817,Guzzi 850 T
BIKE_30818,
BIKE_30819,K 1600 Gt
BIKE_30820,Softail
BIKE_30821,Electra Glide
BIKE_30822,Vtx 1800
BIKE_30823,Tiger Explorer
BIKE_30824,
BIKE_30825,Fat Boy
BIKE_30826,Enfield Continental Gt
BIKE_30827,R 1250 Gs
BIKE_30828,R 1200 Gs
BIKE_30829,R Ninet
BIKE_30830,Diavel
BIKE_30831,Tmax 530
BIKE_30832,Road King
BIKE_30833,S 1000 Xr
BIKE_30834,Gunner
BIKE_30835,Gunner
BIKE_30836,Gunner
BIKE_30837,Iron 883
BIKE_30838,Medley 125
BIKE_30839,Tmax 530
BIKE_30840,Cbr 1000
BIKE_30841,Sr 50
BIKE_30842,Scarabeo 200
BIKE_30843,
BIKE_30844,
BIKE_30845,
BIKE_30846,X-Max 125
BIKE_30847,Scrambler
BIKE_30848,R 1200 Gs Adventure
BIKE_30849,Crf 1100
BIKE_30850,Crf 250
BIKE_30851,Tracer 900
BIKE_30852,Am Maverick
BIKE_30853,Agility 50
BIKE_30854,1200 Custom
BIKE_30855,Senda
BIKE_30856,Scrambler
BIKE_30857,
BIKE_30858,Liberty 125
BIKE_30859,R 1200 Gs
BIKE_30860,1199 Panigale
BIKE_30861,R 1200 Gs Lc
BIKE_30862,R 1250 Gs
BIKE_30863,S 1000 Rr
BIKE_30864,Streetfighter
BIKE_30865,Yzf 1000
BIKE_30866,
BIKE_30867,
BIKE_30868,S 1000 R
BIKE_30869,1290 Super Adventure
BIKE_30870,K 1200 R
BIKE_30871,K 1200 R
BIKE_30872,K 1200 R
BIKE_30873,Ninja 650
BIKE_30874,
BIKE_30875,Monster 1200
BIKE_30876,Xsr 700
BIKE_30877,Nc 750
BIKE_30878,Fiddle 125
BIKE_30879,Trophy
BIKE_30880,F 900 Xr
BIKE_30881,Tiger Explorer
BIKE_30882,899 Panigale
BIKE_30883,899 Panigale
BIKE_30884,899 Panigale
BIKE_30885,R 100 R
BIKE_30886,Sh 150
BIKE_30887,Primavera
BIKE_30888,
BIKE_30889,F 900 Xr
BIKE_30890,Xsr 900
BIKE_30891,
BIKE_30892,
BIKE_30893,R 1200 Gs Lc
BIKE_30894,Tmax Sx
BIKE_30895,S 1000 Xr
BIKE_30896,S 1000 R
BIKE_30897,Rc 125
BIKE_30898,
BIKE_30899,Mt-09
BIKE_30900,Nc 750
BIKE_30901,Vtx 1800
BIKE_30902,Ks 100
BIKE_30903,Electra Glide
BIKE_30904,R Ninet
BIKE_30905,Supersport
BIKE_30906,Scrambler
BIKE_30907,Sportster
BIKE_30908,F 750 Gs
BIKE_30909,Cbr 1000
BIKE_30910,Aerox
BIKE_30911,Roadmaster
BIKE_30912,Crf 1100
BIKE_30913,690 Smc
BIKE_30914,690 Smc
BIKE_30915,690 Smc
BIKE_30916,Rambla 300
BIKE_30917,S 1000 R
BIKE_30918,K-Xct 300I
BIKE_30919,990 Supermoto
BIKE_30920,790 Adventure
BIKE_30921,Motors Retro Star
BIKE_30922,Bonneville Bobber
BIKE_30923,
BIKE_30924,Sportster 1200
BIKE_30925,Am Ds
BIKE_30926,Gsx-R 600
BIKE_30927,R 1200 Gs
BIKE_30928,Gold Wing
BIKE_30929,R Ninet
BIKE_30930,V-Strom 650
BIKE_30931,
BIKE_30932,Cvo Limited
BIKE_30933,Crf 1000
BIKE_30934,
BIKE_30935,R 1200
BIKE_30936,
BIKE_30937,Z 900
BIKE_30938,Ninja Zx-10R
BIKE_30939,Z 1000
BIKE_30940,
BIKE_30941,R Ninet
BIKE_30942,Speed Triple 1050
BIKE_30943,Multistrada 950
BIKE_30944,Multistrada 950
BIKE_30945,Multistrada 950
BIKE_30946,Sportster 1200
BIKE_30947,1290 Super Duke R
BIKE_30948,K 1600 B
BIKE_30949,K 1600 B
BIKE_30950,K 1600 B
BIKE_30951,Guzzi V 7
BIKE_30952,Vulcan S
BIKE_30953,
BIKE_30954,Yzf-R1
BIKE_30955,R 1250 Gs
BIKE_30956,690 Duke
BIKE_30957,1198
BIKE_30958,Softail
BIKE_30959,Cb 1000
BIKE_30960,
BIKE_30961,Cb 500
BIKE_30962,Sw-T 400
BIKE_30963,Xtz 1200
BIKE_30964,Gsx-S 1000
BIKE_30965,Speed Triple R
BIKE_30966,Sportster 883
BIKE_30967,Z 1000
BIKE_30968,Tr 6
BIKE_30969,S3
BIKE_30970,S3
BIKE_30971,S3
BIKE_30972,Z 650
BIKE_30973,Softail
BIKE_30974,
BIKE_30975,S 1000 Rr
BIKE_30976,
BIKE_30977,Mt-07
BIKE_30978,Gts 300
BIKE_30979,Gts 300
BIKE_30980,Gts 300
BIKE_30981,
BIKE_30982,Sh 300
BIKE_30983,Softail
BIKE_30984,Softail
BIKE_30985,
BIKE_30986,R 1250 R
BIKE_30987,Yzf-R6
BIKE_30988,Supersport
BIKE_30989,X-Adv
BIKE_30990,Commando
BIKE_30991,Soco Ts
BIKE_30992,Cb 1000
BIKE_30993,R Ninet
BIKE_30994,R 69
BIKE_30995,
BIKE_30996,Softail
BIKE_30997,F 900 R
BIKE_30998,Agility 300
BIKE_30999,Multistrada 1200
BIKE_31000,Cbr 1000
BIKE_31001,Primavera
BIKE_31002,
BIKE_31003,690 Smc
BIKE_31004,690 Smc
BIKE_31005,690 Smc
BIKE_31006,Fat Boy
BIKE_31007,1290 Super Adventure
BIKE_31008,Tiger 800
BIKE_31009,Z 900
BIKE_31010,Yoyo
BIKE_31011,
BIKE_31012,X-Adv
BIKE_31013,Ninja 400
BIKE_31014,Katana 1000
BIKE_31015,Katana 1000
BIKE_31016,Katana 1000
BIKE_31017,R 1200 Rt
BIKE_31018,Z 800
BIKE_31019,S 1000 Rr
BIKE_31020,1199 Panigale
BIKE_31021,Pan European
BIKE_31022,
BIKE_31023,Road King
BIKE_31024,Z 900
BIKE_31025,Street Triple 675
BIKE_31026,Panigale V4
BIKE_31027,125 Duke
BIKE_31028,Tnt R 160
BIKE_31029,S 1000 Rr
BIKE_31030,C 400 X
BIKE_31031,W 800
BIKE_31032,C Evolution
BIKE_31033,Scr 950
BIKE_31034,Z 900
BIKE_31035,Citycom 300
BIKE_31036,
BIKE_31037,Monster 1200
BIKE_31038,Sportster 1200
BIKE_31039,Ténéré 700
BIKE_31040,Zip 50
BIKE_31041,S 1000 Rr
BIKE_31042,R 1200 Gs
BIKE_31043,Mt-07
BIKE_31044,Forza 125
BIKE_31045,Diavel
BIKE_31046,Agusta Turismo Veloce 800
BIKE_31047,Shiver 900
BIKE_31048,C Evolution
BIKE_31049,X-Adv
BIKE_31050,Road Glide
BIKE_31051,Gts 125
BIKE_31052,Legend Tt
BIKE_31053,Custom Bike
BIKE_31054,Tiger 1200
BIKE_31055,Hayabusa
BIKE_31056,
BIKE_31057,S 1000 Rr
BIKE_31058,K 1300 Gt
BIKE_31059,Rs 660
BIKE_31060,Downtown 300I
BIKE_31061,Heritage Softail
BIKE_31062,
BIKE_31063,
BIKE_31064,Duo Glide
BIKE_31065,Rs4 50
BIKE_31066,Rs4 50
BIKE_31067,Rs4 50
BIKE_31068,R Ninet
BIKE_31069,Tmax 530
BIKE_31070,Z 900
BIKE_31071,Vn 1700
BIKE_31072,Sv 650
BIKE_31073,Fe 350
BIKE_31074,Downtown 300I
BIKE_31075,R 1200 Gs
BIKE_31076,X-Adv
BIKE_31077,Street Glide
BIKE_31078,Sportster
BIKE_31079,Fat Bob
BIKE_31080,R 1200 Rt
BIKE_31081,Integra
BIKE_31082,Street 750
BIKE_31083,R Ninet
BIKE_31084,Multistrada 1200
BIKE_31085,Mt-09
BIKE_31086,Nx 650
BIKE_31087,Agility 125
BIKE_31088,Tiesse
BIKE_31089,Yzf-R6
BIKE_31090,Am Ryker
BIKE_31091,Am Ryker
BIKE_31092,Am Ryker
BIKE_31093,Ninja Zx-6R
BIKE_31094,V-Strom 650
BIKE_31095,Tiger 800
BIKE_31096,Mt-10
BIKE_31097,Mt-07
BIKE_31098,Crf 1000
BIKE_31099,Softail
BIKE_31100,Ctx 1300
BIKE_31101,Ctx 1300
BIKE_31102,Ctx 1300
BIKE_31103,Chief
BIKE_31104,
BIKE_31105,S 1000 Xr
BIKE_31106,Intruder C
BIKE_31107,Agusta F4 1000
BIKE_31108,Tiger 800
BIKE_31109,Sportster 1200
BIKE_31110,Liberty 50
BIKE_31111,Sh 300
BIKE_31112,Quattronove X
BIKE_31113,
BIKE_31114,S 1000 Xr
BIKE_31115,
BIKE_31116,C Evolution
BIKE_31117,Road King
BIKE_31118,690 Duke
BIKE_31119,Dyna Super Glide
BIKE_31120,R 1200 R
BIKE_31121,Blade 1000
BIKE_31122,X-Max 400
BIKE_31123,Xl 1200
BIKE_31124,Tiger 800
BIKE_31125,Vn 900
BIKE_31126,Primavera 50
BIKE_31127,Fiddle 50
BIKE_31128,Ps 125I
BIKE_31129,Ps 125I
BIKE_31130,Ps 125I
BIKE_31131,Guzzi Stelvio 1200
BIKE_31132,
BIKE_31133,Ninja 1000Sx
BIKE_31134,Tracer 700
BIKE_31135,F 650 Gs
BIKE_31136,Scrambler
BIKE_31137,F 900 Xr
BIKE_31138,R 1200 Rs
BIKE_31139,R 1200 Gs
BIKE_31140,K 1600 Gt
BIKE_31141,Road King
BIKE_31142,Sportster
BIKE_31143,Z 900
BIKE_31144,K-Pipe 125
BIKE_31145,Rocket Iii Classic
BIKE_31146,R Ninet
BIKE_31147,C Evolution
BIKE_31148,R 1200 Rt
BIKE_31149,C 650 Gt
BIKE_31150,1200 Custom
BIKE_31151,Rd 500
BIKE_31152,Rd 500
BIKE_31153,Rd 500
BIKE_31154,R 1250 R
BIKE_31155,Gsx-R 750
BIKE_31156,701 Supermoto
BIKE_31157,Tricity
BIKE_31158,Dyna Fat Bob
BIKE_31159,
BIKE_31160,Cb 100
BIKE_31161,Cb 100
BIKE_31162,Cb 100
BIKE_31163,R 75/6
BIKE_31164,Pcx 125
BIKE_31165,Sportster 1200
BIKE_31166,People Gt300I
BIKE_31167,
BIKE_31168,C Evolution
BIKE_31169,Cb 500
BIKE_31170,
BIKE_31171,Agility 125
BIKE_31172,
BIKE_31173,790 Duke
BIKE_31174,Sportster 1200
BIKE_31175,Ninja Zx-10Rr
BIKE_31176,Ninja Zx-10Rr
BIKE_31177,Ninja Zx-10Rr
BIKE_31178,F 750 Gs
BIKE_31179,Mp3 Yourban
BIKE_31180,Mt-09
BIKE_31181,Bonneville Bobber
BIKE_31182,R 1200 Rt
BIKE_31183,R 1200 Gs Lc
BIKE_31184,Sv 650
BIKE_31185,
BIKE_31186,R 1250 Gs
BIKE_31187,Yz 250
BIKE_31188,Guzzi V 9
BIKE_31189,Guzzi California 1400
BIKE_31190,Multistrada 950
BIKE_31191,Multistrada 950
BIKE_31192,Multistrada 950
BIKE_31193,Sh 150
BIKE_31194,
BIKE_31195,Vfr 1200
BIKE_31196,Ninja Zx-10R
BIKE_31197,Yzf-R1
BIKE_31198,R Ninet
BIKE_31199,Ninja 1000Sx
BIKE_31200,Ultra Limited
BIKE_31201,Sportster 1200
BIKE_31202,
BIKE_31203,R 1200 R
BIKE_31204,America Lt
BIKE_31205,R 1200 Gs
BIKE_31206,S 1000 Xr
BIKE_31207,Moto Cforce 625
BIKE_31208,Am
BIKE_31209,Am
BIKE_31210,Am
BIKE_31211,1200 Custom
BIKE_31212,Monster 1200
BIKE_31213,
BIKE_31214,R 1250 Gs
BIKE_31215,Ec 03
BIKE_31216,People S 50
BIKE_31217,Ftr 1200
BIKE_31218,
BIKE_31219,Dyna Wide Glide
BIKE_31220,
BIKE_31221,C 650 Gt
BIKE_31222,R 1250 Gs
BIKE_31223,Bt50Qt
BIKE_31224,Agility 125
BIKE_31225,690 Duke
BIKE_31226,Road King
BIKE_31227,F 700 Gs
BIKE_31228,F 800 Gs
BIKE_31229,
BIKE_31230,Fjr 1300
BIKE_31231,
BIKE_31232,Xenter 150
BIKE_31233,Xenter 150
BIKE_31234,Xenter 150
BIKE_31235,Katana 1000
BIKE_31236,Katana 1000
BIKE_31237,Katana 1000
BIKE_31238,Burgman 650
BIKE_31239,
BIKE_31240,R Ninet
BIKE_31241,Monster 797
BIKE_31242,Monster 797
BIKE_31243,Monster 797
BIKE_31244,Gsx-S 750
BIKE_31245,Multistrada 1200
BIKE_31246,Caballero 500
BIKE_31247,
BIKE_31248,R 1200 Gs Adventure
BIKE_31249,Guzzi
BIKE_31250,R 1250 R
BIKE_31251,Tuono
BIKE_31252,Agusta Brutale 800
BIKE_31253,Crf 1100
BIKE_31254,500 Exc
BIKE_31255,500 Exc
BIKE_31256,500 Exc
BIKE_31257,Bonneville T100
BIKE_31258,Crf 1000
BIKE_31259,R 1200 Gs Adventure
BIKE_31260,
BIKE_31261,Downtown 350I
BIKE_31262,Downtown 350I
BIKE_31263,Downtown 350I
BIKE_31264,
BIKE_31265,Moto Grs 125
BIKE_31266,Diavel
BIKE_31267,
BIKE_31268,K 1300
BIKE_31269,R 1200 Gs
BIKE_31270,Tmax 530
BIKE_31271,R 1200 Gs
BIKE_31272,Thruxton
BIKE_31273,Mt-10
BIKE_31274,Z1000 Sx
BIKE_31275,X-Adv
BIKE_31276,Majesty 400
BIKE_31277,Guzzi V 9
BIKE_31278,Cb 500
BIKE_31279,Xciting 400I
BIKE_31280,Versys 650
BIKE_31281,Vn 900
BIKE_31282,X Motion 125
BIKE_31283,R 1200 R
BIKE_31284,Pcx 125
BIKE_31285,Speed Triple 1050
BIKE_31286,Tracer 900
BIKE_31287,Cmx 500
BIKE_31288,Hero 125
BIKE_31289,K-Xct 125
BIKE_31290,Mp3 300
BIKE_31291,
BIKE_31292,R 1200 Rt
BIKE_31293,Sportsman 570
BIKE_31294,Xdiavel
BIKE_31295,Gold Wing
BIKE_31296,S 1000 R
BIKE_31297,K 1200 Lt
BIKE_31298,K 1200 Lt
BIKE_31299,K 1200 Lt
BIKE_31300,Mp3 500
BIKE_31301,Tiger 800
BIKE_31302,Cb 500
BIKE_31303,C Evolution
BIKE_31304,X-Adv
BIKE_31305,C 650
BIKE_31306,Svartpilen
BIKE_31307,Scrambler
BIKE_31308,Sportster
BIKE_31309,Fat Boy
BIKE_31310,R 1200 Gs Adventure
BIKE_31311,Crf 1000
BIKE_31312,R 1250 Gs
BIKE_31313,Sp 50
BIKE_31314,Vfr 1200
BIKE_31315,Vzr 1800
BIKE_31316,Z 750
BIKE_31317,Moto Zforce 800
BIKE_31318,Nc 750
BIKE_31319,Ape
BIKE_31320,Diavel
BIKE_31321,Mt-07
BIKE_31322,K 1600 Gt
BIKE_31323,
BIKE_31324,Z1000 Sx
BIKE_31325,150
BIKE_31326,Forza 300
BIKE_31327,Z 900
BIKE_31328,V-Strom 1000
BIKE_31329,Z 650
BIKE_31330,Beverly 200
BIKE_31331,Gsr 750
BIKE_31332,B King
BIKE_31333,V-Strom 650
BIKE_31334,Agusta Brutale 675
BIKE_31335,Tracer 900
BIKE_31336,Gts 250
BIKE_31337,Xtz 1200
BIKE_31338,Guzzi V 7
BIKE_31339,1290 Super Duke R
BIKE_31340,R 1200 Gs
BIKE_31341,R 100 Gs Paris-Dakar
BIKE_31342,
BIKE_31343,
BIKE_31344,
BIKE_31345,R 1200 Gs
BIKE_31346,Ultra Classic
BIKE_31347,Street Glide
BIKE_31348,C Evolution
BIKE_31349,R 1250 Gs
BIKE_31350,Xciting 300I
BIKE_31351,Tnt 125
BIKE_31352,Tnt 125
BIKE_31353,Tnt 125
BIKE_31354,Vrsc V-Rod
BIKE_31355,Softail
BIKE_31356,R 1200 Rs
BIKE_31357,Sr 50
BIKE_31358,1290 Super Adventure
BIKE_31359,Ninja Zx-6R
BIKE_31360,
BIKE_31361,R 100 Gs
BIKE_31362,
BIKE_31363,Crf 1000
BIKE_31364,Iron 883
BIKE_31365,Scrambler
BIKE_31366,Tuono
BIKE_31367,Niken
BIKE_31368,S 1000 R
BIKE_31369,X-Town
BIKE_31370,F 900 Xr
BIKE_31371,Am Maverick
BIKE_31372,Tmax 560
BIKE_31373,1090 Adventure
BIKE_31374,1090 Adventure
BIKE_31375,1090 Adventure
BIKE_31376,Guzzi V 65
BIKE_31377,Katana 1000
BIKE_31378,Katana 1000
BIKE_31379,Katana 1000
BIKE_31380,Gsx-S 1000
BIKE_31381,Gsx-R 1000
BIKE_31382,Heritage
BIKE_31383,Guzzi 850 T
BIKE_31384,Nmax
BIKE_31385,
BIKE_31386,
BIKE_31387,
BIKE_31388,1200 Custom
BIKE_31389,
BIKE_31390,500 Exc
BIKE_31391,500 Exc
BIKE_31392,500 Exc
BIKE_31393,Nc 750
BIKE_31394,Rsv4
BIKE_31395,
BIKE_31396,Ninja 650
BIKE_31397,
BIKE_31398,Xvs 1300
BIKE_31399,Xl 883
BIKE_31400,Cat 1000
BIKE_31401,Fiddle 125
BIKE_31402,Softail
BIKE_31403,Fzr 1000
BIKE_31404,C Evolution
BIKE_31405,Z 900
BIKE_31406,Road King
BIKE_31407,F 900 R
BIKE_31408,R 1200 Gs Adventure
BIKE_31409,Gtr 1400
BIKE_31410,Tmax 530
BIKE_31411,Agusta Brutale 990
BIKE_31412,Agusta Brutale 990
BIKE_31413,Agusta Brutale 990
BIKE_31414,Mt-09
BIKE_31415,Chieftain
BIKE_31416,Seventy 125
BIKE_31417,R 1250 Gs Adventure
BIKE_31418,Sportster 883
BIKE_31419,R 1250 Gs Adventure
BIKE_31420,Crf 1100
BIKE_31421,R 1250 Gs
BIKE_31422,R 1200 Gs Adventure
BIKE_31423,F 800 St
BIKE_31424,Xjr 1300
BIKE_31425,Nmax
BIKE_31426,Z 900
BIKE_31427,
BIKE_31428,R 1250 Rs
BIKE_31429,R 1250 Rt
BIKE_31430,Derapage
BIKE_31431,Hayabusa
BIKE_31432,Z 900
BIKE_31433,K 1600 Gt
BIKE_31434,K 1600 Gt
BIKE_31435,C 650 Gt
BIKE_31436,R 1200 Gs
BIKE_31437,F 750 Gs
BIKE_31438,Tracer 900
BIKE_31439,C Evolution
BIKE_31440,Guzzi V 7
BIKE_31441,Z 900
BIKE_31442,Hypermotard 939
BIKE_31443,R 1200 Gs
BIKE_31444,Rr Enduro
BIKE_31445,Rr Enduro
BIKE_31446,Rr Enduro
BIKE_31447,Road King
BIKE_31448,Road King
BIKE_31449,Tracer 700
BIKE_31450,Mp3 400
BIKE_31451,Mp3 400
BIKE_31452,Mp3 400
BIKE_31453,848
BIKE_31454,848
BIKE_31455,848
BIKE_31456,Fly 125
BIKE_31457,Fly 125
BIKE_31458,Fly 125
BIKE_31459,R 1200 Gs Adventure
BIKE_31460,Gv 300
BIKE_31461,Custom Bike
BIKE_31462,Street Rod
BIKE_31463,Street Rod
BIKE_31464,Street Rod
BIKE_31465,Downtown 125I
BIKE_31466,
BIKE_31467,Crf 1000
BIKE_31468,Springfield
BIKE_31469,Booster
BIKE_31470,Katana 1000
BIKE_31471,Katana 1000
BIKE_31472,Katana 1000
BIKE_31473,Iron 883
BIKE_31474,B King
BIKE_31475,
BIKE_31476,Agusta F3
BIKE_31477,Heritage Springer
BIKE_31478,Road Glide
BIKE_31479,
BIKE_31480,Thunderbird 6T
BIKE_31481,Thunderbird 6T
BIKE_31482,Thunderbird 6T
BIKE_31483,Mxu 250
BIKE_31484,Fjr 1300
BIKE_31485,Supersport
BIKE_31486,1290 Super Duke Gt
BIKE_31487,Fe 350
BIKE_31488,
BIKE_31489,Ninja Zx-6R
BIKE_31490,Shiver 900
BIKE_31491,Niken
BIKE_31492,Ultra Limited
BIKE_31493,Custom Bike
BIKE_31494,Z 1000
BIKE_31495,Crf 1000
BIKE_31496,R 1200 Gs
BIKE_31497,Diavel
BIKE_31498,990 Super Duke
BIKE_31499,Monster 797
BIKE_31500,Monster 797
BIKE_31501,Monster 797
BIKE_31502,Tiger 900
BIKE_31503,Caponord 1200
BIKE_31504,
BIKE_31505,Z1000 Sx
BIKE_31506,S 1000 Xr
BIKE_31507,
BIKE_31508,Moto Cforce 850
BIKE_31509,
BIKE_31510,R 1250 Rt
BIKE_31511,Mp3 Yourban
BIKE_31512,X-City 250
BIKE_31513,Cb 650
BIKE_31514,
BIKE_31515,Multistrada 1200
BIKE_31516,Low Rider
BIKE_31517,Monster 821
BIKE_31518,Xv 950
BIKE_31519,Ak 550
BIKE_31520,K 1300 S
BIKE_31521,V-Strom 1050
BIKE_31522,Agility 150
BIKE_31523,Mt-10
BIKE_31524,Variant
BIKE_31525,Agusta Dragster
BIKE_31526,Cmx 500
BIKE_31527,Z 900
BIKE_31528,Liberty 50
BIKE_31529,Tracer 900
BIKE_31530,Ultra Limited
BIKE_31531,Xv 950
BIKE_31532,Sh 125
BIKE_31533,Fat Boy
BIKE_31534,Bn 302
BIKE_31535,Bn 302
BIKE_31536,Bn 302
BIKE_31537,Vfr 1200
BIKE_31538,
BIKE_31539,
BIKE_31540,
BIKE_31541,Road King
BIKE_31542,S 1000 R
BIKE_31543,Heritage Softail
BIKE_31544,390 Duke
BIKE_31545,
BIKE_31546,Scrambler
BIKE_31547,R 1200 Gs
BIKE_31548,S 1000 Rr
BIKE_31549,Primavera 50
BIKE_31550,Guzzi 1100 Sport
BIKE_31551,
BIKE_31552,Neos 50
BIKE_31553,Cbr 600
BIKE_31554,F 850 Gs
BIKE_31555,Monster 1200
BIKE_31556,990 Supermoto
BIKE_31557,Yzf-R1
BIKE_31558,Cat 700
BIKE_31559,Mt-09
BIKE_31560,Burgman 400
BIKE_31561,R 1200 Rt
BIKE_31562,Agility 150
BIKE_31563,J300
BIKE_31564,Motors Retro Star
BIKE_31565,Scrambler
BIKE_31566,
BIKE_31567,Moto
BIKE_31568,
BIKE_31569,R 1200 Rt
BIKE_31570,
BIKE_31571,Fat Boy
BIKE_31572,F 700 Gs
BIKE_31573,R 1200 Gs
BIKE_31574,R 1200 Gs Adventure
BIKE_31575,Sportsman 500
BIKE_31576,Xdiavel
BIKE_31577,Street Scrambler
BIKE_31578,Mt-09
BIKE_31579,Guzzi California 1000
BIKE_31580,Xb 12
BIKE_31581,Multistrada 1200
BIKE_31582,R 1200 Gs Adventure
BIKE_31583,
BIKE_31584,
BIKE_31585,Mt-09
BIKE_31586,Rambla 300
BIKE_31587,Gsr 750
BIKE_31588,Cb 1000
BIKE_31589,Road Glide
BIKE_31590,F 850 Gs
BIKE_31591,F 900 Xr
BIKE_31592,Burgman 650
BIKE_31593,Multistrada 950
BIKE_31594,Multistrada 950
BIKE_31595,Multistrada 950
BIKE_31596,
BIKE_31597,Niken
BIKE_31598,50M
BIKE_31599,50M
BIKE_31600,50M
BIKE_31601,Yzf-R125
BIKE_31602,Dyna Fat Bob
BIKE_31603,Thruxton
BIKE_31604,Bonneville Newchurch
BIKE_31605,Guzzi V 7
BIKE_31606,Street 125
BIKE_31607,790 Adventure
BIKE_31608,F 700 Gs
BIKE_31609,Iron 883
BIKE_31610,Softail
BIKE_31611,Vulcan S
BIKE_31612,Svartpilen
BIKE_31613,450 Exc
BIKE_31614,R 1200 Cl
BIKE_31615,R 1200 Cl
BIKE_31616,R 1200 Cl
BIKE_31617,790 Adventure
BIKE_31618,1098
BIKE_31619,1098
BIKE_31620,1098
BIKE_31621,Fz 8
BIKE_31622,Z 650
BIKE_31623,Burgman 650
BIKE_31624,1200 Custom
BIKE_31625,C 650
BIKE_31626,Panigale V4
BIKE_31627,Gl 1800
BIKE_31628,Crf 1100
BIKE_31629,
BIKE_31630,F 800 Gs
BIKE_31631,Crf 1100
BIKE_31632,Gsr 750
BIKE_31633,Scarabeo
BIKE_31634,Monster 1200
BIKE_31635,Fz 8
BIKE_31636,Xb 12
BIKE_31637,R 1200 R
BIKE_31638,Fjr 1300
BIKE_31639,Bws
BIKE_31640,
BIKE_31641,Hd 300
BIKE_31642,Z 900
BIKE_31643,
BIKE_31644,X-Max 300
BIKE_31645,Ak 550
BIKE_31646,Guzzi
BIKE_31647,Gsx-R 1000
BIKE_31648,S 1000 Xr
BIKE_31649,Fz 8
BIKE_31650,S 1000 Rr
BIKE_31651,Sport Glide
BIKE_31652,
BIKE_31653,Vn 900
BIKE_31654,Scarabeo
BIKE_31655,Electra Glide
BIKE_31656,Rx 50
BIKE_31657,Rx 50
BIKE_31658,Rx 50
BIKE_31659,R 1200 Rt
BIKE_31660,Road King
BIKE_31661,K 1600
BIKE_31662,Sportster Forty Eight
BIKE_31663,
BIKE_31664,1290 Super Adventure
BIKE_31665,Katana 1000
BIKE_31666,Katana 1000
BIKE_31667,Katana 1000
BIKE_31668,R 1200 Gs Adventure
BIKE_31669,Sportster Xl 883
BIKE_31670,Jet 50
BIKE_31671,Moto Cforce 625
BIKE_31672,Zip 25
BIKE_31673,Tmax 530
BIKE_31674,
BIKE_31675,R 1200 Gs
BIKE_31676,Softail
BIKE_31677,Softail Slim
BIKE_31678,
BIKE_31679,Gran Milano 440
BIKE_31680,Sportster 1200
BIKE_31681,Agility 150
BIKE_31682,Fe 350
BIKE_31683,Fjr 1300
BIKE_31684,
BIKE_31685,Hypermotard 939
BIKE_31686,1290 Super Duke Gt
BIKE_31687,701 Supermoto
BIKE_31688,
BIKE_31689,Sportster Forty Eight
BIKE_31690,Xciting 300I
BIKE_31691,Agility 125
BIKE_31692,Tracer 700
BIKE_31693,Wr 450
BIKE_31694,Cbr 1000
BIKE_31695,
BIKE_31696,Fat Boy
BIKE_31697,Fe 350
BIKE_31698,R 1200 Rs
BIKE_31699,Beverly 300
BIKE_31700,Rr 50
BIKE_31701,Burgman 650
BIKE_31702,Nc 750
BIKE_31703,Mp3 500
BIKE_31704,Cbr 1000
BIKE_31705,Beverly 350
BIKE_31706,R 1150 R Rockster
BIKE_31707,Xv 1900
BIKE_31708,Hm 50
BIKE_31709,Daina
BIKE_31710,Xdiavel
BIKE_31711,Gsx-S 125
BIKE_31712,Gsx-S 125
BIKE_31713,Gsx-S 125
BIKE_31714,Guzzi 750 S
BIKE_31715,
BIKE_31716,Rs 660
BIKE_31717,Xsr 700
BIKE_31718,Heritage Softail
BIKE_31719,Moto Cforce 850
BIKE_31720,Tracer 900
BIKE_31721,Road King
BIKE_31722,Diavel
BIKE_31723,Ninja 650
BIKE_31724,
BIKE_31725,Panigale V4
BIKE_31726,Am Outlander
BIKE_31727,Panigale V4
BIKE_31728,450 Sx
BIKE_31729,Bullet 50
BIKE_31730,Mt-09
BIKE_31731,R 1200 Gs Adventure
BIKE_31732,Sh 150
BIKE_31733,F 800 R
BIKE_31734,Raptor 1000
BIKE_31735,Scarabeo 200
BIKE_31736,Monte Pro 125
BIKE_31737,Ultra Classic
BIKE_31738,
BIKE_31739,Z 650
BIKE_31740,Yzf-R1
BIKE_31741,R 1200 Gs
BIKE_31742,Cat 550
BIKE_31743,Tmax 530
BIKE_31744,Srv 850
BIKE_31745,K 1600
BIKE_31746,1190 Rc8
BIKE_31747,1190 Rc8
BIKE_31748,1190 Rc8
BIKE_31749,Intruder C
BIKE_31750,Diavel
BIKE_31751,F 800 R
BIKE_31752,Tiger 1200
BIKE_31753,
BIKE_31754,Night Rod
BIKE_31755,
BIKE_31756,Cbr 650
BIKE_31757,Rocket Iii Touring
BIKE_31758,Gsx-S 1000
BIKE_31759,Versys 1000
BIKE_31760,Tesi 3/D
BIKE_31761,Dn-01
BIKE_31762,Dn-01
BIKE_31763,Dn-01
BIKE_31764,Joymax 300
BIKE_31765,
BIKE_31766,Agusta F4 1000
BIKE_31767,Road King
BIKE_31768,Fjr 1300
BIKE_31769,R Ninet
BIKE_31770,Rs4 50
BIKE_31771,Rs4 50
BIKE_31772,Rs4 50
BIKE_31773,Superlow
BIKE_31774,Superlow
BIKE_31775,Superlow
BIKE_31776,Cat Prowler 700
BIKE_31777,R 1200 S
BIKE_31778,Niken
BIKE_31779,Cbf 1000
BIKE_31780,Sr 50
BIKE_31781,R 1200 Gs Lc
BIKE_31782,Crf 1000
BIKE_31783,Bullet 50
BIKE_31784,
BIKE_31785,R 1200 Gs Lc
BIKE_31786,R 100 Gs
BIKE_31787,Z 1000
BIKE_31788,Nrx 1800
BIKE_31789,Buggy 800
BIKE_31790,C 600 Sport
BIKE_31791,
BIKE_31792,Vmax
BIKE_31793,Sport
BIKE_31794,Iron 883
BIKE_31795,Gsx-R 1000
BIKE_31796,790 Duke
BIKE_31797,1290 Super Duke Gt
BIKE_31798,K 100
BIKE_31799,R 1200 R
BIKE_31800,F 800 Gs
BIKE_31801,S 1000 R
BIKE_31802,Versys 1000
BIKE_31803,Tmax 530
BIKE_31804,Scout
BIKE_31805,V-Strom 1000
BIKE_31806,Gta
BIKE_31807,790 Duke
BIKE_31808,R 1200 Gs Adventure
BIKE_31809,S 1000 Xr
BIKE_31810,Versys 650
BIKE_31811,R 1200 Gs
BIKE_31812,
BIKE_31813,1290 Super Adventure
BIKE_31814,Qooder
BIKE_31815,Scarabeo
BIKE_31816,
BIKE_31817,Scout
BIKE_31818,Sh 125
BIKE_31819,390 Adventure
BIKE_31820,390 Adventure
BIKE_31821,390 Adventure
BIKE_31822,125
BIKE_31823,Xv 1900
BIKE_31824,
BIKE_31825,Tnt R 160
BIKE_31826,390 Duke
BIKE_31827,K 1300 R
BIKE_31828,899 Panigale
BIKE_31829,899 Panigale
BIKE_31830,899 Panigale
BIKE_31831,Fat Boy
BIKE_31832,Rocket Iii Roadster
BIKE_31833,
BIKE_31834,Monster 821
BIKE_31835,Ftr 1200
BIKE_31836,Z1000 Sx
BIKE_31837,R Ninet
BIKE_31838,F 800 Gs
BIKE_31839,Brio 50 4T
BIKE_31840,Crf 1000
BIKE_31841,Versys 1000
BIKE_31842,Z 900
BIKE_31843,
BIKE_31844,Gsx-R 750
BIKE_31845,R Ninet
BIKE_31846,F 750 Gs
BIKE_31847,R 80
BIKE_31848,Mxu 700
BIKE_31849,R 1250 R
BIKE_31850,Diavel
BIKE_31851,Mt-07
BIKE_31852,Speed Twin
BIKE_31853,Scrambler
BIKE_31854,1290 Super Adventure
BIKE_31855,F 900 Xr
BIKE_31856,Rsv4
BIKE_31857,Tmax 530
BIKE_31858,Monster 821
BIKE_31859,Ranger
BIKE_31860,Vision 110
BIKE_31861,R 1200 C
BIKE_31862,
BIKE_31863,R Ninet
BIKE_31864,124
BIKE_31865,124
BIKE_31866,124
BIKE_31867,S 1000 Rr
BIKE_31868,Hypermotard 796
BIKE_31869,Hypermotard 796
BIKE_31870,Hypermotard 796
BIKE_31871,900 Ss
BIKE_31872,Sportster 1200
BIKE_31873,Tiger Sport
BIKE_31874,Deauville
BIKE_31875,Deauville
BIKE_31876,Deauville
BIKE_31877,K 1100 Lt
BIKE_31878,959 Panigale
BIKE_31879,Street 750
BIKE_31880,R 1200 Rt
BIKE_31881,K 1600 B
BIKE_31882,K 1600 B
BIKE_31883,K 1600 B
BIKE_31884,R 1200 Gs Lc
BIKE_31885,F 850 Gs
BIKE_31886,899 Panigale
BIKE_31887,899 Panigale
BIKE_31888,899 Panigale
BIKE_31889,
BIKE_31890,Fe 250
BIKE_31891,Road King
BIKE_31892,Ténéré 700
BIKE_31893,Cat 1000I Xt
BIKE_31894,Xvs 1100
BIKE_31895,Cbr 125
BIKE_31896,Moto Sirion 125
BIKE_31897,Crf 1000
BIKE_31898,Medley 150
BIKE_31899,Cmx 500
BIKE_31900,R 1200 R
BIKE_31901,
BIKE_31902,F 750 Gs
BIKE_31903,Niken
BIKE_31904,Niken
BIKE_31905,Cmx 500
BIKE_31906,Versys 1000
BIKE_31907,Mt-09
BIKE_31908,Softail
BIKE_31909,Gsx-S 750
BIKE_31910,Moto Grs 125
BIKE_31911,Dyna Street Bob
BIKE_31912,Low Rider
BIKE_31913,Road Glide
BIKE_31914,Wr 125
BIKE_31915,Wr 125
BIKE_31916,Wr 125
BIKE_31917,
BIKE_31918,701 Supermoto
BIKE_31919,Vn 1600
BIKE_31920,Vn 1600
BIKE_31921,Vn 1600
BIKE_31922,Gsx-S 1000
BIKE_31923,Xdiavel
BIKE_31924,390 Duke
BIKE_31925,Agusta Brutale
BIKE_31926,V-Strom 1050
BIKE_31927,R 1200 Gs Adventure
BIKE_31928,
BIKE_31929,
BIKE_31930,Fly 125
BIKE_31931,Fly 125
BIKE_31932,Fly 125
BIKE_31933,Tuono
BIKE_31934,R 1200 Rt
BIKE_31935,Medley 125
BIKE_31936,Xb 9
BIKE_31937,X-Adv
BIKE_31938,R 1200 Gs
BIKE_31939,R 1200 Gs Adventure
BIKE_31940,Saturno
BIKE_31941,
BIKE_31942,K 1600
BIKE_31943,R Ninet
BIKE_31944,
BIKE_31945,R 1200 Gs Adventure
BIKE_31946,Agusta
BIKE_31947,X-Max 300
BIKE_31948,
BIKE_31949,Mt-10
BIKE_31950,F 700 Gs
BIKE_31951,Sh 150
BIKE_31952,Mt-07
BIKE_31953,Super Dink 125
BIKE_31954,Super Dink 125
BIKE_31955,F 12
BIKE_31956,Street Triple 765
BIKE_31957,Sport Glide
BIKE_31958,Fat Boy
BIKE_31959,Hayabusa
BIKE_31960,Cb 1000
BIKE_31961,Tiger Explorer
BIKE_31962,Mt-07
BIKE_31963,Ninja Zx-10R
BIKE_31964,F 900 Xr
BIKE_31965,Road King
BIKE_31966,Agusta Brutale
BIKE_31967,F 700 Gs
BIKE_31968,500R
BIKE_31969,Gsx-R 1000
BIKE_31970,
BIKE_31971,Thunderbird Storm
BIKE_31972,Thunderbird Storm
BIKE_31973,Thunderbird Storm
BIKE_31974,Z 900
BIKE_31975,Scrambler
BIKE_31976,Sportster 1200
BIKE_31977,Crf 1000
BIKE_31978,Star 150
BIKE_31979,890 Duke
BIKE_31980,890 Duke
BIKE_31981,890 Duke
BIKE_31982,Vt 750
BIKE_31983,250 Exc
BIKE_31984,250 Exc
BIKE_31985,250 Exc
BIKE_31986,
BIKE_31987,Cb 1000
BIKE_31988,Z 900
BIKE_31989,
BIKE_31990,Senda
BIKE_31991,1290 Super Adventure
BIKE_31992,Qooder
BIKE_31993,Gsx-S 1000
BIKE_31994,S 1000 R
BIKE_31995,Mxu 300
BIKE_31996,Heritage Softail
BIKE_31997,M 1800 R
BIKE_31998,M 1800 R
BIKE_31999,M 1800 R
BIKE_32000,Zzr 1400
BIKE_32001,1290 Super Duke R
BIKE_32002,Xl 1200
BIKE_32003,K 1600
BIKE_32004,Sw-T 400
BIKE_32005,Xciting 400I
BIKE_32006,C 650
BIKE_32007,S 1000 R
BIKE_32008,701 Supermoto
BIKE_32009,Z 1000
BIKE_32010,Ninja Zx-10R
BIKE_32011,Roadmaster
BIKE_32012,
BIKE_32013,
BIKE_32014,
BIKE_32015,Nc 750
BIKE_32016,Fat Boy
BIKE_32017,
BIKE_32018,X-Adv
BIKE_32019,S 1000 R
BIKE_32020,Iron 883
BIKE_32021,790 Adventure
BIKE_32022,Agusta Brutale
BIKE_32023,Hp2 Sport
BIKE_32024,V-Strom 1000
BIKE_32025,Xdiavel
BIKE_32026,
BIKE_32027,Z 800
BIKE_32028,
BIKE_32029,Moto Zforce 1000
BIKE_32030,Moto Zforce 1000
BIKE_32031,Moto Zforce 1000
BIKE_32032,Nc 750
BIKE_32033,Sprint
BIKE_32034,R Ninet
BIKE_32035,Street Triple 765
BIKE_32036,1199 Panigale
BIKE_32037,Agility 150
BIKE_32038,Mt-09
BIKE_32039,General
BIKE_32040,Atlantis
BIKE_32041,R Ninet
BIKE_32042,790 Duke
BIKE_32043,
BIKE_32044,
BIKE_32045,752 S
BIKE_32046,Softail
BIKE_32047,K 1600 Gt
BIKE_32048,Cb 1000
BIKE_32049,Vn 1700
BIKE_32050,Crossrunner
BIKE_32051,Xvs 650
BIKE_32052,Xvs 650
BIKE_32053,Xvs 650
BIKE_32054,Softail
BIKE_32055,Hyperstrada
BIKE_32056,Z 900
BIKE_32057,Panigale V4
BIKE_32058,1190 Adventure
BIKE_32059,S 1000 Xr
BIKE_32060,Burgman 650
BIKE_32061,Sportster 883
BIKE_32062,F 900 R
BIKE_32063,Iron 883
BIKE_32064,S 1000 Xr
BIKE_32065,Cbr 125
BIKE_32066,R 1250 Rt
BIKE_32067,Multistrada 950
BIKE_32068,Multistrada 950
BIKE_32069,Multistrada 950
BIKE_32070,Zn 125 T-E
BIKE_32071,Street 125
BIKE_32072,F 850 Gs
BIKE_32073,Speed Triple 1050
BIKE_32074,Caponord 1200
BIKE_32075,
BIKE_32076,Sixteen 150
BIKE_32077,Crosstourer
BIKE_32078,Softail
BIKE_32079,Iron 1200
BIKE_32080,R 1200 C Independent
BIKE_32081,
BIKE_32082,Agusta Stradale 800
BIKE_32083,C 650 Gt
BIKE_32084,R 1200 Gs Adventure
BIKE_32085,Versys 650
BIKE_32086,Heritage Softail
BIKE_32087,R 1200 Rt
BIKE_32088,R 1200 Gs
BIKE_32089,Agusta Dragster
BIKE_32090,Gsx-S 1000
BIKE_32091,Yzf-R1
BIKE_32092,Nc 750
BIKE_32093,Dyna Low Rider
BIKE_32094,C 650
BIKE_32095,1199 Panigale
BIKE_32096,Cb 1000
BIKE_32097,Fz 8
BIKE_32098,
BIKE_32099,W 800
BIKE_32100,K 1600 Gt
BIKE_32101,F 800 R
BIKE_32102,X-Adv
BIKE_32103,R 1200 Rt
BIKE_32104,Cb 900
BIKE_32105,Ape
BIKE_32106,Am Ryker
BIKE_32107,Am Ryker
BIKE_32108,Am Ryker
BIKE_32109,Burgman 200
BIKE_32110,R 1200 Gs
BIKE_32111,R 1250 Gs
BIKE_32112,Marathon
BIKE_32113,Marathon
BIKE_32114,Marathon
BIKE_32115,Hp4
BIKE_32116,Hp4
BIKE_32117,Hp4
BIKE_32118,1200 Custom
BIKE_32119,Daytona 900
BIKE_32120,R 1200 Gs
BIKE_32121,Multistrada 1200
BIKE_32122,Tracer 900
BIKE_32123,Ln 125
BIKE_32124,F 900 Xr
BIKE_32125,S 1000 Rr
BIKE_32126,B King
BIKE_32127,
BIKE_32128,50
BIKE_32129,1299 Panigale
BIKE_32130,Zzr 1400
BIKE_32131,R 1200 Gs Adventure
BIKE_32132,990 Supermoto
BIKE_32133,V-Strom 650
BIKE_32134,Xl 1200
BIKE_32135,K-Pipe 50
BIKE_32136,R 1200 R
BIKE_32137,R 1200 Gs
BIKE_32138,
BIKE_32139,Beverly 400
BIKE_32140,C 650 Gt
BIKE_32141,Rocket Iii Roadster
BIKE_32142,Cb 1100
BIKE_32143,Multistrada 1260
BIKE_32144,V-Strom 1050
BIKE_32145,R Ninet
BIKE_32146,Mt-09
BIKE_32147,Medley 125
BIKE_32148,Fz 8
BIKE_32149,Crf 1100
BIKE_32150,Moto Grs 125
BIKE_32151,Guzzi Griso 1100
BIKE_32152,R 1200 Gs Adventure
BIKE_32153,Ybr 125
BIKE_32154,R 1200 Gs
BIKE_32155,R 50
BIKE_32156,Tmax 530
BIKE_32157,Zero Fxs
BIKE_32158,R 1200 Gs Lc
BIKE_32159,Tiger Explorer
BIKE_32160,R 1200 Rt
BIKE_32161,
BIKE_32162,K 1300 Gt
BIKE_32163,Z 900
BIKE_32164,Multistrada 950
BIKE_32165,Multistrada 950
BIKE_32166,Multistrada 950
BIKE_32167,Vn 1700
BIKE_32168,Fjr 1300
BIKE_32169,
BIKE_32170,Moto Cforce 520
BIKE_32171,Moto Cforce 520
BIKE_32172,Moto Cforce 520
BIKE_32173,Ninja Zx-6R
BIKE_32174,1290 Super Duke R
BIKE_32175,Er - 5
BIKE_32176,C 400 Gt
BIKE_32177,Rs 660
BIKE_32178,S 1000 Xr
BIKE_32179,Am Maverick
BIKE_32180,Mp3 300
BIKE_32181,F 800 R
BIKE_32182,Tracer 900
BIKE_32183,High-Ball
BIKE_32184,F 700 Gs
BIKE_32185,Gsx-R 600
BIKE_32186,Dyna Street Bob
BIKE_32187,Symphony 150
BIKE_32188,Xenter 150
BIKE_32189,Xenter 150
BIKE_32190,Xenter 150
BIKE_32191,690 Duke
BIKE_32192,Versys 1000
BIKE_32193,Gt 650I
BIKE_32194,Bonneville T120
BIKE_32195,Rocker C
BIKE_32196,Fat Bob
BIKE_32197,Crf 1000
BIKE_32198,790 Duke
BIKE_32199,Guzzi V 9
BIKE_32200,Bn 251
BIKE_32201,Bn 251
BIKE_32202,Bn 251
BIKE_32203,Panhead
BIKE_32204,Niken
BIKE_32205,
BIKE_32206,Dyna Switchback
BIKE_32207,Dyna Switchback
BIKE_32208,Dyna Switchback
BIKE_32209,
BIKE_32210,
BIKE_32211,Nmax
BIKE_32212,Smx 125I Enduro
BIKE_32213,Blade 1000
BIKE_32214,Vmax
BIKE_32215,F 900 Xr
BIKE_32216,R 1200 Rt
BIKE_32217,Tracer 700
BIKE_32218,Monster 821
BIKE_32219,Crf 1000
BIKE_32220,R 1200 Gs Adventure
BIKE_32221,
BIKE_32222,Downtown 300I
BIKE_32223,C 650 Gt
BIKE_32224,Vulcan S
BIKE_32225,S 1000 R
BIKE_32226,Versys 650
BIKE_32227,Tmax 560
BIKE_32228,Xenter 125
BIKE_32229,125 Exc
BIKE_32230,125 Exc
BIKE_32231,125 Exc
BIKE_32232,Gold Wing
BIKE_32233,Crosstourer
BIKE_32234,Rs4 125
BIKE_32235,
BIKE_32236,Roadster
BIKE_32237,Nrg Power
BIKE_32238,Nrg Power
BIKE_32239,Nrg Power
BIKE_32240,Agusta Brutale
BIKE_32241,
BIKE_32242,
BIKE_32243,R 1250 Gs Adventure
BIKE_32244,S 1000 R
BIKE_32245,
BIKE_32246,Sportster Forty Eight
BIKE_32247,Multistrada 1200
BIKE_32248,Bx 125
BIKE_32249,1190 Adventure
BIKE_32250,Yzf-R6
BIKE_32251,Guzzi V 85
BIKE_32252,
BIKE_32253,Guzzi V 7
BIKE_32254,Dog K-9
BIKE_32255,C 650
BIKE_32256,C 600 Sport
BIKE_32257,R 1200 R
BIKE_32258,R Ninet
BIKE_32259,Bonneville Se
BIKE_32260,Xv 1600
BIKE_32261,Yzf-R6
BIKE_32262,X-Max 300
BIKE_32263,50
BIKE_32264,Tmax 530
BIKE_32265,F 800 Gs
BIKE_32266,Rocker C
BIKE_32267,Gsx-S 1000
BIKE_32268,Cb 1000
BIKE_32269,Moto Sirion 125
BIKE_32270,Agility 125
BIKE_32271,790 Duke
BIKE_32272,Crf 1100
BIKE_32273,C 600
BIKE_32274,C 600
BIKE_32275,C 600
BIKE_32276,R 1200 R
BIKE_32277,Gl 1800
BIKE_32278,
BIKE_32279,
BIKE_32280,
BIKE_32281,Ark 50
BIKE_32282,Ark 50
BIKE_32283,Ark 50
BIKE_32284,Beverly 300
BIKE_32285,Hayabusa
BIKE_32286,Liberty 50
BIKE_32287,Agility 50
BIKE_32288,F 850 Gs
BIKE_32289,
BIKE_32290,R 1200 Rt
BIKE_32291,Ybr 125
BIKE_32292,Sh 125
BIKE_32293,Mt-09
BIKE_32294,Fat Boy
BIKE_32295,Z 1000
BIKE_32296,
BIKE_32297,Sportster 1200
BIKE_32298,Street 750
BIKE_32299,Softail
BIKE_32300,Mp3 500
BIKE_32301,Gsx-S 750
BIKE_32302,Crf 1100
BIKE_32303,Xb 12
BIKE_32304,Softail
BIKE_32305,Lx 50
BIKE_32306,Crf 1000
BIKE_32307,848
BIKE_32308,848
BIKE_32309,848
BIKE_32310,R 1200 Rt
BIKE_32311,J300
BIKE_32312,Qooder
BIKE_32313,848
BIKE_32314,848
BIKE_32315,848
BIKE_32316,Downtown 300I
BIKE_32317,Rkv 125
BIKE_32318,Fly 50
BIKE_32319,Fly 50
BIKE_32320,Fly 50
BIKE_32321,Tiger 800
BIKE_32322,250 Sx
BIKE_32323,R 1250 Gs
BIKE_32324,R Ninet
BIKE_32325,Burgman 650
BIKE_32326,Resident 350
BIKE_32327,Nc 750
BIKE_32328,Scout
BIKE_32329,Scrambler
BIKE_32330,Sh 150
BIKE_32331,Scrambler
BIKE_32332,790 Duke
BIKE_32333,Moto Code 125
BIKE_32334,Cbr 650
BIKE_32335,Scrambler
BIKE_32336,Forza 300
BIKE_32337,R Ninet
BIKE_32338,Fjr 1300
BIKE_32339,Rs 125
BIKE_32340,S 1000 Rr
BIKE_32341,Bonneville T214
BIKE_32342,F 850 Gs
BIKE_32343,Xtz 660
BIKE_32344,Tmax 560
BIKE_32345,Road King
BIKE_32346,Nsc 50 R
BIKE_32347,Nsc 50 R
BIKE_32348,Nsc 50 R
BIKE_32349,R 80 R
BIKE_32350,R 80 R
BIKE_32351,R 80 R
BIKE_32352,Renegade
BIKE_32353,F 6 C
BIKE_32354,F 800 Gs
BIKE_32355,990 Super Duke
BIKE_32356,1190 Adventure
BIKE_32357,49X
BIKE_32358,Xvs 650
BIKE_32359,Xvs 650
BIKE_32360,Xvs 650
BIKE_32361,Softail
BIKE_32362,Gladius 650
BIKE_32363,R 1200 Rt
BIKE_32364,Tracer 900
BIKE_32365,Xvs 1300
BIKE_32366,R Ninet
BIKE_32367,Softail
BIKE_32368,Z 900
BIKE_32369,Rsv4
BIKE_32370,Vmax
BIKE_32371,Burgman 650
BIKE_32372,Dyna Super Glide
BIKE_32373,990 Supermoto
BIKE_32374,Hp2 Sport
BIKE_32375,S 1000 Rr
BIKE_32376,R 1200 Gs
BIKE_32377,Cb 500
BIKE_32378,R 1200 R
BIKE_32379,Yz 250
BIKE_32380,R 1250 Gs Adventure
BIKE_32381,F 650 Gs
BIKE_32382,Diavel
BIKE_32383,Burgman 125
BIKE_32384,790 Duke
BIKE_32385,Iron 883
BIKE_32386,R Ninet
BIKE_32387,1000 Sport
BIKE_32388,Ninja 300
BIKE_32389,Z 750
BIKE_32390,Mt-03
BIKE_32391,Mt-03
BIKE_32392,Mt-03
BIKE_32393,Multistrada 1200
BIKE_32394,Agusta Turismo Veloce 800
BIKE_32395,Pcx 125
BIKE_32396,Versys 650
BIKE_32397,Road Glide
BIKE_32398,
BIKE_32399,Vitality
BIKE_32400,Vitality
BIKE_32401,Vitality
BIKE_32402,Custom Bike
BIKE_32403,Nc 750
BIKE_32404,Sportster Forty Eight
BIKE_32405,Sr 50
BIKE_32406,450 Exc
BIKE_32407,Xl 1200
BIKE_32408,1290 Super Adventure
BIKE_32409,Panigale V4
BIKE_32410,F 900 R
BIKE_32411,Vfr 1200
BIKE_32412,Rocker C
BIKE_32413,Tracer 900
BIKE_32414,
BIKE_32415,Z 750
BIKE_32416,F 850 Gs
BIKE_32417,C 400 Gt
BIKE_32418,R 1250 Gs
BIKE_32419,Mt-10
BIKE_32420,R 1200 Gs Lc
BIKE_32421,Sportster Xl 883
BIKE_32422,Hayabusa
BIKE_32423,Xl 1200
BIKE_32424,Cbr 600
BIKE_32425,Z 900
BIKE_32426,Street Cup
BIKE_32427,Street Cup
BIKE_32428,Street Cup
BIKE_32429,Scout
BIKE_32430,Guzzi 1200 Sport
BIKE_32431,Sportster Forty Eight
BIKE_32432,Cb 1000
BIKE_32433,Speed Twin
BIKE_32434,Ranger
BIKE_32435,R 1200 Rt
BIKE_32436,Gas
BIKE_32437,Quad
BIKE_32438,Quad
BIKE_32439,Quad
BIKE_32440,Moto Sirion 125
BIKE_32441,Rc 390
BIKE_32442,Sportster Xr 1200
BIKE_32443,K 1300
BIKE_32444,R 1200 Rt
BIKE_32445,Caballero 500
BIKE_32446,Xvs 950
BIKE_32447,Mt-10
BIKE_32448,Softail
BIKE_32449,Rf1
BIKE_32450,X-Adv
BIKE_32451,S 1000 Rr
BIKE_32452,Rocket Iii Roadster
BIKE_32453,Sh 150
BIKE_32454,Z1000 Sx
BIKE_32455,Sport Glide
BIKE_32456,R Ninet
BIKE_32457,790 Duke
BIKE_32458,Iron 883
BIKE_32459,Road King
BIKE_32460,Moto Tw 125
BIKE_32461,F 900 Xr
BIKE_32462,Pan European
BIKE_32463,Speed Triple 1050
BIKE_32464,701 Supermoto
BIKE_32465,Primavera
BIKE_32466,690 Duke
BIKE_32467,Shiver 900
BIKE_32468,Diavel
BIKE_32469,Fjr 1300
BIKE_32470,Typhoon
BIKE_32471,R 1200 Gs
BIKE_32472,Rzr 900
BIKE_32473,Rzr 900
BIKE_32474,Rzr 900
BIKE_32475,Multistrada 1200
BIKE_32476,
BIKE_32477,Yzf-R6
BIKE_32478,Cruisym 300
BIKE_32479,Drd
BIKE_32480,Drd
BIKE_32481,Drd
BIKE_32482,1000 Ss
BIKE_32483,
BIKE_32484,Yzf-R3
BIKE_32485,Z 1000
BIKE_32486,V-Strom 1050
BIKE_32487,Sportster Forty Eight
BIKE_32488,R Ninet
BIKE_32489,R 80 Gs
BIKE_32490,1290 Super Duke R
BIKE_32491,Speed Triple 1050
BIKE_32492,Night Rod
BIKE_32493,Scrambler
BIKE_32494,Thruxton
BIKE_32495,S 1000 Rr
BIKE_32496,Tuono
BIKE_32497,Multistrada 950
BIKE_32498,Multistrada 950
BIKE_32499,Multistrada 950
BIKE_32500,X-Max 250
BIKE_32501,Street Scrambler
BIKE_32502,Tmax 530
BIKE_32503,R 1200 Rt
BIKE_32504,1198
BIKE_32505,
BIKE_32506,Rx 50
BIKE_32507,Rx 50
BIKE_32508,Rx 50
BIKE_32509,Spyder
BIKE_32510,R 1200 Rt
BIKE_32511,Agility 125
BIKE_32512,Monster 1200
BIKE_32513,
BIKE_32514,
BIKE_32515,Cbr 1000
BIKE_32516,Cbf 1000
BIKE_32517,Nc 750
BIKE_32518,R 1200 Rt
BIKE_32519,R 1200 Gs
BIKE_32520,Gts 300
BIKE_32521,Rf1
BIKE_32522,1000 Gt
BIKE_32523,
BIKE_32524,C 650
BIKE_32525,
BIKE_32526,Srv 850
BIKE_32527,R 1250 Gs
BIKE_32528,Supersport
BIKE_32529,Z 900
BIKE_32530,
BIKE_32531,Mt-07
BIKE_32532,Softail
BIKE_32533,K 1
BIKE_32534,Bws
BIKE_32535,Pes 125
BIKE_32536,Sportster Forty Eight
BIKE_32537,Z H2
BIKE_32538,Multistrada 1200
BIKE_32539,Z 900
BIKE_32540,Cb 125
BIKE_32541,
BIKE_32542,R 1200 Gs Adventure
BIKE_32543,
BIKE_32544,Multistrada 1200
BIKE_32545,Scrambler
BIKE_32546,Dyna Fat Bob
BIKE_32547,Ak 550
BIKE_32548,Z 1000
BIKE_32549,Xl 1200
BIKE_32550,Cbr 1000
BIKE_32551,Xdiavel
BIKE_32552,1290 Super Adventure
BIKE_32553,X-Adv
BIKE_32554,
BIKE_32555,F 800 Gs
BIKE_32556,R 1250 Gs
BIKE_32557,Guzzi Astore
BIKE_32558,Street Glide
BIKE_32559,S 1000 Rr
BIKE_32560,Srv 850
BIKE_32561,Tiger 1200
BIKE_32562,S 1000 R
BIKE_32563,Z 1000
BIKE_32564,Sh 300
BIKE_32565,
BIKE_32566,
BIKE_32567,Burgman 125
BIKE_32568,R Ninet
BIKE_32569,Black X-Max
BIKE_32570,Vfr 1200
BIKE_32571,R 1200 Gs Adventure
BIKE_32572,Gsx-S 1000
BIKE_32573,Kx 65
BIKE_32574,Mt-07
BIKE_32575,Tracer 900
BIKE_32576,Tmax 530
BIKE_32577,Cbf 600
BIKE_32578,F 800 Gs
BIKE_32579,Xv 950
BIKE_32580,Sportster
BIKE_32581,Softail
BIKE_32582,Yzf-R1
BIKE_32583,X-Adv
BIKE_32584,F 800 Gs
BIKE_32585,Dyna Fat Bob
BIKE_32586,R 100 R
BIKE_32587,F 800 R
BIKE_32588,Deluxe
BIKE_32589,X-Max 400
BIKE_32590,Tuono
BIKE_32591,Am Outlander
BIKE_32592,Fat Boy
BIKE_32593,R 1200 Gs Adventure
BIKE_32594,Road King
BIKE_32595,F 750 Gs
BIKE_32596,R 1200 Gs Lc
BIKE_32597,R 1200 Rt
BIKE_32598,Street Triple 765
BIKE_32599,Hyperstrada
BIKE_32600,R Ninet
BIKE_32601,Z 900
BIKE_32602,F 800 Gs
BIKE_32603,Vmax
BIKE_32604,
BIKE_32605,
BIKE_32606,R 1200 R
BIKE_32607,Scout
BIKE_32608,Crf 1000
BIKE_32609,R 1200 Rs
BIKE_32610,Tmax 530
BIKE_32611,R 80 R
BIKE_32612,R 80 R
BIKE_32613,R 80 R
BIKE_32614,R18
BIKE_32615,Z 650
BIKE_32616,Street Triple 765
BIKE_32617,R 1250 Gs
BIKE_32618,F 900 Xr
BIKE_32619,Vn 1700
BIKE_32620,Cbr 600
BIKE_32621,Super Dink 125
BIKE_32622,R 1250 Rt
BIKE_32623,Tuono
BIKE_32624,Agility 150
BIKE_32625,C 650 Gt
BIKE_32626,Rc 125
BIKE_32627,Z 1000
BIKE_32628,888
BIKE_32629,Z 900
BIKE_32630,
BIKE_32631,Tmax Dx
BIKE_32632,Z 1000
BIKE_32633,
BIKE_32634,Fjr 1300
BIKE_32635,Agusta Brutale 800
BIKE_32636,Inazuma 250
BIKE_32637,Inazuma 250
BIKE_32638,Inazuma 250
BIKE_32639,Ninja 650
BIKE_32640,Tracer 900
BIKE_32641,1290 Super Duke R
BIKE_32642,Zero Ds
BIKE_32643,Xb 12
BIKE_32644,Gsx-S 1000
BIKE_32645,R 1200 R
BIKE_32646,R 1200 Gs
BIKE_32647,Zero S
BIKE_32648,Zero S
BIKE_32649,Zero S
BIKE_32650,People Gt300I
BIKE_32651,Gsr 750
BIKE_32652,
BIKE_32653,
BIKE_32654,Sx 50
BIKE_32655,Sx 50
BIKE_32656,Sx 50
BIKE_32657,Lx 50
BIKE_32658,F 850 Gs
BIKE_32659,F 700 Gs
BIKE_32660,Diavel
BIKE_32661,R 1200 Gs
BIKE_32662,Electric 1954
BIKE_32663,R 1200 Gs
BIKE_32664,
BIKE_32665,Bonneville T100
BIKE_32666,
BIKE_32667,1290 Super Duke Gt
BIKE_32668,C 650 Gt
BIKE_32669,S 1000 R
BIKE_32670,R 1200 Gs Adventure
BIKE_32671,R 1200 Gs
BIKE_32672,R 1250 Gs
BIKE_32673,Agility 150
BIKE_32674,R 1150 Rt
BIKE_32675,R 1150 Rt
BIKE_32676,R 1150 Rt
BIKE_32677,Fat Bob
BIKE_32678,Electra Glide
BIKE_32679,Ctx 1300
BIKE_32680,Ctx 1300
BIKE_32681,Ctx 1300
BIKE_32682,X-Town
BIKE_32683,
BIKE_32684,Xb 9
BIKE_32685,Race 125
BIKE_32686,S 1000 Rr
BIKE_32687,Cb 650
BIKE_32688,Vulcan S
BIKE_32689,
BIKE_32690,
BIKE_32691,Scout
BIKE_32692,Vfr 1200
BIKE_32693,
BIKE_32694,
BIKE_32695,
BIKE_32696,Softail
BIKE_32697,Tmax 530
BIKE_32698,Z 900
BIKE_32699,R 60
BIKE_32700,R 60
BIKE_32701,R 60
BIKE_32702,
BIKE_32703,K 1300 R
BIKE_32704,
BIKE_32705,Sportster 1200
BIKE_32706,Guzzi 850 T
BIKE_32707,
BIKE_32708,Memory
BIKE_32709,
BIKE_32710,Cmx 500
BIKE_32711,Tmax 530
BIKE_32712,R 1200 Gs Lc
BIKE_32713,Crf 1000
BIKE_32714,Tracer 900
BIKE_32715,1290 Super Duke R
BIKE_32716,Dyna Street Bob
BIKE_32717,
BIKE_32718,Agility 200
BIKE_32719,Agusta Brutale 800
BIKE_32720,Like 125
BIKE_32721,Sport Glide
BIKE_32722,Majesty 400
BIKE_32723,R 1200 Gs
BIKE_32724,Mp3 300
BIKE_32725,Xciting 300I
BIKE_32726,Night Rod
BIKE_32727,F 700 Gs
BIKE_32728,Heritage Softail
BIKE_32729,
BIKE_32730,
BIKE_32731,Road King
BIKE_32732,Fuoco 500
BIKE_32733,Sportster 1200
BIKE_32734,Hp 2 Megamoto
BIKE_32735,Gsr 750
BIKE_32736,
BIKE_32737,916
BIKE_32738,Tracer 700
BIKE_32739,Agusta Brutale 750
BIKE_32740,Fat Boy
BIKE_32741,R 1200 Rt
BIKE_32742,Renegade
BIKE_32743,701 Supermoto
BIKE_32744,Gsx-R 600
BIKE_32745,Custom Bike
BIKE_32746,R 1200 Gs Adventure
BIKE_32747,Multistrada 1200
BIKE_32748,Derapage 50
BIKE_32749,Bt50Qt
BIKE_32750,
BIKE_32751,Agusta F4
BIKE_32752,Thruxton
BIKE_32753,Agusta Brutale 800
BIKE_32754,Crf 1000
BIKE_32755,Versys 650
BIKE_32756,Dorsoduro
BIKE_32757,Rocket Iii Touring
BIKE_32758,R 1250 Rs
BIKE_32759,500 Exc
BIKE_32760,500 Exc
BIKE_32761,500 Exc
BIKE_32762,Scrambler
BIKE_32763,750 H2
BIKE_32764,X-Adv
BIKE_32765,Moto Cforce 625
BIKE_32766,Cbr 600
BIKE_32767,Cvo Limited
BIKE_32768,Electra Glide
BIKE_32769,Gsx-S 125
BIKE_32770,Gsx-S 125
BIKE_32771,Gsx-S 125
BIKE_32772,S 1000 Xr
BIKE_32773,Z1000 Sx
BIKE_32774,1190 Adventure
BIKE_32775,F 900 R
BIKE_32776,V-Strom 1000
BIKE_32777,Sportster 1200
BIKE_32778,Beverly 250
BIKE_32779,Trike
BIKE_32780,Speed Triple R
BIKE_32781,Ninja Zx-10R
BIKE_32782,Xl 1200
BIKE_32783,Hurricane 450
BIKE_32784,R 67
BIKE_32785,Yb150T-15
BIKE_32786,Agusta Brutale
BIKE_32787,Fjr 1300
BIKE_32788,Like 200I
BIKE_32789,Guzzi
BIKE_32790,X-Adv
BIKE_32791,Tiger 900
BIKE_32792,Brio 50 4T
BIKE_32793,R 1200 Gs
BIKE_32794,Cb 500
BIKE_32795,Sportster 1200
BIKE_32796,Nc 750
BIKE_32797,Ninja H2
BIKE_32798,Caballero 500
BIKE_32799,Cb 750 Four
BIKE_32800,Chief
BIKE_32801,Tmax 560
BIKE_32802,Ls 650
BIKE_32803,Te 250
BIKE_32804,Dyna Wide Glide
BIKE_32805,Cbr 125
BIKE_32806,
BIKE_32807,Hd 200
BIKE_32808,Hd 200
BIKE_32809,Hd 200
BIKE_32810,Sh 150
BIKE_32811,Vrsc V-Rod
BIKE_32812,
BIKE_32813,Monster 1200
BIKE_32814,F 800 Gs
BIKE_32815,Xciting 300I
BIKE_32816,125 Duke
BIKE_32817,R 1200 Rt
BIKE_32818,Electra Glide
BIKE_32819,Ninja Zx-10R
BIKE_32820,690 Duke
BIKE_32821,Sportster Forty Eight
BIKE_32822,Gsx-S 750
BIKE_32823,Yzf 750
BIKE_32824,Xt 1200
BIKE_32825,
BIKE_32826,Z 1
BIKE_32827,Cb 650
BIKE_32828,Vrsc Night Rod
BIKE_32829,Crf 1000
BIKE_32830,
BIKE_32831,Tmax 560
BIKE_32832,
BIKE_32833,Sh 150
BIKE_32834,Downtown 300I
BIKE_32835,Aquila 250
BIKE_32836,
BIKE_32837,Raptor 700
BIKE_32838,Street Glide
BIKE_32839,Cb 1000
BIKE_32840,1290 Super Adventure
BIKE_32841,Gsx-R 125
BIKE_32842,R Ninet
BIKE_32843,Tzr 50
BIKE_32844,Supersport
BIKE_32845,X-Town
BIKE_32846,Z1000 Sx
BIKE_32847,Vulcan S
BIKE_32848,R 1200 R
BIKE_32849,X-Max 250
BIKE_32850,S 1000 Rr
BIKE_32851,1290 Super Duke Gt
BIKE_32852,R 1200 Rt
BIKE_32853,Z 900
BIKE_32854,Softail
BIKE_32855,S 1000 Rr
BIKE_32856,1290 Super Duke R
BIKE_32857,Gold Wing
BIKE_32858,
BIKE_32859,Hypermotard 821
BIKE_32860,Hypermotard 821
BIKE_32861,Hypermotard 821
BIKE_32862,Mt-09
BIKE_32863,Softail Slim
BIKE_32864,R Ninet
BIKE_32865,R 1200 Gs Adventure
BIKE_32866,Z 900
BIKE_32867,Fat Boy
BIKE_32868,Cbr 500 R
BIKE_32869,1290 Super Duke Gt
BIKE_32870,S 1000 Xr
BIKE_32871,Dyna Street Bob
BIKE_32872,Z1000 Sx
BIKE_32873,R 1200 R
BIKE_32874,
BIKE_32875,Z 800
BIKE_32876,Super Cub
BIKE_32877,R 1250 Gs
BIKE_32878,Versys 1000
BIKE_32879,R 1200 Gs
BIKE_32880,Guzzi V 7
BIKE_32881,Mt-09
BIKE_32882,Streetfighter
BIKE_32883,Custom Bike
BIKE_32884,X-Adv
BIKE_32885,Bullet 50
BIKE_32886,
BIKE_32887,
BIKE_32888,
BIKE_32889,R Ninet
BIKE_32890,Am Renegade
BIKE_32891,Am Renegade
BIKE_32892,Am Renegade
BIKE_32893,R 1200 Gs
BIKE_32894,R 1200 Rt
BIKE_32895,Ame
BIKE_32896,
BIKE_32897,Z 900
BIKE_32898,Xv 950
BIKE_32899,Bonneville T100
BIKE_32900,900 Z
BIKE_32901,900 Z
BIKE_32902,900 Z
BIKE_32903,F 800 Gt
BIKE_32904,Tiger 1200
BIKE_32905,Tmax 530
BIKE_32906,V-Strom 650
BIKE_32907,
BIKE_32908,Road Glide
BIKE_32909,Rocker C
BIKE_32910,Xl 1200
BIKE_32911,S 1000 Xr
BIKE_32912,X-Max 250
BIKE_32913,Vrsc V-Rod
BIKE_32914,C 650 Gt
BIKE_32915,R 1200 Gs Adventure
BIKE_32916,Crf 1100
BIKE_32917,Street Glide
BIKE_32918,
BIKE_32919,
BIKE_32920,R 1200 Gs
BIKE_32921,R Ninet
BIKE_32922,F 900 Xr
BIKE_32923,R 100 Rt
BIKE_32924,R 100 Rt
BIKE_32925,R 100 Rt
BIKE_32926,Scrambler
BIKE_32927,Softail
BIKE_32928,Dyna Low Rider
BIKE_32929,Monster 821
BIKE_32930,Yzf 1000
BIKE_32931,
BIKE_32932,Speed Triple R
BIKE_32933,Custom Bike
BIKE_32934,1199 Panigale
BIKE_32935,Mt-09
BIKE_32936,Qooder
BIKE_32937,S 1000 R
BIKE_32938,Tmax 530
BIKE_32939,
BIKE_32940,Gsx-S 1000
BIKE_32941,Hypermotard 939
BIKE_32942,Xdiavel
BIKE_32943,Carnaby 300
BIKE_32944,Speed Triple R
BIKE_32945,Saturno
BIKE_32946,Sportster 1200
BIKE_32947,F 800
BIKE_32948,Ninja 1000Sx
BIKE_32949,R 1200 Gs
BIKE_32950,R 1200 Rt
BIKE_32951,Cityblade
BIKE_32952,Cityblade
BIKE_32953,Cityblade
BIKE_32954,Tmax Sx
BIKE_32955,R 1200 Gs
BIKE_32956,Tracer 900
BIKE_32957,R 1200 Gs
BIKE_32958,Speedmaster
BIKE_32959,
BIKE_32960,Cb 125
BIKE_32961,Scrambler
BIKE_32962,Agility 150
BIKE_32963,Iron 883
BIKE_32964,Street 750
BIKE_32965,R Ninet
BIKE_32966,1290 Super Duke R
BIKE_32967,Road King
BIKE_32968,K 1600 Gtl
BIKE_32969,
BIKE_32970,Fat Boy
BIKE_32971,Fat Boy
BIKE_32972,N1S
BIKE_32973,Vfr 1200
BIKE_32974,Flathead
BIKE_32975,Nc 750
BIKE_32976,Yzf-R1
BIKE_32977,Primavera 50
BIKE_32978,
BIKE_32979,Vn 900
BIKE_32980,X-Max 250
BIKE_32981,Cbr 1000
BIKE_32982,Road Glide
BIKE_32983,Sportster Forty Eight
BIKE_32984,Am Renegade
BIKE_32985,Am Renegade
BIKE_32986,Am Renegade
BIKE_32987,Ninja 650
BIKE_32988,
BIKE_32989,Mt-01
BIKE_32990,Ninja Zx-6R
BIKE_32991,Multistrada 1100
BIKE_32992,Speed Triple 1050
BIKE_32993,R 1250 R
BIKE_32994,Sky 50
BIKE_32995,Softail
BIKE_32996,
BIKE_32997,Tuono
BIKE_32998,Scrambler
BIKE_32999,R 1200 R Classic
BIKE_33000,Yzf-R1
BIKE_33001,V-Strom 1050
BIKE_33002,Crf 1000
BIKE_33003,R 1200 Gs Lc
BIKE_33004,790 Duke
BIKE_33005,Monster 1200
BIKE_33006,V-Rod
BIKE_33007,Burgman 200
BIKE_33008,Cbr 600
BIKE_33009,Fz 8
BIKE_33010,Softail
BIKE_33011,
BIKE_33012,C 600 Sport
BIKE_33013,Beverly 300
BIKE_33014,F 800 Gs
BIKE_33015,Z 800
BIKE_33016,R 1200 Gs
BIKE_33017,Cbr 500 R
BIKE_33018,R 1200 Rs
BIKE_33019,R Ninet
BIKE_33020,Xvs 650
BIKE_33021,Xvs 650
BIKE_33022,Xvs 650
BIKE_33023,Monster 797
BIKE_33024,Monster 797
BIKE_33025,Monster 797
BIKE_33026,Street Scrambler
BIKE_33027,Mp3 500
BIKE_33028,Beverly 300
BIKE_33029,
BIKE_33030,R 1200 R
BIKE_33031,Diavel
BIKE_33032,R 1250 R
BIKE_33033,Cbr 600
BIKE_33034,Supersport
BIKE_33035,Cb 1000
BIKE_33036,Cb 1100
BIKE_33037,R 1250 Gs Adventure
BIKE_33038,Street Triple R
BIKE_33039,Crf 1100
BIKE_33040,R 90 S
BIKE_33041,R 90 S
BIKE_33042,R 90 S
BIKE_33043,R 1200 Gs
BIKE_33044,R 1250 Gs
BIKE_33045,Sportster 883
BIKE_33046,Z1000 Sx
BIKE_33047,Ftr 1200
BIKE_33048,Bonneville T120
BIKE_33049,R 1200 Rt
BIKE_33050,Xciting 300I
BIKE_33051,1050 Adventure
BIKE_33052,
BIKE_33053,Cbr 250
BIKE_33054,Cbr 250
BIKE_33055,Cbr 250
BIKE_33056,Vmax
BIKE_33057,Shiver 900
BIKE_33058,Softail
BIKE_33059,C Evolution
BIKE_33060,1290 Super Duke R
BIKE_33061,X-City 125
BIKE_33062,Cbr 1000
BIKE_33063,Hayabusa
BIKE_33064,Sh 150
BIKE_33065,Symphony 125
BIKE_33066,S 1000 Xr
BIKE_33067,R 1200 Rt
BIKE_33068,Softail
BIKE_33069,Yzf-R1
BIKE_33070,
BIKE_33071,Qooder
BIKE_33072,
BIKE_33073,
BIKE_33074,
BIKE_33075,1290 Super Adventure
BIKE_33076,Gts 300
BIKE_33077,R 1200 Rt
BIKE_33078,Monster 821
BIKE_33079,S 1000 R
BIKE_33080,Road King
BIKE_33081,Heritage Softail
BIKE_33082,Xjr 1300
BIKE_33083,Road King
BIKE_33084,Gsx 1300
BIKE_33085,Mt-07
BIKE_33086,Scrambler
BIKE_33087,F 800 R
BIKE_33088,
BIKE_33089,1190 Adventure
BIKE_33090,
BIKE_33091,
BIKE_33092,Vegas 8-Ball
BIKE_33093,
BIKE_33094,S 1000 Rr
BIKE_33095,R 1200 Cl
BIKE_33096,R 1200 Cl
BIKE_33097,R 1200 Cl
BIKE_33098,Moto Zforce 800
BIKE_33099,Sportster 883
BIKE_33100,790 Adventure
BIKE_33101,Ak 550
BIKE_33102,Street Triple 765
BIKE_33103,F 6 C
BIKE_33104,
BIKE_33105,Agusta Brutale 1090
BIKE_33106,Burgman 650
BIKE_33107,Gsx-R 600
BIKE_33108,Vfr 800
BIKE_33109,C 650 Gt
BIKE_33110,Ultra Classic
BIKE_33111,690 Duke
BIKE_33112,R Ninet
BIKE_33113,Thruxton
BIKE_33114,Softail
BIKE_33115,
BIKE_33116,F 850 Gs
BIKE_33117,Xtc 125
BIKE_33118,R 1200 Gs Adventure
BIKE_33119,Am Ryker
BIKE_33120,Am Ryker
BIKE_33121,Am Ryker
BIKE_33122,Tmax 530
BIKE_33123,
BIKE_33124,Cb 125
BIKE_33125,Mt-07
BIKE_33126,K 1600 B
BIKE_33127,K 1600 B
BIKE_33128,K 1600 B
BIKE_33129,1290 Super Adventure
BIKE_33130,Cbr 600
BIKE_33131,K 1600 Gt
BIKE_33132,
BIKE_33133,Tmax 530
BIKE_33134,Ninja 650
BIKE_33135,Mt-09
BIKE_33136,Fjr 1300
BIKE_33137,S 1000 Xr
BIKE_33138,Dyna Wide Glide
BIKE_33139,Tiger 1050
BIKE_33140,R Ninet
BIKE_33141,Softail
BIKE_33142,Versys 1000
BIKE_33143,Z 400
BIKE_33144,Z 400
BIKE_33145,Z 400
BIKE_33146,Mt-07
BIKE_33147,996
BIKE_33148,Street Glide
BIKE_33149,
BIKE_33150,Dyna Street Bob
BIKE_33151,Vfr 800
BIKE_33152,Sh 300
BIKE_33153,
BIKE_33154,Vfr 1200
BIKE_33155,C 650
BIKE_33156,Ninja 1000Sx
BIKE_33157,Am Ryker
BIKE_33158,Am Ryker
BIKE_33159,Am Ryker
BIKE_33160,Road King
BIKE_33161,Night Train
BIKE_33162,Cb 1000
BIKE_33163,Medley 125
BIKE_33164,Sr Max 300
BIKE_33165,Sr Max 300
BIKE_33166,Sr Max 300
BIKE_33167,
BIKE_33168,Scrambler
BIKE_33169,
BIKE_33170,
BIKE_33171,
BIKE_33172,
BIKE_33173,Softail Slim
BIKE_33174,1200 Custom
BIKE_33175,R 1200 Gs
BIKE_33176,Ultra Classic
BIKE_33177,Vt 1300
BIKE_33178,Vt 1300
BIKE_33179,Vt 1300
BIKE_33180,R 1200 Gs
BIKE_33181,K 1600 Gt
BIKE_33182,R 1200 Gs
BIKE_33183,Rf1
BIKE_33184,Gsx-R 600
BIKE_33185,Orbit Iii
BIKE_33186,Orbit Iii
BIKE_33187,Orbit Iii
BIKE_33188,Vmax
BIKE_33189,Quadro4
BIKE_33190,Scarabeo
BIKE_33191,Ultra Limited
BIKE_33192,Crf 450
BIKE_33193,Sportster 1200
BIKE_33194,Z 1000
BIKE_33195,Mt-09
BIKE_33196,Medley 150
BIKE_33197,R 1200 Gs
BIKE_33198,Multistrada 950
BIKE_33199,Multistrada 950
BIKE_33200,Multistrada 950
BIKE_33201,R 1200 Rt
BIKE_33202,Moto 650 Nk
BIKE_33203,Monster 1200
BIKE_33204,Crf 1000
BIKE_33205,Motors City Star
BIKE_33206,R 1200 Rt
BIKE_33207,Supersport
BIKE_33208,Yzf-R6
BIKE_33209,
BIKE_33210,Monster 821
BIKE_33211,Tiger 1050
BIKE_33212,Z 800
BIKE_33213,Softail
BIKE_33214,America Lt
BIKE_33215,
BIKE_33216,R 1200 Gs Adventure
BIKE_33217,Tango 250
BIKE_33218,Ak 550
BIKE_33219,S 1000 Rr
BIKE_33220,Motors Retro Star
BIKE_33221,Burgman 650
BIKE_33222,1290 Super Adventure
BIKE_33223,Cbr 500 R
BIKE_33224,Moto Cforce 850
BIKE_33225,Crf 450
BIKE_33226,
BIKE_33227,Dyna Street Bob
BIKE_33228,R 1200 Rt
BIKE_33229,K-Xct 125
BIKE_33230,Fz-09
BIKE_33231,Multistrada 1200
BIKE_33232,Fjr 1300
BIKE_33233,S 1000 Xr
BIKE_33234,F 900 Xr
BIKE_33235,Tracer 900
BIKE_33236,R 1200 Rs
BIKE_33237,F 850 Gs
BIKE_33238,Vfr 1200
BIKE_33239,Sportster Forty Eight
BIKE_33240,Fat Boy
BIKE_33241,450 Exc
BIKE_33242,Diavel
BIKE_33243,
BIKE_33244,Like 50
BIKE_33245,R 1200 Rt
BIKE_33246,C Evolution
BIKE_33247,Joymax 125I
BIKE_33248,Joymax 125I
BIKE_33249,Joymax 125I
BIKE_33250,Xl 883
BIKE_33251,R 1200 Gs Adventure
BIKE_33252,Ninja Zx-6R
BIKE_33253,S 1000 Xr
BIKE_33254,Street 750
BIKE_33255,Desmosedici Rr
BIKE_33256,Electra Glide
BIKE_33257,Xr 1200
BIKE_33258,Roadmaster
BIKE_33259,S 1000 Xr
BIKE_33260,F 700 Gs
BIKE_33261,Ninja Zx-10R
BIKE_33262,Fz 750
BIKE_33263,X-Adv
BIKE_33264,
BIKE_33265,Xb 12
BIKE_33266,F 700 Gs
BIKE_33267,50 Sx
BIKE_33268,S 1000 Rr
BIKE_33269,
BIKE_33270,Heritage Springer
BIKE_33271,X-Max 400
BIKE_33272,Agusta Brutale 800
BIKE_33273,Vrsc V-Rod
BIKE_33274,Hypermotard 821
BIKE_33275,Hypermotard 821
BIKE_33276,Hypermotard 821
BIKE_33277,Vzr 1800
BIKE_33278,Sv 650
BIKE_33279,F 850 Gs
BIKE_33280,Lx 50
BIKE_33281,Fat Boy
BIKE_33282,B King
BIKE_33283,R 1200 Gs Adventure
BIKE_33284,Dyna Street Bob
BIKE_33285,Ams
BIKE_33286,Blog 160
BIKE_33287,Tiger 900
BIKE_33288,Softail
BIKE_33289,R 1150 Gs
BIKE_33290,Street Triple R
BIKE_33291,
BIKE_33292,D
BIKE_33293,Mp3 350
BIKE_33294,Kvf 750
BIKE_33295,R 1200 R
BIKE_33296,Cb 1000
BIKE_33297,K 1600 Gtl
BIKE_33298,Multistrada 1200
BIKE_33299,R 1200 Rt
BIKE_33300,990 Supermoto
BIKE_33301,R 1200
BIKE_33302,F 800
BIKE_33303,Guzzi V 7
BIKE_33304,Z 1300
BIKE_33305,Fjr 1300
BIKE_33306,Gsx-R 1000
BIKE_33307,X-Max 300
BIKE_33308,Z1000 Sx
BIKE_33309,Rocker C
BIKE_33310,Heritage Springer
BIKE_33311,Z 900
BIKE_33312,Iron 883
BIKE_33313,Tiger 1200
BIKE_33314,Xt 1200
BIKE_33315,R Ninet
BIKE_33316,
BIKE_33317,
BIKE_33318,Downtown 125I
BIKE_33319,Fxd
BIKE_33320,Yager Gt
BIKE_33321,Yager Gt
BIKE_33322,Yager Gt
BIKE_33323,S 1000 R
BIKE_33324,
BIKE_33325,Cb 500
BIKE_33326,Moto Cforce 450
BIKE_33327,Bx 125
BIKE_33328,Bonneville T120
BIKE_33329,Crf 1000
BIKE_33330,Moto Cforce 625
BIKE_33331,R Ninet
BIKE_33332,Z 1000
BIKE_33333,C 400 Gt
BIKE_33334,R 1200 Gs Adventure
BIKE_33335,Xl 1200
BIKE_33336,Z 1
BIKE_33337,Like 125
BIKE_33338,S 1000 R
BIKE_33339,Xjr 1300
BIKE_33340,Tmax 560
BIKE_33341,Gold Wing
BIKE_33342,Gsx-S 750
BIKE_33343,R 1200 Gs Adventure
BIKE_33344,R 75/5
BIKE_33345,Dyna Street Bob
BIKE_33346,S 1000 R
BIKE_33347,Trike
BIKE_33348,R 69 S
BIKE_33349,R 69 S
BIKE_33350,R 69 S
BIKE_33351,Tiger 800
BIKE_33352,Gsx-S 750
BIKE_33353,Fc 250
BIKE_33354,Orbit Ii
BIKE_33355,F 800 Gs
BIKE_33356,Sportster 883
BIKE_33357,Fz 8
BIKE_33358,Fiddle 50
BIKE_33359,Xdiavel
BIKE_33360,C 600 Sport
BIKE_33361,Mp3 500
BIKE_33362,Z 1000
BIKE_33363,Rzr 570
BIKE_33364,F 700 Gs
BIKE_33365,R 90 S
BIKE_33366,R 90 S
BIKE_33367,R 90 S
BIKE_33368,R 1200 S
BIKE_33369,R 1200 R Classic
BIKE_33370,
BIKE_33371,R 1200 Rs
BIKE_33372,1198
BIKE_33373,Agusta F3
BIKE_33374,K 1600 Gtl
BIKE_33375,
BIKE_33376,790 Adventure
BIKE_33377,Cmx 500
BIKE_33378,1190 Adventure
BIKE_33379,R 90
BIKE_33380,Guzzi
BIKE_33381,X-Town
BIKE_33382,Dyna Street Bob
BIKE_33383,Scrambler
BIKE_33384,Vulcan S
BIKE_33385,Vfr 800
BIKE_33386,Gts 125
BIKE_33387,Sv 650
BIKE_33388,Crf 250
BIKE_33389,Express 125
BIKE_33390,Kodiak 700
BIKE_33391,S 1000 Rr
BIKE_33392,X-Adv
BIKE_33393,Mt-09
BIKE_33394,Ninja 250 R
BIKE_33395,Ninja 250 R
BIKE_33396,Ninja 250 R
BIKE_33397,St 1300
BIKE_33398,Sportster Forty Eight
BIKE_33399,Road King
BIKE_33400,Nc 750
BIKE_33401,Vn 800
BIKE_33402,Xj 600
BIKE_33403,
BIKE_33404,Night Train
BIKE_33405,Tiger 1200
BIKE_33406,Wr 125
BIKE_33407,Wr 125
BIKE_33408,Wr 125
BIKE_33409,Guzzi
BIKE_33410,Tracer 700
BIKE_33411,Softail
BIKE_33412,
BIKE_33413,Multistrada 1200
BIKE_33414,Gl 1800
BIKE_33415,Dyna Street Bob
BIKE_33416,Majesty 400
BIKE_33417,Guzzi
BIKE_33418,Xdiavel
BIKE_33419,R Ninet
BIKE_33420,Vfr 800
BIKE_33421,Sh 150
BIKE_33422,1290 Super Duke R
BIKE_33423,Cb 1100
BIKE_33424,959 Panigale
BIKE_33425,Scrambler
BIKE_33426,1290 Super Adventure
BIKE_33427,Liberty 125
BIKE_33428,Iron 883
BIKE_33429,Sh 125
BIKE_33430,Rocket Iii Touring
BIKE_33431,Softail
BIKE_33432,Shadow Black Spirit
BIKE_33433,Nc 750
BIKE_33434,Atv 850G
BIKE_33435,Z 650
BIKE_33436,
BIKE_33437,V-Strom 650
BIKE_33438,
BIKE_33439,Scrambler
BIKE_33440,Burgman 400
BIKE_33441,V-Strom 1050
BIKE_33442,Burgman 400
BIKE_33443,Diavel
BIKE_33444,Crf 1000
BIKE_33445,Ninja H2
BIKE_33446,Dorsoduro
BIKE_33447,Gsx-S 1000
BIKE_33448,Yzf-R3
BIKE_33449,Multistrada 1200
BIKE_33450,Crox 50
BIKE_33451,Crox 50
BIKE_33452,Crox 50
BIKE_33453,
BIKE_33454,Versys 1000
BIKE_33455,Grand Dink 300
BIKE_33456,Electra Glide
BIKE_33457,Crf 1100
BIKE_33458,
BIKE_33459,Versys 650
BIKE_33460,V-Strom 1050
BIKE_33461,
BIKE_33462,
BIKE_33463,
BIKE_33464,S 1000 Xr
BIKE_33465,Streetfighter
BIKE_33466,Scrambler
BIKE_33467,Tmax 530
BIKE_33468,Monster 1200
BIKE_33469,Softail
BIKE_33470,Rc 390
BIKE_33471,
BIKE_33472,V-Strom 650
BIKE_33473,Like 125
BIKE_33474,R 1200 Gs Lc
BIKE_33475,Z 800
BIKE_33476,Versys 1000
BIKE_33477,Gold Wing
BIKE_33478,Cbr 600
BIKE_33479,Majesty 400
BIKE_33480,Rsv4
BIKE_33481,Tmax 560
BIKE_33482,R 1200 Gs Adventure
BIKE_33483,Gsx-R 1000
BIKE_33484,R 1200 Gs
BIKE_33485,Gsx-S 1000
BIKE_33486,Downtown 350I
BIKE_33487,Downtown 350I
BIKE_33488,Downtown 350I
BIKE_33489,R 1200 Gs
BIKE_33490,Fjr 1300
BIKE_33491,Ninja Zx-6R
BIKE_33492,Z 900
BIKE_33493,990 Supermoto
BIKE_33494,Heritage Springer
BIKE_33495,
BIKE_33496,Z1000 Sx
BIKE_33497,790 Adventure
BIKE_33498,Gsx-R 1000
BIKE_33499,Nc 750
BIKE_33500,Sportster 1200
BIKE_33501,Road Glide
BIKE_33502,
BIKE_33503,Fly 125
BIKE_33504,Fly 125
BIKE_33505,Fly 125
BIKE_33506,Scarabeo
BIKE_33507,
BIKE_33508,Agility 150
BIKE_33509,1290 Super Adventure
BIKE_33510,125 Duke
BIKE_33511,Mt-07
BIKE_33512,V-Strom 1000
BIKE_33513,K 1
BIKE_33514,690 Smc
BIKE_33515,690 Smc
BIKE_33516,690 Smc
BIKE_33517,Low Rider
BIKE_33518,Crf 1100
BIKE_33519,R 1200 Gs Lc
BIKE_33520,Cbr 650
BIKE_33521,Road King
BIKE_33522,Kallio 50
BIKE_33523,Zzr 1400
BIKE_33524,Medley 125
BIKE_33525,1290 Super Adventure
BIKE_33526,K 1600 Gt
BIKE_33527,Ltd 450
BIKE_33528,R 1250 Rt
BIKE_33529,Tiger Explorer
BIKE_33530,Agility 125
BIKE_33531,Diavel
BIKE_33532,Agusta Turismo Veloce 800
BIKE_33533,Diavel
BIKE_33534,Liberty 50
BIKE_33535,Xvs 1100
BIKE_33536,Guzzi V 7
BIKE_33537,C Evolution
BIKE_33538,Xj 6
BIKE_33539,Fireblade
BIKE_33540,Tmax 560
BIKE_33541,Dyna Wide Glide
BIKE_33542,Cb 500
BIKE_33543,Sportster 1200
BIKE_33544,V-Strom 1000
BIKE_33545,S 1000 R
BIKE_33546,Vulcan S
BIKE_33547,Fz 8
BIKE_33548,Tiger 800
BIKE_33549,Night Train
BIKE_33550,Ape
BIKE_33551,Dink 50
BIKE_33552,X-Max 250
BIKE_33553,Bad Boy
BIKE_33554,Bad Boy
BIKE_33555,Bad Boy
BIKE_33556,Forza 300
BIKE_33557,
BIKE_33558,Xb 12
BIKE_33559,R 1200 Gs Adventure
BIKE_33560,Zero Ds
BIKE_33561,Scrambler
BIKE_33562,Sportster
BIKE_33563,X-Adv
BIKE_33564,Moto Grs 125
BIKE_33565,Scrambler
BIKE_33566,Scrambler
BIKE_33567,Road King
BIKE_33568,X-Max 400
BIKE_33569,R 1200 Rt
BIKE_33570,Klx 125
BIKE_33571,Caponord 1200
BIKE_33572,C Evolution
BIKE_33573,Svartpilen
BIKE_33574,Nrg Power
BIKE_33575,Nrg Power
BIKE_33576,Nrg Power
BIKE_33577,
BIKE_33578,Ninja 1000Sx
BIKE_33579,S 1000 R
BIKE_33580,Tiger 800
BIKE_33581,
BIKE_33582,R 1200 Gs
BIKE_33583,Liberty 50
BIKE_33584,Streetfighter
BIKE_33585,R 1200 R
BIKE_33586,Tiger 1050
BIKE_33587,300 Sef
BIKE_33588,Street 125
BIKE_33589,V-Strom 650
BIKE_33590,K 1300 S
BIKE_33591,S 1000 R
BIKE_33592,Chieftain
BIKE_33593,Softail
BIKE_33594,V-Rod
BIKE_33595,Vmax
BIKE_33596,Cbr 650
BIKE_33597,Electra Glide
BIKE_33598,Mt-07
BIKE_33599,Vfr 800
BIKE_33600,500 Exc
BIKE_33601,500 Exc
BIKE_33602,500 Exc
BIKE_33603,Yzf-R6
BIKE_33604,Sixteen 150
BIKE_33605,Mt-09
BIKE_33606,1199 Panigale
BIKE_33607,Dyna Fat Bob
BIKE_33608,R 1200 Gs Adventure
BIKE_33609,Fz 6
BIKE_33610,Ténéré 700
BIKE_33611,V-Strom 650
BIKE_33612,Agility 50
BIKE_33613,X-Adv
BIKE_33614,R Ninet
BIKE_33615,Newsento
BIKE_33616,Xvs 1100
BIKE_33617,S 1000 Rr
BIKE_33618,Multistrada 1200
BIKE_33619,Sportster 1200
BIKE_33620,Dyna Street Bob
BIKE_33621,Gsx-R 750
BIKE_33622,Tmax Dx
BIKE_33623,Mt-09
BIKE_33624,Mt-09
BIKE_33625,
BIKE_33626,Thruxton
BIKE_33627,
BIKE_33628,R 1200 Gs
BIKE_33629,R 1200 Gs Adventure
BIKE_33630,Tmax Dx
BIKE_33631,Integra
BIKE_33632,R 1200 Rt
BIKE_33633,Cbr 650
BIKE_33634,
BIKE_33635,Tuono
BIKE_33636,Xciting 400I
BIKE_33637,
BIKE_33638,Versys 650
BIKE_33639,1190 Adventure
BIKE_33640,
BIKE_33641,Guzzi
BIKE_33642,Agusta F3
BIKE_33643,S 1000 R
BIKE_33644,K 1300 R
BIKE_33645,Why 50
BIKE_33646,R Ninet
BIKE_33647,Zephyr 1100
BIKE_33648,Hp 2 Megamoto
BIKE_33649,
BIKE_33650,V-Strom 650
BIKE_33651,
BIKE_33652,Mt-09
BIKE_33653,990 Adventure
BIKE_33654,Cb 1000
BIKE_33655,1199 Panigale
BIKE_33656,Bonneville Newchurch
BIKE_33657,Nc 750
BIKE_33658,People S 300I
BIKE_33659,People S 300I
BIKE_33660,People S 300I
BIKE_33661,Atlantic 300
BIKE_33662,Multistrada 1200
BIKE_33663,Ninja 650
BIKE_33664,Speed Triple 1050
BIKE_33665,Road King
BIKE_33666,R 1200 Gs
BIKE_33667,Xt 500
BIKE_33668,
BIKE_33669,Z H2
BIKE_33670,S 1000 Xr
BIKE_33671,Iron 883
BIKE_33672,
BIKE_33673,Mt-09
BIKE_33674,Electra Glide
BIKE_33675,Versys 1000
BIKE_33676,F 800 R
BIKE_33677,
BIKE_33678,Yzf-R1
BIKE_33679,Cb 500
BIKE_33680,Yiying
BIKE_33681,Yiying
BIKE_33682,Yiying
BIKE_33683,Beverly 300
BIKE_33684,Pcx 150
BIKE_33685,Pcx 150
BIKE_33686,Pcx 150
BIKE_33687,990 Supermoto
BIKE_33688,Mt-07
BIKE_33689,Visar 125I
BIKE_33690,
BIKE_33691,
BIKE_33692,Mt-09
BIKE_33693,Cb 1300
BIKE_33694,Monster 821
BIKE_33695,Bx 125
BIKE_33696,Varadero
BIKE_33697,Varadero
BIKE_33698,Varadero
BIKE_33699,Panigale V4
BIKE_33700,Mt-09
BIKE_33701,Gsx 1300
BIKE_33702,F 850 Gs
BIKE_33703,Bonneville Bobber
BIKE_33704,Tuono
BIKE_33705,Sh 125
BIKE_33706,Café Racer
BIKE_33707,Café Racer
BIKE_33708,Café Racer
BIKE_33709,R 1200 R
BIKE_33710,V-Strom 1000
BIKE_33711,Gd 250I
BIKE_33712,Vfr 1200
BIKE_33713,Late Shovel
BIKE_33714,R 1200 Gs
BIKE_33715,Cb 1000
BIKE_33716,Cb 1000
BIKE_33717,Scrambler
BIKE_33718,Cb 650
BIKE_33719,
BIKE_33720,Crf 1000
BIKE_33721,S 1000 Rr
BIKE_33722,Street Glide
BIKE_33723,Monster 796
BIKE_33724,Monster 796
BIKE_33725,Monster 796
BIKE_33726,Forza 300
BIKE_33727,Versys 1000
BIKE_33728,Hypermotard 950
BIKE_33729,R 1200 Gs
BIKE_33730,Multistrada 1200
BIKE_33731,Enfield Classic
BIKE_33732,959 Panigale
BIKE_33733,Liberty 50
BIKE_33734,Dyna Super Glide
BIKE_33735,Nc 750
BIKE_33736,Rocket Iii Touring
BIKE_33737,Like 50
BIKE_33738,Yzf-R1
BIKE_33739,Hsso
BIKE_33740,Street Scrambler
BIKE_33741,Typhoon
BIKE_33742,Xsr 700
BIKE_33743,Dj 50
BIKE_33744,Dj 50
BIKE_33745,Dj 50
BIKE_33746,Rs 660
BIKE_33747,Cb 650
BIKE_33748,Streetfighter
BIKE_33749,S 1000 Rr
BIKE_33750,C 400 Gt
BIKE_33751,Primavera
BIKE_33752,
BIKE_33753,Ak 550
BIKE_33754,S 1000 R
BIKE_33755,Gsx-S 1000
BIKE_33756,Freeride 350
BIKE_33757,Intruder M
BIKE_33758,Intruder M
BIKE_33759,Intruder M
BIKE_33760,Heritage Springer
BIKE_33761,Crf 1000
BIKE_33762,Vn 1700
BIKE_33763,Cbf 1000
BIKE_33764,Tuono
BIKE_33765,Tiger 1200
BIKE_33766,Vn 900
BIKE_33767,S 1000 Xr
BIKE_33768,X 11
BIKE_33769,Cross Country
BIKE_33770,Gsx-S 750
BIKE_33771,Mt-07
BIKE_33772,Electra Glide
BIKE_33773,Vfr 800
BIKE_33774,1290 Super Adventure
BIKE_33775,Z 900
BIKE_33776,Qooder
BIKE_33777,Moto Tw 125
BIKE_33778,F 750 Gs
BIKE_33779,Softail
BIKE_33780,Versys 650
BIKE_33781,C 400 Gt
BIKE_33782,Tiger 800
BIKE_33783,V-Strom 1000
BIKE_33784,1290 Super Adventure
BIKE_33785,F 800 Gs
BIKE_33786,Gl 1500
BIKE_33787,S 1000 Xr
BIKE_33788,Sportster 1200
BIKE_33789,Am
BIKE_33790,Am
BIKE_33791,Am
BIKE_33792,R 1200 Gs
BIKE_33793,Sx 125
BIKE_33794,Sx 125
BIKE_33795,Sx 125
BIKE_33796,Mio
BIKE_33797,Z 650
BIKE_33798,Burgman 200
BIKE_33799,
BIKE_33800,R 1200 Gs
BIKE_33801,X-Adv
BIKE_33802,F 800 R
BIKE_33803,Iron 883
BIKE_33804,1290 Super Duke R
BIKE_33805,
BIKE_33806,
BIKE_33807,Diavel
BIKE_33808,Gtr 1400
BIKE_33809,1199 Panigale
BIKE_33810,959 Panigale
BIKE_33811,Hs 800
BIKE_33812,450 Exc
BIKE_33813,Tuono
BIKE_33814,
BIKE_33815,Rt 175
BIKE_33816,Retro
BIKE_33817,Retro
BIKE_33818,Retro
BIKE_33819,Multistrada 1260
BIKE_33820,Dyna Wide Glide
BIKE_33821,People S 300I
BIKE_33822,People S 300I
BIKE_33823,People S 300I
BIKE_33824,Guzzi V 85
BIKE_33825,Diavel
BIKE_33826,C 400 Gt
BIKE_33827,R Ninet
BIKE_33828,R 1200 R
BIKE_33829,
BIKE_33830,R 1200 Gs
BIKE_33831,K 1600 Gt
BIKE_33832,Cbr 125
BIKE_33833,
BIKE_33834,Mt-09
BIKE_33835,Tmax 530
BIKE_33836,Nitro
BIKE_33837,R 1200 R
BIKE_33838,
BIKE_33839,R 1200 Gs
BIKE_33840,Z 1000
BIKE_33841,R 1200 Rt
BIKE_33842,R Ninet
BIKE_33843,S 1000 Rr
BIKE_33844,Ak 550
BIKE_33845,Cbf 125
BIKE_33846,
BIKE_33847,Thruxton
BIKE_33848,Night Train
BIKE_33849,Vfr 1200
BIKE_33850,Downtown 300I
BIKE_33851,Tiger 900
BIKE_33852,Gts Super Sport
BIKE_33853,Fjr 1300
BIKE_33854,
BIKE_33855,R 1200 Gs Adventure
BIKE_33856,Gsx-R 750
BIKE_33857,R 1200 Gs Adventure
BIKE_33858,Rzr 1000
BIKE_33859,
BIKE_33860,Sw-T 600
BIKE_33861,S 1000 Rr
BIKE_33862,Multistrada 1200
BIKE_33863,Tracer 900
BIKE_33864,Bonneville T120
BIKE_33865,Lt-R 450
BIKE_33866,Lt-R 450
BIKE_33867,Lt-R 450
BIKE_33868,Agusta Brutale
BIKE_33869,R Ninet
BIKE_33870,Dyna Super Glide
BIKE_33871,Fuoco 500
BIKE_33872,
BIKE_33873,Vegas
BIKE_33874,Vegas
BIKE_33875,Vegas
BIKE_33876,
BIKE_33877,R 1200 Gs
BIKE_33878,Agusta Brutale
BIKE_33879,Vzr 1800
BIKE_33880,Streetfighter
BIKE_33881,Vfr 1200
BIKE_33882,Vulcan S
BIKE_33883,Fat Boy
BIKE_33884,959 Panigale
BIKE_33885,Vt 1300
BIKE_33886,Vt 1300
BIKE_33887,Vt 1300
BIKE_33888,R 1200 Gs Adventure
BIKE_33889,Smm 530 Fi Es
BIKE_33890,Tracer 900
BIKE_33891,Mp3 125
BIKE_33892,Diavel
BIKE_33893,Mt-09
BIKE_33894,F 850 Gs
BIKE_33895,Bandit 1250
BIKE_33896,Scrambler
BIKE_33897,
BIKE_33898,Herstal
BIKE_33899,Dyna Fat Bob
BIKE_33900,
BIKE_33901,R 1200 Rs
BIKE_33902,R Ninet
BIKE_33903,
BIKE_33904,Cmx 500
BIKE_33905,
BIKE_33906,Z 900
BIKE_33907,R 69 S
BIKE_33908,R 69 S
BIKE_33909,R 69 S
BIKE_33910,Road King
BIKE_33911,
BIKE_33912,Joymax 125I
BIKE_33913,Joymax 125I
BIKE_33914,Joymax 125I
BIKE_33915,Yz 250
BIKE_33916,899 Panigale
BIKE_33917,899 Panigale
BIKE_33918,899 Panigale
BIKE_33919,Versys 650
BIKE_33920,C 400 X
BIKE_33921,Scrambler
BIKE_33922,Multistrada 1200
BIKE_33923,1190 Adventure
BIKE_33924,S 1000 Rr
BIKE_33925,R Ninet
BIKE_33926,790 Duke
BIKE_33927,Z 750
BIKE_33928,Zip 50
BIKE_33929,Tracer 700
BIKE_33930,Cb 600
BIKE_33931,
BIKE_33932,Street 750
BIKE_33933,Ninja Zx-6R
BIKE_33934,Fz 8
BIKE_33935,Versys 650
BIKE_33936,Iron 883
BIKE_33937,Ninja 650
BIKE_33938,Vn 1600
BIKE_33939,Vn 1600
BIKE_33940,Vn 1600
BIKE_33941,Xv 950
BIKE_33942,Desmosedici Rr
BIKE_33943,Cbr 1000
BIKE_33944,Burgman 650
BIKE_33945,Bonneville T120
BIKE_33946,Sh 150
BIKE_33947,Rs4 125
BIKE_33948,890 Duke
BIKE_33949,890 Duke
BIKE_33950,890 Duke
BIKE_33951,1290 Super Adventure
BIKE_33952,Sportster 1200
BIKE_33953,F 800 R
BIKE_33954,Bonneville Bobber
BIKE_33955,Symphony 200
BIKE_33956,Electra Glide
BIKE_33957,R 1200 Rt
BIKE_33958,Mt-07
BIKE_33959,Fz 6
BIKE_33960,
BIKE_33961,Fe 250
BIKE_33962,Dyna Fat Bob
BIKE_33963,Agility 50
BIKE_33964,
BIKE_33965,R Ninet
BIKE_33966,F 800 R
BIKE_33967,V-Strom 650
BIKE_33968,Am Maverick
BIKE_33969,125 Duke
BIKE_33970,R 1200 Rs
BIKE_33971,Z 800
BIKE_33972,People Gt300I
BIKE_33973,
BIKE_33974,Sr 400
BIKE_33975,S 1000 Rr
BIKE_33976,Tiger Explorer
BIKE_33977,Agusta Brutale 800
BIKE_33978,Vfr 1200
BIKE_33979,Speed Triple 1050
BIKE_33980,X-City 250
BIKE_33981,851
BIKE_33982,851
BIKE_33983,851
BIKE_33984,
BIKE_33985,R 1200 Gs Lc
BIKE_33986,Softail
BIKE_33987,F 800 Gs
BIKE_33988,Z 750
BIKE_33989,Msx 125
BIKE_33990,Softail
BIKE_33991,
BIKE_33992,Thunderbird Storm
BIKE_33993,Thunderbird Storm
BIKE_33994,Thunderbird Storm
BIKE_33995,Streetfighter
BIKE_33996,Mt-07
BIKE_33997,Tmax 530
BIKE_33998,
BIKE_33999,Agility 125
BIKE_34000,Guzzi 850 T
BIKE_34001,R 1200 Rt
BIKE_34002,Nc 750
BIKE_34003,Sportster 1200
BIKE_34004,600 Pantah
BIKE_34005,Xt 1200
BIKE_34006,1199 Panigale
BIKE_34007,Xciting 300I
BIKE_34008,124
BIKE_34009,124
BIKE_34010,124
BIKE_34011,Cbf 1000
BIKE_34012,Z 1000
BIKE_34013,R 1250 Rt
BIKE_34014,
BIKE_34015,Gsx-S 1000
BIKE_34016,1290 Super Duke Gt
BIKE_34017,Electra Glide
BIKE_34018,Tmax 530
BIKE_34019,1299 Panigale
BIKE_34020,S 1000 Xr
BIKE_34021,R 1250 Gs
BIKE_34022,X-Adv
BIKE_34023,Guzzi V 9
BIKE_34024,690 Smc
BIKE_34025,690 Smc
BIKE_34026,690 Smc
BIKE_34027,
BIKE_34028,
BIKE_34029,M1
BIKE_34030,M1
BIKE_34031,M1
BIKE_34032,Mp3 500
BIKE_34033,Road King
BIKE_34034,X-Max 250
BIKE_34035,
BIKE_34036,Agusta Dragster
BIKE_34037,Xenter 125
BIKE_34038,1290 Super Adventure
BIKE_34039,G 125
BIKE_34040,Hayabusa
BIKE_34041,R 1200 Rt
BIKE_34042,Guzzi Nevada
BIKE_34043,Gts 300
BIKE_34044,Mp3 400
BIKE_34045,Mp3 400
BIKE_34046,Mp3 400
BIKE_34047,
BIKE_34048,
BIKE_34049,
BIKE_34050,Iron 883
BIKE_34051,Streetfighter
BIKE_34052,F 900 Xr
BIKE_34053,S 1000 R
BIKE_34054,R 1200 Gs
BIKE_34055,R 1250 Gs
BIKE_34056,Mt-10
BIKE_34057,Tmax 500
BIKE_34058,Versys 1000
BIKE_34059,Mt-07
BIKE_34060,Sportcity Cube
BIKE_34061,Multistrada 1200
BIKE_34062,Z 900
BIKE_34063,Softail
BIKE_34064,Versys 650
BIKE_34065,R Ninet
BIKE_34066,Fe 250
BIKE_34067,Multistrada 1200
BIKE_34068,C 650 Gt
BIKE_34069,Tiger 1200
BIKE_34070,Scrambler
BIKE_34071,Super Glide
BIKE_34072,Mt-09
BIKE_34073,Sportster 883
BIKE_34074,
BIKE_34075,Sv 650
BIKE_34076,X-Adv
BIKE_34077,R 1200 C
BIKE_34078,690 Supermoto
BIKE_34079,Supersport
BIKE_34080,
BIKE_34081,R 1200 Gs
BIKE_34082,Ultra Classic
BIKE_34083,Ftr 1200
BIKE_34084,Gold Wing
BIKE_34085,R 1250 Rt
BIKE_34086,D'Elight
BIKE_34087,
BIKE_34088,Xb 9
BIKE_34089,Orbit Ii
BIKE_34090,Rs4 125
BIKE_34091,1199 Panigale
BIKE_34092,Tracer 900
BIKE_34093,R 1200 Gs Adventure
BIKE_34094,Bonneville Bobber
BIKE_34095,
BIKE_34096,F 800 Gs
BIKE_34097,S 1000 Rr
BIKE_34098,
BIKE_34099,Sb 3
BIKE_34100,Standart - Eco
BIKE_34101,Scrambler
BIKE_34102,R 1200 Rs
BIKE_34103,R 1200 Rt
BIKE_34104,
BIKE_34105,R 1200 Gs Adventure
BIKE_34106,R Ninet
BIKE_34107,Aerox
BIKE_34108,Road King
BIKE_34109,Vn 1500
BIKE_34110,Vn 1500
BIKE_34111,Vn 1500
BIKE_34112,Z 800
BIKE_34113,C 650 Gt
BIKE_34114,
BIKE_34115,Like 125
BIKE_34116,Address
BIKE_34117,J125
BIKE_34118,J125
BIKE_34119,J125
BIKE_34120,Xvs 1300
BIKE_34121,
BIKE_34122,Crf 1000
BIKE_34123,Gold Wing
BIKE_34124,Z 900
BIKE_34125,Dyna Super Glide
BIKE_34126,Vn 900
BIKE_34127,Yzf-R6
BIKE_34128,R 1250 Gs
BIKE_34129,Guzzi V 7
BIKE_34130,F 800 R
BIKE_34131,F 800 Gt
BIKE_34132,Niken
BIKE_34133,
BIKE_34134,Vt 1300
BIKE_34135,Vt 1300
BIKE_34136,Vt 1300
BIKE_34137,R 1200 Gs Lc
BIKE_34138,Dyna Street Bob
BIKE_34139,C 600
BIKE_34140,C 600
BIKE_34141,C 600
BIKE_34142,1190 Adventure
BIKE_34143,R 1150 Gs Adventure
BIKE_34144,Cb 1100
BIKE_34145,Ninja H2
BIKE_34146,Ninja Zx-6R
BIKE_34147,
BIKE_34148,V-Rod
BIKE_34149,Cb 1000
BIKE_34150,R 80
BIKE_34151,V-Strom 650
BIKE_34152,Beverly 350
BIKE_34153,Joymax 300
BIKE_34154,1290 Super Adventure
BIKE_34155,Heritage Softail
BIKE_34156,Versys 650
BIKE_34157,Guzzi V 7
BIKE_34158,Scrambler
BIKE_34159,
BIKE_34160,
BIKE_34161,Vfr 800
BIKE_34162,Scrambler
BIKE_34163,Fzr 1000
BIKE_34164,Crf 1000
BIKE_34165,Ténéré 700
BIKE_34166,Mt-10
BIKE_34167,
BIKE_34168,Multistrada 1200
BIKE_34169,
BIKE_34170,
BIKE_34171,
BIKE_34172,Scrambler
BIKE_34173,Multistrada 1200
BIKE_34174,Road King
BIKE_34175,Moto
BIKE_34176,1290 Super Duke R
BIKE_34177,Dax 125
BIKE_34178,Dax 125
BIKE_34179,Dax 125
BIKE_34180,Cbr 600
BIKE_34181,
BIKE_34182,R 1200 Gs Adventure
BIKE_34183,Espro K2
BIKE_34184,
BIKE_34185,X-Max 250
BIKE_34186,Symphony 125
BIKE_34187,Versys 650
BIKE_34188,Crf 1000
BIKE_34189,S 1000 Xr
BIKE_34190,Tiger Explorer
BIKE_34191,Burgman 650
BIKE_34192,
BIKE_34193,Multistrada 950
BIKE_34194,Multistrada 950
BIKE_34195,Multistrada 950
BIKE_34196,
BIKE_34197,Sportster 883
BIKE_34198,Super Duke
BIKE_34199,Super Duke
BIKE_34200,Super Duke
BIKE_34201,
BIKE_34202,
BIKE_34203,Electra Glide
BIKE_34204,R 1200 Gs Adventure
BIKE_34205,R 1200 Rs
BIKE_34206,R 1200 Gs
BIKE_34207,Fat Boy
BIKE_34208,Nuda 900
BIKE_34209,R 1200 Gs Adventure
BIKE_34210,Primavera
BIKE_34211,R 1200 Gs
BIKE_34212,Multistrada 1200
BIKE_34213,Z 900
BIKE_34214,Crf 1000
BIKE_34215,Dyna Wide Glide
BIKE_34216,K 1600 Gt
BIKE_34217,1290 Super Duke R
BIKE_34218,Mp3 350
BIKE_34219,Z 650
BIKE_34220,Maxxer 50
BIKE_34221,
BIKE_34222,Ténéré 700
BIKE_34223,Rs 125
BIKE_34224,Road King
BIKE_34225,Scrambler
BIKE_34226,Softail
BIKE_34227,Electra Glide
BIKE_34228,Guzzi Audace
BIKE_34229,
BIKE_34230,Hammer 8-Ball
BIKE_34231,Xjr 1300
BIKE_34232,Xv 1600
BIKE_34233,
BIKE_34234,Z 900
BIKE_34235,Wr 125
BIKE_34236,Wr 125
BIKE_34237,Wr 125
BIKE_34238,R 1250 Rt
BIKE_34239,Agility 150
BIKE_34240,Guzzi V 85
BIKE_34241,Hayabusa
BIKE_34242,Diavel
BIKE_34243,
BIKE_34244,1000
BIKE_34245,1000
BIKE_34246,1000
BIKE_34247,Guzzi V 85
BIKE_34248,X-Max 400
BIKE_34249,Mt-07
BIKE_34250,Cb 750 Four
BIKE_34251,Liberty 125
BIKE_34252,Mt-09
BIKE_34253,X-Max 125
BIKE_34254,Tiger Explorer
BIKE_34255,S 1000 Rr
BIKE_34256,M1
BIKE_34257,M1
BIKE_34258,M1
BIKE_34259,
BIKE_34260,V-Strom 1000
BIKE_34261,Scr 950
BIKE_34262,Caponord 1200
BIKE_34263,F 800 Gs
BIKE_34264,Cvo Breakout
BIKE_34265,Ténéré 700
BIKE_34266,Gsx-R 600
BIKE_34267,R Ninet
BIKE_34268,Z 800
BIKE_34269,Electra Glide
BIKE_34270,Versys 650
BIKE_34271,Dirt Track
BIKE_34272,Dirt Track
BIKE_34273,Dirt Track
BIKE_34274,Sportster 1200
BIKE_34275,Vrsc Night Rod
BIKE_34276,Grizzly 700
BIKE_34277,Cb 650
BIKE_34278,Electra Glide
BIKE_34279,Softail
BIKE_34280,Raptor 700
BIKE_34281,K 1300 S
BIKE_34282,
BIKE_34283,Cb 1000
BIKE_34284,Road Glide
BIKE_34285,1198
BIKE_34286,Cb 1000
BIKE_34287,Z 900
BIKE_34288,Guzzi V 85
BIKE_34289,Nc 750
BIKE_34290,Custom Bike
BIKE_34291,1290 Super Duke R
BIKE_34292,Road King
BIKE_34293,R 1200 Gs Lc
BIKE_34294,St 1300
BIKE_34295,R 27
BIKE_34296,Downtown 300I
BIKE_34297,Dyna Wide Glide
BIKE_34298,Thruxton
BIKE_34299,Road Glide
BIKE_34300,F 650 Gs
BIKE_34301,
BIKE_34302,Pcx 125
BIKE_34303,Z 650
BIKE_34304,Scrambler
BIKE_34305,Scrambler
BIKE_34306,Hayabusa
BIKE_34307,R 1200 Gs
BIKE_34308,Multistrada 1200
BIKE_34309,Crf 1100
BIKE_34310,X-Max 250
BIKE_34311,Sportster
BIKE_34312,R 1200 Gs
BIKE_34313,1299 Panigale
BIKE_34314,1290 Super Duke R
BIKE_34315,390 Duke
BIKE_34316,Blog 125
BIKE_34317,Blog 125
BIKE_34318,Blog 125
BIKE_34319,
BIKE_34320,R Ninet
BIKE_34321,Cb 1100
BIKE_34322,S 1000 R
BIKE_34323,Road King
BIKE_34324,Street Glide
BIKE_34325,125 Exc
BIKE_34326,125 Exc
BIKE_34327,125 Exc
BIKE_34328,Z 650
BIKE_34329,
BIKE_34330,Downtown 300I
BIKE_34331,Vrsc V-Rod
BIKE_34332,W 800
BIKE_34333,F 750 Gs
BIKE_34334,Diavel
BIKE_34335,Bella Roller
BIKE_34336,Z 900
BIKE_34337,Agusta F4
BIKE_34338,R Ninet
BIKE_34339,Vfr 1200
BIKE_34340,Custom Bike
BIKE_34341,Trx 700
BIKE_34342,Ninja 650
BIKE_34343,Rxv 550
BIKE_34344,Rs 125
BIKE_34345,
BIKE_34346,Agusta Turismo Veloce 800
BIKE_34347,Agusta Brutale 750
BIKE_34348,Beverly 300
BIKE_34349,Sh 300
BIKE_34350,Ninja Zx-6R
BIKE_34351,C 650 Gt
BIKE_34352,Z 1000
BIKE_34353,Cityblade
BIKE_34354,Cityblade
BIKE_34355,Cityblade
BIKE_34356,Agility 50
BIKE_34357,Streetfighter
BIKE_34358,Msx 125
BIKE_34359,
BIKE_34360,S 1000 Xr
BIKE_34361,
BIKE_34362,S 1000 Rr
BIKE_34363,Est 1902 Ol School Bobber
BIKE_34364,Ninja H2
BIKE_34365,Gsx-R 1000
BIKE_34366,R 1200 Gs Lc
BIKE_34367,Vulcan S
BIKE_34368,Tuono
BIKE_34369,Scout
BIKE_34370,Sportster 1200
BIKE_34371,Sportster
BIKE_34372,F 800 Gt
BIKE_34373,Vtx 1300
BIKE_34374,K 100 Lt
BIKE_34375,K 100 Lt
BIKE_34376,K 100 Lt
BIKE_34377,Heritage
BIKE_34378,Heritage Softail
BIKE_34379,W 800
BIKE_34380,Xv 1100
BIKE_34381,S 1000 Xr
BIKE_34382,Monster 1100
BIKE_34383,Vfr 1200
BIKE_34384,Heritage Softail
BIKE_34385,Gsx-S 1000
BIKE_34386,R 1200 Gs
BIKE_34387,Sportster 1200
BIKE_34388,
BIKE_34389,R 1200 Gs
BIKE_34390,Niken
BIKE_34391,Rsv 1000 R
BIKE_34392,1290 Super Duke Gt
BIKE_34393,Street Glide
BIKE_34394,Dorsoduro
BIKE_34395,Vt 750
BIKE_34396,
BIKE_34397,Fe 350
BIKE_34398,Blade 1000
BIKE_34399,Ftr 1200
BIKE_34400,Sportcity 50
BIKE_34401,Sportcity 50
BIKE_34402,Sportcity 50
BIKE_34403,Niken
BIKE_34404,R 1200 Gs
BIKE_34405,W 2000
BIKE_34406,Road King
BIKE_34407,Softail
BIKE_34408,Z1000 Sx
BIKE_34409,V50
BIKE_34410,V50
BIKE_34411,V50
BIKE_34412,V-Strom 1000
BIKE_34413,Ninja 125
BIKE_34414,Sixteen 125
BIKE_34415,
BIKE_34416,Tuono
BIKE_34417,Monster 821
BIKE_34418,Multistrada 1260
BIKE_34419,Road King
BIKE_34420,
BIKE_34421,Downtown 300I
BIKE_34422,
BIKE_34423,Gsx-R 1000
BIKE_34424,Zip 50
BIKE_34425,Cvo Breakout
BIKE_34426,R Ninet
BIKE_34427,Tmax 530
BIKE_34428,Sixteen 150
BIKE_34429,1290 Super Duke R
BIKE_34430,Crf 1100
BIKE_34431,1200 Custom
BIKE_34432,F 850 Gs
BIKE_34433,Xv 950
BIKE_34434,R 1250 R
BIKE_34435,Z 900
BIKE_34436,R 1200 Gs Adventure
BIKE_34437,Z1000 Sx
BIKE_34438,
BIKE_34439,Crf 1000
BIKE_34440,F 750 Gs
BIKE_34441,Yfm 700
BIKE_34442,Custom Bike
BIKE_34443,Tmax Dx
BIKE_34444,Boulevard 25/50
BIKE_34445,R 1250 Gs
BIKE_34446,F 750 Gs
BIKE_34447,Street Rod
BIKE_34448,Street Rod
BIKE_34449,Street Rod
BIKE_34450,Monster 821
BIKE_34451,R 1200
BIKE_34452,
BIKE_34453,
BIKE_34454,R 1200 R
BIKE_34455,R 1200 Gs Adventure
BIKE_34456,Guzzi Le Mans
BIKE_34457,Guzzi Le Mans
BIKE_34458,Guzzi Le Mans
BIKE_34459,
BIKE_34460,C Evolution
BIKE_34461,V-Strom 650
BIKE_34462,Gts 300
BIKE_34463,Liberty 125
BIKE_34464,R 1250 Gs
BIKE_34465,1199 Panigale
BIKE_34466,Hps 125I
BIKE_34467,Xl 1200
BIKE_34468,Sv 650
BIKE_34469,X-Adv
BIKE_34470,790 Adventure
BIKE_34471,Mt-10
BIKE_34472,
BIKE_34473,Guzzi 1100 Sport
BIKE_34474,Ténéré 700
BIKE_34475,R Ninet
BIKE_34476,Derapage
BIKE_34477,Vitpilen
BIKE_34478,Silver Wing
BIKE_34479,Silver Wing
BIKE_34480,Silver Wing
BIKE_34481,Xsr 900
BIKE_34482,Dyna Glide
BIKE_34483,Dyna Glide
BIKE_34484,Dyna Glide
BIKE_34485,Blade 1000
BIKE_34486,Ninja 1000Sx
BIKE_34487,R Ninet
BIKE_34488,Rally 50
BIKE_34489,K 1600 Gt
BIKE_34490,Versys 1000
BIKE_34491,Guzzi Norge 1200
BIKE_34492,Fz 1
BIKE_34493,790 Duke
BIKE_34494,F 800 Gs Adventure
BIKE_34495,Versys 650
BIKE_34496,Forza 300
BIKE_34497,X-Max 400
BIKE_34498,Softail
BIKE_34499,Pan European
BIKE_34500,1290 Super Duke R
BIKE_34501,X-Adv
BIKE_34502,Z 650
BIKE_34503,1190 Adventure
BIKE_34504,R 1200 Gs Adventure
BIKE_34505,Fireblade
BIKE_34506,Iron 883
BIKE_34507,
BIKE_34508,Tmax Sx
BIKE_34509,Sportster Forty Eight
BIKE_34510,Tmax 530
BIKE_34511,
BIKE_34512,C 650
BIKE_34513,Sportster 1200
BIKE_34514,Motorcycles Ht
BIKE_34515,Gsx-S 1000
BIKE_34516,Xjr 1300
BIKE_34517,Niken
BIKE_34518,Nc 750
BIKE_34519,Gt 650I
BIKE_34520,Yzf-R1
BIKE_34521,Am Rally
BIKE_34522,Z 800
BIKE_34523,K 1600 Gtl
BIKE_34524,Ninja H2
BIKE_34525,S 1000 Rr
BIKE_34526,X-Adv
BIKE_34527,Speed Triple 1050
BIKE_34528,R 1250 R
BIKE_34529,Versys 1000
BIKE_34530,690 Smc
BIKE_34531,690 Smc
BIKE_34532,690 Smc
BIKE_34533,Ak 550
BIKE_34534,R 1200 Gs
BIKE_34535,R 1200 Gs Lc
BIKE_34536,Aeon Cobra
BIKE_34537,Sportster 1200
BIKE_34538,Runner 125
BIKE_34539,
BIKE_34540,Fat Boy
BIKE_34541,Xtm
BIKE_34542,
BIKE_34543,Electra Glide
BIKE_34544,Tmax 530
BIKE_34545,R 1200
BIKE_34546,
BIKE_34547,Sportster 883
BIKE_34548,125 Duke
BIKE_34549,R 1200 Gs Lc
BIKE_34550,R 1200 Rt
BIKE_34551,Vrsc Night Rod
BIKE_34552,Monster 696
BIKE_34553,R 1200 Gs
BIKE_34554,Ark 50
BIKE_34555,Ark 50
BIKE_34556,Ark 50
BIKE_34557,Yzf-R1
BIKE_34558,Cb 650
BIKE_34559,Tnt 125
BIKE_34560,Tnt 125
BIKE_34561,Tnt 125
BIKE_34562,R 1200 Gs Adventure
BIKE_34563,Ec 03
BIKE_34564,Sport Classic 125I
BIKE_34565,Yz 450
BIKE_34566,Xv 1600
BIKE_34567,T 500
BIKE_34568,R 1200 Gs
BIKE_34569,Panigale V4
BIKE_34570,Z 900
BIKE_34571,Night Train
BIKE_34572,Versys 1000
BIKE_34573,Nc 750
BIKE_34574,Guzzi V 7
BIKE_34575,Sportster 1200
BIKE_34576,Am Maverick
BIKE_34577,Agility 125
BIKE_34578,S 1000 Xr
BIKE_34579,899 Panigale
BIKE_34580,899 Panigale
BIKE_34581,899 Panigale
BIKE_34582,Multistrada 1260
BIKE_34583,1290 Super Duke R
BIKE_34584,
BIKE_34585,Softail Slim
BIKE_34586,Tracer 900
BIKE_34587,S 1000 Rr
BIKE_34588,Cbr 900
BIKE_34589,F 900 R
BIKE_34590,Gold Wing
BIKE_34591,Softail
BIKE_34592,V-Rod
BIKE_34593,Am Ryker
BIKE_34594,Am Ryker
BIKE_34595,Am Ryker
BIKE_34596,1290 Super Duke Gt
BIKE_34597,Sportster 1200
BIKE_34598,Zzr 1400
BIKE_34599,Crf 1100
BIKE_34600,S 1000 Rr
BIKE_34601,Sportster
BIKE_34602,R 1200 Gs Adventure
BIKE_34603,1290 Super Adventure
BIKE_34604,790 Duke
BIKE_34605,Gtr 1400
BIKE_34606,Forza 250
BIKE_34607,R 1200 Rt
BIKE_34608,F 900 R
BIKE_34609,
BIKE_34610,
BIKE_34611,Agusta Brutale 800
BIKE_34612,Nc 750
BIKE_34613,Multistrada 1200
BIKE_34614,V-Rod
BIKE_34615,C 400 X
BIKE_34616,K 1300 S
BIKE_34617,Marathon
BIKE_34618,Marathon
BIKE_34619,Marathon
BIKE_34620,Bonneville T100
BIKE_34621,Am Spyder Rs
BIKE_34622,R 1200 Gs
BIKE_34623,Star 125
BIKE_34624,Fz 8
BIKE_34625,Versys 1000
BIKE_34626,S 1000 Rr
BIKE_34627,Cb 125
BIKE_34628,
BIKE_34629,Senda
BIKE_34630,Liberty 50
BIKE_34631,Speedmaster
BIKE_34632,R 1200 Gs Adventure
BIKE_34633,
BIKE_34634,Evo 125
BIKE_34635,Majesty 400
BIKE_34636,Niken
BIKE_34637,Thunderbird Lt
BIKE_34638,Thunderbird Lt
BIKE_34639,Thunderbird Lt
BIKE_34640,Mt-07
BIKE_34641,Zzr 1400
BIKE_34642,Downtown 125I
BIKE_34643,Hornet
BIKE_34644,Hornet
BIKE_34645,Hornet
BIKE_34646,Diavel
BIKE_34647,Ninja 1000Sx
BIKE_34648,Agility 50
BIKE_34649,X-Max 400
BIKE_34650,R 1200 Gs Adventure
BIKE_34651,1290 Super Duke Gt
BIKE_34652,Dorsoduro
BIKE_34653,Sportster 1200
BIKE_34654,Z 650
BIKE_34655,Agusta Turismo Veloce 800
BIKE_34656,Hd 200
BIKE_34657,Hd 200
BIKE_34658,Hd 200
BIKE_34659,Vrsc Night Rod
BIKE_34660,
BIKE_34661,Tmax 500
BIKE_34662,Zip Ii 25
BIKE_34663,
BIKE_34664,V-Rod
BIKE_34665,R 1200 Rt
BIKE_34666,Cre 125
BIKE_34667,Guzzi California 850
BIKE_34668,Tmax 560
BIKE_34669,Integra
BIKE_34670,Crossfire 500
BIKE_34671,Diavel
BIKE_34672,Citycom 125
BIKE_34673,Z 900
BIKE_34674,1290 Super Duke R
BIKE_34675,1290 Super Duke R
BIKE_34676,
BIKE_34677,Z 900
BIKE_34678,Z 900
BIKE_34679,R 1200 Gs
BIKE_34680,
BIKE_34681,
BIKE_34682,Dyna Fat Bob
BIKE_34683,K 1600 Gtl
BIKE_34684,Nc 750
BIKE_34685,R 1200 Rt
BIKE_34686,Softail
BIKE_34687,Dyna Wide Glide
BIKE_34688,Scrambler
BIKE_34689,R 1200 Gs
BIKE_34690,
BIKE_34691,
BIKE_34692,
BIKE_34693,Custom Bike
BIKE_34694,R 1200 Gs Lc
BIKE_34695,R Ninet
BIKE_34696,
BIKE_34697,S 1000 Xr
BIKE_34698,Monster 1200
BIKE_34699,Dink 200
BIKE_34700,
BIKE_34701,Roadwin
BIKE_34702,R 1200 Gs
BIKE_34703,Medley 125
BIKE_34704,
BIKE_34705,Softail
BIKE_34706,Black Seven
BIKE_34707,Sh 150
BIKE_34708,Bonneville T100
BIKE_34709,R 1200 Gs Adventure
BIKE_34710,R 1200 Rt
BIKE_34711,Hayabusa
BIKE_34712,
BIKE_34713,
BIKE_34714,
BIKE_34715,Street Glide
BIKE_34716,Sportcity Cube
BIKE_34717,
BIKE_34718,
BIKE_34719,Softail
BIKE_34720,Super 8
BIKE_34721,Guzzi California 1100
BIKE_34722,Agusta Brutale 1090
BIKE_34723,K 1300
BIKE_34724,Ek3
BIKE_34725,Xvs 950
BIKE_34726,
BIKE_34727,300 Exc
BIKE_34728,300 Exc
BIKE_34729,300 Exc
BIKE_34730,J300
BIKE_34731,R 1200 Gs
BIKE_34732,1090 Adventure
BIKE_34733,1090 Adventure
BIKE_34734,1090 Adventure
BIKE_34735,F 800 R
BIKE_34736,Cb 650
BIKE_34737,Night Rod
BIKE_34738,V-Strom 650
BIKE_34739,Xv 535
BIKE_34740,Xv 535
BIKE_34741,Xv 535
BIKE_34742,Am Spyder Rt
BIKE_34743,Tmax 500
BIKE_34744,Monster 1200
BIKE_34745,R 1200 Rs
BIKE_34746,S 1000 Rr
BIKE_34747,X-Max 400
BIKE_34748,R 1200 Gs
BIKE_34749,Agusta F4
BIKE_34750,Ks 125
BIKE_34751,Ks 125
BIKE_34752,Ks 125
BIKE_34753,Beverly 125
BIKE_34754,Am Traxter
BIKE_34755,K 1600 Gt
BIKE_34756,Guzzi Mgs-01
BIKE_34757,Sportster 883
BIKE_34758,V-Strom 1050
BIKE_34759,Am Outlander
BIKE_34760,Bonneville T100
BIKE_34761,
BIKE_34762,Agility 50
BIKE_34763,Agusta Brutale 800
BIKE_34764,Z 650
BIKE_34765,Am Maverick
BIKE_34766,Rr 125
BIKE_34767,Rr 125
BIKE_34768,Rr 125
BIKE_34769,Agility 200
BIKE_34770,Mp3 300
BIKE_34771,Vn 900
BIKE_34772,Agility 50
BIKE_34773,R 1200 Gs
BIKE_34774,R 1200 Rt
BIKE_34775,Scarabeo
BIKE_34776,Gsx-R 1000
BIKE_34777,790 Adventure
BIKE_34778,
BIKE_34779,Z 900
BIKE_34780,Electra Glide
BIKE_34781,Softail
BIKE_34782,S 1000 Rr
BIKE_34783,Agusta Brutale
BIKE_34784,R 1
BIKE_34785,Diavel
BIKE_34786,Guzzi California 1400
BIKE_34787,Tiger 900
BIKE_34788,Scrambler
BIKE_34789,R Ninet
BIKE_34790,Tmax 530
BIKE_34791,Rocket Iii Roadster
BIKE_34792,S 1000 R
BIKE_34793,
BIKE_34794,F 750 Gs
BIKE_34795,Xvs 1100
BIKE_34796,Xl 1200
BIKE_34797,Road King
BIKE_34798,S 1000 Xr
BIKE_34799,Yzf-R1
BIKE_34800,Custom Bike
BIKE_34801,Cat 700
BIKE_34802,R Ninet
BIKE_34803,Gts 125
BIKE_34804,
BIKE_34805,R 1200 Gs Lc
BIKE_34806,Cvo Limited
BIKE_34807,Tiger 1050
BIKE_34808,K 1300 S
BIKE_34809,C 650 Gt
BIKE_34810,Sportster 1000
BIKE_34811,Guzzi V 7
BIKE_34812,Mt-07
BIKE_34813,F 800 R
BIKE_34814,Sh 300
BIKE_34815,St 4
BIKE_34816,Z 900
BIKE_34817,C 400 Gt
BIKE_34818,Scrambler
BIKE_34819,1290 Super Duke R
BIKE_34820,Rsv4
BIKE_34821,Am
BIKE_34822,Am
BIKE_34823,Am
BIKE_34824,R 1250 Rt
BIKE_34825,Z 800
BIKE_34826,R Ninet
BIKE_34827,Nc 750
BIKE_34828,Cb 650
BIKE_34829,V-Rod
BIKE_34830,F 800 Gt
BIKE_34831,1290 Super Duke Gt
BIKE_34832,Fxd
BIKE_34833,Xv 1600
BIKE_34834,R Ninet
BIKE_34835,Commando
BIKE_34836,Yzf-R1
BIKE_34837,
BIKE_34838,Z 900
BIKE_34839,790 Duke
BIKE_34840,Mt-09
BIKE_34841,Mt-10
BIKE_34842,S 1000 Xr
BIKE_34843,Road King
BIKE_34844,
BIKE_34845,Xor 50
BIKE_34846,Beverly 300
BIKE_34847,
BIKE_34848,Primavera
BIKE_34849,701 Enduro
BIKE_34850,Beverly 350
BIKE_34851,
BIKE_34852,S 1000 Rr
BIKE_34853,F 850 Gs
BIKE_34854,Scrambler
BIKE_34855,X-Adv
BIKE_34856,
BIKE_34857,Dyna Super Glide
BIKE_34858,F 800 R
BIKE_34859,C 400 X
BIKE_34860,Rst 1000
BIKE_34861,Sportster 1200
BIKE_34862,W 800
BIKE_34863,
BIKE_34864,F 900 Xr
BIKE_34865,R 1200 Gs
BIKE_34866,Xv 1600
BIKE_34867,Cbr 600
BIKE_34868,Sportster Xl 883
BIKE_34869,Multistrada 1200
BIKE_34870,C Evolution
BIKE_34871,Road King
BIKE_34872,Ninja 1000Sx
BIKE_34873,Cat
BIKE_34874,Downtown 300I
BIKE_34875,Gsx-S 1000
BIKE_34876,Pilot F125
BIKE_34877,
BIKE_34878,390 Adventure
BIKE_34879,390 Adventure
BIKE_34880,390 Adventure
BIKE_34881,F 700 Gs
BIKE_34882,Z 650
BIKE_34883,Pan European
BIKE_34884,Niken
BIKE_34885,Moto Cforce 450
BIKE_34886,899 Panigale
BIKE_34887,899 Panigale
BIKE_34888,899 Panigale
BIKE_34889,
BIKE_34890,F 800 R
BIKE_34891,Sr 50
BIKE_34892,G 650 Xcountry
BIKE_34893,Cb 1100
BIKE_34894,1190 Adventure
BIKE_34895,Cb 900
BIKE_34896,V-Strom 650
BIKE_34897,
BIKE_34898,R 1200 Rt
BIKE_34899,R 1150 Gs
BIKE_34900,X-Max 125
BIKE_34901,Xvs 950
BIKE_34902,Beverly 300
BIKE_34903,
BIKE_34904,Scout
BIKE_34905,Electra Glide
BIKE_34906,R 1200 Gs
BIKE_34907,R 1200 Gs Adventure
BIKE_34908,Mt-09
BIKE_34909,F 900 R
BIKE_34910,C 400 Gt
BIKE_34911,Versys 650
BIKE_34912,Z 650
BIKE_34913,Nc 750
BIKE_34914,V-Strom 650
BIKE_34915,899 Panigale
BIKE_34916,899 Panigale
BIKE_34917,899 Panigale
BIKE_34918,Monster 1200
BIKE_34919,Guzzi Stornello
BIKE_34920,Multistrada 1260
BIKE_34921,Vegas
BIKE_34922,Vegas
BIKE_34923,Vegas
BIKE_34924,Versys 1000
BIKE_34925,F 6 C
BIKE_34926,Ninja Zx-10R
BIKE_34927,Sportsman 1000
BIKE_34928,Sportsman 1000
BIKE_34929,Sportsman 1000
BIKE_34930,Z 750
BIKE_34931,701 Supermoto
BIKE_34932,Velosolex 3800
BIKE_34933,R 1200 Gs Adventure
BIKE_34934,Cb 1000
BIKE_34935,Cb 1100
BIKE_34936,St 1300
BIKE_34937,Deauville
BIKE_34938,Deauville
BIKE_34939,Deauville
BIKE_34940,S 1000 R
BIKE_34941,Versys 1000
BIKE_34942,Cb 1000
BIKE_34943,R 1200 Cl
BIKE_34944,R 1200 Cl
BIKE_34945,R 1200 Cl
BIKE_34946,Dn-01
BIKE_34947,Dn-01
BIKE_34948,Dn-01
BIKE_34949,Ape
BIKE_34950,851
BIKE_34951,851
BIKE_34952,851
BIKE_34953,Xjr 1300
BIKE_34954,Monster 821
BIKE_34955,R 1200 Rt
BIKE_34956,Guzzi California 1400
BIKE_34957,Thruxton
BIKE_34958,Z 125
BIKE_34959,122 Rs
BIKE_34960,Cbr 650
BIKE_34961,Nc 750
BIKE_34962,Inazuma 250
BIKE_34963,Inazuma 250
BIKE_34964,Inazuma 250
BIKE_34965,
BIKE_34966,B King
BIKE_34967,
BIKE_34968,Scrambler
BIKE_34969,Ciak 50
BIKE_34970,Softail
BIKE_34971,R 1200 Gs
BIKE_34972,Cmx 500
BIKE_34973,Tuono
BIKE_34974,V-Strom 650
BIKE_34975,R Ninet
BIKE_34976,Multistrada 1200
BIKE_34977,Cb 1000
BIKE_34978,Super 8
BIKE_34979,S 1000 Xr
BIKE_34980,Tmax 560
BIKE_34981,Sixteen 150
BIKE_34982,Dyna Fat Bob
BIKE_34983,
BIKE_34984,Citycom 300
BIKE_34985,
BIKE_34986,Mp3 Lt
BIKE_34987,Z 1000
BIKE_34988,C Evolution
BIKE_34989,
BIKE_34990,Mt-07
BIKE_34991,R 1200 Gs Lc
BIKE_34992,Dyna Fat Bob
BIKE_34993,S 1000 Xr
BIKE_34994,C 400 Gt
BIKE_34995,Cb 500
BIKE_34996,Moto Tm
BIKE_34997,Z 1000
BIKE_34998,1199 Panigale
BIKE_34999,F 750 Gs
BIKE_35000,Tracer 700
BIKE_35001,Xv 950
BIKE_35002,Primavera
BIKE_35003,
BIKE_35004,Cb 100
BIKE_35005,Cb 100
BIKE_35006,Cb 100
BIKE_35007,Msx 125
BIKE_35008,Sport Glide
BIKE_35009,Klx 125
BIKE_35010,790 Adventure
BIKE_35011,Gts 250
BIKE_35012,Gts 250
BIKE_35013,Gts 250
BIKE_35014,Panigale V4
BIKE_35015,R 100 Rt
BIKE_35016,R 100 Rt
BIKE_35017,R 100 Rt
BIKE_35018,Rst 1000
BIKE_35019,R Ninet
BIKE_35020,Z 1000
BIKE_35021,Bonneville T100
BIKE_35022,Vulcan S
BIKE_35023,S 1000 Xr
BIKE_35024,Softail
BIKE_35025,
BIKE_35026,Beverly 300
BIKE_35027,Sportster Xl 883
BIKE_35028,F 800 Gs
BIKE_35029,
BIKE_35030,R 1200
BIKE_35031,K 1600 B
BIKE_35032,K 1600 B
BIKE_35033,K 1600 B
BIKE_35034,Tracer 900
BIKE_35035,Sh 125
BIKE_35036,1198
BIKE_35037,Rsv4
BIKE_35038,K 1600 Gt
BIKE_35039,Cb 500
BIKE_35040,Z 650
BIKE_35041,R 1200
BIKE_35042,Multistrada 950
BIKE_35043,Multistrada 950
BIKE_35044,Multistrada 950
BIKE_35045,R Ninet
BIKE_35046,Cbr 1000
BIKE_35047,Z 650
BIKE_35048,Agusta F4 1000
BIKE_35049,Z1000 Sx
BIKE_35050,Scrambler
BIKE_35051,People Gt300I
BIKE_35052,Tmax 530
BIKE_35053,Guzzi Astore
BIKE_35054,Crf 1100
BIKE_35055,
BIKE_35056,
BIKE_35057,Fat Boy
BIKE_35058,Moto Cforce 1000
BIKE_35059,Orbit Ii
BIKE_35060,R 75/7
BIKE_35061,Nrg 50
BIKE_35062,R 1200 R
BIKE_35063,Softail
BIKE_35064,Guzzi California 1400
BIKE_35065,Guzzi
BIKE_35066,K 75
BIKE_35067,G 310 Gs
BIKE_35068,Yzf 1000
BIKE_35069,Tiger Sport
BIKE_35070,Xjr 1300
BIKE_35071,390 Adventure
BIKE_35072,390 Adventure
BIKE_35073,390 Adventure
BIKE_35074,R 1200 Rt
BIKE_35075,Sh 150
BIKE_35076,Hayabusa
BIKE_35077,Zip 50
BIKE_35078,Night Rod
BIKE_35079,X 8
BIKE_35080,Sh 300
BIKE_35081,
BIKE_35082,R 1200 Gs Adventure
BIKE_35083,Rf1
BIKE_35084,Crf 1100
BIKE_35085,F 800 R
BIKE_35086,Am 800 Renegade
BIKE_35087,Am 800 Renegade
BIKE_35088,Am 800 Renegade
BIKE_35089,Xciting 400I
BIKE_35090,Saturno
BIKE_35091,F 750 Gs
BIKE_35092,Nsc 110
BIKE_35093,
BIKE_35094,900 Hailwood
BIKE_35095,
BIKE_35096,Dyna Street Bob
BIKE_35097,Mt-10
BIKE_35098,S 1000 Xr
BIKE_35099,R 1200 R
BIKE_35100,Z 800
BIKE_35101,Ninja 650
BIKE_35102,Ultra Limited
BIKE_35103,Gsr 750
BIKE_35104,Gl 1800
BIKE_35105,R 1200 Gs Adventure
BIKE_35106,1198
BIKE_35107,Ak 550
BIKE_35108,Streetfighter
BIKE_35109,Xs 125
BIKE_35110,Tiger 1200
BIKE_35111,Scrambler
BIKE_35112,Versys 1000
BIKE_35113,1290 Super Duke Gt
BIKE_35114,S 1000 Xr
BIKE_35115,
BIKE_35116,
BIKE_35117,Newsento
BIKE_35118,Xdiavel
BIKE_35119,Scrambler
BIKE_35120,Ninja Zx-10R
BIKE_35121,S 1000 R
BIKE_35122,Xsr 700
BIKE_35123,Rs 125
BIKE_35124,Super Glide
BIKE_35125,Multistrada 1200
BIKE_35126,1198
BIKE_35127,Bandit 650
BIKE_35128,Bandit 650
BIKE_35129,Bandit 650
BIKE_35130,Yz 250
BIKE_35131,
BIKE_35132,Symnh X
BIKE_35133,Symnh X
BIKE_35134,Symnh X
BIKE_35135,Speed Triple 1050
BIKE_35136,
BIKE_35137,Xl 1200
BIKE_35138,Hollister
BIKE_35139,S 1000 R
BIKE_35140,Shiver 900
BIKE_35141,
BIKE_35142,Am
BIKE_35143,Am
BIKE_35144,Am
BIKE_35145,Tracer 700
BIKE_35146,F 750 Gs
BIKE_35147,R 1200 C Montauk
BIKE_35148,R 1200 C Montauk
BIKE_35149,R 1200 C Montauk
BIKE_35150,K-Xct 125
BIKE_35151,Vulcan S
BIKE_35152,Fat Boy
BIKE_35153,Sr 50
BIKE_35154,Agusta Dragster
BIKE_35155,K 1600
BIKE_35156,Motors Unu
BIKE_35157,Multistrada 1200
BIKE_35158,F 800 Gs
BIKE_35159,
BIKE_35160,R 1200 Gs
BIKE_35161,Crf 1100
BIKE_35162,Trike Highway
BIKE_35163,S 1000 R
BIKE_35164,Z 1000
BIKE_35165,Downtown 125I
BIKE_35166,1200 Custom
BIKE_35167,Dyna Street Bob
BIKE_35168,Ténéré 700
BIKE_35169,Ninja 1000Sx
BIKE_35170,Z 1000
BIKE_35171,Yzf-R1
BIKE_35172,Intruder C
BIKE_35173,R 1
BIKE_35174,Gold Wing
BIKE_35175,F 650 Gs
BIKE_35176,Multistrada 950
BIKE_35177,Multistrada 950
BIKE_35178,Multistrada 950
BIKE_35179,Fc 450
BIKE_35180,R Ninet
BIKE_35181,Dn-01
BIKE_35182,Dn-01
BIKE_35183,Dn-01
BIKE_35184,Nc 750
BIKE_35185,F 800 Gs
BIKE_35186,Sh 150
BIKE_35187,Gsr 750
BIKE_35188,1190 Adventure
BIKE_35189,Cb 1000
BIKE_35190,Dyna Street Bob
BIKE_35191,Scrambler
BIKE_35192,R 1200 Rs
BIKE_35193,Versys 1000
BIKE_35194,R 1250 R
BIKE_35195,Diavel
BIKE_35196,1290 Super Adventure
BIKE_35197,Electra Glide
BIKE_35198,R 1200 Gs
BIKE_35199,Thunderbird Sport
BIKE_35200,K 1300 S
BIKE_35201,Gl 1800
BIKE_35202,Moto Jetmax 250
BIKE_35203,V-Strom 1050
BIKE_35204,Agusta
BIKE_35205,Agusta Dragster
BIKE_35206,
BIKE_35207,F 750 Gs
BIKE_35208,Moto Cforce 850
BIKE_35209,
BIKE_35210,
BIKE_35211,Sixteen 150
BIKE_35212,Monster 1100
BIKE_35213,K 1600 Gt
BIKE_35214,Tuono
BIKE_35215,Agusta 1000 S
BIKE_35216,R Ninet
BIKE_35217,Gsx-S 1000
BIKE_35218,C 650
BIKE_35219,690 Enduro
BIKE_35220,690 Enduro
BIKE_35221,690 Enduro
BIKE_35222,V-Rod
BIKE_35223,R 1200 Gs
BIKE_35224,Scrambler
BIKE_35225,1290 Super Duke R
BIKE_35226,Tmax 530
BIKE_35227,
BIKE_35228,Vzr 1800
BIKE_35229,X-Max 250
BIKE_35230,Scrambler
BIKE_35231,Z 900
BIKE_35232,Crf 1100
BIKE_35233,Streetfighter
BIKE_35234,Nz 500
BIKE_35235,Fjr 1300
BIKE_35236,1260 R
BIKE_35237,Heritage Softail
BIKE_35238,Yz 450
BIKE_35239,Bonneville T120
BIKE_35240,X-Max 400
BIKE_35241,Vzr 1800
BIKE_35242,
BIKE_35243,C 400 X
BIKE_35244,Vfr 1200
BIKE_35245,Guzzi V 7
BIKE_35246,
BIKE_35247,Vn 1700
BIKE_35248,C 650
BIKE_35249,Sr 50
BIKE_35250,
BIKE_35251,Hps 300I
BIKE_35252,Cvo Limited
BIKE_35253,Gtr 1400
BIKE_35254,R 1200 Gs
BIKE_35255,Tiger 1200
BIKE_35256,R Ninet
BIKE_35257,F 900 Xr
BIKE_35258,Z 1
BIKE_35259,S 1000 Rr
BIKE_35260,Rzr 1000
BIKE_35261,Speed Triple 1050
BIKE_35262,250 Exc
BIKE_35263,250 Exc
BIKE_35264,250 Exc
BIKE_35265,Sh 300
BIKE_35266,Hammer S
BIKE_35267,Hammer S
BIKE_35268,Hammer S
BIKE_35269,Gl 1800
BIKE_35270,F 900 Xr
BIKE_35271,Bonneville T120
BIKE_35272,Versys 650
BIKE_35273,Agusta
BIKE_35274,Qooder
BIKE_35275,Cbr 1000
BIKE_35276,300 Exc
BIKE_35277,300 Exc
BIKE_35278,300 Exc
BIKE_35279,
BIKE_35280,R 1200 Rt
BIKE_35281,Versys 650
BIKE_35282,F-Act
BIKE_35283,Gsx-S 1000
BIKE_35284,F 900 R
BIKE_35285,Am Outlander
BIKE_35286,Aerox
BIKE_35287,
BIKE_35288,Tmax 500
BIKE_35289,Guzzi V 7
BIKE_35290,R 1200 Gs
BIKE_35291,R 1250 Rt
BIKE_35292,Nmax
BIKE_35293,Tiger 1200
BIKE_35294,Enfield Continental Gt
BIKE_35295,Gtr 1400
BIKE_35296,Tmax 530
BIKE_35297,F 800 Gt
BIKE_35298,R 1200 C
BIKE_35299,Vfr 800
BIKE_35300,1200 Custom
BIKE_35301,Jog R
BIKE_35302,Agility 125
BIKE_35303,Z 900
BIKE_35304,Gsx-S 750
BIKE_35305,R 1250 Gs
BIKE_35306,K 1300 R
BIKE_35307,Panigale V4
BIKE_35308,Vzr 1800
BIKE_35309,Xsr 700
BIKE_35310,R 1200 Gs Adventure
BIKE_35311,
BIKE_35312,Vn 900
BIKE_35313,Sh 125
BIKE_35314,Carnaby 125
BIKE_35315,Ftr 1200
BIKE_35316,Xsr 700
BIKE_35317,Custom Bike
BIKE_35318,V-Strom 1000
BIKE_35319,R 1250 Gs
BIKE_35320,Crf 1100
BIKE_35321,Tiger 800
BIKE_35322,Nc 750
BIKE_35323,Pegaso 650
BIKE_35324,
BIKE_35325,Softail
BIKE_35326,Street Glide
BIKE_35327,V-Strom 650
BIKE_35328,Tiger 800
BIKE_35329,Cbr 1000
BIKE_35330,F 900 Xr
BIKE_35331,R 1200 Gs
BIKE_35332,
BIKE_35333,C 400 Gt
BIKE_35334,Panigale V4
BIKE_35335,R 1200 Gs
BIKE_35336,Street Triple 675
BIKE_35337,Hammer S 106
BIKE_35338,R 1200 Gs Lc
BIKE_35339,Crf 1000
BIKE_35340,Road King
BIKE_35341,V-Strom 1050
BIKE_35342,Night Train
BIKE_35343,Road King
BIKE_35344,Sportster 1200
BIKE_35345,Adventure
BIKE_35346,Mt-10
BIKE_35347,F 850 Gs
BIKE_35348,C 650
BIKE_35349,Rs 250
BIKE_35350,Crf 1100
BIKE_35351,Gsr 750
BIKE_35352,Thruxton
BIKE_35353,Versys 1000
BIKE_35354,Sportster
BIKE_35355,R 1200 Rt
BIKE_35356,Agusta Brutale 1078
BIKE_35357,K 1600 Gtl
BIKE_35358,Yzf-R1
BIKE_35359,Tracer 700
BIKE_35360,Xv 950
BIKE_35361,K 1300 R
BIKE_35362,Crf 1100
BIKE_35363,Two Fifty
BIKE_35364,Niken
BIKE_35365,Mp3 500
BIKE_35366,Monster 821
BIKE_35367,Tiger 1050
BIKE_35368,R 1150 Gs Adventure
BIKE_35369,S 1000 Xr
BIKE_35370,Tiger 1050
BIKE_35371,R 1200 Gs
BIKE_35372,Tmax 530
BIKE_35373,Z 1000
BIKE_35374,Wr 250
BIKE_35375,Mt-03
BIKE_35376,Mt-03
BIKE_35377,Mt-03
BIKE_35378,Street Glide
BIKE_35379,F 800 Gt
BIKE_35380,Beverly 125
BIKE_35381,Heritage
BIKE_35382,Rocker C
BIKE_35383,R 1200 Gs
BIKE_35384,Tiger 800
BIKE_35385,R Ninet
BIKE_35386,Cb 500
BIKE_35387,Dominator
BIKE_35388,Guzzi V 9
BIKE_35389,R 1200 Gs Adventure
BIKE_35390,Tmax 530
BIKE_35391,Multistrada 1200
BIKE_35392,Hypermotard 821
BIKE_35393,Hypermotard 821
BIKE_35394,Hypermotard 821
BIKE_35395,Tmax 530
BIKE_35396,1290 Super Duke R
BIKE_35397,C 650
BIKE_35398,Xvs 1100
BIKE_35399,Dyna Street Bob
BIKE_35400,Cross City 125
BIKE_35401,S 1000 R
BIKE_35402,Cbr 250
BIKE_35403,Cbr 250
BIKE_35404,Cbr 250
BIKE_35405,Cb 650
BIKE_35406,R 1200 R
BIKE_35407,X-Adv
BIKE_35408,R 1200 Rs
BIKE_35409,Gold Wing
BIKE_35410,F 900 Xr
BIKE_35411,Electra Glide
BIKE_35412,Monster 821
BIKE_35413,Gold Wing
BIKE_35414,Versys 1000
BIKE_35415,Sportster 883
BIKE_35416,
BIKE_35417,X-Max 125
BIKE_35418,Es3
BIKE_35419,Moto Cforce 1000
BIKE_35420,R 1200 Rs
BIKE_35421,Cb 650
BIKE_35422,Softail
BIKE_35423,1190 Rc8
BIKE_35424,1190 Rc8
BIKE_35425,1190 Rc8
BIKE_35426,F 800 Gs Adventure
BIKE_35427,Scrambler
BIKE_35428,Ego
BIKE_35429,Ego
BIKE_35430,Ego
BIKE_35431,
BIKE_35432,Multistrada 950
BIKE_35433,Multistrada 950
BIKE_35434,Multistrada 950
BIKE_35435,Softail Slim
BIKE_35436,Cbr 650
BIKE_35437,V-Strom 650
BIKE_35438,Burgman 650
BIKE_35439,Hypermotard 796
BIKE_35440,Hypermotard 796
BIKE_35441,Hypermotard 796
BIKE_35442,Vzr 1800
BIKE_35443,Softail
BIKE_35444,Intruder M
BIKE_35445,Intruder M
BIKE_35446,Intruder M
BIKE_35447,Kx 65
BIKE_35448,R 1200 Gs
BIKE_35449,Xvs 950
BIKE_35450,R 1200 Rt
BIKE_35451,Hypermotard 1100
BIKE_35452,V-Strom 1050
BIKE_35453,S 1000 Rr
BIKE_35454,Agusta F4 1000 R 312
BIKE_35455,Agusta F4 1000 R 312
BIKE_35456,Agusta F4 1000 R 312
BIKE_35457,S 1000 Xr
BIKE_35458,Vulcan S
BIKE_35459,V-Rod
BIKE_35460,Dyna Fat Bob
BIKE_35461,Gold Wing
BIKE_35462,Xtz 1200
BIKE_35463,Mt-09
BIKE_35464,1290 Super Duke R
BIKE_35465,R 1200 Gs
BIKE_35466,Xl 1200
BIKE_35467,Sportster 1200
BIKE_35468,Monster 1200
BIKE_35469,450 Exc
BIKE_35470,K-Xct 125
BIKE_35471,Nc 750
BIKE_35472,Softail
BIKE_35473,F 900 R
BIKE_35474,Iron 883
BIKE_35475,
BIKE_35476,Super Glide
BIKE_35477,Z 1000
BIKE_35478,1198
BIKE_35479,F 800 Gs Adventure
BIKE_35480,Dyna Street Bob
BIKE_35481,Scout
BIKE_35482,
BIKE_35483,Yzf-R1
BIKE_35484,G 310 R
BIKE_35485,Cbr 1000
BIKE_35486,Agusta
BIKE_35487,1290 Super Adventure
BIKE_35488,
BIKE_35489,F 850 Gs
BIKE_35490,F 900 Xr
BIKE_35491,Xsr 900
BIKE_35492,S 1000 Rr
BIKE_35493,Dyna Street Bob
BIKE_35494,People S 125
BIKE_35495,Liberty 125
BIKE_35496,Tdm 900
BIKE_35497,Tdm 900
BIKE_35498,Tdm 900
BIKE_35499,Xciting 500I
BIKE_35500,Xciting 500I
BIKE_35501,Xciting 500I
BIKE_35502,Canyon
BIKE_35503,Ninja H2
BIKE_35504,Scrambler
BIKE_35505,Mt-09
BIKE_35506,Diavel
BIKE_35507,Multistrada 1260
BIKE_35508,S 1000 R
BIKE_35509,Si
BIKE_35510,Cvo Limited
BIKE_35511,Multistrada 1200
BIKE_35512,990 Adventure
BIKE_35513,Agusta
BIKE_35514,Cb 1000
BIKE_35515,
BIKE_35516,Fz 1
BIKE_35517,Maxsym 400I
BIKE_35518,Maxsym Tl
BIKE_35519,Gsx-S 1000
BIKE_35520,Panigale V4
BIKE_35521,1090 Adventure
BIKE_35522,1090 Adventure
BIKE_35523,1090 Adventure
BIKE_35524,Scrambler
BIKE_35525,Retro
BIKE_35526,Retro
BIKE_35527,Retro
BIKE_35528,Multistrada 1200
BIKE_35529,Bullet Rs
BIKE_35530,R 1200 Gs
BIKE_35531,Downtown 300I
BIKE_35532,Cmx 500
BIKE_35533,Sportster
BIKE_35534,Versys 1000
BIKE_35535,Scrambler
BIKE_35536,
BIKE_35537,K 1600 Gtl
BIKE_35538,Road Glide
BIKE_35539,S 1000 R
BIKE_35540,Yzf-R1
BIKE_35541,1090 Adventure
BIKE_35542,1090 Adventure
BIKE_35543,1090 Adventure
BIKE_35544,Mio
BIKE_35545,Xl 1200
BIKE_35546,Fat Bob
BIKE_35547,Cb 500
BIKE_35548,Road King
BIKE_35549,F 750 Gs
BIKE_35550,Integra
BIKE_35551,Guzzi Gts
BIKE_35552,
BIKE_35553,Softail
BIKE_35554,R 1250 Rs
BIKE_35555,Guzzi
BIKE_35556,Cb 1100
BIKE_35557,C 650
BIKE_35558,R 1200
BIKE_35559,Zrx 1200
BIKE_35560,Sportster
BIKE_35561,1198
BIKE_35562,Pcx 125
BIKE_35563,Xvz 1300
BIKE_35564,Cbf 600
BIKE_35565,690 Duke
BIKE_35566,Gtr 1400
BIKE_35567,Cbf 125
BIKE_35568,Heritage Softail
BIKE_35569,Mt-10
BIKE_35570,Mt-09
BIKE_35571,R 1200 Gs
BIKE_35572,Crf 1000
BIKE_35573,
BIKE_35574,
BIKE_35575,Speed Triple R
BIKE_35576,Multistrada 1200
BIKE_35577,Nc 750
BIKE_35578,Trk 251
BIKE_35579,Like 50
BIKE_35580,
BIKE_35581,1098
BIKE_35582,1098
BIKE_35583,1098
BIKE_35584,K 1600 Gt
BIKE_35585,Cmx 500
BIKE_35586,Tracer 700
BIKE_35587,Sportster 1200
BIKE_35588,X-Treme
BIKE_35589,Bad Boy
BIKE_35590,Bad Boy
BIKE_35591,Bad Boy
BIKE_35592,Agusta F4 1000
BIKE_35593,Crf 1100
BIKE_35594,Joyride 200
BIKE_35595,Joyride 200
BIKE_35596,Joyride 200
BIKE_35597,Electra Glide
BIKE_35598,890 Duke
BIKE_35599,890 Duke
BIKE_35600,890 Duke
BIKE_35601,R 1200 Gs Adventure
BIKE_35602,Primavera
BIKE_35603,Monster 797
BIKE_35604,Monster 797
BIKE_35605,Monster 797
BIKE_35606,F 900 Xr
BIKE_35607,R 1200 Gs Adventure
BIKE_35608,
BIKE_35609,Gsx-R 1000
BIKE_35610,R 1200 Gs
BIKE_35611,R 1200 Gs
BIKE_35612,Z 900
BIKE_35613,Xciting 400I
BIKE_35614,790 Adventure
BIKE_35615,Z 900
BIKE_35616,Vtr 1000
BIKE_35617,Vtr 1000
BIKE_35618,Vtr 1000
BIKE_35619,F 800 Gs
BIKE_35620,Sportster 1200
BIKE_35621,Gsx-S 750
BIKE_35622,Typhoon
BIKE_35623,Multistrada 1200
BIKE_35624,S 1000 R
BIKE_35625,F 800 R
BIKE_35626,Vlr 1800
BIKE_35627,Rsv4
BIKE_35628,
BIKE_35629,Sportster
BIKE_35630,X-Max 250
BIKE_35631,
BIKE_35632,R Ninet
BIKE_35633,S 1000 R
BIKE_35634,V-Strom 1050
BIKE_35635,Vtx 1800
BIKE_35636,Crf 1000
BIKE_35637,R 1200 Rt
BIKE_35638,S-Wing
BIKE_35639,S-Wing
BIKE_35640,S-Wing
BIKE_35641,Guzzi
BIKE_35642,Vt 750
BIKE_35643,Multistrada 1200
BIKE_35644,Speed Triple 1050
BIKE_35645,Centro
BIKE_35646,Cb 500
BIKE_35647,Deuce
BIKE_35648,Thunderbird 6T
BIKE_35649,Thunderbird 6T
BIKE_35650,Thunderbird 6T
BIKE_35651,Sh 125
BIKE_35652,Street Glide
BIKE_35653,Fat Bob
BIKE_35654,Mt-10
BIKE_35655,R 1200 Gs Lc
BIKE_35656,Tracer 900
BIKE_35657,Monster 821
BIKE_35658,Beverly 125
BIKE_35659,
BIKE_35660,K 1300 S
BIKE_35661,
BIKE_35662,Monster 821
BIKE_35663,Z 800
BIKE_35664,
BIKE_35665,Am Ryker
BIKE_35666,Am Ryker
BIKE_35667,Am Ryker
BIKE_35668,Agusta Brutale 800
BIKE_35669,Gtv 300
BIKE_35670,R 1200 Gs
BIKE_35671,Dyna Super Glide
BIKE_35672,Gunner
BIKE_35673,Gunner
BIKE_35674,Gunner
BIKE_35675,Bonneville Bobber
BIKE_35676,R 1200 Gs Adventure
BIKE_35677,
BIKE_35678,Dyna Street Bob
BIKE_35679,F 850 Gs
BIKE_35680,Sportster 1200
BIKE_35681,R Ninet
BIKE_35682,C 650
BIKE_35683,F 850 Gs
BIKE_35684,Crosstourer
BIKE_35685,
BIKE_35686,X-Adv
BIKE_35687,Speed Triple 1050
BIKE_35688,F 900 Xr
BIKE_35689,Softail
BIKE_35690,Tuono
BIKE_35691,Z 650
BIKE_35692,Medley 150
BIKE_35693,Scr 950
BIKE_35694,Softail
BIKE_35695,Scarabeo
BIKE_35696,Px 200 E
BIKE_35697,Tuono
BIKE_35698,Ninja 650
BIKE_35699,Samba 50
BIKE_35700,Roadmaster
BIKE_35701,R 1200 Gs
BIKE_35702,Dyna Street Bob
BIKE_35703,Sh 150
BIKE_35704,F 900 R
BIKE_35705,Gsx-R 600
BIKE_35706,Ninja Zx-10R
BIKE_35707,F 800 R
BIKE_35708,R 1200 R
BIKE_35709,S 1000 R
BIKE_35710,C 650 Gt
BIKE_35711,
BIKE_35712,Diavel
BIKE_35713,S 1000 Xr
BIKE_35714,K 1600 Gt
BIKE_35715,
BIKE_35716,Crf 1000
BIKE_35717,R 1200 Rt
BIKE_35718,Te 300
BIKE_35719,R 1200 Gs Adventure
BIKE_35720,
BIKE_35721,Xl 1200
BIKE_35722,1098
BIKE_35723,1098
BIKE_35724,1098
BIKE_35725,701 Supermoto
BIKE_35726,Vulcan S
BIKE_35727,
BIKE_35728,1198
BIKE_35729,Tracer 900
BIKE_35730,Xdiavel
BIKE_35731,Niken
BIKE_35732,Liberty 125
BIKE_35733,Tuono
BIKE_35734,Cat Alterra
BIKE_35735,Sportster 1200
BIKE_35736,Scarabeo
BIKE_35737,S 1000 R
BIKE_35738,Guzzi V 85
BIKE_35739,Ys 125
BIKE_35740,Ys 125
BIKE_35741,Ys 125
BIKE_35742,1200 Custom
BIKE_35743,Crf 1000
BIKE_35744,Agility 150
BIKE_35745,
BIKE_35746,Fjr 1300
BIKE_35747,Multistrada 950
BIKE_35748,Multistrada 950
BIKE_35749,Multistrada 950
BIKE_35750,
BIKE_35751,Gsr 750
BIKE_35752,Scrambler
BIKE_35753,Tiger Explorer
BIKE_35754,Ultra Classic
BIKE_35755,
BIKE_35756,V-Strom 1000
BIKE_35757,
BIKE_35758,C 650
BIKE_35759,R Ninet
BIKE_35760,R 1200 R
BIKE_35761,Bikes Brera 300
BIKE_35762,R 35/2
BIKE_35763,Mt-01
BIKE_35764,Tracer 700
BIKE_35765,
BIKE_35766,Gtr 1400
BIKE_35767,Scrambler
BIKE_35768,Heritage Springer
BIKE_35769,Monster 821
BIKE_35770,Moto Cforce 1000
BIKE_35771,Scrambler
BIKE_35772,Fjr 1300
BIKE_35773,
BIKE_35774,Softail
BIKE_35775,Sportster 883
BIKE_35776,1090 Adventure
BIKE_35777,1090 Adventure
BIKE_35778,1090 Adventure
BIKE_35779,R 1200 Gs
BIKE_35780,Multistrada 1200
BIKE_35781,Monster 696
BIKE_35782,X-Max 250
BIKE_35783,Yzf-R6
BIKE_35784,Yzf 1000
BIKE_35785,Cbr 1000
BIKE_35786,Dyna Super Glide
BIKE_35787,R Ninet
BIKE_35788,Z 900
BIKE_35789,R 1200 Gs
BIKE_35790,F 900 R
BIKE_35791,Fz 1
BIKE_35792,R 1250 R
BIKE_35793,Agusta Brutale
BIKE_35794,F 700 Gs
BIKE_35795,1290 Super Adventure
BIKE_35796,Sv 650
BIKE_35797,Dn-01
BIKE_35798,Dn-01
BIKE_35799,Dn-01
BIKE_35800,R 1250 Gs Adventure
BIKE_35801,Zzr 1400
BIKE_35802,Ninja 650
BIKE_35803,Guzzi California 1100
BIKE_35804,Gas Ec 300
BIKE_35805,Softail
BIKE_35806,Z 1000
BIKE_35807,Mio
BIKE_35808,1290 Super Adventure
BIKE_35809,Sv 650
BIKE_35810,S3
BIKE_35811,S3
BIKE_35812,S3
BIKE_35813,Mt-10
BIKE_35814,Roadster
BIKE_35815,Sportster 1200
BIKE_35816,
BIKE_35817,R 1250 Rs
BIKE_35818,R 1200 R
BIKE_35819,Sh 150
BIKE_35820,Heritage Softail
BIKE_35821,
BIKE_35822,Cbr 1000
BIKE_35823,X-Town
BIKE_35824,Fat Bob
BIKE_35825,Bullet 50
BIKE_35826,790 Duke
BIKE_35827,R 1200 Gs Adventure
BIKE_35828,
BIKE_35829,Gsx-R 750
BIKE_35830,Softail
BIKE_35831,Tmax Dx
BIKE_35832,Xsr 900
BIKE_35833,R 1250 Rs
BIKE_35834,R 1200 Gs
BIKE_35835,Hypermotard 939
BIKE_35836,Z 900
BIKE_35837,
BIKE_35838,R 1200 Rt
BIKE_35839,C Evolution
BIKE_35840,Tiger 1200
BIKE_35841,Multistrada 1260
BIKE_35842,K 1600 B
BIKE_35843,K 1600 B
BIKE_35844,K 1600 B
BIKE_35845,Beverly 300
BIKE_35846,S 1000 Rr
BIKE_35847,Daytona 675
BIKE_35848,Cbr 650
BIKE_35849,Sr 50
BIKE_35850,R 1200 Gs
BIKE_35851,Streetfighter
BIKE_35852,Atlantic 300
BIKE_35853,
BIKE_35854,Hp4
BIKE_35855,Hp4
BIKE_35856,Hp4
BIKE_35857,R 1200 R
BIKE_35858,Vl 125
BIKE_35859,Vl 125
BIKE_35860,Vl 125
BIKE_35861,Speed Triple 1050
BIKE_35862,Z 800
BIKE_35863,Guzzi Norge 1200
BIKE_35864,Xjr 1300
BIKE_35865,Vmax
BIKE_35866,Ninja 1000Sx
BIKE_35867,Mp3 350
BIKE_35868,1290 Super Duke Gt
BIKE_35869,Cbr 250
BIKE_35870,Cbr 250
BIKE_35871,Cbr 250
BIKE_35872,Sr 50
BIKE_35873,Integra
BIKE_35874,R 1200 Gs
BIKE_35875,Crf 1000
BIKE_35876,C 400 Gt
BIKE_35877,X-Town
BIKE_35878,X-Max 300
BIKE_35879,Cmx 500
BIKE_35880,Rocker C
BIKE_35881,Am Ds
BIKE_35882,Vfr 1200
BIKE_35883,
BIKE_35884,F 6 C
BIKE_35885,Street Glide
BIKE_35886,
BIKE_35887,C 650
BIKE_35888,Cbr 1000
BIKE_35889,Mt-07
BIKE_35890,Panhead
BIKE_35891,R 1250 Rt
BIKE_35892,Street Triple 675
BIKE_35893,1290 Super Duke Gt
BIKE_35894,Vulcan S
BIKE_35895,R 1200 Gs Adventure
BIKE_35896,Mt-01
BIKE_35897,K 75
BIKE_35898,Tracer 900
BIKE_35899,Multistrada 950
BIKE_35900,Multistrada 950
BIKE_35901,Multistrada 950
BIKE_35902,899 Panigale
BIKE_35903,899 Panigale
BIKE_35904,899 Panigale
BIKE_35905,Guzzi V 7
BIKE_35906,Tmax 560
BIKE_35907,Agility 150
BIKE_35908,Z 1000
BIKE_35909,Softail
BIKE_35910,
BIKE_35911,Am Outlander
BIKE_35912,
BIKE_35913,R 1200 Gs
BIKE_35914,R 1250 Rs
BIKE_35915,Aquila 250
BIKE_35916,Ninja 1000Sx
BIKE_35917,Speed Triple 1050
BIKE_35918,Integra
BIKE_35919,Crf 1000
BIKE_35920,R 1250 Rt
BIKE_35921,Gsx-R 600
BIKE_35922,959 Panigale
BIKE_35923,R 1200 Gs
BIKE_35924,V-Strom 1050
BIKE_35925,Grizzly 700
BIKE_35926,Gsr 750
BIKE_35927,Pcx 150
BIKE_35928,Pcx 150
BIKE_35929,Pcx 150
BIKE_35930,Tiger Explorer
BIKE_35931,Cbr 650
BIKE_35932,Gtr 1400
BIKE_35933,Rsv4
BIKE_35934,1290 Super Duke Gt
BIKE_35935,K 1600
BIKE_35936,Sh 300
BIKE_35937,C 400 X
BIKE_35938,Crf 1100
BIKE_35939,Streetfighter
BIKE_35940,Vn 900
BIKE_35941,F 900 Xr
BIKE_35942,R 1200 Rt
BIKE_35943,F 800 R
BIKE_35944,Cb 1100
BIKE_35945,Sixteen 150
BIKE_35946,Te 250
BIKE_35947,Rsv4
BIKE_35948,
BIKE_35949,R 1200 Rs
BIKE_35950,Street 750
BIKE_35951,F 10
BIKE_35952,F 10
BIKE_35953,F 10
BIKE_35954,F 800 R
BIKE_35955,R 1200 Gs Lc
BIKE_35956,790 Adventure
BIKE_35957,Vfr 1200
BIKE_35958,R 1200 Gs Adventure
BIKE_35959,
BIKE_35960,Burgman 125
BIKE_35961,
BIKE_35962,Softail
BIKE_35963,Cb 500
BIKE_35964,Scrambler
BIKE_35965,Agusta Rivale 800
BIKE_35966,Tmax Dx
BIKE_35967,Hammer S 106
BIKE_35968,Tmax 530
BIKE_35969,R 1200 Gs
BIKE_35970,Crf 1000
BIKE_35971,Downtown 300I
BIKE_35972,Z 650
BIKE_35973,
BIKE_35974,
BIKE_35975,R 1200 Gs
BIKE_35976,Dyna Street Bob
BIKE_35977,Innova 125
BIKE_35978,Tmax 530
BIKE_35979,Speed Triple R
BIKE_35980,Fat Boy
BIKE_35981,
BIKE_35982,Fat Boy
BIKE_35983,Monster 696
BIKE_35984,Bonneville T100
BIKE_35985,Street Glide
BIKE_35986,Hp 2 Megamoto
BIKE_35987,
BIKE_35988,R 1200 Gs
BIKE_35989,Yzf-R6
BIKE_35990,K 1300 S
BIKE_35991,
BIKE_35992,900 Z
BIKE_35993,900 Z
BIKE_35994,900 Z
BIKE_35995,R 1200 Gs
BIKE_35996,Xvs 1100
BIKE_35997,Moto
BIKE_35998,Vn 1700
BIKE_35999,Gsx-R 750
BIKE_36000,
BIKE_36001,
BIKE_36002,Thruxton
BIKE_36003,R 1200 Gs Lc
BIKE_36004,Z 125
BIKE_36005,Xvs 1300
BIKE_36006,R 1250 R
BIKE_36007,Xciting 300I
BIKE_36008,R 1200 C Independent
BIKE_36009,Zz 125
BIKE_36010,R 80 St
BIKE_36011,R 1200 R
BIKE_36012,125 Exc
BIKE_36013,125 Exc
BIKE_36014,125 Exc
BIKE_36015,
BIKE_36016,R 1200 R
BIKE_36017,
BIKE_36018,Gl 1800
BIKE_36019,Supersport
BIKE_36020,Panigale V4
BIKE_36021,Guzzi V 9
BIKE_36022,R 1200 Gs Adventure
BIKE_36023,1299 Superleggera
BIKE_36024,
BIKE_36025,Gsx-S 1000
BIKE_36026,Streetfighter
BIKE_36027,Iron 883
BIKE_36028,Crosstourer
BIKE_36029,Vfr 1200
BIKE_36030,Sportster Forty Eight
BIKE_36031,Dyna Wide Glide
BIKE_36032,
BIKE_36033,Gsx-S 750
BIKE_36034,Z 800
BIKE_36035,1290 Super Adventure
BIKE_36036,F 850 Gs
BIKE_36037,Sh 150
BIKE_36038,Jet 50
BIKE_36039,Grand Dink 300
BIKE_36040,Memory
BIKE_36041,Blade 600
BIKE_36042,R 1200 Rs
BIKE_36043,
BIKE_36044,Heritage Softail
BIKE_36045,
BIKE_36046,Vulcan S
BIKE_36047,R 1200 R
BIKE_36048,Gsr 750
BIKE_36049,Vn 900
BIKE_36050,F 900 R
BIKE_36051,Am Outlander
BIKE_36052,V-Strom 1050
BIKE_36053,Nc 750
BIKE_36054,Speed Triple 1050
BIKE_36055,S 1000 Xr
BIKE_36056,Sh 125
BIKE_36057,R 1200 Gs Adventure
BIKE_36058,790 Duke
BIKE_36059,K 1600 Gtl
BIKE_36060,R 1200 Gs Lc
BIKE_36061,
BIKE_36062,G 310 Gs
BIKE_36063,
BIKE_36064,Hoss Bhc-3 Zz4
BIKE_36065,Nc 750
BIKE_36066,Bonneville T120
BIKE_36067,Medley 150
BIKE_36068,Z 650
BIKE_36069,R 1250 Gs
BIKE_36070,Zzr 1400
BIKE_36071,Street 750
BIKE_36072,
BIKE_36073,
BIKE_36074,Crf 1000
BIKE_36075,Senda
BIKE_36076,Scrambler
BIKE_36077,Downtown 350I
BIKE_36078,Downtown 350I
BIKE_36079,Downtown 350I
BIKE_36080,Softail
BIKE_36081,K 1300 R
BIKE_36082,Rf1
BIKE_36083,Cbr 500 R
BIKE_36084,Sportster Xl 883
BIKE_36085,Wolf Sb 125 Ni
BIKE_36086,Wolf Sb 125 Ni
BIKE_36087,Wolf Sb 125 Ni
BIKE_36088,Nc 750
BIKE_36089,King Quad
BIKE_36090,Vn 900
BIKE_36091,Mp3 Lt
BIKE_36092,S 1000 R
BIKE_36093,Mt-09
BIKE_36094,Sr 50
BIKE_36095,
BIKE_36096,Sx 50
BIKE_36097,Sx 50
BIKE_36098,Sx 50
BIKE_36099,Sportster 1200
BIKE_36100,Heritage Softail
BIKE_36101,Xenter 150
BIKE_36102,Xenter 150
BIKE_36103,Xenter 150
BIKE_36104,Fat Boy
BIKE_36105,1290 Super Adventure
BIKE_36106,Am Renegade
BIKE_36107,Am Renegade
BIKE_36108,Am Renegade
BIKE_36109,Pbr 125
BIKE_36110,X-Max 250
BIKE_36111,R 80 Rt
BIKE_36112,V-Strom 650
BIKE_36113,R 1200 Gs
BIKE_36114,F 850 Gs
BIKE_36115,Street Triple 675
BIKE_36116,Night Train
BIKE_36117,Fjr 1300
BIKE_36118,V-Strom 1000
BIKE_36119,
BIKE_36120,S 1000 Xr
BIKE_36121,Speed Triple 1050
BIKE_36122,Speed Triple 1050
BIKE_36123,Heritage Softail
BIKE_36124,Ninja 1000Sx
BIKE_36125,Road King
BIKE_36126,Rg 500
BIKE_36127,Rg 500
BIKE_36128,Rg 500
BIKE_36129,F 900 R
BIKE_36130,K 1600 Gt
BIKE_36131,Z 1000
BIKE_36132,Ak 550
BIKE_36133,Beverly 350
BIKE_36134,Sportster 1200
BIKE_36135,Cb 1000
BIKE_36136,R 1200 Gs Adventure
BIKE_36137,Ninja H2
BIKE_36138,S 51
BIKE_36139,S 51
BIKE_36140,S 51
BIKE_36141,
BIKE_36142,Diavel
BIKE_36143,
BIKE_36144,Super Glide
BIKE_36145,R 1200 Gs Lc
BIKE_36146,People Gti
BIKE_36147,People Gti
BIKE_36148,People Gti
BIKE_36149,
BIKE_36150,Start F125
BIKE_36151,Gsx-R 750
BIKE_36152,Fjr 1300
BIKE_36153,R 1200 Gs Adventure
BIKE_36154,1290 Super Adventure
BIKE_36155,R 1250 Gs
BIKE_36156,Bonneville Spirit
BIKE_36157,Crf 1000
BIKE_36158,Mt-07
BIKE_36159,Cb 1300
BIKE_36160,Dyna Wide Glide
BIKE_36161,Scrambler
BIKE_36162,Burgman 650
BIKE_36163,Z 900
BIKE_36164,K 1600 Gt
BIKE_36165,Nc 700
BIKE_36166,Softail
BIKE_36167,Cbr 500 R
BIKE_36168,Z 900
BIKE_36169,Nsc 50 R
BIKE_36170,Nsc 50 R
BIKE_36171,Nsc 50 R
BIKE_36172,Streetfighter
BIKE_36173,Cb 500
BIKE_36174,Mt-10
BIKE_36175,
BIKE_36176,Vfr 800
BIKE_36177,Custom Bike
BIKE_36178,F 900 R
BIKE_36179,Agusta Dragster
BIKE_36180,Diavel
BIKE_36181,Mp3 500
BIKE_36182,Daytona 675
BIKE_36183,Hayabusa
BIKE_36184,900 Ss
BIKE_36185,Cb 1000
BIKE_36186,Multistrada 1260
BIKE_36187,Primavera 50
BIKE_36188,Ninja Zx-6R
BIKE_36189,C 650 Gt
BIKE_36190,
BIKE_36191,R 100 Rs
BIKE_36192,
BIKE_36193,
BIKE_36194,Sh 150
BIKE_36195,Z H2
BIKE_36196,Vfr 800
BIKE_36197,Road King
BIKE_36198,Sportster Forty Eight
BIKE_36199,Tmax 530
BIKE_36200,Fat Bob
BIKE_36201,C Evolution
BIKE_36202,Nc 750
BIKE_36203,Tmax 530
BIKE_36204,Scrambler
BIKE_36205,Sportcity Cube
BIKE_36206,
BIKE_36207,Trophy
BIKE_36208,Gsx-R 750
BIKE_36209,Agility 125
BIKE_36210,Monster 796
BIKE_36211,Monster 796
BIKE_36212,Monster 796
BIKE_36213,Panigale V4
BIKE_36214,Ténéré 700
BIKE_36215,Fifty
BIKE_36216,Speed Triple S
BIKE_36217,Sportster 1200
BIKE_36218,Downtown 300I
BIKE_36219,Mt-10
BIKE_36220,Mt-09
BIKE_36221,1290 Super Duke Gt
BIKE_36222,Yzf-R1
BIKE_36223,Z 900
BIKE_36224,Vfr 400
BIKE_36225,Ego
BIKE_36226,Ego
BIKE_36227,Ego
BIKE_36228,R 1200 Gs
BIKE_36229,Softail
BIKE_36230,Tiger 800
BIKE_36231,R 1200 Gs
BIKE_36232,Agility 125
BIKE_36233,
BIKE_36234,Doodo 125
BIKE_36235,Ninja Zx-10R
BIKE_36236,Li
BIKE_36237,Li
BIKE_36238,Li
BIKE_36239,R 1200 Gs
BIKE_36240,Yzf-R1
BIKE_36241,Agusta Brutale
BIKE_36242,Yzf-R1
BIKE_36243,R 1200 Rt
BIKE_36244,Hayabusa
BIKE_36245,V50
BIKE_36246,V50
BIKE_36247,V50
BIKE_36248,Z 900
BIKE_36249,Super Dink 300
BIKE_36250,Liberty 125
BIKE_36251,Road King
BIKE_36252,
BIKE_36253,
BIKE_36254,
BIKE_36255,R Ninet
BIKE_36256,Mt-09
BIKE_36257,Speed Triple 1050
BIKE_36258,Xvs 650
BIKE_36259,Xvs 650
BIKE_36260,Xvs 650
BIKE_36261,Fz 8
BIKE_36262,Rx 50
BIKE_36263,Rx 50
BIKE_36264,Rx 50
BIKE_36265,R 1200 Gs
BIKE_36266,Z1000 Sx
BIKE_36267,Super 8
BIKE_36268,Bonneville T120
BIKE_36269,Z 900
BIKE_36270,R 1200 Gs
BIKE_36271,R 1200
BIKE_36272,1290 Super Duke Gt
BIKE_36273,390 Duke
BIKE_36274,A+M Trike
BIKE_36275,Z 650
BIKE_36276,K 1600 Gt
BIKE_36277,
BIKE_36278,R 1250 Rs
BIKE_36279,F 900 Xr
BIKE_36280,R 1200 Gs Lc
BIKE_36281,Blade 550
BIKE_36282,Sprint 50
BIKE_36283,Vn 1700
BIKE_36284,Yzf-R3
BIKE_36285,Electra Glide
BIKE_36286,S 1000 Rr
BIKE_36287,S 1000 Rr
BIKE_36288,Speed Triple 1050
BIKE_36289,Cmx 500
BIKE_36290,250 Exc
BIKE_36291,250 Exc
BIKE_36292,250 Exc
BIKE_36293,Fat Boy
BIKE_36294,
BIKE_36295,Hypermotard 1100
BIKE_36296,C 650 Gt
BIKE_36297,R 1200 Gs
BIKE_36298,R Ninet
BIKE_36299,
BIKE_36300,Heritage Softail
BIKE_36301,R 1200 C Montauk
BIKE_36302,R 1200 C Montauk
BIKE_36303,R 1200 C Montauk
BIKE_36304,
BIKE_36305,Vulcan 1700
BIKE_36306,
BIKE_36307,Bonneville T120
BIKE_36308,Gl 1800
BIKE_36309,Mt-10
BIKE_36310,Symphony 125
BIKE_36311,Low Rider
BIKE_36312,
BIKE_36313,Xciting 300I
BIKE_36314,
BIKE_36315,Z 900
BIKE_36316,F 900 R
BIKE_36317,Iron 883
BIKE_36318,S 1000 Xr
BIKE_36319,Cbr 1000
BIKE_36320,Cb 1000
BIKE_36321,R 1200 R
BIKE_36322,Niken
BIKE_36323,
BIKE_36324,990 Super Duke
BIKE_36325,Sm 125
BIKE_36326,Gsr 600
BIKE_36327,Night Rod
BIKE_36328,Gl 1800
BIKE_36329,R Ninet
BIKE_36330,Tmax 560
BIKE_36331,X-Max 250
BIKE_36332,
BIKE_36333,Night Rod
BIKE_36334,R 1200 Gs
BIKE_36335,Tmax 530
BIKE_36336,Sportster Xl 883
BIKE_36337,Panigale V4
BIKE_36338,R 1200 Gs
BIKE_36339,Hornet
BIKE_36340,Hornet
BIKE_36341,Hornet
BIKE_36342,Dyna Street Bob
BIKE_36343,S 1000 Rr
BIKE_36344,Gsx 750
BIKE_36345,Guzzi 750 S
BIKE_36346,Softail
BIKE_36347,Heritage Softail
BIKE_36348,Z 900
BIKE_36349,Tmax 530
BIKE_36350,C 400 Gt
BIKE_36351,Street Glide
BIKE_36352,
BIKE_36353,Leoncino
BIKE_36354,Burgman 200
BIKE_36355,X-Max 250
BIKE_36356,F 800 Gs
BIKE_36357,R Ninet
BIKE_36358,Diavel
BIKE_36359,R 1250 Rt
BIKE_36360,R05
BIKE_36361,Agusta F4 750
BIKE_36362,R 1200 Gs Lc
BIKE_36363,Mt-10
BIKE_36364,Street Glide
BIKE_36365,Xrv 750
BIKE_36366,Rsv4
BIKE_36367,R 1200 Gs
BIKE_36368,Electra Glide
BIKE_36369,Scarabeo
BIKE_36370,Heritage Softail
BIKE_36371,R Ninet
BIKE_36372,Softail
BIKE_36373,1299 Superleggera
BIKE_36374,X-Max 250
BIKE_36375,
BIKE_36376,Electra Glide
BIKE_36377,
BIKE_36378,
BIKE_36379,Mt-09
BIKE_36380,890 Adventure
BIKE_36381,
BIKE_36382,Niken
BIKE_36383,Tracer 900
BIKE_36384,
BIKE_36385,
BIKE_36386,R 1200 Rs
BIKE_36387,Gt 250I
BIKE_36388,R 1200 Gs
BIKE_36389,
BIKE_36390,F 800 Gs Adventure
BIKE_36391,Rocket Iii Touring
BIKE_36392,R 1200 Gs Adventure
BIKE_36393,Sh 150
BIKE_36394,Agility 50
BIKE_36395,Sportsman 500
BIKE_36396,R 100 Rs
BIKE_36397,Cbr 1000
BIKE_36398,Sportster
BIKE_36399,R 1200 R
BIKE_36400,Aerox
BIKE_36401,People 50
BIKE_36402,Road King
BIKE_36403,F 900 Xr
BIKE_36404,Agusta Brutale 800
BIKE_36405,Monster 1200
BIKE_36406,Road King
BIKE_36407,
BIKE_36408,Supersport
BIKE_36409,Panigale V4
BIKE_36410,Beverly 250
BIKE_36411,Road King
BIKE_36412,People 125
BIKE_36413,Multistrada 1260
BIKE_36414,Hm 50
BIKE_36415,
BIKE_36416,R Ninet
BIKE_36417,
BIKE_36418,V-Strom 650
BIKE_36419,Tmax 530
BIKE_36420,Agusta F3
BIKE_36421,Mp3 500
BIKE_36422,Scrambler
BIKE_36423,Guzzi V 7
BIKE_36424,Scrambler
BIKE_36425,Medley 125
BIKE_36426,Mt-09
BIKE_36427,Dyna Super Glide
BIKE_36428,Fz 8
BIKE_36429,King Quad
BIKE_36430,Forza 300
BIKE_36431,Am Ryker
BIKE_36432,Am Ryker
BIKE_36433,Am Ryker
BIKE_36434,F 900 R
BIKE_36435,Sprint
BIKE_36436,Raptor 700
BIKE_36437,Password 250
BIKE_36438,Password 250
BIKE_36439,Password 250
BIKE_36440,R18
BIKE_36441,Iron 883
BIKE_36442,Tmax 530
BIKE_36443,
BIKE_36444,Crf 1000
BIKE_36445,Sportster Forty Eight
BIKE_36446,1050 Adventure
BIKE_36447,Sportster 883
BIKE_36448,Vzr 1800
BIKE_36449,Z 900
BIKE_36450,Supersport
BIKE_36451,
BIKE_36452,Multistrada 1260
BIKE_36453,R Ninet
BIKE_36454,Liberty 50
BIKE_36455,Softail Slim
BIKE_36456,C 400 Gt
BIKE_36457,Vrsc Night Rod
BIKE_36458,690 Enduro
BIKE_36459,690 Enduro
BIKE_36460,690 Enduro
BIKE_36461,K 1300 S
BIKE_36462,Niken
BIKE_36463,Mt-09
BIKE_36464,R Ninet
BIKE_36465,1190 Adventure
BIKE_36466,R 1200 Gs Adventure
BIKE_36467,Speed Triple R
BIKE_36468,Softail
BIKE_36469,Agusta Brutale 750
BIKE_36470,Gl 1800
BIKE_36471,790 Adventure
BIKE_36472,Xsr 700
BIKE_36473,Xt 1200
BIKE_36474,Diavel
BIKE_36475,Sportster 883
BIKE_36476,Yzf-R6
BIKE_36477,R 1200 Gs Adventure
BIKE_36478,R 1200 Rt
BIKE_36479,Road King
BIKE_36480,
BIKE_36481,Integra
BIKE_36482,R 1150 Rt
BIKE_36483,R 1150 Rt
BIKE_36484,R 1150 Rt
BIKE_36485,Nmax
BIKE_36486,N1S
BIKE_36487,Road King
BIKE_36488,Gts Super Sport
BIKE_36489,Vn 900
BIKE_36490,Gsx-S 1000
BIKE_36491,Liberty 125
BIKE_36492,F 850 Gs
BIKE_36493,R 1100 Gs
BIKE_36494,Mt-07
BIKE_36495,Guzzi 1000 Convert
BIKE_36496,S 1000 Xr
BIKE_36497,K 100 Lt
BIKE_36498,K 100 Lt
BIKE_36499,K 100 Lt
BIKE_36500,Cb 500
BIKE_36501,Gsx-R 750
BIKE_36502,Gsx-S 1000
BIKE_36503,Gas
BIKE_36504,X-Adv
BIKE_36505,Cbf 125
BIKE_36506,Xdiavel
BIKE_36507,Tmax 530
BIKE_36508,Ak 550
BIKE_36509,1290 Super Adventure
BIKE_36510,Sr 50
BIKE_36511,Gsx-S 750
BIKE_36512,Gl 1200
BIKE_36513,Xl 1200
BIKE_36514,Sr 50
BIKE_36515,Sportcity One
BIKE_36516,Sportcity One
BIKE_36517,Sportcity One
BIKE_36518,Z1000 Sx
BIKE_36519,X-Adv
BIKE_36520,Mt-09
BIKE_36521,Scarabeo
BIKE_36522,R 1200 Rt
BIKE_36523,Cb 500
BIKE_36524,Tmax 530
BIKE_36525,
BIKE_36526,Downtown 125I
BIKE_36527,990 Supermoto
BIKE_36528,Versys 1000
BIKE_36529,R 1200 Gs
BIKE_36530,Tiger Explorer
BIKE_36531,Dyna Fat Bob
BIKE_36532,Agusta Brutale 1090
BIKE_36533,Scrambler
BIKE_36534,Gsx-R 600
BIKE_36535,
BIKE_36536,Z 750
BIKE_36537,R 1200 Gs Adventure
BIKE_36538,848
BIKE_36539,848
BIKE_36540,848
BIKE_36541,Mt-07
BIKE_36542,F 800 Gs Adventure
BIKE_36543,
BIKE_36544,R 1200 Gs
BIKE_36545,V-Strom 1050
BIKE_36546,Niken
BIKE_36547,F 800 St
BIKE_36548,Xor 50
BIKE_36549,F 800
BIKE_36550,Heritage Springer
BIKE_36551,Enfield Continental Gt
BIKE_36552,Multistrada 1260
BIKE_36553,Li
BIKE_36554,Li
BIKE_36555,Li
BIKE_36556,Vrsc V-Rod
BIKE_36557,Hypermotard 950
BIKE_36558,Versys 1000
BIKE_36559,Am Outlander
BIKE_36560,Speed Triple 1050
BIKE_36561,Pulsar 125
BIKE_36562,
BIKE_36563,Burgman 250
BIKE_36564,Sportster Forty Eight
BIKE_36565,Lx 50
BIKE_36566,Hypermotard 939
BIKE_36567,F 850 Gs
BIKE_36568,Rf1
BIKE_36569,Softail
BIKE_36570,Guzzi V 7
BIKE_36571,
BIKE_36572,Deluxe
BIKE_36573,Fat Boy
BIKE_36574,
BIKE_36575,Diavel
BIKE_36576,St 4
BIKE_36577,Rkv 125
BIKE_36578,S 1000 Xr
BIKE_36579,
BIKE_36580,Flathead
BIKE_36581,Fuoco 500
BIKE_36582,Dyna Fat Bob
BIKE_36583,Speed Triple 1050
BIKE_36584,Dyna Wide Glide
BIKE_36585,Tmax 530
BIKE_36586,Mt-09
BIKE_36587,Shadow 750
BIKE_36588,K 1600 B
BIKE_36589,K 1600 B
BIKE_36590,K 1600 B
BIKE_36591,Diavel
BIKE_36592,Star 200
BIKE_36593,Sh 125
BIKE_36594,Yzf-R1
BIKE_36595,Xdiavel
BIKE_36596,X-Max 250
BIKE_36597,Senda
BIKE_36598,Cbr 650
BIKE_36599,Xciting 300I
BIKE_36600,Roadster
BIKE_36601,Dyna Fat Bob
BIKE_36602,Vulcan S
BIKE_36603,V-Strom 1000
BIKE_36604,Softail
BIKE_36605,R 1250 Rt
BIKE_36606,Sr 50
BIKE_36607,F 750 Gs
BIKE_36608,Xl 883
BIKE_36609,Jet 50
BIKE_36610,Speed Triple 1050
BIKE_36611,790 Duke
BIKE_36612,Wla
BIKE_36613,Wla
BIKE_36614,Wla
BIKE_36615,Vrsc V-Rod
BIKE_36616,Vmax
BIKE_36617,Moto Cforce 1000
BIKE_36618,Guzzi 850 Le Mans
BIKE_36619,Medley 125
BIKE_36620,Monster 1100
BIKE_36621,X-Max 400
BIKE_36622,Sportster
BIKE_36623,Fat Boy
BIKE_36624,Zzr 1400
BIKE_36625,R 1250 Gs
BIKE_36626,
BIKE_36627,S 1000 Xr
BIKE_36628,Bx 125
BIKE_36629,1290 Super Adventure
BIKE_36630,Heritage Softail
BIKE_36631,F 800 Gs
BIKE_36632,Am Maverick
BIKE_36633,Multistrada 950
BIKE_36634,Multistrada 950
BIKE_36635,Multistrada 950
BIKE_36636,Electra Glide
BIKE_36637,Heritage Softail
BIKE_36638,
BIKE_36639,Like 50
BIKE_36640,W 800
BIKE_36641,Ténéré 700
BIKE_36642,1290 Super Duke Gt
BIKE_36643,Road King
BIKE_36644,Scrambler
BIKE_36645,X1
BIKE_36646,F 850 Gs
BIKE_36647,Integra
BIKE_36648,V-Strom 650
BIKE_36649,R 1200 Gs
BIKE_36650,Guzzi Falcone
BIKE_36651,Shadow 750
BIKE_36652,Tricity
BIKE_36653,R 1200 Rt
BIKE_36654,Agility 125
BIKE_36655,Cb 500
BIKE_36656,Sh 300
BIKE_36657,R Ninet
BIKE_36658,Tmax 530
BIKE_36659,F 900 R
BIKE_36660,Crf 1000
BIKE_36661,Star 125
BIKE_36662,Agusta F4
BIKE_36663,Zzr 1400
BIKE_36664,R 1250 R
BIKE_36665,Diavel
BIKE_36666,Black Seven
BIKE_36667,Gsx-R 1100
BIKE_36668,
BIKE_36669,R 1200 Gs
BIKE_36670,X-Max 400
BIKE_36671,Gt 750
BIKE_36672,Tmax 560
BIKE_36673,Mt-09
BIKE_36674,1290 Super Duke R
BIKE_36675,Guzzi 500 Alce
BIKE_36676,Dyna Super Glide
BIKE_36677,Integra
BIKE_36678,Cbr 1000
BIKE_36679,Z 1000
BIKE_36680,Niken
BIKE_36681,Multistrada 1200
BIKE_36682,Xvs 1300
BIKE_36683,
BIKE_36684,Multistrada 1260
BIKE_36685,Yzf-R1
BIKE_36686,Multistrada 1200
BIKE_36687,Street Twin
BIKE_36688,Ftr 1200
BIKE_36689,S 1000 Rr
BIKE_36690,Ak 550
BIKE_36691,Spin 50
BIKE_36692,F 850 Gs
BIKE_36693,Liberty 50
BIKE_36694,Sportster Forty Eight
BIKE_36695,
BIKE_36696,Cb 1000
BIKE_36697,Agility 125
BIKE_36698,R 1200 Gs Lc
BIKE_36699,Street Glide
BIKE_36700,R 80
BIKE_36701,Xv 1900
BIKE_36702,X-Town
BIKE_36703,Scout
BIKE_36704,
BIKE_36705,F 800 Gt
BIKE_36706,Tiger 1200
BIKE_36707,Roadster
BIKE_36708,Superlight
BIKE_36709,
BIKE_36710,Softail Slim
BIKE_36711,Xb 12
BIKE_36712,350 Exc
BIKE_36713,R 1200 Gs
BIKE_36714,Versys 650
BIKE_36715,Cb 500
BIKE_36716,R Ninet
BIKE_36717,Cbf 125
BIKE_36718,Gsx-S 1000
BIKE_36719,Tiger 1200
BIKE_36720,Moto Cforce 1000
BIKE_36721,Fat Boy
BIKE_36722,Cbr 125
BIKE_36723,1190 Rc8
BIKE_36724,1190 Rc8
BIKE_36725,1190 Rc8
BIKE_36726,Fat Boy
BIKE_36727,
BIKE_36728,Mt-10
BIKE_36729,Tornado Rs 900
BIKE_36730,R 90 S
BIKE_36731,R 90 S
BIKE_36732,R 90 S
BIKE_36733,R Ninet
BIKE_36734,Mt-01
BIKE_36735,Ninja Zx-6R
BIKE_36736,Mt-09
BIKE_36737,R 1200 Rt
BIKE_36738,Electra Glide
BIKE_36739,
BIKE_36740,Cb 1000
BIKE_36741,1290 Super Duke R
BIKE_36742,R 1250 Rt
BIKE_36743,Xl 1200
BIKE_36744,Lt-Z 400
BIKE_36745,Lt-Z 400
BIKE_36746,Lt-Z 400
BIKE_36747,Sky 50
BIKE_36748,Night Train
BIKE_36749,Tmax 530
BIKE_36750,Guzzi Audace
BIKE_36751,Roadmaster
BIKE_36752,S 1000 Xr
BIKE_36753,Road King
BIKE_36754,R Ninet
BIKE_36755,Bikes
BIKE_36756,701 Enduro
BIKE_36757,
BIKE_36758,Z 1000
BIKE_36759,
BIKE_36760,F 850 Gs
BIKE_36761,K 1300 Gt
BIKE_36762,X-Adv
BIKE_36763,Tracer 900
BIKE_36764,
BIKE_36765,Tmax 530
BIKE_36766,Primavera
BIKE_36767,
BIKE_36768,Felsberg 125
BIKE_36769,Monster 797
BIKE_36770,Monster 797
BIKE_36771,Monster 797
BIKE_36772,
BIKE_36773,Mt-07
BIKE_36774,Guzzi V 9
BIKE_36775,250 Exc
BIKE_36776,250 Exc
BIKE_36777,250 Exc
BIKE_36778,F 850 Gs
BIKE_36779,Deluxe
BIKE_36780,Xvs 1100
BIKE_36781,F 800 Gs
BIKE_36782,F 900 Xr
BIKE_36783,Cat 1000
BIKE_36784,Buggy 1100
BIKE_36785,Buggy 1100
BIKE_36786,Buggy 1100
BIKE_36787,Sportster Forty Eight
BIKE_36788,1198
BIKE_36789,Ninja H2
BIKE_36790,R 1200 Rt
BIKE_36791,
BIKE_36792,F 850 Gs
BIKE_36793,Svartpilen
BIKE_36794,Custom Bike
BIKE_36795,K 1300 S
BIKE_36796,Fat Bob
BIKE_36797,Street Triple 765
BIKE_36798,Street Triple R
BIKE_36799,Hayabusa
BIKE_36800,R 1200 Rt
BIKE_36801,R 100
BIKE_36802,Cb 100
BIKE_36803,Cb 100
BIKE_36804,Cb 100
BIKE_36805,Ultra Classic
BIKE_36806,Niken
BIKE_36807,Gsr 750
BIKE_36808,X-Adv
BIKE_36809,Softail
BIKE_36810,Scarabeo
BIKE_36811,R 1200 Gs Lc
BIKE_36812,Vulcan 1700
BIKE_36813,R 1250 Gs
BIKE_36814,Scrambler
BIKE_36815,Agusta F4
BIKE_36816,Xtz 1200
BIKE_36817,R 1200 Gs Adventure
BIKE_36818,K 1200 Rs
BIKE_36819,R Ninet
BIKE_36820,1200
BIKE_36821,R Ninet
BIKE_36822,R 1200 Gs
BIKE_36823,Zx 50
BIKE_36824,Caffe Nero
BIKE_36825,Monster 1200
BIKE_36826,Nmax
BIKE_36827,Scrambler
BIKE_36828,R 1250 Rt
BIKE_36829,
BIKE_36830,Mt-09
BIKE_36831,Xv 125
BIKE_36832,Bonneville Bobber
BIKE_36833,
BIKE_36834,R 1200 Rt
BIKE_36835,Xtz 1200
BIKE_36836,R 1200 Gs
BIKE_36837,Rzr 570
BIKE_36838,Hayabusa
BIKE_36839,Atlantic 250
BIKE_36840,Street Rod
BIKE_36841,Street Rod
BIKE_36842,Street Rod
BIKE_36843,Bx 125
BIKE_36844,
BIKE_36845,Cvo Breakout
BIKE_36846,
BIKE_36847,R 1200 Gs
BIKE_36848,Super 8
BIKE_36849,Thruxton
BIKE_36850,Gsx-S 750
BIKE_36851,Thruxton
BIKE_36852,Wolf Sb 250 Ni
BIKE_36853,Wolf Sb 250 Ni
BIKE_36854,Wolf Sb 250 Ni
BIKE_36855,Z 900
BIKE_36856,Am Outlander
BIKE_36857,Speed Triple 1050
BIKE_36858,R Ninet
BIKE_36859,R 1200 Gs Adventure
BIKE_36860,Road King
BIKE_36861,Fat Boy
BIKE_36862,Zzr 1400
BIKE_36863,Moto Cforce 1000
BIKE_36864,S 1000 Xr
BIKE_36865,V-Strom 650
BIKE_36866,Bonneville Bobber
BIKE_36867,Sportster 1200
BIKE_36868,Rocker C
BIKE_36869,998
BIKE_36870,998
BIKE_36871,998
BIKE_36872,Tiger Sport
BIKE_36873,790 Duke
BIKE_36874,Dyna Street Bob
BIKE_36875,Cvo Limited
BIKE_36876,F 800 R
BIKE_36877,R 1200 Gs Lc
BIKE_36878,R Ninet
BIKE_36879,Rs4 125
BIKE_36880,K 1300
BIKE_36881,
BIKE_36882,Gsx-S 1000
BIKE_36883,K-Xct 300I
BIKE_36884,Quadro4
BIKE_36885,Softail
BIKE_36886,Cbf 125
BIKE_36887,Tmax 530
BIKE_36888,Crf 1000
BIKE_36889,Hero 125
BIKE_36890,W 800
BIKE_36891,R 80 R
BIKE_36892,R 80 R
BIKE_36893,R 80 R
BIKE_36894,R 1200 Gs
BIKE_36895,C 650
BIKE_36896,Msx 125
BIKE_36897,S 1000 Rr
BIKE_36898,Majesty 400
BIKE_36899,Fjr 1300
BIKE_36900,Xb 9
BIKE_36901,Thruxton
BIKE_36902,Guzzi V 9
BIKE_36903,
BIKE_36904,Gsx-R 1000
BIKE_36905,Crf 1000
BIKE_36906,K 1600 Gt
BIKE_36907,Senda
BIKE_36908,Aerox
BIKE_36909,X-Max 250
BIKE_36910,Rzr 800
BIKE_36911,F 850 Gs
BIKE_36912,Softail
BIKE_36913,
BIKE_36914,R 1200 Gs
BIKE_36915,Sh 300
BIKE_36916,Rocket Iii Touring
BIKE_36917,Pcx 125
BIKE_36918,F 850 Gs
BIKE_36919,X-City 250
BIKE_36920,1190Rx
BIKE_36921,1190Rx
BIKE_36922,1190Rx
BIKE_36923,Crf 1000
BIKE_36924,Agility 50
BIKE_36925,F 800 Gs
BIKE_36926,
BIKE_36927,V-Strom 1050
BIKE_36928,Ak 550
BIKE_36929,
BIKE_36930,Cb 1000
BIKE_36931,Dyna Fat Bob
BIKE_36932,Tmax 560
BIKE_36933,C 650 Gt
BIKE_36934,Agusta Brutale
BIKE_36935,Crf 1100
BIKE_36936,K 1600
BIKE_36937,Dyna Street Bob
BIKE_36938,Rocket Iii Classic
BIKE_36939,K 1600
BIKE_36940,Monster 821
BIKE_36941,Two Fifty
BIKE_36942,Xciting 300I
BIKE_36943,C 400 X
BIKE_36944,Mp3 300
BIKE_36945,Deluxe
BIKE_36946,Z 1000
BIKE_36947,X-Adv
BIKE_36948,Z 1000
BIKE_36949,Scrambler
BIKE_36950,Bonneville T100
BIKE_36951,Electra Glide
BIKE_36952,Tracer 700
BIKE_36953,Crf 450
BIKE_36954,Sportster Xl 883
BIKE_36955,Crf 1000
BIKE_36956,
BIKE_36957,Scrambler 1000
BIKE_36958,V-Strom 1050
BIKE_36959,
BIKE_36960,Ninja Zx-6R
BIKE_36961,Vtr 1000
BIKE_36962,Vtr 1000
BIKE_36963,Vtr 1000
BIKE_36964,Guzzi Sport 15
BIKE_36965,Softail
BIKE_36966,Z 650
BIKE_36967,Z 900
BIKE_36968,Road King
BIKE_36969,1290 Super Duke Gt
BIKE_36970,Versys 1000
BIKE_36971,Xb 9
BIKE_36972,Sh 150
BIKE_36973,Versys 650
BIKE_36974,Road King
BIKE_36975,R 1200 Rs
BIKE_36976,R 1200 Rt
BIKE_36977,1290 Super Duke R
BIKE_36978,V-Strom 1050
BIKE_36979,Superior
BIKE_36980,V-Strom 1000
BIKE_36981,R Ninet
BIKE_36982,Xt 1200
BIKE_36983,Softail
BIKE_36984,Vmax
BIKE_36985,Moto Jetmax 250
BIKE_36986,Fiddle 200
BIKE_36987,X-Max 250
BIKE_36988,Street Scrambler
BIKE_36989,R 1250 R
BIKE_36990,
BIKE_36991,Yzf-R1
BIKE_36992,Tiger 800
BIKE_36993,Multistrada 950
BIKE_36994,Multistrada 950
BIKE_36995,Multistrada 950
BIKE_36996,F 650 Gs
BIKE_36997,Road King
BIKE_36998,
BIKE_36999,Monster 821
BIKE_37000,Agusta Rivale 800
BIKE_37001,D'Elight
BIKE_37002,Dyna Fat Bob
BIKE_37003,Street Rod
BIKE_37004,Street Rod
BIKE_37005,Street Rod
BIKE_37006,1200 Custom
BIKE_37007,Gsx-S 1000
BIKE_37008,Crf 450
BIKE_37009,X-Max 125
BIKE_37010,R 1250 Gs
BIKE_37011,Ninja Zx-6R
BIKE_37012,Paul Smart 1000
BIKE_37013,Cbr 1000
BIKE_37014,Softail
BIKE_37015,R 1200 Rs
BIKE_37016,Gsx-S 125
BIKE_37017,Gsx-S 125
BIKE_37018,Gsx-S 125
BIKE_37019,
BIKE_37020,Monster 821
BIKE_37021,R 1200 Gs
BIKE_37022,Agility 50
BIKE_37023,Multistrada 1200
BIKE_37024,Commando
BIKE_37025,X-Adv
BIKE_37026,Like 50
BIKE_37027,R 1250 Gs
BIKE_37028,Mt-10
BIKE_37029,F 850 Gs
BIKE_37030,Dyna Fat Bob
BIKE_37031,
BIKE_37032,S 1000 R
BIKE_37033,Yzf-R1
BIKE_37034,Mt-10
BIKE_37035,Z 900
BIKE_37036,S 1000 Rr
BIKE_37037,Cross Roads
BIKE_37038,Street Glide
BIKE_37039,Ténéré 700
BIKE_37040,Ténéré 700
BIKE_37041,Cbf 125
BIKE_37042,Fat Boy
BIKE_37043,R Ninet
BIKE_37044,C 650
BIKE_37045,1290 Super Adventure
BIKE_37046,Tmax 530
BIKE_37047,Xl 1200
BIKE_37048,Tiger 800
BIKE_37049,Liberty 50
BIKE_37050,
BIKE_37051,
BIKE_37052,
BIKE_37053,Guzzi V 7
BIKE_37054,Super 8
BIKE_37055,Xdiavel
BIKE_37056,Crf 1000
BIKE_37057,
BIKE_37058,Tiger 800
BIKE_37059,R Ninet
BIKE_37060,Multistrada 1200
BIKE_37061,Xb 12
BIKE_37062,C 650 Gt
BIKE_37063,S 1000 Xr
BIKE_37064,Scrambler
BIKE_37065,K 1
BIKE_37066,Scarabeo
BIKE_37067,K 1300
BIKE_37068,
BIKE_37069,
BIKE_37070,Softail
BIKE_37071,Beverly 250
BIKE_37072,Crf 1100
BIKE_37073,Vfr 1200
BIKE_37074,Ftr 1200
BIKE_37075,Cb 1000
BIKE_37076,W 800
BIKE_37077,R 1200 Gs Lc
BIKE_37078,Fz 8
BIKE_37079,Tricity
BIKE_37080,Gtr 1400
BIKE_37081,690 Enduro
BIKE_37082,690 Enduro
BIKE_37083,690 Enduro
BIKE_37084,Pcx 125
BIKE_37085,Ninja 650
BIKE_37086,Bws
BIKE_37087,
BIKE_37088,R 1200 Gs Lc
BIKE_37089,Diavel
BIKE_37090,Monster 821
BIKE_37091,Citycom 300
BIKE_37092,
BIKE_37093,Z 900
BIKE_37094,Z 650
BIKE_37095,Electra Glide
BIKE_37096,Dyna Street Bob
BIKE_37097,Ultra Limited
BIKE_37098,R 1200 Gs
BIKE_37099,Cbr 125
BIKE_37100,1190 Adventure
BIKE_37101,R Ninet
BIKE_37102,Gl 1800
BIKE_37103,Thruxton
BIKE_37104,V-Strom 1000
BIKE_37105,Versys 1000
BIKE_37106,Z 650
BIKE_37107,Mp3 500
BIKE_37108,
BIKE_37109,Mt-09
BIKE_37110,Softail
BIKE_37111,Tiger 1200
BIKE_37112,R 1200 Gs
BIKE_37113,F 800 R
BIKE_37114,Boulevard 125
BIKE_37115,Speed Triple 1050
BIKE_37116,R 1250 Rs
BIKE_37117,R 100 T
BIKE_37118,Crf 1000
BIKE_37119,Sh 300
BIKE_37120,Ultra Limited
BIKE_37121,Gsx-S 1000
BIKE_37122,S 1000 Xr
BIKE_37123,Qm 50
BIKE_37124,Diavel
BIKE_37125,V-Strom 1000
BIKE_37126,Xciting 400I
BIKE_37127,
BIKE_37128,Tmax 530
BIKE_37129,Trophy
BIKE_37130,R Ninet
BIKE_37131,S 1000 R
BIKE_37132,Xsr 700
BIKE_37133,F 700 Gs
BIKE_37134,F 800 R
BIKE_37135,Street Glide
BIKE_37136,690 Duke
BIKE_37137,Dyna Fat Bob
BIKE_37138,Cbr 650
BIKE_37139,
BIKE_37140,Neos 4Takt
BIKE_37141,Yzf-R1
BIKE_37142,1000
BIKE_37143,1000
BIKE_37144,1000
BIKE_37145,
BIKE_37146,R 1200 Rt
BIKE_37147,K 1600 Gtl Exclusive
BIKE_37148,K 1600 Gtl Exclusive
BIKE_37149,K 1600 Gtl Exclusive
BIKE_37150,Blade 1000
BIKE_37151,R 1200 Gs
BIKE_37152,Z 1000
BIKE_37153,Vn 1700
BIKE_37154,R 1250 Gs Adventure
BIKE_37155,R 1200 R
BIKE_37156,Yzf-R1
BIKE_37157,Tmax Dx
BIKE_37158,Softail
BIKE_37159,R 1200 Rt
BIKE_37160,Multistrada 1200
BIKE_37161,Z 1000
BIKE_37162,Softail
BIKE_37163,Cvo Breakout
BIKE_37164,Cb 650
BIKE_37165,V-Strom 1000
BIKE_37166,Mt-07
BIKE_37167,Heritage
BIKE_37168,F 800 R
BIKE_37169,
BIKE_37170,Pcx 125
BIKE_37171,Thruxton
BIKE_37172,Hayabusa
BIKE_37173,Hypermotard 939
BIKE_37174,R 1200 Gs
BIKE_37175,Mt-07
BIKE_37176,Thunderbird Nightstorm
BIKE_37177,F 800 Gs
BIKE_37178,
BIKE_37179,Versys 1000
BIKE_37180,C 400 X
BIKE_37181,Scrambler
BIKE_37182,Sportster Forty Eight
BIKE_37183,Monster 1200
BIKE_37184,Mt-09
BIKE_37185,Multistrada 950
BIKE_37186,Multistrada 950
BIKE_37187,Multistrada 950
BIKE_37188,Guzzi California 1400
BIKE_37189,Katana 1000
BIKE_37190,Katana 1000
BIKE_37191,Katana 1000
BIKE_37192,Xrv 750
BIKE_37193,Xv 950
BIKE_37194,V-Rod
BIKE_37195,R 1200 Gs Adventure
BIKE_37196,Niken
BIKE_37197,R 1250 R
BIKE_37198,C 400 Gt
BIKE_37199,R 1200 Gs
BIKE_37200,Ninja Zx-10R
BIKE_37201,V-Strom 650
BIKE_37202,Streetfighter
BIKE_37203,R 1200 Gs
BIKE_37204,
BIKE_37205,
BIKE_37206,K 1100 Lt
BIKE_37207,Vulcan S
BIKE_37208,Softail
BIKE_37209,Heritage Springer
BIKE_37210,Vtr 1000
BIKE_37211,Vtr 1000
BIKE_37212,Vtr 1000
BIKE_37213,1290 Super Adventure
BIKE_37214,
BIKE_37215,S 1000 Xr
BIKE_37216,Fat Bob
BIKE_37217,Scout
BIKE_37218,Vfr 1200
BIKE_37219,Gl 1800
BIKE_37220,V-Rod
BIKE_37221,C 650
BIKE_37222,Scrambler
BIKE_37223,Dyna Low Rider
BIKE_37224,Crf 1000
BIKE_37225,
BIKE_37226,
BIKE_37227,
BIKE_37228,Sport Glide
BIKE_37229,Vn 900
BIKE_37230,Rsv4
BIKE_37231,Sportster Xr 1200
BIKE_37232,
BIKE_37233,Superlow
BIKE_37234,Superlow
BIKE_37235,Superlow
BIKE_37236,
BIKE_37237,Ninja H2
BIKE_37238,Mt-07
BIKE_37239,Bad Boy
BIKE_37240,Bad Boy
BIKE_37241,Bad Boy
BIKE_37242,R 1200 S
BIKE_37243,V-Bob 250
BIKE_37244,Tiger Explorer
BIKE_37245,
BIKE_37246,Cbr 1000
BIKE_37247,1190 Adventure
BIKE_37248,V-Strom 1050
BIKE_37249,Electra Glide
BIKE_37250,Scarabeo
BIKE_37251,Beverly 125
BIKE_37252,Fxd
BIKE_37253,Gl 1800
BIKE_37254,Motors Retro Star
BIKE_37255,Tiger 1050
BIKE_37256,Heritage
BIKE_37257,Cb 650
BIKE_37258,Mt-10
BIKE_37259,R 1200 Gs
BIKE_37260,X-Max 250
BIKE_37261,
BIKE_37262,Scrambler
BIKE_37263,
BIKE_37264,Gold Wing
BIKE_37265,Crf 1100
BIKE_37266,Cbf 125
BIKE_37267,750 H2
BIKE_37268,W 800
BIKE_37269,S 1000 Xr
BIKE_37270,Gladius 650
BIKE_37271,Blade 550
BIKE_37272,Vn 800
BIKE_37273,R 1200 Rt
BIKE_37274,Cbr 1000
BIKE_37275,Vision 50
BIKE_37276,Agility 125
BIKE_37277,Monster 821
BIKE_37278,Road Glide
BIKE_37279,Forza 300
BIKE_37280,R 1250 Gs Adventure
BIKE_37281,Z 800
BIKE_37282,R 1250 Gs
BIKE_37283,C 400 Gt
BIKE_37284,Fjr 1300
BIKE_37285,Hp2 Sport
BIKE_37286,Vz 800
BIKE_37287,
BIKE_37288,Z 900
BIKE_37289,R 1250 Rt
BIKE_37290,Heritage Softail
BIKE_37291,Hypermotard 950
BIKE_37292,Guzzi
BIKE_37293,Vt 1300
BIKE_37294,Vt 1300
BIKE_37295,Vt 1300
BIKE_37296,Shiver 900
BIKE_37297,Z 900
BIKE_37298,Multistrada 1200
BIKE_37299,Monster 1200
BIKE_37300,Vmax
BIKE_37301,Ak 550
BIKE_37302,Gl 1500
BIKE_37303,R 1200 Gs
BIKE_37304,Roadster
BIKE_37305,Sportster 883
BIKE_37306,
BIKE_37307,R 1250 Gs Adventure
BIKE_37308,Crf 1100
BIKE_37309,Agusta 800
BIKE_37310,Agusta 800
BIKE_37311,Agusta 800
BIKE_37312,R Ninet
BIKE_37313,Gpr
BIKE_37314,Gpr
BIKE_37315,Gpr
BIKE_37316,Sr 50
BIKE_37317,Monster 1200
BIKE_37318,Gsx-R 750
BIKE_37319,K 1200 Rs
BIKE_37320,Agusta Dragster
BIKE_37321,F 800 Gt
BIKE_37322,R 1200
BIKE_37323,B King
BIKE_37324,Crf 1000
BIKE_37325,Mt-10
BIKE_37326,
BIKE_37327,F 700 Gs
BIKE_37328,Electra Glide
BIKE_37329,Supersport
BIKE_37330,Tmax 530
BIKE_37331,Fz 1
BIKE_37332,1098
BIKE_37333,1098
BIKE_37334,1098
BIKE_37335,Fz 8
BIKE_37336,Xl 1200
BIKE_37337,Z 900
BIKE_37338,Crf 1100
BIKE_37339,Et 300
BIKE_37340,F 800 R
BIKE_37341,1290 Super Adventure
BIKE_37342,R 1250 Rt
BIKE_37343,Agusta F4 1000
BIKE_37344,Panigale V4
BIKE_37345,R 1200 R
BIKE_37346,R Ninet
BIKE_37347,Agusta
BIKE_37348,
BIKE_37349,Mt-10
BIKE_37350,K 1600 Gtl
BIKE_37351,K 1300 S
BIKE_37352,R 1200 Gs
BIKE_37353,Electra Glide
BIKE_37354,Late Shovel
BIKE_37355,Agility 150
BIKE_37356,Tracer 900
BIKE_37357,
BIKE_37358,Xv 950
BIKE_37359,Supermoto 50
BIKE_37360,R 1200 Rt
BIKE_37361,Tracer 700
BIKE_37362,R 1200 Rs
BIKE_37363,
BIKE_37364,Crossrunner
BIKE_37365,1199 Panigale
BIKE_37366,R 100 Cs
BIKE_37367,Dink 125
BIKE_37368,Niken
BIKE_37369,Felsberg 125
BIKE_37370,Xdiavel
BIKE_37371,Sportster
BIKE_37372,R 1200 Gs Adventure
BIKE_37373,950 Duke
BIKE_37374,R 1250 Rt
BIKE_37375,Ninja H2
BIKE_37376,Dyna Low Rider
BIKE_37377,Cb 750
BIKE_37378,Z 1000
BIKE_37379,Streetfighter
BIKE_37380,Bonneville Bobber
BIKE_37381,Nc 750
BIKE_37382,Sportster 883
BIKE_37383,Gsx 1300
BIKE_37384,Cb 650
BIKE_37385,Z 1000
BIKE_37386,Iron 883
BIKE_37387,S 1000 Xr
BIKE_37388,Scarabeo
BIKE_37389,Liberty 125
BIKE_37390,1290 Super Adventure
BIKE_37391,S 1000 R
BIKE_37392,F 6 C
BIKE_37393,Sportster Forty Eight
BIKE_37394,1290 Super Duke R
BIKE_37395,Xv 950
BIKE_37396,Cbr 1000
BIKE_37397,Multistrada 1260
BIKE_37398,Sh 150
BIKE_37399,Mt-10
BIKE_37400,790 Duke
BIKE_37401,
BIKE_37402,1190 Adventure
BIKE_37403,R Ninet
BIKE_37404,Burgman 650
BIKE_37405,Thruxton
BIKE_37406,Z 900
BIKE_37407,R 1200 Gs
BIKE_37408,Z 800
BIKE_37409,Aerox
BIKE_37410,
BIKE_37411,Tmax 530
BIKE_37412,Cmx 500
BIKE_37413,
BIKE_37414,Cbr 650
BIKE_37415,Fat Boy
BIKE_37416,Pcx 125
BIKE_37417,N1S
BIKE_37418,Liberty 150
BIKE_37419,Scrambler
BIKE_37420,Softail
BIKE_37421,
BIKE_37422,Scrambler
BIKE_37423,1190 Adventure
BIKE_37424,1290 Super Duke R
BIKE_37425,X-Max 300
BIKE_37426,F 800 Gs
BIKE_37427,Gsr 750
BIKE_37428,Tuono
BIKE_37429,Tracer 900
BIKE_37430,Z 900
BIKE_37431,Multistrada 1260
BIKE_37432,Tmax 530
BIKE_37433,Burgman 650
BIKE_37434,Versys 650
BIKE_37435,Street Twin
BIKE_37436,Tracer 900
BIKE_37437,Tiger 800
BIKE_37438,Ninja Zx-6R
BIKE_37439,Sh 150
BIKE_37440,
BIKE_37441,Electra Glide
BIKE_37442,Bonneville Bobber
BIKE_37443,Xciting 300I
BIKE_37444,Grizzly 700
BIKE_37445,F 900 R
BIKE_37446,Deuce
BIKE_37447,Gsx-S 1000
BIKE_37448,Bonneville Bobber
BIKE_37449,Xv 950
BIKE_37450,Z 900
BIKE_37451,Ak 550
BIKE_37452,F 800 Gs
BIKE_37453,Beverly 350
BIKE_37454,S300 Fi
BIKE_37455,S300 Fi
BIKE_37456,S300 Fi
BIKE_37457,R 1250 Gs
BIKE_37458,
BIKE_37459,
BIKE_37460,
BIKE_37461,Tmax 530
BIKE_37462,Hypermotard 939
BIKE_37463,Cbr 250
BIKE_37464,Cbr 250
BIKE_37465,Cbr 250
BIKE_37466,Panigale V4
BIKE_37467,
BIKE_37468,
BIKE_37469,R Ninet
BIKE_37470,Sh 150
BIKE_37471,Hypermotard 950
BIKE_37472,R 1250 Gs Adventure
BIKE_37473,Ftr 1200
BIKE_37474,R 1250 Rs
BIKE_37475,
BIKE_37476,Hypermotard 1100
BIKE_37477,Tmax 530
BIKE_37478,X-Adv
BIKE_37479,Agility 125
BIKE_37480,Es3
BIKE_37481,Beverly 300
BIKE_37482,Street Glide
BIKE_37483,Sh 125
BIKE_37484,Night Rod
BIKE_37485,Hypermotard 950
BIKE_37486,F 750 Gs
BIKE_37487,Ybr 125
BIKE_37488,R 1200 Gs
BIKE_37489,
BIKE_37490,Sportster 1200
BIKE_37491,R 1200 Gs
BIKE_37492,Vfr 800
BIKE_37493,Neos 50
BIKE_37494,Heritage
BIKE_37495,Hyperstrada
BIKE_37496,Ninja 650
BIKE_37497,
BIKE_37498,Tiger Explorer
BIKE_37499,R 1200 R
BIKE_37500,R 1200 Rt
BIKE_37501,R Ninet
BIKE_37502,S 1000 Xr
BIKE_37503,Mt-09
BIKE_37504,R 1200 Rt
BIKE_37505,Guzzi
BIKE_37506,Road Glide
BIKE_37507,
BIKE_37508,Gsx-S 750
BIKE_37509,Z 1000
BIKE_37510,Fat Boy
BIKE_37511,Cmx 500
BIKE_37512,R 1200
BIKE_37513,R 1200 Gs Adventure
BIKE_37514,X-Max 300
BIKE_37515,Sportster 1200
BIKE_37516,Electra Glide
BIKE_37517,S 1000 R
BIKE_37518,Thruxton
BIKE_37519,Heritage Springer
BIKE_37520,Gsx-R 1000
BIKE_37521,Burgman 650
BIKE_37522,Vl 125
BIKE_37523,Slingshot
BIKE_37524,Z 900
BIKE_37525,Scout
BIKE_37526,1199 Panigale
BIKE_37527,Fjr 1300
BIKE_37528,Versys 650
BIKE_37529,Xl 1200
BIKE_37530,Cb 1000
BIKE_37531,Vl 125
BIKE_37532,Vl 125
BIKE_37533,Vl 125
BIKE_37534,R 1200 Gs Adventure
BIKE_37535,R 100 Rs
BIKE_37536,Monster 1100
BIKE_37537,R 1200 Gs Adventure
BIKE_37538,
BIKE_37539,Mt-01
BIKE_37540,R 1200 Gs Adventure
BIKE_37541,Cb 750 Four
BIKE_37542,People One
BIKE_37543,
BIKE_37544,Bonneville T100
BIKE_37545,Versys 650
BIKE_37546,Diavel
BIKE_37547,S 1000 Xr
BIKE_37548,Sh 150
BIKE_37549,Multistrada 1200
BIKE_37550,Softail
BIKE_37551,Gpz 1100
BIKE_37552,Scrambler
BIKE_37553,Intruder C
BIKE_37554,Hypermotard 950
BIKE_37555,Z 650
BIKE_37556,1125 Cr
BIKE_37557,1125 Cr
BIKE_37558,1125 Cr
BIKE_37559,Agusta F3
BIKE_37560,Iron 883
BIKE_37561,Xt 1200
BIKE_37562,Hp4
BIKE_37563,Hp4
BIKE_37564,Hp4
BIKE_37565,Am Outlander
BIKE_37566,
BIKE_37567,Sportster Forty Eight
BIKE_37568,X 10
BIKE_37569,X 10
BIKE_37570,X 10
BIKE_37571,
BIKE_37572,Z1000 Sx
BIKE_37573,Road Glide
BIKE_37574,Monster 797
BIKE_37575,Monster 797
BIKE_37576,Monster 797
BIKE_37577,Vl 125
BIKE_37578,Vl 125
BIKE_37579,Vl 125
BIKE_37580,
BIKE_37581,R 1200 Rt
BIKE_37582,
BIKE_37583,R 1200 Gs Adventure
BIKE_37584,Monster 797
BIKE_37585,Monster 797
BIKE_37586,Monster 797
BIKE_37587,Mt-07
BIKE_37588,Tmax 560
BIKE_37589,
BIKE_37590,Street Triple R
BIKE_37591,Z 900
BIKE_37592,Heritage Springer
BIKE_37593,
BIKE_37594,Xv 1600
BIKE_37595,Gas Ec 300
BIKE_37596,
BIKE_37597,Multistrada 1260
BIKE_37598,S 1000 Xr
BIKE_37599,250 Exc
BIKE_37600,250 Exc
BIKE_37601,250 Exc
BIKE_37602,Vision 110
BIKE_37603,Tiger 1200
BIKE_37604,
BIKE_37605,R 1200 Rs
BIKE_37606,S 1000 R
BIKE_37607,Tiger Explorer
BIKE_37608,Mt-10
BIKE_37609,Streetfighter
BIKE_37610,Versys 650
BIKE_37611,Ak 550
BIKE_37612,Bonneville T100
BIKE_37613,
BIKE_37614,R Ninet
BIKE_37615,Fjs 400
BIKE_37616,
BIKE_37617,Vfr
BIKE_37618,
BIKE_37619,R 1200 Gs
BIKE_37620,Guzzi 1200 Sport
BIKE_37621,S 1000 Xr
BIKE_37622,502C
BIKE_37623,V-Strom 1000
BIKE_37624,
BIKE_37625,Z 1000
BIKE_37626,K 1600 Gtl
BIKE_37627,Tracer 700
BIKE_37628,F 800
BIKE_37629,Sportster Forty Eight
BIKE_37630,Tracer 900
BIKE_37631,R 1200 Gs
BIKE_37632,R Ninet
BIKE_37633,Sh 125
BIKE_37634,Guzzi California 1400
BIKE_37635,Road Glide
BIKE_37636,Firebolt Xb
BIKE_37637,Primavera 50
BIKE_37638,R 850 Rt
BIKE_37639,Heritage Springer
BIKE_37640,F 800 Gs
BIKE_37641,1190 Adventure
BIKE_37642,Electra Glide
BIKE_37643,
BIKE_37644,V-Strom 1000
BIKE_37645,Electra Glide
BIKE_37646,Street Triple R
BIKE_37647,Dog Pitbull
BIKE_37648,Dog Pitbull
BIKE_37649,Dog Pitbull
BIKE_37650,Tracer 700
BIKE_37651,Nc 750
BIKE_37652,Monte Pro 125
BIKE_37653,Rd 500
BIKE_37654,Rd 500
BIKE_37655,Rd 500
BIKE_37656,Nc 750
BIKE_37657,Katana 1000
BIKE_37658,Katana 1000
BIKE_37659,Katana 1000
BIKE_37660,Kr 26 N
BIKE_37661,Hayabusa
BIKE_37662,Fjr 1300
BIKE_37663,Hammer 8-Ball
BIKE_37664,Scrambler
BIKE_37665,Street Triple R
BIKE_37666,
BIKE_37667,Heritage Softail
BIKE_37668,Monster 1100
BIKE_37669,Gsx-S 750
BIKE_37670,Blog 160
BIKE_37671,Beverly 300
BIKE_37672,Speedmaster
BIKE_37673,Z 900
BIKE_37674,Gsx-S 1000
BIKE_37675,Tuono
BIKE_37676,Heritage Softail
BIKE_37677,Diavel
BIKE_37678,Z 900
BIKE_37679,R 1200 Gs Adventure
BIKE_37680,Downtown 300I
BIKE_37681,Tiger 855I
BIKE_37682,Sportster 1200
BIKE_37683,790 Adventure
BIKE_37684,Motorcycles Nh
BIKE_37685,Caponord 1200
BIKE_37686,R 1200 R
BIKE_37687,Streetfighter
BIKE_37688,Flat Track 125I
BIKE_37689,R 1200 R
BIKE_37690,Trophy
BIKE_37691,Vzr 1800
BIKE_37692,X-Max 125
BIKE_37693,Wolf Sb 125 Ni
BIKE_37694,Wolf Sb 125 Ni
BIKE_37695,Wolf Sb 125 Ni
BIKE_37696,R 1200 Gs Adventure
BIKE_37697,Guzzi
BIKE_37698,R Ninet
BIKE_37699,Sr 50
BIKE_37700,Nrg 50
BIKE_37701,Tiger 1200
BIKE_37702,Tmax 530
BIKE_37703,Streetfighter
BIKE_37704,Sv 650
BIKE_37705,Sportster Xl 883
BIKE_37706,V-Strom 650
BIKE_37707,C 650 Gt
BIKE_37708,Tiger Explorer
BIKE_37709,V-Strom 1000
BIKE_37710,Guzzi V 7
BIKE_37711,R 1200 Gs Adventure
BIKE_37712,Crf 1000
BIKE_37713,Kb 3
BIKE_37714,Xvs 650
BIKE_37715,Xvs 650
BIKE_37716,Xvs 650
BIKE_37717,Tmax 530
BIKE_37718,Xl 1200
BIKE_37719,Niken
BIKE_37720,Fat Boy
BIKE_37721,Z 800
BIKE_37722,Trike
BIKE_37723,Gl 1500
BIKE_37724,Guzzi Le Mans
BIKE_37725,Guzzi Le Mans
BIKE_37726,Guzzi Le Mans
BIKE_37727,Softail
BIKE_37728,Agusta Brutale 675
BIKE_37729,1290 Super Duke R
BIKE_37730,Beverly 400
BIKE_37731,R 1200 Gs
BIKE_37732,Gsr 750
BIKE_37733,Liberty 50
BIKE_37734,R 1200 Gs
BIKE_37735,Rs 250
BIKE_37736,Zrx 1100
BIKE_37737,Zrx 1100
BIKE_37738,Zrx 1100
BIKE_37739,Z 1
BIKE_37740,Downtown 300I
BIKE_37741,F 750 Gs
BIKE_37742,Dyna Wide Glide
BIKE_37743,
BIKE_37744,Mt-09
BIKE_37745,Multistrada 1200
BIKE_37746,Gunner
BIKE_37747,Gunner
BIKE_37748,Gunner
BIKE_37749,C Evolution
BIKE_37750,R 1200 R
BIKE_37751,Mt-07
BIKE_37752,R 1200 Gs Lc
BIKE_37753,959 Panigale
BIKE_37754,790 Duke
BIKE_37755,Rs4 50
BIKE_37756,Rs4 50
BIKE_37757,Rs4 50
BIKE_37758,Xjr 1300
BIKE_37759,K 1600 Gt
BIKE_37760,F 800 Gt
BIKE_37761,Sv 650
BIKE_37762,Nc 750
BIKE_37763,Agusta Brutale 1090
BIKE_37764,Kfx 700
BIKE_37765,Kfx 700
BIKE_37766,Kfx 700
BIKE_37767,Monster 797
BIKE_37768,Monster 797
BIKE_37769,Monster 797
BIKE_37770,R 1200 Gs Adventure
BIKE_37771,R 1200 R
BIKE_37772,Mt-09
BIKE_37773,Mt-10
BIKE_37774,848
BIKE_37775,848
BIKE_37776,848
BIKE_37777,
BIKE_37778,F 900 Xr
BIKE_37779,1200 Custom
BIKE_37780,Z 1000
BIKE_37781,Road King
BIKE_37782,
BIKE_37783,
BIKE_37784,Monster 1200
BIKE_37785,Ftr 1200
BIKE_37786,K 1600 Gt
BIKE_37787,Monster 1200
BIKE_37788,Tiger 900
BIKE_37789,Multistrada 1200
BIKE_37790,Ninja 250 R
BIKE_37791,Ninja 250 R
BIKE_37792,Ninja 250 R
BIKE_37793,Guzzi 1200 Sport
BIKE_37794,Pcx 125
BIKE_37795,Dog Mastiff
BIKE_37796,Spirit
BIKE_37797,R 50
BIKE_37798,F 850 Gs
BIKE_37799,Softail
BIKE_37800,Cb 750
BIKE_37801,Tmax 530
BIKE_37802,R 1200 Rs
BIKE_37803,R 1250 Rt
BIKE_37804,People S 125
BIKE_37805,300 Se
BIKE_37806,F 800 Gs
BIKE_37807,
BIKE_37808,Yzf-R3
BIKE_37809,Multistrada 1260
BIKE_37810,R 1200 R Classic
BIKE_37811,Liberty 50
BIKE_37812,R 1200 Gs Adventure
BIKE_37813,Cbf 125
BIKE_37814,Vn 800
BIKE_37815,Cb 500
BIKE_37816,Gl 1800
BIKE_37817,Livewire
BIKE_37818,Crf 1000
BIKE_37819,
BIKE_37820,Xb 12
BIKE_37821,1190 Adventure
BIKE_37822,Fjr 1300
BIKE_37823,
BIKE_37824,Z 1000
BIKE_37825,Electra Glide
BIKE_37826,
BIKE_37827,X-Max 125
BIKE_37828,Vfr 1200
BIKE_37829,
BIKE_37830,R 1200 Gs
BIKE_37831,S 1000 R
BIKE_37832,Thunderbird Nightstorm
BIKE_37833,Rf1
BIKE_37834,
BIKE_37835,C 600 Sport
BIKE_37836,Cbf 600
BIKE_37837,X-Adv
BIKE_37838,Address
BIKE_37839,Panigale V4
BIKE_37840,S 1000 R
BIKE_37841,F 900 R
BIKE_37842,X-Max 250
BIKE_37843,Gl 1800
BIKE_37844,Sr 2E
BIKE_37845,R Ninet
BIKE_37846,
BIKE_37847,Mallorca
BIKE_37848,Monster 900
BIKE_37849,Monster 900
BIKE_37850,Monster 900
BIKE_37851,Yzf-R6
BIKE_37852,R 1250 Rt
BIKE_37853,Rsv4
BIKE_37854,R 1250 Gs
BIKE_37855,Multistrada 1200
BIKE_37856,Cb 1000
BIKE_37857,Z 1000
BIKE_37858,Bonneville Spirit
BIKE_37859,Vzr 1800
BIKE_37860,Mt-09
BIKE_37861,R 1200 Gs
BIKE_37862,
BIKE_37863,Cbf 1000
BIKE_37864,Gl 1800
BIKE_37865,
BIKE_37866,
BIKE_37867,Madison 250
BIKE_37868,S 1000 R
BIKE_37869,Gsx-S 1000
BIKE_37870,Mt-09
BIKE_37871,Mt-09
BIKE_37872,F 800 Gs
BIKE_37873,Yzf-R1
BIKE_37874,R 1200 Gs
BIKE_37875,S 1000 Rr
BIKE_37876,R 1200 Rs
BIKE_37877,S 1000 Rr
BIKE_37878,Softail
BIKE_37879,F 800 R
BIKE_37880,Fjr 1300
BIKE_37881,Electra Glide
BIKE_37882,1290 Super Duke R
BIKE_37883,V-Strom 1000
BIKE_37884,S 1000 Rr
BIKE_37885,Cb 1000
BIKE_37886,Cbr 650
BIKE_37887,R Ninet
BIKE_37888,Speed Triple S
BIKE_37889,Sprint 50
BIKE_37890,R 1250 Rt
BIKE_37891,R 1200 Gs Lc
BIKE_37892,1290 Super Duke R
BIKE_37893,Xciting 400I
BIKE_37894,Rzr 1000
BIKE_37895,Sportster
BIKE_37896,Cb 1000
BIKE_37897,Mt-07
BIKE_37898,Monster 1200
BIKE_37899,Fat Boy
BIKE_37900,Bonneville T100
BIKE_37901,Kz 750
BIKE_37902,Cbr 1000
BIKE_37903,R 1200 Gs Adventure
BIKE_37904,Z1000 Sx
BIKE_37905,Scrambler
BIKE_37906,Senda
BIKE_37907,Z 900
BIKE_37908,X-Adv
BIKE_37909,Softail
BIKE_37910,R 69 S
BIKE_37911,R 69 S
BIKE_37912,R 69 S
BIKE_37913,R 1200 R
BIKE_37914,Yzf-R1
BIKE_37915,Guzzi V 7
BIKE_37916,Ultra Limited
BIKE_37917,Street Glide
BIKE_37918,R 1200 Gs Lc
BIKE_37919,Electra Glide
BIKE_37920,R 1200 Rs
BIKE_37921,Vn 900
BIKE_37922,Yzf-R125
BIKE_37923,Tracer 700
BIKE_37924,1290 Super Duke R
BIKE_37925,Pcx 150
BIKE_37926,Pcx 150
BIKE_37927,Pcx 150
BIKE_37928,
BIKE_37929,Like 125
BIKE_37930,Fat Boy
BIKE_37931,R 1200 Gs
BIKE_37932,Multistrada 1200
BIKE_37933,Joymax 300
BIKE_37934,1290 Super Duke Gt
BIKE_37935,F 850 Gs
BIKE_37936,Hero 125
BIKE_37937,Crf 1000
BIKE_37938,Versys 650
BIKE_37939,Te 450
BIKE_37940,
BIKE_37941,X-Max 125
BIKE_37942,X-Adv
BIKE_37943,
BIKE_37944,Tmax 560
BIKE_37945,Xsr 700
BIKE_37946,F 800 Gs Adventure
BIKE_37947,Crf 1000
BIKE_37948,Rs 660
BIKE_37949,R 1200 Rt
BIKE_37950,Z 650
BIKE_37951,Rr 50
BIKE_37952,Z 900
BIKE_37953,F 750 Gs
BIKE_37954,K 1600 Gt
BIKE_37955,Fat Boy
BIKE_37956,Rs4 125
BIKE_37957,Vision 110
BIKE_37958,Tmax 530
BIKE_37959,R 1200 Gs Lc
BIKE_37960,Bonneville T120
BIKE_37961,Road King
BIKE_37962,
BIKE_37963,F 800 Gs
BIKE_37964,Bc1 One
BIKE_37965,Softail
BIKE_37966,1125 R
BIKE_37967,Cat 1000
BIKE_37968,Tiger 1200
BIKE_37969,Rr 50
BIKE_37970,S 1000 Rr
BIKE_37971,K 1600 Gt
BIKE_37972,R 1200 Gs
BIKE_37973,R 1200 Gs Adventure
BIKE_37974,Road King
BIKE_37975,Softail
BIKE_37976,Z H2
BIKE_37977,Mt-10
BIKE_37978,R 1200 R
BIKE_37979,Vs 125
BIKE_37980,Vs 125
BIKE_37981,Vs 125
BIKE_37982,Tiger Explorer
BIKE_37983,Cbr 125
BIKE_37984,Enfield Bullet 500
BIKE_37985,Enfield Bullet 500
BIKE_37986,Enfield Bullet 500
BIKE_37987,F 850 Gs
BIKE_37988,Hp4
BIKE_37989,Hp4
BIKE_37990,Hp4
BIKE_37991,Heritage Softail
BIKE_37992,Z 900
BIKE_37993,Z 900
BIKE_37994,Tracer 700
BIKE_37995,Zing 125
BIKE_37996,S 1000 R
BIKE_37997,Mt-09
BIKE_37998,Yzf-R1
BIKE_37999,R 1200 Gs Lc
BIKE_38000,Cb 650
BIKE_38001,Sportsman 500
BIKE_38002,
BIKE_38003,Password 250
BIKE_38004,Password 250
BIKE_38005,Password 250
BIKE_38006,Hypermotard 939
BIKE_38007,Ténéré 700
BIKE_38008,Gtr 1400
BIKE_38009,Street Glide
BIKE_38010,
BIKE_38011,Caballero 50
BIKE_38012,Dyna Street Bob
BIKE_38013,
BIKE_38014,Monster 1100
BIKE_38015,
BIKE_38016,Cbr 1000
BIKE_38017,125 Duke
BIKE_38018,Pursang
BIKE_38019,Mt-09
BIKE_38020,Vrsc V-Rod
BIKE_38021,Sportster 883
BIKE_38022,Xdiavel
BIKE_38023,
BIKE_38024,Yzf-R125
BIKE_38025,
BIKE_38026,Heritage Softail
BIKE_38027,Xv 535
BIKE_38028,Xv 535
BIKE_38029,Xv 535
BIKE_38030,S 1000 Xr
BIKE_38031,R 100 Rs
BIKE_38032,Centro
BIKE_38033,R 1250 Gs
BIKE_38034,Enduro 125
BIKE_38035,F 850 Gs
BIKE_38036,C 400 X
BIKE_38037,Softail
BIKE_38038,Am Maverick
BIKE_38039,Tricity
BIKE_38040,Guzzi V 7
BIKE_38041,Senda
BIKE_38042,Sh 300
BIKE_38043,Speed Triple 1050
BIKE_38044,Integra
BIKE_38045,R Ninet
BIKE_38046,Mini Kolt
BIKE_38047,Gsx-R 750
BIKE_38048,R 1200 Gs
BIKE_38049,Rocket Iii Roadster
BIKE_38050,R 100 Gs
BIKE_38051,790 Adventure
BIKE_38052,Nc 750
BIKE_38053,Mt-09
BIKE_38054,Tiger 900
BIKE_38055,Crox 50
BIKE_38056,Crox 50
BIKE_38057,Crox 50
BIKE_38058,
BIKE_38059,Ps 125I
BIKE_38060,Ps 125I
BIKE_38061,Ps 125I
BIKE_38062,C 650
BIKE_38063,R 1200 Rs
BIKE_38064,Crf 450
BIKE_38065,Multistrada 1260
BIKE_38066,Bandit 1250
BIKE_38067,R 1200 Rt
BIKE_38068,Cbr 1000
BIKE_38069,899 Panigale
BIKE_38070,899 Panigale
BIKE_38071,899 Panigale
BIKE_38072,Scout
BIKE_38073,
BIKE_38074,790 Duke
BIKE_38075,Mt-09
BIKE_38076,Bonneville Se
BIKE_38077,Dyna Super Glide
BIKE_38078,
BIKE_38079,Gsx-R 750
BIKE_38080,Smx 450 Fi
BIKE_38081,Café Racer
BIKE_38082,Café Racer
BIKE_38083,Café Racer
BIKE_38084,
BIKE_38085,Cbr 600
BIKE_38086,
BIKE_38087,1299 Panigale
BIKE_38088,
BIKE_38089,Mt-09
BIKE_38090,F 800 Gt
BIKE_38091,Sportster Xr 1200
BIKE_38092,R 1200 Rt
BIKE_38093,Crf 1100
BIKE_38094,Multistrada 1200
BIKE_38095,Multistrada 1200
BIKE_38096,F 750 Gs
BIKE_38097,Sw-T 400
BIKE_38098,F 800 Gs
BIKE_38099,Yang
BIKE_38100,Gsx-R 1000
BIKE_38101,
BIKE_38102,Pan European
BIKE_38103,Cb 650
BIKE_38104,R18
BIKE_38105,Tiger Explorer
BIKE_38106,
BIKE_38107,Sportster Xl 883
BIKE_38108,Sportster 883
BIKE_38109,En 500
BIKE_38110,Deluxe
BIKE_38111,S 1000 R
BIKE_38112,Mt-07
BIKE_38113,Crf 1100
BIKE_38114,Scout
BIKE_38115,R 1200 Gs Lc
BIKE_38116,F 850 Gs
BIKE_38117,Gtr 1400
BIKE_38118,Fiddle 50
BIKE_38119,
BIKE_38120,Agusta Brutale 675
BIKE_38121,R 1200 Rt
BIKE_38122,Multistrada 1200
BIKE_38123,Xr 1200
BIKE_38124,Gsx-R 1000
BIKE_38125,996
BIKE_38126,Niken
BIKE_38127,Liberty 50
BIKE_38128,Xl 125
BIKE_38129,X-Adv
BIKE_38130,Konsul I
BIKE_38131,1290 Super Adventure
BIKE_38132,Super Dink 125
BIKE_38133,Gl 1800
BIKE_38134,Fz 1
BIKE_38135,Rsv4
BIKE_38136,Scrambler
BIKE_38137,Xl 1200
BIKE_38138,Mp3 Lt
BIKE_38139,Gsx-S 1000
BIKE_38140,Xsr 700
BIKE_38141,Guzzi V 7
BIKE_38142,Burgman 200
BIKE_38143,Mt-09
BIKE_38144,Cbr 600
BIKE_38145,Rocker C
BIKE_38146,Tuono
BIKE_38147,Ninja 1000Sx
BIKE_38148,Medley 125
BIKE_38149,W 800
BIKE_38150,Vn 1700
BIKE_38151,Cbr 125
BIKE_38152,690 Smc
BIKE_38153,690 Smc
BIKE_38154,690 Smc
BIKE_38155,R 80 Rt
BIKE_38156,Sportster Forty Eight
BIKE_38157,Streetfighter
BIKE_38158,
BIKE_38159,Qooder
BIKE_38160,Mp3 300
BIKE_38161,Ranger
BIKE_38162,Heritage Springer
BIKE_38163,Mt-07
BIKE_38164,Mt-09
BIKE_38165,Rocket Tfc
BIKE_38166,X-Adv
BIKE_38167,Road King
BIKE_38168,Street Scrambler
BIKE_38169,Xvs 950
BIKE_38170,X-Adv
BIKE_38171,Dj 125 S
BIKE_38172,Yzf-R6
BIKE_38173,690 Smc
BIKE_38174,690 Smc
BIKE_38175,690 Smc
BIKE_38176,Gsx-S 750
BIKE_38177,Guzzi V 85
BIKE_38178,Downtown 350I
BIKE_38179,Downtown 350I
BIKE_38180,Downtown 350I
BIKE_38181,Etz 250
BIKE_38182,
BIKE_38183,Guzzi V 85
BIKE_38184,Crf 1100
BIKE_38185,Cvo Breakout
BIKE_38186,Seventyfive 125
BIKE_38187,R 1200 Rt
BIKE_38188,C 650 Gt
BIKE_38189,Supersport
BIKE_38190,R 100 Rs
BIKE_38191,Speed Triple 1050
BIKE_38192,K 1600
BIKE_38193,Dyna Fat Bob
BIKE_38194,
BIKE_38195,1290 Super Duke Gt
BIKE_38196,Cb 500
BIKE_38197,R Ninet
BIKE_38198,999
BIKE_38199,Softail
BIKE_38200,R Ninet
BIKE_38201,Heritage Softail
BIKE_38202,Sportster
BIKE_38203,Road King
BIKE_38204,Hps 125I
BIKE_38205,C 650 Gt
BIKE_38206,Te 300
BIKE_38207,Street Triple 765
BIKE_38208,Xdiavel
BIKE_38209,X-Max 300
BIKE_38210,Fat Boy
BIKE_38211,790 Adventure
BIKE_38212,
BIKE_38213,Moto Tracker 125I
BIKE_38214,Heritage Springer
BIKE_38215,Guzzi V 7
BIKE_38216,
BIKE_38217,Cbr 1000
BIKE_38218,Gsx-R 750
BIKE_38219,Xvs 1300
BIKE_38220,Multistrada 1200
BIKE_38221,R 1250 Gs Adventure
BIKE_38222,
BIKE_38223,Road King
BIKE_38224,C 400 X
BIKE_38225,Rsv4
BIKE_38226,Mt-10
BIKE_38227,R 1250 Gs
BIKE_38228,F 800 Gs
BIKE_38229,
BIKE_38230,Fjr 1300
BIKE_38231,Sprint 50
BIKE_38232,1290 Super Duke Gt
BIKE_38233,701 Supermoto
BIKE_38234,Z 800
BIKE_38235,Guzzi California 1400
BIKE_38236,
BIKE_38237,S 1000 Rr
BIKE_38238,X-Adv
BIKE_38239,Tiger 1200
BIKE_38240,
BIKE_38241,F 800 Gs
BIKE_38242,Crf 1100
BIKE_38243,G 310 Gs
BIKE_38244,Majesty 400
BIKE_38245,S 1000 Rr
BIKE_38246,Multistrada 950
BIKE_38247,Multistrada 950
BIKE_38248,Multistrada 950
BIKE_38249,F 750 Gs
BIKE_38250,
BIKE_38251,Street Rod
BIKE_38252,Street Rod
BIKE_38253,Street Rod
BIKE_38254,Pcx 125
BIKE_38255,Rs4 125
BIKE_38256,Vn 2000
BIKE_38257,Vn 2000
BIKE_38258,Vn 2000
BIKE_38259,Haycroft 125
BIKE_38260,Guzzi 1000 G
BIKE_38261,Multistrada 1200
BIKE_38262,Multistrada 950
BIKE_38263,Multistrada 950
BIKE_38264,Multistrada 950
BIKE_38265,Mt-09
BIKE_38266,Z 900
BIKE_38267,Xsr 700
BIKE_38268,Tuono
BIKE_38269,Ninja 650
BIKE_38270,V-Strom 650
BIKE_38271,Diavel
BIKE_38272,Dyna Low Rider
BIKE_38273,Electra Glide
BIKE_38274,Streetfighter
BIKE_38275,Multistrada 1200
BIKE_38276,Gsx-R 1000
BIKE_38277,Softail
BIKE_38278,
BIKE_38279,790 Duke
BIKE_38280,R 1200 Gs
BIKE_38281,Tiger 1200
BIKE_38282,Crf 1000
BIKE_38283,R Ninet
BIKE_38284,Agusta Brutale 675
BIKE_38285,1199 Panigale
BIKE_38286,Tuono
BIKE_38287,R 1200 C Montauk
BIKE_38288,R 1200 C Montauk
BIKE_38289,R 1200 C Montauk
BIKE_38290,Xdiavel
BIKE_38291,
BIKE_38292,S 1000 Xr
BIKE_38293,R 1200 Gs
BIKE_38294,1290 Super Adventure
BIKE_38295,Xt 1200
BIKE_38296,R Ninet
BIKE_38297,Tiger 1050
BIKE_38298,1090 Adventure
BIKE_38299,1090 Adventure
BIKE_38300,1090 Adventure
BIKE_38301,Supersport
BIKE_38302,Crossrunner
BIKE_38303,V-Strom 650
BIKE_38304,Streetfighter
BIKE_38305,F 900 R
BIKE_38306,Road Glide
BIKE_38307,Nc 700
BIKE_38308,
BIKE_38309,C 650 Gt
BIKE_38310,Tracer 700
BIKE_38311,V-Strom 650
BIKE_38312,R 1200 Gs Adventure
BIKE_38313,Crf 1100
BIKE_38314,Fjr 1300
BIKE_38315,F 850 Gs
BIKE_38316,Agusta F4 1000
BIKE_38317,Gsx 1250
BIKE_38318,Gsx-S 1000
BIKE_38319,Sportster 1200
BIKE_38320,1290 Super Adventure
BIKE_38321,Am 800 Renegade
BIKE_38322,Am 800 Renegade
BIKE_38323,Am 800 Renegade
BIKE_38324,
BIKE_38325,Monster 1200
BIKE_38326,Cbr 1000
BIKE_38327,Downtown 125I
BIKE_38328,C 400 X
BIKE_38329,Electra Glide
BIKE_38330,Cbr 1000
BIKE_38331,Rgv 250
BIKE_38332,Integra
BIKE_38333,
BIKE_38334,R Ninet
BIKE_38335,Diavel
BIKE_38336,S 1000 Rr
BIKE_38337,R 1250 Rt
BIKE_38338,1200 Custom
BIKE_38339,X-Adv
BIKE_38340,Mt-10
BIKE_38341,Cmx 500
BIKE_38342,Z 650
BIKE_38343,Beverly 400
BIKE_38344,Gts 300
BIKE_38345,Tiger 800
BIKE_38346,125 Duke
BIKE_38347,Bws
BIKE_38348,Sportster 1200
BIKE_38349,Diavel
BIKE_38350,Pcx 125
BIKE_38351,Mt-09
BIKE_38352,Z 900
BIKE_38353,R 1200 Gs
BIKE_38354,
BIKE_38355,
BIKE_38356,
BIKE_38357,Café Racer
BIKE_38358,
BIKE_38359,Sportster
BIKE_38360,Supersport
BIKE_38361,Vfr 800
BIKE_38362,Sh 150
BIKE_38363,Sh 150
BIKE_38364,
BIKE_38365,R 1200 R
BIKE_38366,
BIKE_38367,F 800 R
BIKE_38368,690 Duke
BIKE_38369,
BIKE_38370,Sr Max 300
BIKE_38371,Sr Max 300
BIKE_38372,Sr Max 300
BIKE_38373,Fat Bob
BIKE_38374,Xciting 400I
BIKE_38375,701 Supermoto
BIKE_38376,R 27
BIKE_38377,Scrambler
BIKE_38378,Sportster Xr 1200
BIKE_38379,R Ninet
BIKE_38380,D'Elight
BIKE_38381,Iron 883
BIKE_38382,Ultra Classic
BIKE_38383,
BIKE_38384,Agility 125
BIKE_38385,Tiger 800
BIKE_38386,Burgman 400
BIKE_38387,Softail
BIKE_38388,Multistrada 1200
BIKE_38389,Tr 6
BIKE_38390,
BIKE_38391,C 400 Gt
BIKE_38392,748
BIKE_38393,748
BIKE_38394,748
BIKE_38395,X-Max 400
BIKE_38396,
BIKE_38397,
BIKE_38398,Z 900
BIKE_38399,Z1000 Sx
BIKE_38400,900 Z
BIKE_38401,900 Z
BIKE_38402,900 Z
BIKE_38403,Hammer S
BIKE_38404,Hammer S
BIKE_38405,Hammer S
BIKE_38406,Monster 1100
BIKE_38407,Multistrada 1200
BIKE_38408,Crf 1100
BIKE_38409,R 1200 Gs Lc
BIKE_38410,X-Adv
BIKE_38411,Agusta Brutale 920
BIKE_38412,C 650 Gt
BIKE_38413,1290 Super Duke R
BIKE_38414,C Evolution
BIKE_38415,Fe 250
BIKE_38416,R 1200 Gs
BIKE_38417,790 Duke
BIKE_38418,Scarabeo
BIKE_38419,Softail
BIKE_38420,Ftr 1200
BIKE_38421,Multistrada 1200
BIKE_38422,Guzzi Stelvio 1200
BIKE_38423,F 850 Gs
BIKE_38424,150 Super
BIKE_38425,R 1250 Gs
BIKE_38426,R 1200 Rt
BIKE_38427,Sv 650
BIKE_38428,Cbr 1000
BIKE_38429,Gold Wing
BIKE_38430,Yzf-R1
BIKE_38431,
BIKE_38432,
BIKE_38433,
BIKE_38434,Nrg 50
BIKE_38435,Sh 150
BIKE_38436,Dyna Super Glide
BIKE_38437,Trike
BIKE_38438,500 Hurricane
BIKE_38439,Dyna Street Bob
BIKE_38440,
BIKE_38441,R 80 Gs
BIKE_38442,Guzzi
BIKE_38443,R 1200 Gs Adventure
BIKE_38444,Aerox
BIKE_38445,People S 125
BIKE_38446,
BIKE_38447,Street Glide
BIKE_38448,Versys 1000
BIKE_38449,Lx 125
BIKE_38450,Integra
BIKE_38451,
BIKE_38452,X-Max 250
BIKE_38453,Sv 650
BIKE_38454,Cbr 1000
BIKE_38455,Monster 821
BIKE_38456,
BIKE_38457,Sportster 883
BIKE_38458,Guzzi V 85
BIKE_38459,Gsx-S 1000
BIKE_38460,Street Glide
BIKE_38461,Zn 125 T-E
BIKE_38462,Cygnus
BIKE_38463,Svartpilen
BIKE_38464,Sportsman 1000
BIKE_38465,Sportsman 1000
BIKE_38466,Sportsman 1000
BIKE_38467,Cb 1000
BIKE_38468,X-Adv
BIKE_38469,Sportster 883
BIKE_38470,Mt-09
BIKE_38471,Mt-10
BIKE_38472,Sh 150
BIKE_38473,Fat Boy
BIKE_38474,Sportster 883
BIKE_38475,
BIKE_38476,Vrsc Night Rod
BIKE_38477,Tracer 900
BIKE_38478,Am Outlander
BIKE_38479,Xciting 500I
BIKE_38480,Xciting 500I
BIKE_38481,Xciting 500I
BIKE_38482,Tiger 800
BIKE_38483,Versys 650
BIKE_38484,Sportcity 50
BIKE_38485,Sportcity 50
BIKE_38486,Sportcity 50
BIKE_38487,Road King
BIKE_38488,Tracer 900
BIKE_38489,Multistrada 1200
BIKE_38490,F 800 R
BIKE_38491,899 Panigale
BIKE_38492,899 Panigale
BIKE_38493,899 Panigale
BIKE_38494,Sportster
BIKE_38495,
BIKE_38496,Cbf 125
BIKE_38497,R 1200 Gs Adventure
BIKE_38498,S 1000 R
BIKE_38499,
BIKE_38500,Rs 660
BIKE_38501,Cmx 500
BIKE_38502,Z 750
BIKE_38503,K 1300 R
BIKE_38504,Mt-09
BIKE_38505,Cb 1300
BIKE_38506,
BIKE_38507,Tiger Explorer
BIKE_38508,V-Rod
BIKE_38509,Streetfighter
BIKE_38510,Am Maverick
BIKE_38511,Scrambler
BIKE_38512,Cb 650
BIKE_38513,Gold Wing
BIKE_38514,Road King
BIKE_38515,Street Scrambler
BIKE_38516,S 1000 R
BIKE_38517,Xtz 1200
BIKE_38518,Tmax Dx
BIKE_38519,Joymax 125I
BIKE_38520,Joymax 125I
BIKE_38521,Joymax 125I
BIKE_38522,Zip Sp
BIKE_38523,Softail
BIKE_38524,Scrambler
BIKE_38525,
BIKE_38526,Cbr 1000
BIKE_38527,Hypermotard 1100
BIKE_38528,R 1200 Rt
BIKE_38529,
BIKE_38530,Tmax 530
BIKE_38531,
BIKE_38532,Z 900
BIKE_38533,F 750 Gs
BIKE_38534,Nitro 50
BIKE_38535,R 1250 Gs
BIKE_38536,Nrg 50
BIKE_38537,Rsv4
BIKE_38538,Vfr 800
BIKE_38539,R 1200 Gs
BIKE_38540,Z 1000
BIKE_38541,Mt-10
BIKE_38542,F 800 R
BIKE_38543,Qv3
BIKE_38544,Cbr 650
BIKE_38545,Monster 1100
BIKE_38546,Sportster 1200
BIKE_38547,Downtown 300I
BIKE_38548,Z 900
BIKE_38549,Streetfighter
BIKE_38550,B 31
BIKE_38551,Scrambler
BIKE_38552,Fat Boy
BIKE_38553,Scarabeo
BIKE_38554,R 1200 Rs
BIKE_38555,Sh 125
BIKE_38556,Es 250
BIKE_38557,Sportster 883
BIKE_38558,Xciting 300I
BIKE_38559,X-Max 400
BIKE_38560,Chieftain
BIKE_38561,Tmax 530
BIKE_38562,C Evolution
BIKE_38563,Moto Cforce 850
BIKE_38564,790 Adventure
BIKE_38565,Ultra Classic
BIKE_38566,F 800 R
BIKE_38567,Electra Glide
BIKE_38568,
BIKE_38569,
BIKE_38570,
BIKE_38571,Supersport
BIKE_38572,Scout
BIKE_38573,Guzzi
BIKE_38574,Gtr 1400
BIKE_38575,Crf 1000
BIKE_38576,Gl 1800
BIKE_38577,Thunderbird Storm
BIKE_38578,Thunderbird Storm
BIKE_38579,Thunderbird Storm
BIKE_38580,1290 Super Duke Gt
BIKE_38581,Scrambler
BIKE_38582,Skymax
BIKE_38583,Mxu 300
BIKE_38584,K 1600 Gt
BIKE_38585,Agility 50
BIKE_38586,Guzzi V 85
BIKE_38587,990 Super Duke
BIKE_38588,Tiger 800
BIKE_38589,Like 125
BIKE_38590,
BIKE_38591,Z 650
BIKE_38592,Tracer 900
BIKE_38593,Electra Glide
BIKE_38594,Dorsoduro
BIKE_38595,Dyna Low Rider
BIKE_38596,F 800
BIKE_38597,Z 900
BIKE_38598,Crosstourer
BIKE_38599,R 1250 R
BIKE_38600,R 1200 Gs Lc
BIKE_38601,Fs 450
BIKE_38602,F 12
BIKE_38603,C 650 Gt
BIKE_38604,Liberty 150
BIKE_38605,Custom Bike
BIKE_38606,Nmax
BIKE_38607,Road King
BIKE_38608,R 1200 Gs
BIKE_38609,Heritage Softail
BIKE_38610,R Ninet
BIKE_38611,Burgman 650
BIKE_38612,R 1200 Gs
BIKE_38613,S 1000 Rr
BIKE_38614,1198
BIKE_38615,Softail
BIKE_38616,Xevo 400
BIKE_38617,Ultra Limited
BIKE_38618,Cbr 1100
BIKE_38619,Liberty 125
BIKE_38620,S 1000 R
BIKE_38621,Guzzi V 7
BIKE_38622,Speed Triple R
BIKE_38623,Ultra Limited
BIKE_38624,Heritage Springer
BIKE_38625,R 1200 Gs
BIKE_38626,Heritage Softail
BIKE_38627,
BIKE_38628,K 1300 R
BIKE_38629,Multistrada 1200
BIKE_38630,Hypermotard 939
BIKE_38631,F 700 Gs
BIKE_38632,1198
BIKE_38633,Fat Boy
BIKE_38634,Tiger T110
BIKE_38635,Softail
BIKE_38636,Ybr 250
BIKE_38637,S 1000 Xr
BIKE_38638,Tuono
BIKE_38639,1290 Super Duke Gt
BIKE_38640,Dyna Fat Bob
BIKE_38641,Tiger 1050
BIKE_38642,Fc 250
BIKE_38643,Fjr 1300
BIKE_38644,Fz 8
BIKE_38645,1290 Super Adventure
BIKE_38646,Vt 1300
BIKE_38647,Vt 1300
BIKE_38648,Vt 1300
BIKE_38649,K 100
BIKE_38650,Xv 950
BIKE_38651,Sixteen 125
BIKE_38652,
BIKE_38653,Nt 700
BIKE_38654,R 1200 C
BIKE_38655,
BIKE_38656,F 850 Gs
BIKE_38657,Carnaby 125
BIKE_38658,Scrambler
BIKE_38659,V-Strom 1050
BIKE_38660,Crf 1000
BIKE_38661,Rsv4
BIKE_38662,Gsx-S 1000
BIKE_38663,S 1000 Xr
BIKE_38664,K 1600 Gt
BIKE_38665,Hero 125
BIKE_38666,Sh 150
BIKE_38667,Diavel
BIKE_38668,
BIKE_38669,Softail
BIKE_38670,Sh 300
BIKE_38671,Ape
BIKE_38672,Rsv4
BIKE_38673,
BIKE_38674,R 1200 Gs
BIKE_38675,Grand Dink 300
BIKE_38676,Versys 1000
BIKE_38677,R 1200 Gs
BIKE_38678,Guzzi California 1400
BIKE_38679,Katana 1000
BIKE_38680,Katana 1000
BIKE_38681,Katana 1000
BIKE_38682,R Ninet
BIKE_38683,Sportster Forty Eight
BIKE_38684,
BIKE_38685,Ks 601
BIKE_38686,Street Glide
BIKE_38687,Multistrada 950
BIKE_38688,Multistrada 950
BIKE_38689,Multistrada 950
BIKE_38690,Scrambler
BIKE_38691,
BIKE_38692,Wla
BIKE_38693,Wla
BIKE_38694,Wla
BIKE_38695,Custom Bike
BIKE_38696,390 Duke
BIKE_38697,Crf 1000
BIKE_38698,
BIKE_38699,Medley 150
BIKE_38700,F 800 R
BIKE_38701,R 1250 Gs
BIKE_38702,Mt-07
BIKE_38703,Enfield Thunderbird
BIKE_38704,Road Glide
BIKE_38705,High-Ball
BIKE_38706,Tmax 530
BIKE_38707,
BIKE_38708,
BIKE_38709,Heritage Softail
BIKE_38710,Speedmaster
BIKE_38711,Ultra Classic
BIKE_38712,Crosstourer
BIKE_38713,Tr 6
BIKE_38714,V-Strom 1050
BIKE_38715,Tzr 50
BIKE_38716,
BIKE_38717,Jet 14
BIKE_38718,Vfr
BIKE_38719,Cb 1000
BIKE_38720,Cbr 900
BIKE_38721,Hp 2 Megamoto
BIKE_38722,Yzf-R6
BIKE_38723,Z1000 Sx
BIKE_38724,Tango 250
BIKE_38725,Cross Country
BIKE_38726,Tmax 530
BIKE_38727,Tracer 700
BIKE_38728,F 750 Gs
BIKE_38729,R 75
BIKE_38730,F 800 Gs
BIKE_38731,Cbr 1000
BIKE_38732,R Ninet
BIKE_38733,
BIKE_38734,690 Duke
BIKE_38735,R 1200 R
BIKE_38736,Derapage
BIKE_38737,F 900 Xr
BIKE_38738,S 1000 Xr
BIKE_38739,R Ninet
BIKE_38740,S 1000 Rr
BIKE_38741,Ctx 700
BIKE_38742,Street Glide
BIKE_38743,Cbr 600
BIKE_38744,Morini 500 S
BIKE_38745,Monster 1200
BIKE_38746,Tricity
BIKE_38747,F 900 R
BIKE_38748,Yzf-R1
BIKE_38749,Delfino 125
BIKE_38750,R 1200 Gs
BIKE_38751,Thruxton
BIKE_38752,Xciting 400I
BIKE_38753,Electra Glide
BIKE_38754,Tango 50
BIKE_38755,Dog Bulldog
BIKE_38756,G 12
BIKE_38757,R 1200
BIKE_38758,Speed Triple 1050
BIKE_38759,Moto Zforce 1000
BIKE_38760,Moto Zforce 1000
BIKE_38761,Moto Zforce 1000
BIKE_38762,Gt 380
BIKE_38763,Mp3 500
BIKE_38764,Zip 50
BIKE_38765,Mt-09
BIKE_38766,Road Glide
BIKE_38767,R 1200 Rt
BIKE_38768,Iron 883
BIKE_38769,S 1000 Xr
BIKE_38770,Bonneville T100
BIKE_38771,Tmax 530
