,Company Names,Cars Names,Engines,CC/Battery Capacity,HorsePower,Total Speed,Performance(0 - 100 )KM/H,Cars Prices,Fuel Types,Seats,Torque,Score
0,FERRARI,SF90 STRADALE,V8,3990,963,340,2.5,"$1,100,000",plug in hyrbrid,2,800,
1,ROLLS ROYCE,PHANTOM,V12,6749,563,250,5.3,"$460,000",Petrol,5,900,
2,Ford,KA+,1.2L Petrol,1200,70,165,10.5,"$12,000-$15,000",Petrol,5,100,
3,MERCEDES,GT 63 S,V8,3982,630,250,3.2,"$161,000",Petrol,4,900,
4,AUDI,AUDI R8 Gt,V10,5204,602,320,3.6,"$253,290",Petrol,2,560,
5,BMW,Mclaren 720s,V8,3994,710,341,2.9,"$499,000",Petrol,2,770,
6,ASTON MARTIN,VANTAGE F1,V8,3982,656,314,3.6,"$193,440",Petrol,2,685,
7,BENTLEY,Continental GT Azure,V8,3996,550,318,4,"$311,000",Petrol,4,900,
8,LAMBORGHINI,VENENO ROADSTER,V12,6498,750,356,2.9,"$4,500,000",Petrol,2,690,
9,FERRARI,F8 TRIBUTO,V8,3900,710,340,2.9,"$280,000",Petrol,2,770,
10,FERRARI,812 GTS,V12,6496,789,340,2.9,"$350,000",Petrol,2,718,
11,FERRARI,PORTOFINO,V8,3900,592,320,3.2,"$210,000",Petrol,2+2,760,
12,FERRARI,ROMA,V8,3900,612,320,3.4,"$230,000",Petrol,2+2,760,
13,FERRARI,MONZA SP2,V12,6496,789,340,2.9,"$1,700,000",Petrol,2,719,
14,FERRARI,F8 SPIDER,V8,3900,710,340,2.9,"$280,000",Petrol,2,770,
15,FERRARI,PORTOFINO M,V8,3900,612,320,3.2,"$220,000",Petrol,2+2,760,
16,FERRARI,ROMA SPIDER,V8,3900,612,320,3.4,"$240,000",Petrol,2+2,760,
17,TOYOTA,GR SUPRA,I4,2998,382,250,4.1,"$53,900",Petrol,2,500,
18,TOYOTA,TOYOTA 86,BOXER-4,1998,205,226,6.4,"$27,000",Petrol,2+2,205,
19,TOYOTA,TOYOTA  GR86,BOXER-4,2387,228,226,5.6,"$30,000",Petrol,4,250,
20,TOYOTA,TOYOTA LAND CRUISER,V8,5663,381,220,6.7,"$85,000",Diesel,7,500,
21,TOYOTA,TOYOTA SEQUOIA,V8,5663,381,200,6.9,"$50,000",Petrol,7,651,
22,NISSAN,GT-R,V6,3799,600,315,2.9,"$113,000",Petrol,4,637,
23,NISSAN,370Z,V6,3696,332,250,4.7,"$30,000",Petrol,2,366,
24,NISSAN,Z PROTO,V6,2998,400,290,4.1,"$40,000",Petrol,2,475,
25,NISSAN,ALTIMA,I4,2488,188,225,7.3,"$25,000",Petrol,5,380,
26,NISSAN,MAXIMA,V6,3498,300,240,5.8,"$35,000",Petrol,5,354,
27,NISSAN,SENTRA,I4,1998,149,200,8.2,"$20,000",Petrol,5,240,
28,NISSAN,ROGUE,I4,2488,201,200,7.5,"$28,000",Petrol,5,270,
29,NISSAN,PATHFINDER,V6,3498,284,225,6.5,"$35,000",Petrol,7,351,
30,NISSAN,FRONTIER,V6,3799,310,180,6.8,"$30,000",Petrol,5,381,
31,NISSAN,TITAN,V8,5598,400,200,5.9,"$40,000",Petrol,5,560,
32,ASTON MARTIN,VALKYRIE,V12,6496,1160,402,2.5,"$3,200,000",Hybrid,2,900,
33,ASTON MARTIN,VALHALLA,V8,3996,1000,362,2.5,"$1,100,000",Hybrid,2,1000,
34,ASTON MARTIN,DBS SUPERLEGGERA,V12,5204,715,340,3.4,"$316,000",Petrol,2,900,
35,ASTON MARTIN,DB11,V12,5204,600,322,3.9,"$208,000",Petrol,4,700,
36,ASTON MARTIN,VANTAGE,V8,3996,503,313,3.6,"$142,000",Petrol,2,685,
37,ASTON MARTIN,DBX,V8,3996,542,291,4.5,"$189,000",Petrol,5,700,
38,ASTON MARTIN,RAPIDE AMR,V12,5935,580,328,4.2,"$240,000",Petrol,4,630,
39,ASTON MARTIN,VANQUISH,V12,5935,580,324,3.6,"$294,000",Petrol,2,630,
40,ASTON MARTIN,LAGONDA TARAF,V12,5935,540,314,4.2,"$1,100,000",Petrol,4,630,
41,ASTON MARTIN,VICTOR,V12,5204,836,320,2.8,"$1,300,000",Petrol,2,821,
42,LAMBORGHINI,SIAN,V12,6498,819,350,2.8,"$2,800,000",Hybrid,2,720,0.32
43,LAMBORGHINI,AVENTADOR SVJ,V12,6498,759,350,2.8,"$518,000",Petrol,2,720,
44,LAMBORGHINI,HURACAN PERFORMANTE,V10,5204,640,325,2.9,"$274,000",Petrol,2,600,
45,LAMBORGHINI,HURACAN EVO,V10,5204,640,325,2.9,"$261,000",Petrol,2,600,
46,LAMBORGHINI,AVENTADOR SV,V12,6498,740,350,2.8,"$493,000",Petrol,2,690,
47,LAMBORGHINI,URUS,V8,3996,641,305,3.6,"$211,000",Petrol,5,850,0.3
48,LAMBORGHINI,HURACAN SPYDER,V10,5204,610,325,3.4,"$287,000",Petrol,2,600,
49,LAMBORGHINI,AVENTADOR ROADSTER,V12,6498,700,350,3,"$445,000",Petrol,2,690,
50,LAMBORGHINI,HURACAN  PERFORMANTE SPYDER,V10,5204,640,325,3.1,"$308,000",Petrol,2,600,
51,LAMBORGHINI,AVENTADOR S,V12,6498,740,350,2.9,"$421,000",Petrol,2,690,
52,LAMBORGHINI,HURACAN EVO SPYDER,V10,5204,640,325,3.1,"$287,000",Petrol,2,600,
53,LAMBORGHINI,URUS PERFORMANTE,V8,3996,641,305,3.3,"$242,000",Petrol,5,850,
54,LAMBORGHINI,AVENTADOR ULTIMAE,V12,6498,769,355,2.8,"$545,000",Petrol,2,720,
55,LAMBORGHINI,HURACAN EVO RWD,V10,5204,610,325,3.3,"$258,000",Petrol,2,560,
56,LAMBORGHINI,AVENTADOR SVJ ROADSTER,V12,6498,759,350,2.9,"$573,000",Petrol,2,720,
57,LAMBORGHINI,URUS S,V8,3996,671,305,3.3,"$263,000",Petrol,5,850,
58,LAMBORGHINI,HURACAN STO,V10,5204,640,325,3,"$327,000",Petrol,2,565,
59,LAMBORGHINI,AVENTADOR LP 780-4 ULTIMATE,V12,6498,769,355,2.8,"$545,000",Petrol,2,720,
60,LAMBORGHINI,HURACAN EVO RWD SPYDER,V10,5204,610,325,3.3,"$273,000",Petrol,2,600,
61,LAMBORGHINI,AVENTADOR SVJ XAGO,V12,6498,759,350,2.9,"$603,000",Petrol,2,720,
62,LAMBORGHINI,URUS GRAPHITE CAPSULE,V8,3998,641,305,3.3,"$253,000",Petrol,5,850,
63,LAMBORGHINI,HURACAN STO EVO,V10,5204,640,325,3,"$342,000",Petrol,2,565,
64,LAMBORGHINI,AVENTADOR LP 780-4 ULTIMATE ROADSTER,V12,6498,769,355,2.8,"$573,000",Petrol,2,720,
65,ROLLS ROYCE,GHOST,V12,6592,591,250,4.8,"$332,000",Petrol,5,850,
66,ROLLS ROYCE,WRAITH,V12,6592,624,250,4.4,"$330,000",Petrol,4,870,
67,ROLLS ROYCE,DAWN,V12,6592,624,250,4.9,"$360,000",Petrol,4,870,
68,ROLLS ROYCE,CULLINAN,V12,6749,563,250,5.2,"$325,000",Petrol,5,850,
69,ROLLS ROYCE,PHANTOM EXTENDED,V12,6749,563,250,5.3,"$500,000",Petrol,5,900,
70,ROLLS ROYCE,GHOST EXTENDED,V12,6592,591,250,4.8,"$370,000",Petrol,5,850,
71,ROLLS ROYCE,WRAITH BLACK BADGE,V12,6592,624,250,4.3,"$360,000",Petrol,4,870,
72,ROLLS ROYCE,DAWN BLACK BADGE,V12,6592,624,250,4.8,"$390,000",Petrol,4,870,
73,ROLLS ROYCE,CULLINAN BLACK BADGE,V12,6749,563,250,5.1,"$350,000",Petrol,5,850,
74,ROLLS ROYCE,PHANTOM COUPE,V12,6749,563,250,5.3,"$450,000",Petrol,4,870,
75,ROLLS ROYCE,GHOST COUPE,V12,6592,591,250,4.8,"$340,000",Petrol,4,850,
76,ROLLS ROYCE,WRAITH COUPE,V12,6592,624,250,4.4,"$330,000",Petrol,4,870,
77,ROLLS ROYCE,DAWN CONVERTIBLE,V12,6592,624,250,4.9,"$380,000",Petrol,4,870,
78,ROLLS ROYCE,CULLINAN SUV,V12,6749,563,250,5.2,"$320,000",Petrol,5,850,
79,MERCEDES,BENZ S-CLASS S 580,V8,3982,496,250,4.4,"$116,000",Petrol,5,700,
80,MERCEDES,BENZ E-CLASS E 63 S,V8,3982,603,250,3.4,"$104,000",Petrol,5,850,
81,MERCEDES,BENZ CLA 45 AMG,I4,1991,382,250,4.1,"$53,000",Petrol,5,500,
82,MERCEDES,BENZ GLE 63 S,V8,3982,603,250,4.2,"$113,000",Petrol,5,850,
83,MERCEDES,BENZ S-CLASS S 500,V6,2996,429,250,4.9,"$109,000",Petrol,5,700,
84,MERCEDES,BENZ E-CLASS E 450,V6,2996,362,250,5.2,"$62,000",Petrol,5,500,
85,MERCEDES,BENZ CLS 450,V6,2996,362,250,5.2,"$70,000",Petrol,5,500,
86,MERCEDES,BENZ GT 53,V6,2996,429,250,4.5,"$99,000",Petrol,5,700,
87,MERCEDES,BENZ GLE 450,V6,2996,362,250,5.5,"$63,000",Petrol,5,500,
88,MERCEDES,BENZ A-CLASS A 45 S,I4,1991,416,250,3.9,"$53,000",Petrol,5,500,
89,MERCEDES,BENZ C-CLASS C 43,V6,2996,402,250,4.7,"$52,000",Petrol,5,520,
90,MERCEDES,BENZ E-CLASS E 350,I4,1991,255,250,5.7,"$49,000",Petrol,5,500,
91,MERCEDES,BENZ GLE 350,I4,1991,255,250,6.1,"$53,000",Petrol,5,500,
92,MERCEDES,BENZ GLC 43,V6,2996,402,250,4.7,"$54,000",Petrol,5,520,
93,MERCEDES,BENZ GLA 45,I4,1991,382,250,4.3,"$48,000",Petrol,5,500,
94,MERCEDES,BENZ GLC 350,I4,1991,255,250,6.1,"$46,000",Petrol,5,500,
95,MERCEDES,BENZ GLE 53,V6,2996,429,250,5.2,"$71,000",Petrol,5,620,
96,MERCEDES,BENZ S-CLASS S 350,I4,1991,255,250,6.5,"$90,000",Petrol,5,500,
97,MERCEDES,BENZ EQS 53,ELECTRIC MOTOR,,751,250,3.4,"$102,000",Electric,5,950,
98,MERCEDES,BENZ MAYBACH S 680,V12,5980,630,250,4.7,"$200,000",Petrol,5,1000,
99,BMW,M5 CS,V8,4395,627,305,3,"$142,000",Petrol,5,750,
100,BMW,M4 GTS,I6,2993,493,305,3.7,"$133,000",Petrol,4,600,
101,BMW,M3 COMPETITION,I6,2993,503,285,3.5,"$76,000",Petrol,5,650,
102,BMW,M2 CS,I6,2993,444,280,4,"$83,000",Petrol,4,550,
103,BMW,X5 M COMPETITION,V8,4935,523,285,4.1,"$114,000",Petrol,5,750,
104,BMW,X3 M COMPETITION,I6,2993,503,285,4.1,"$69,000",Petrol,5,650,
105,BMW,M8 GRAN COUPE,V8,4395,523,305,3.3,"$146,000",Petrol,5,750,
106,BMW,M850i DRIVE COUPE,V8,4935,523,285,3.7,"$108,000",Petrol,4,750,
107,ROLLS ROYCE,DAWN BLACK BADGE VOLANTE,V12,6592,563,250,4.8,"$398,000",Petrol,4,840,
108,ROLLS ROYCE,CULLINAN BLACK BADGE SUV,V12,6749,563,250,5.1,"$381,000",Petrol,5,850,
109,ROLLS ROYCE,PHATOM TRANQUILITY,V12,6749,563,250,5.3,"$475,000",Petrol,5,900,
110,ROLLS ROYCE,GHOST ZENITH,V12,6749,563,250,4.9,"$335,000",Petrol,5,900,
111,ROLLS ROYCE,WRAITH EAGLE VIII,V12,6592,623,250,4.5,"$349,000",Petrol,4,800,
112,ROLLS ROYCE,PHATOM ORCHID,V12,6749,563,250,5.3,"$495,000",Petrol,5,900,0.3
113,ROLLS ROYCE,GHOST AZURE,V12,6749,563,250,4.9,"$355,000",Petrol,5,900,0.3
114,ROLLS ROYCE,WRAITH KRYPTOS,V12,6592,623,250,4.5,"$369,000",Petrol,4,800,
115,ROLLS ROYCE,DAWN SILVER BULLET,V12,6592,563,250,4.8,"$418,000",Petrol,4,840,
116,ROLLS ROYCE,CULLINAN FUX ORANGE,V12,6749,563,250,5.1,"$401,000",Petrol,5,850,
117,ROLLS ROYCE,PHANTOM CELESTIAL,V12,6749,563,250,5.3,"$515,000",Petrol,5,900,
118,ROLLS ROYCE,GHOST MYSORE,V12,6749,563,250,4.9,"$375,000",Petrol,5,900,
119,ROLLS ROYCE,WRAITH LUMINARY,V12,6592,623,250,4.5,"$389,000",Petrol,4,800,
120,ROLLS ROYCE,DAWN BLACK BADGE ADAMAS,V12,6592,563,250,4.8,"$439,000",Petrol,4,840,
121,ROLLS ROYCE,CULLINAN RED DIAMOND,V12,6749,563,250,5.1,"$421,000",Petrol,5,850,
122,AUDI,R8 V10 PLUS,V10,5204,610,330,3.2,"$194,000",Petrol,2,560,
123,AUDI,RS7 SPORTBACK,V8,3993,591,305,3.6,"$114,000",Petrol,5,800,
124,AUDI,S8,V8,3993,563,305,4.3,"$101,000",Petrol,5,800,
125,AUDI,RS6 AVANT,V8,3993,591,305,3.6,"$109,000",Petrol,5,800,
126,AUDI,S7 SPORTBACK,V8,3993,563,305,4.3,"$96,000",Petrol,5,650,
127,AUDI,A8,V6,2995,335,250,5.7,"$86,000",Petrol,5,600,
128,AUDI,S5 COUPE,V6,2995,349,250,4.8,"$64,000",Petrol,4,500,
129,AUDI,SQ5,V6,2995,349,250,5.4,"$62,000",Petrol,5,500,
130,AUDI,S4 SEDAN,V6,2995,349,250,4.7,"$59,000",Petrol,5,500,
131,AUDI,S3 SEDAN,I4,1984,306,250,4.8,"$52,000",Petrol,5,400,
132,AUDI,Q7,V6,2995,335,250,6.3,"$60,000",Petrol,7,600,0.5
133,AUDI,Q5,I4,1984,248,240,6.3,"$43,000",Petrol,5,500,
134,AUDI,A7,V6,2995,335,250,5.7,"$68,000",Petrol,5,600,
135,AUDI,A6,V6,2995,335,250,5.7,"$58,000",Petrol,5,600,
136,AUDI,A5 COUPE,I4,1984,248,240,6.3,"$45,000",Petrol,4,500,
137,AUDI,A4,I4,1984,248,240,6.5,"$39,000",Petrol,5,400,
138,AUDI,Q3,I4,1984,248,230,7.3,"$35,000",Petrol,5,400,
139,AUDI,E-TRON,ELECTRIC,95,402,200,5.5,"$75,000",Electric,5,664,
140,AUDI,E-TRON SPORTBACK,ELECTRIC,95,402,200,5.5,"$78,000",Electric,5,664,
141,AUDI,TT COUPE,I4,1984,248,250,5.3,"$49,000",Petrol,2,400,
142,BMW,I8 ROADSTER,ELECTRIC MOTOR,11.6,369,250,4.4,"$165,000",Hybrid,2,570,0.53
143,BMW,330i,I4,1998,255,250,5.6,"$45,000",Petrol,5,400,
144,BMW,M340i XDRIVE,I6,2998,382,250,4.1,"$57,000",Petrol,5,500,
145,BMW,430i COUPE,I4,1998,255,250,5.8,"$48,000",Petrol,4,400,
146,BMW,M4 COMPETITION,I6,2993,503,290,3.8,"$81,000",Petrol,4,650,
147,BMW,530i,I4,1998,248,250,5.9,"$57,000",Petrol,5,400,
148,BMW,M550i XDRIVE,V8,4395,523,250,3.6,"$78,000",Petrol,5,650,
149,BMW,118i,I3,1499,136,213,8.5,"$32,000",Petrol,5,220,
150,BMW,128ti,I4,1998,261,250,6.1,"$42,000",Petrol,5,400,
151,BMW,M135i XDRIVE,I4,1998,302,250,4.8,"$30,000",Petrol,5,450,
152,BMW,116D,I3,1496,116,200,10.3,"$30,000",Diesel,5,280,
153,BMW,120D XDRIVE,I4,1995,190,230,6.9,"$38,000",Diesel,5,400,0.5
154,BMW,116i,I3,1499,109,200,10.9,"$28,000",Petrol,5,200,
155,BMW,118D,I4,1995,150,216,8.4,"$34,000",Diesel,5,380,
156,BMW,120i,I4,1998,178,230,7.1,"$37,000",Petrol,5,300,
157,BMW,125i,I4,1998,224,240,6.1,"$42,000",Petrol,5,400,
158,BMW,114D,I3,1496,95,185,12.2,"$27,000",Diesel,5,270,
159,BMW,114i,I4,1598,102,195,11.2,"$26,000",Petrol,5,200,
160,BMW,125D,I4,1995,224,240,6.3,"$44,000",Diesel,5,400,
161,BMW,118i XDRIVE,I3,1499,136,211,8.9,"$34,000",Petrol,5,250,
162,BMW,116D EFFICIENTDYNAMICS,I3,1496,116,200,10.9,"$30,000",Diesel,5,270,
163,BMW,118i SPORTLINE,I3,1499,136,213,8.5,"$35,000",Petrol,5,250,
164,BMW,118i M SPORT,I3,1499,136,213,8.5,"$37,000",Petrol,5,250,
165,BMW,120i M SPORT,I4,1998,178,230,7.1,"$39,000",Petrol,5,300,
166,BMW,116i EFFICIENTDYNAMICS,I4,1598,109,195,10.9,"$29,000",Petrol,5,200,
167,BMW,116D ADVANTAGE,I3,1496,116,200,10.5,"$31,000",Diesel,5,270,
168,BMW,120D EFFICIENTDYNAMICS,I4,1995,163,225,7.7,"$39,000",Diesel,5,400,
169,BMW,118i SHADOW LINE,I3,1499,136,213,8.5,"$36,000",Petrol,5,250,
170,BMW,118D SPORT LINE,I4,1995,150,216,8.4,"$36,000",Diesel,5,380,
171,BMW,120i XDRIVE,I4,1998,178,230,7.2,"$40,000",Petrol,5,300,
172,BMW,114D SPORT LINE,I3,1496,95,185,12.2,"$28,000",Diesel,5,270,
173,BMW,118i URBAN LINE,I3,1499,136,213,8.5,"$35,000",Petrol,5,250,
174,VOLVO,XC90,I6,1969,247,200,6.5,"$60,000",Petrol/Diesel,7,400,
175,VOLVO,XC60,I6,1969,247,220,6.4,"$55,000",Petrol/Diesel,5,400,
176,VOLVO,S90,I6,1969,295,250,5.9,"$60,000",Petrol/Diesel,5,400,
177,KIA,SPORTAGE LX,I4,2480,187,200,8,"$27,000",Petrol,5,250,
178,KIA,SPORTAGE EX,I4,2480,187,200,8,"$30,000",Petrol,5,250,
179,KIA,SPORTAGE GT-LINE,I4,2480,187,200,8,"$32,000",Petrol,5,350,
180,KIA,SPORTAGE SX TURBO,I4,1998,240,210,6.7,"$36,000",Petrol,5,400,
181,KIA,SPORTAGE NIGHTFALL EDITION,I4,2480,187,200,8,"$33,000",Petrol,5,350,
182,HONDA,CIVIC TYPE R,I4,1996,315,272,5.7,"$44,000",Petrol,5,400,
183,KIA,SPORTAGE PHEV,I4 + ELECTRIC,1600,261,180,8,"$41,000",Plug-in Hybrid,5,350,
184,KIA,SPORTAGE 2024(BASE MODEL),I4,2480,187,200,8,"$26,000",Petrol,5,250,
185,KIA,SPORTAGE 2024(TOP TRIM),I4,1998,240,210,6.7,"$38,000",Petrol,5,400,
186,KIA,SPORTAGE 2024(BASE AWD),I4,2480,187,200,8.3,"$29,000",Petrol/AWD,5,250,
187,KIA,SPORTAGE X-LINE,I4,2480,187,200,8,"$32,500",Petrol,5,350,
188,KIA,SPORTAGE 2024(S TRIM),I4,2480,187,200,8.2,"$28,000",Petrol,5,250,
189,HONDA,ACCORD,I4,1498,192,201,7.1,"$29,400",Petrol,5,370,
190,KIA,SPORTAGE 2024(HYBRID AWD),I4 + ELECTRIC,1600,227,180,8,"$37,000",Hybrid,5,350,
191,KIA,SPORTAGE 2024(PLUG-IN HYBRID AWD),I4 + ELECTRIC,1598,261,180,7.9,"$42,000",Plug-in Hybrid,5,350,
192,KIA,SPORTAGE 2024(X-PRO),I4,2480,187,200,8.1,"$36,000",Petrol,5,400,
193,KIA,SPORTAGE 2024(X-PRO PRESTIGE),I4,2480,187,200,8.1,"$38,000",Petrol,5,400,
194,KIA,SPORTAGE 2024(SX TURBO AWD),I4,1998,240,210,6.5,"$40,000",Petrol/AWD,5,400,
195,KIA,SPORTAGE 2024(BASE FWD),I4,2480,187,200,8.5,"$26,500",Petrol,5,250,
196,HONDA,CR-V,I4,1498,190,186,8.2,"$30,000",Petrol/Hybrid,5,400,
197,HONDA,PILOT,V6,3471,285,209,6.3,"$40,000",Petrol,8,360,
198,HONDA,CIVIC HATCHBACK,I4,1498,180,220,6.8,"$26,350",Petrol,5,300,
199,TOYOTA,CAMRY,V6,3500,301,220,6,"$27,000",Petrol/Hybrid,5,250,0.4
200,TOYOTA,COROLLA,I4,1798,139,180,9.4,"$22,500",Petrol/Hybrid,5,200,
201,TOYOTA,PRIUS,I4,1798,121,180,10.5,"$26,700",Hybrid,5,142,
202,TOYOTA,RAV4,I4,2494,203,200,8.1,"$27,100",Petrol/Hybrid,5,400,
203,TOYOTA,HIGHLANDER,V6,3456,295,220,7.2,"$38,400",Petrol/Hybrid,7,370,
204,TOYOTA,4RUNNER,V6,3956,270,200,7.5,"$37,400",Petrol,5,400,
205,TOYOTA,TACOMA,I4,2694,159,180,9.5,"$26,400",Petrol,5,400,
206,TOYOTA,TUNDRA,V8,5663,381,220,6.7,"$39,900",Petrol,5,650,
207,TOYOTA,AVALON,V6,3456,301,220,6.9,"$41,400",Petrol,5,400,
208,TOYOTA,MIRAI,I4,1798,151,180,9.2,"$52,400",Hydrogen,5,335,
209,TOYOTA,SIENNA,V6,2494,245,190,8,"$44,150",Petrol/Hybrid,7,360,
210,TOYOTA,VENZA,I4,2494,219,200,7.5,"$33,400",Hybrid,5,400,
211,TOYOTA,HIGHLANDER HYBRID,V6,3456,240,220,8.2,"$40,400",Hybrid,7,350,
212,TOYOTA,LAND CRUISER PRADO,V6,3956,282,200,7.2,"$49,400",Petrol/Diesel,7,450,
213,TOYOTA,TUNDRA HYBRID,V6,3456,344,220,6.2,"$43,400",Hybrid,5,650,
214,TOYOTA,YARIS,I4,1496,106,180,11.2,"$18,400",Petrol,5,150,
215,TOYOTA,C-HR,I4,1986,144,200,10.2,"$24,400",Petrol/Hybrid,5,250,
216,TOYOTA,BZ4X,ELECTRIC,64.8,218,200,7.5,"$43,400",Electric,5,330,
217,TOYOTA,CROWN,HYBRID,2494,236,200,7.6,"$38,400",Hybrid,5,400,
218,TOYOTA,MR2,I4,1986,168,200,6.9,"$29,000",Petrol,2,400,
219,TOYOTA,CELICA,I4,1986,140,200,8.5,"$25,000",Petrol,5,250,
220,HONDA,CITY,I4,1497,119,180,10.2,"$15,400",Petrol/Hybrid,5,145,
221,HONDA,CIVIC,I4,1996,158,200,8.5,"$20,400",Petrol,5,400,
222,HYUNDAI,I10,"1.2L,4-CYLINDER,INLINE-4(I4)",1197,87,160,12.2,"$12,400",Petrol,5,120,
223,HYUNDAI,I20,"1.4L,4-CYLINDER,INLINE-4(I4)",1396,99,180,10.5,"$15,400",Petrol/Hybrid,5,250,
224,HYUNDAI,ELANTRA,"2.0L,4-CYLINDER,INLINE-4(I4)",1999,147,200,9.5,"$18,400",Petrol/Hybrid,5,250,
225,MAHINDRA,XUV500,"2.2L,4-CYLINDER,INLINE-4(I4)",2179,155,180,10.5,"$18,400",Diesel,7,400,
226,MAHINDRA,SCORPIO,"2.2L,4-CYLINDER,INLINE-4(I4)",2179,140,160,11.2,"$16,400",Diesel,7,280,
227,MAHINDRA,THAR,"2.0L,4-CYLINDER,INLINE-4(I4)",1997,150,180,10.5,"$20,400",Petrol/Diesel,4,320,
228,MARUTI SUZUKI,SWIFT,"1.2L,4-CYLINDER,INLINE-4(I4)",1197,83,160,12.2,"$10,400",Petrol,5,113,
229,MARUTI SUZUKI,DZIRE,"1.2L,4-CYLINDER,INLINE-4(I4)",1197,83,160,12.2,"$11,400",Petrol/Diesel,5,113,
230,MARUTI SUZUKI,BREZZA,"1.5L,4-CYLINDER,INLINE(I4)",1462,103,180,11.5,"$14,400",Petrol,5,200,
231,TOYOTA,PRIUS PRIME,"2.0L,4-CYLINDER,WITH HYBRID SYSTEM",1998,220,180,6.7,"$31,100",Plug-in Hybrid,5,220,
232,TOYOTA,GR COROLLA,"1.6L,TURBOCHARGED INLINE-3",1618,300,230,5,"$36,995",Petrol,5,370,
233,TOYOTA,LAND CRUISER 300,"3.3L,V6,TWIN TURBO DIESEL",3346,305,210,6.8,"$58,500",Petrol/Diesel,7,650,0.5
234,TOYOTA,TUNDRA I-FORCE MAX,"3.5L,V6,HYBRID TWIN-TURBO",3445,437,180,6.2,"$56,000",Hybrid,5,750,
235,TOYOTA,COROLLA HATCHBACK XSE,"2.0L,INLINE-4",1987,169,190,8.2,"$25,390",Petrol,5,250,
236,TOYOTA,MIRAI,"HYDROGEN FUEL CELL,ELECTRIC MOTOR",1.24,152,180,9,"$49,500",Hydrogen,5,335,
237,TOYOTA,HILUX GR SPORT,"2.8L,TURBO,DIESEL",2755,224,170,10,"$50,000",Petrol/Diesel,5,500,
238,TOYOTA,ALPHARD EXECUTIVE LOUNGE,"2.5L,INLINE-4,HYBRID,OR 3.5L,V6",2494,296,180,8.5,"$60,000",Petrol,7,400,
239,TOYOTA,FORTUNER GR SPORT,"2.8L,TURBO,DIESEL",2755,204,175,10.5,"$55,000",Diesel/Petrol,7,500,
240,TOYOTA,INNOVA HYCROSS,2.0L HYBRID,1987,184,165,9.5,"$40,000",Hybrid,7,250,
241,TOYOTA,COASTER,"4.0L,DIESEL",4009,134,120,,"$70,000",Diesel,20,500,
242,TOYOTA,URBAN CRUISER TAISOR,"1.5L,HYBRID",1490,114,170,11,"$25,000",Petrol,5,130,
243,TOYOTA,AYGO X,"1.0L,INLINE-3",998,71,160,14.8,"$18,000",Petrol,4,93,
244,TOYOTA,HILUX REVO ROCCO,"2.8L,TURBO,DIESEL",2755,204,175,10,"$50,000",Diesel,5,500,
245,TOYOTA,PROACE VERSO ELECTRIC,ELECTRIC MOTOR,75,136,130,13.5,"$55,000",Electric,7,280,
246,TOYOTA,CENTURY SUV,"3.5L,V6,PLUG IN HYBRID",3456,406,200,6,"$170,000",Petrol,5,500,
247,TOYOTA,COROLLA SEDAN HYBRID,"1.8L,HYBRID",1798,134,180,10,"$24,000",Hybrid,5,300,
248,TOYOTA,BZ3,ELECTRIC MOTOR,65,241,160,7.5,"$35,000",Electric,5,340,
249,TOYOTA,GR YARIS,"1.6L,TURBOCHARGED INLINE-3",1618,268,230,5.5,"$45,000",Petrol,4,390,
250,HYUNDAI,SANTA FE,1.6L PETROL + PLUG IN HYBRID SYSTEM,1600,253,180,9.3,"$50,000",Petrol/Hybrid,7,420,
251,HYUNDAI,IONIQ 5,ELECTRIC MOTOR,72.6,225,185,7.4,"$41,000",Electric,5,350,
252,HYUNDAI,Santa Cruz,2.5L Turbocharged Inline-4,2500,281,215,6.5,"$40,799",Petrol,5,400,
253,HYUNDAI,Kona,1.6L PETROL,1591,147,185,10,"$20,500",Petrol/EV,5,400,
254,HYUNDAI,Elantra,2.0L Inline-4,2000,147,210,8.3,"$19,950",Petrol/Hybrid,5,250,
255,Nissan,Urvan,2.5L Turbo Diese,,2488,140,14,"$28,000",Diesel,15,356,
256,HYUNDAI,IONIQ 6,Electric Motor,53.6,320,185,5.2,"$41,450",Electric,5,350,
257,HYUNDAI,Tucson,2.5L Inline-4,2500,187,180,6.1,"$30,500",Petrol/Hybrid,5,400,0.3
258,HYUNDAI,Palisade,3.8L V6,3800,291,240,6.3,"$52,000",Petrol,7,355,
259,HYUNDAI,Sonata,2.5L Inline-4,2500,191,240,8,"$25,000",Petrol/Hybrid,5,250,
260,HYUNDAI,Accent,1.6L Inline-4,1600,120,180,9.8,"$15,000",Petrol,5,151,
261,HYUNDAI,Venue,1.6L Inline-4,1600,121,180,9.5,"$18,000",Petrol,5,240,
262,HYUNDAI,KONA Electric,Electric Motor,39.2,200,200,6.1,"$40,000",Electric,5,395,
263,HYUNDAI,Veloster,2.0L Inline-4,2000,275,220,6,"$25,000",Petrol,4,264,
264,HYUNDAI,NEXO,Electric Motor,1.56,161,180,7.8,"$38,000",Hydrogen,5,400,
265,HYUNDAI,Ioniq,1.6L Inline-4,1600,139,160,8.5,"$18,000",Hybrid/Electric,5,295,
266,HYUNDAI,Genesis,3.8L V6,3800,291,240,6.3,"$52,000",Petrol,5,400,
267,HYUNDAI,Azera,3.3L V6,3300,278,240,6.5,"$55,000",Petrol,5,250,
268,HYUNDAI,Equus,3.3L V6,3300,278,240,6.5,"$55,000",Petrol,5,400,
269,HYUNDAI,Tiburon,2.0L Inline-4,2000,160,200,8.2,"$19,000",Petrol,4,320,
270,HYUNDAI,Elantra GT,1.6L Turbo GDI 4-cylinder,2000,160,200,8.3,"$22,000",Petrol,5,320,
271,Volkswagen,Golf,1.5L Turbo I4 / Electric,1498,110,210,8.5,"$23,000",Petrol,5,250,
272,Volkswagen,Passat,2.0L Turbo I4,1984,150,210,7.8,"$25,000",Petrol,5,250,
273,Volkswagen,Tiguan,2.0L Turbo I4,1984,150,209,8.5,"$28,505","Petrol, Hybrid",7,300,
274,Volkswagen,Jetta,1.5L Turbo I4,1498,150,210,7.7,"$21,995",Petrol,5,250,
275,Volkswagen,Polo,1.0L Turbo I3 / 1.6L Diesel,999,80,190,9.5,"$18,000",Petrol,5,175,
276,Volkswagen,Arteon,2.0L Turbo I4,1984,150,250,5.6,"$46,000",Petrol,5,350,
277,Volkswagen,ID.4,Electric,77,201,160,7.8,"$39,735",Electric,5,310,
278,Volkswagen,Up!,Electric,32.3,82,160,13,"$15,000",Petrol,4,95,
279,Volkswagen,Touareg,3.0L V6 Turbo Diesel / 4.0L V8,2967,231,235,5.9,"$55,000","Petrol, Diesel",5,600,
280,Volkswagen,Scirocco,2.0L Turbo I4,1984,125,233,6,"$35,000",Petrol,4,350,
281,Volkswagen,Beetle,2.0L Turbo I4,1984,105,205,7,"$20,000",Petrol,4,240,
282,Volkswagen,Amarok,3.0L V6 Turbo Diesel,2967,163,180,7.9,"$40,000",Diesel,5,550,
283,Volkswagen,T-Roc,2.0L Turbo I4,1984,115,205,7.2,"$30,000",Petrol,5,320,
284,Volkswagen,Sharan,2.0L Turbo I4,1984,150,200,9.3,"$33,000","Petrol, Diesel",7,280,
285,Volkswagen,Caddy,1.5L Turbo I4,1498,102,185,10.5,"$28,000","Petrol, Diesel",7,250,
286,Nissan,NV1500,4.0L V6,3954,261,160,9.5,"$33,000",Petrol,12,385,
287,Volkswagen,Taigo,1.5L Turbo I4,1498,95,183,10,"$24,000",Petrol,5,200,
288,Volkswagen,California,2.0L Turbo I4,1984,150,180,13,"$70,000",Diesel,7,340,
289,Volkswagen,ID.3,Electric,58,204,160,7.3,"$35,000",Electric,5,310,
290,Volkswagen,ID. Buzz,Electric,77,204,145,10.2,"$59,995",Electric,7,310,
291,Volkswagen,Golf GTI,2.0L Turbo I4,1984,245,250,5.9,"$31,965",Petrol,5,350,
292,Volkswagen,Golf R,2.0L Turbo I4,1984,315,250,4.6,"$44,640",Petrol,5,420,
293,Volkswagen,Passat Alltrack,2.0L Turbo Diesel I4,1968,190,220,7.8,"$36,000",Diesel,5,400,
294,Volkswagen,Polo GTI,2.0L Turbo I4,1984,204,238,6.7,"$28,000",Petrol,5,320,
295,Volkswagen,Up! GTI,1.0L Turbo I3,999,115,196,8.8,"$20,000",Petrol,4,200,
296,Volkswagen,T-Cross,1.0L Turbo I3 / 1.5L Turbo I4,999,95,200,10.2,"$25,000",Petrol,5,250,
297,Volkswagen,ID.5,Electric,77,174,180,8.4,"$45,000",Electric,5,310,
298,Volkswagen,ID. Buzz Cargo,Electric,77,204,145,10.2,"$55,000",Electric,3,310,
299,Volkswagen,Touareg R,Plug-in Hybrid V6,2995,462,250,5.1,"$70,000",Hybrid,5,700,
300,Volkswagen,Multivan,Plug-in Hybrid / Diesel I4,1395,150,190,9.4,"$50,000","Petrol, Hybrid",7,350,
301,Volkswagen,Polo BlueMotion,1.2L Diesel I3,1199,75,190,10.5,"$22,000",Diesel,5,250,
302,Volkswagen,Golf Sportsvan,1.5L Turbo I4,1498,130,210,8.9,"$30,000",Petrol,5,250,
303,Volkswagen,Golf Alltrack,2.0L Turbo Diesel I4,1968,147,210,7.1,"$35,000",Petrol,5,350,
304,Volkswagen,Scirocco R,2.0L Turbo I4,1984,280,250,5.5,"$40,000",Petrol,4,350,
305,Volkswagen,Tiguan Allspace,2.0L Turbo I4,1984,184,215,7.6,"$35,000",Petrol,7,320,
306,Volkswagen,Arteon 4MOTION,2.0L Turbo I4,1984,190,250,5.6,"$48,000",Petrol,5,350,
307,Volkswagen,ID.4 GTX,Electric AWD,77,299,180,6.2,"$50,000",Electric,5,460,
308,Volkswagen,ID.3 Pro,Electric,58,204,160,7.3,"$35,000",Electric,5,310,
309,Volkswagen,Golf Variant,1.5L Turbo I4 / 2.0L Diesel I4,1498,130,220,7.5,"$32,000",Petrol,5,320,
310,Volkswagen,Crafter,2.0L Turbo Diesel I4,1968,102,160,13,"$40,000",Diesel,3,410,
311,Volkswagen,Lupo,1.4L I3 Gas / 1.2L Diesel I3,1390,60,170,14.3,"$15,000",Petrol,4,120,
312,Volkswagen,Corrado,2.9L VR6,2861,190,235,6.4,"$25,000",Petrol,4,245,
313,Volkswagen,Phaeton,3.0L V6 Diesel / 6.0L W12 Gas,2967,240,250,6.1,"$85,000",Petrol,5,560,
314,Volkswagen,Golf Cabriolet,1.2L I4 Turbo / 2.0L I4 Turbo,1197,105,217,8.4,"$30,000",Petrol,4,200,
315,Volkswagen,Santana,1.5L I4 Gas,1498,110,190,12.9,"$15,000",Petrol,5,145,
316,Volkswagen,Polo Vivo,1.4L I4 Gas / 1.6L I4 Gas,1390,85,170,10.8,"$14,000",Petrol,5,132,
317,Volkswagen,Karmann Ghia,1.2L I4 Gas,1192,34,138,23,"$25,000",Petrol,2,106,
318,Volkswagen,Fox,1.2L I4 Gas / 1.4L I4 Gas,1198,55,148,17.5,"$12,000",Petrol,5,93,
319,Volkswagen,Vento,1.6L I4 Gas / Diesel,1598,105,186,11.7,"$18,000",Petrol,5,153,
320,Volkswagen,Golf Electric,Electric,35.8,136,140,10.4,"$33,000",Electric,5,290,
321,Volkswagen,Bora,1.6L I4 Gas / 1.9L I4 Diesel,1598,100,200,9.4,"$20,000",Petrol,5,220,
322,Volkswagen,Teramont,2.0L I4 Turbo / 3.6L V6 Gas,1984,235,190,8.6,"$32,000",Petrol,7,350,
323,Volkswagen,Taos,1.5L I4 Turbo,1498,158,193,8.4,"$24,000",Petrol,5,250,
324,Volkswagen,Up! Cabriolet,1.0L I3 Turbo,999,82,160,12.4,"$18,000",Petrol,4,95,
325,Volkswagen,T-Roc Cabriolet,1.0L I3 Turbo / 1.5L I4 Turbo,999,115,205,9.6,"$35,000",Petrol,4,250,
326,Volkswagen,Passat CC,2.0L I4 Turbo,1984,200,240,7.3,"$40,000",Petrol,5,280,
327,Volkswagen,Transporter,2.0L I4 Turbo Diesel,1968,102,180,12.2,"$35,000",Diesel,9,340,
328,Volkswagen,Amarok V6,3.0L V6 Turbo Diesel,2967,204,191,7.9,"$45,000",Diesel,5,580,
329,Volkswagen,ID.2,Electric,50,170,160,8,"$25,000",Electric,5,220,
330,Volkswagen,Polo TDI,1.4L I4 Diesel / 1.6L Diesel,1390,75,190,9.9,"$20,000",Diesel,5,250,
331,Volkswagen,Golf GTE,Plug-in Hybrid (1.4L I4 Turbo),1395,204,222,7.6,"$40,000",Hybrid,5,350,
332,Volkswagen,Touareg V8,4.0L V8 Turbo Diesel,3956,421,250,4.9,"$70,000",Petrol,5,770,
333,Volkswagen,Beetle Dune,1.4L I4 Turbo,1395,150,200,7.5,"$30,000",Petrol,4,250,
334,Volkswagen,Passat B8,1.5L I4 Turbo / 2.0L Diesel,1498,150,210,8.7,"$28,000",Petrol,5,250,
335,Volkswagen,ID.4 Pro S,Electric,77,201,180,7.8,"$45,000",Electric,5,310,
336,Volkswagen,Golf Cabriolet,1.2L I4 Turbo / 2.0L I4 Turbo,1197,105,217,8.4,"$30,000",Petrol,4,200,
337,Volkswagen,Golf Country,1.8L I4 Gas,1781,98,165,12,"$25,000",Petrol,5,170,
338,Volkswagen,Jetta GLI,2.0L I4 Turbo,1984,228,250,6.5,"$31,000",Petrol,5,350,
339,Volkswagen,Arteon Shooting Brake,2.0L I4 Turbo,1984,150,250,5.6,"$50,000",Petrol,5,420,
340,Volkswagen,T-Cross R-Line,1.0L I3 Turbo / 1.5L I4 Turbo,999,115,200,8.5,"$27,000",Petrol,5,250,
341,Volkswagen,Golf R32,3.2L VR6,3189,240,250,6.2,"$40,000",Petrol,5,320,
342,Volkswagen,Passat B7,1.6L Diesel / 2.0L I4 Turbo,1598,120,220,8.5,"$26,000",Petrol,5,280,
343,Volkswagen,Scirocco 16V,1.8L I4 Gas,1781,137,220,7.1,"$35,000",Petrol,4,230,
344,Volkswagen,Polo BlueMotion,1.2L Diesel I3,1199,75,190,10.5,"$20,000",Diesel,5,210,
345,Volkswagen,Golf Variant GTD,2.0L Diesel I4,1968,184,230,7.5,"$38,000",Diesel,5,380,
346,Volkswagen,Polo GTI R5,1.6L Turbocharged Rally Engine,1598,272,200,4.1,"$45,000",Petrol,5,400,
347,Volkswagen,ID. Buzz Pro,Electric,77,204,145,10.2,"$60,000",Electric,7,310,
348,Volkswagen,Jetta Hybrid,1.4L I4 Turbo + Electric Motor,1395,170,210,8.6,"$28,000",Hybrid,5,250,
349,Volkswagen,Golf Variant Alltrack,2.0L Diesel I4,1968,150,220,7.8,"$35,000",Petrol,5,320,
350,Volkswagen,Volkswagen XL1,Plug-in Hybrid (0.8L I2 Diesel),800,68,160,11.9,"$150,000",Hybrid,2,140,
351,Volkswagen,Golf TDI,2.0L Diesel I4,1968,150,220,8,"$28,000",Diesel,5,350,
352,Volkswagen,Passat Variant,1.5L I4 Turbo / 2.0L Diesel,1498,150,220,8.5,"$30,000",Petrol,5,280,
353,Volkswagen,Polo GTI Clubsport,2.0L I4 Turbo,1984,300,240,6.7,"$30,000",Petrol,5,320,
354,Volkswagen,Jetta Hybrid,1.4L I4 Turbo + Electric Motor,1395,170,210,8.6,"$28,000",Hybrid,5,250,
355,Volkswagen,ID.3 GTX,Electric,77,299,180,6.2,"$45,000",Electric,5,310,
356,Volkswagen,Arteon R-Line,2.0L I4 Turbo,1984,190,250,5.6,"$50,000",Petrol,5,420,
357,Volkswagen,Golf TGI,1.5L I4 CNG,1498,130,220,8.8,"$30,000",Petrol,5,200,
358,Volkswagen,Scirocco GTS,2.0L I4 Turbo,1984,220,246,6.5,"$35,000",Petrol,4,350,
359,Volkswagen,Caddy Maxi,2.0L Diesel I4,1968,122,180,12,"$25,000",Diesel,7,250,
360,Volkswagen,Volkswagen Lupo 3L,1.2L Diesel I3,1199,61,165,14.5,"$20,000",Diesel,4,140,
361,Volkswagen,Polo Beats,1.0L I3 Turbo,999,95,187,9.5,"$22,000",Petrol,5,175,
362,Volkswagen,Passat Hybrid,1.4L I4 Turbo + Electric Motor,1395,215,210,7.4,"$32,000",Hybrid,5,330,
363,Volkswagen,Golf TCR,2.0L I4 Turbo,1984,290,250,5.6,"$40,000",Petrol,5,370,
364,Volkswagen,Tiguan R-Line,2.0L I4 Turbo,1984,190,250,4.9,"$45,000",Petrol,5,420,
365,Volkswagen,Sharan Business,2.0L Diesel I4,1968,150,200,8.3,"$35,000",Diesel,7,350,
366,Volkswagen,ID. Buzz Cargo Pro,Electric,77,204,145,10.2,"$55,000",Electric,2,310,
367,Volkswagen,Arteon 280 TSI,2.0L I4 Turbo,1984,280,250,5.6,"$50,000",Petrol,5,350,
368,Volkswagen,Jetta GLI 35th,2.0L I4 Turbo,1984,228,250,6.5,"$31,000",Petrol,5,350,
369,Volkswagen,Beetle Final Edition,2.0L I4 Turbo,1984,174,205,7,"$25,000",Petrol,4,250,
370,Volkswagen,Golf Variant TDI,2.0L Diesel I4,1968,150,220,7.8,"$30,000",Diesel,5,350,
371,Volkswagen,Golf 4MOTION,2.0L Diesel I4,1968,150,250,4.9,"$40,000",Petrol,5,400,
372,Volkswagen,Jetta SportWagen,1.4L I4 Turbo / 2.0L Diesel I4,1395,147,200,8.5,"$27,000",Petrol,5,250,
373,Volkswagen,Polo GTI Plus,2.0L I4 Turbo,1984,207,237,6.7,"$30,000",Petrol,5,320,
374,Volkswagen,Touareg V6,3.0L V6 Turbo Diesel / Gasoline,2967,231,235,7.5,"$60,000",Petrol,5,450,
375,Volkswagen,Tiguan eHybrid,1.4L I4 Turbo + Electric Motor,1395,245,200,7.5,"$42,000",Hybrid,5,400,
376,Volkswagen,Up! e-up!,Electric,32.3,83,130,11.9,"$23,000",Electric,4,210,
377,Volkswagen,Amarok V8,4.0L V8 Turbo Diesel,3996,310,210,7.4,"$70,000",Diesel,5,580,
378,Volkswagen,Golf R Cabriolet,2.0L I4 Turbo,1984,265,250,5.9,"$45,000",Petrol,4,380,
379,Volkswagen,Passat Alltrack TDI,2.0L Diesel I4,1968,190,220,8,"$40,000",Diesel,5,400,
380,Volkswagen,ID. Buzz Cargo EV,Electric,77,204,145,10.2,"$55,000",Electric,2,310,
381,Nissan,Versa,1.6L Inline-4,1598,122,180,10.4,"$16,700",Petrol,5,154,
382,Nissan,Micra,1.0L Turbocharged Inline-3,999,100,175,10.8,"$15,500",Petrol,5,160,
383,Nissan,Patrol Platinum,5.6L V8,5552,400,210,7.3,"$77,000",Petrol,7,560,
384,Nissan,Qashqai,1.3L Turbocharged Inline-4,1332,156,195,8.9,"$26,000",Petrol,5,260,
385,Nissan,Murano,3.5L V6,3498,260,210,7.5,"$39,000",Petrol,5,325,
386,Nissan,Maxima Platinum,3.5L V6,3498,300,220,6.2,"$45,000",Petrol,5,353,
387,Nissan,Armada,5.6L V8,5552,400,210,6.5,"$51,000",Petrol,8,560,
388,Nissan,Kicks,1.6L Inline-4,1598,122,180,10.7,"$20,000",Petrol,5,154,
389,Nissan,X-Trail,1.5L Turbocharged Inline-3,1498,201,200,8,"$29,000",Hybrid,5,305,
390,Nissan,Z (Fairlady Z),3.0L Twin-Turbo V6,2997,400,250,4.5,"$40,000",Petrol,2,475,
391,Nissan,Almera,1.0L Turbocharged Inline-3,999,100,185,10.7,"$14,500",Petrol,5,160,
392,Nissan,Sylphy,1.8L Inline-4,1798,137,190,9.6,"$18,000",Petrol,5,174,
393,Nissan,Note,1.2L Inline-3 Hybrid,1198,109,170,11.5,"$16,000",Hybrid,5,150,
394,Nissan,Sunny,1.6L Inline-4,1598,118,180,11,"$15,000",Petrol,5,156,
395,Nissan,Cube,1.8L Inline-4,1798,122,175,10.6,"$14,500",Petrol,5,171,
396,Nissan,Juke,1.0L Turbocharged Inline-3,999,117,180,10.4,"$25,000",Petrol,5,180,
397,Nissan,Terrano,1.5L Inline-4 Diesel,1461,110,168,13.5,"$15,500",Diesel,5,248,
398,Nissan,Magnite,1.0L Turbocharged Inline-3,999,100,160,13,"$12,000",Petrol,5,160,
399,Nissan,Xterra,4.0L V6,3954,261,200,7.8,"$35,000",Petrol,7,381,
400,Nissan,Patrol,5.6L V8,5552,400,210,7.3,"$77,000",Petrol,7,560,
401,Nissan,GT-R NISMO,3.8L Twin-Turbo V6,3799,600,330,2.9,"$220,000",Petrol,2,652,
402,Nissan,370Z Roadster,3.7L V6,3696,332,250,5.5,"$41,820",Petrol,2,366,
403,Nissan,Ariya,Dual Electric Motors,87,389,200,5.1,"$58,950",Electric,5,600,
404,Nissan,Patrol Royale,5.6L V8,5552,400,210,6.6,"$85,000",Petrol,7,560,
405,Nissan,Infiniti QX80*,5.6L V8,5552,400,210,6.5,"$70,600",Petrol,7,560,
406,Nissan,Tiida,1.6L Inline-4,1598,126,190,10.1,"$14,500",Petrol,5,154,
407,Nissan,Pulsar,1.2L Turbocharged Inline-4,1197,115,190,10.7,"$19,000",Petrol,5,190,
408,Nissan,Latio,1.5L Inline-4,1498,102,175,11.5,"$13,000",Petrol,5,139,
409,Nissan,Bluebird Sylphy,2.0L Inline-4,1997,133,185,10.5,"$18,500",Petrol,5,191,
410,Nissan,March,1.2L Inline-3,1198,79,170,13.7,"$12,000",Petrol,5,106,
411,Nissan,Rogue Sport,2.0L Inline-4,1997,141,190,9.8,"$24,960",Petrol,5,199,
412,Nissan,X-Trail Hybrid,2.0L Inline-4 Hybrid,1997,179,180,9.4,"$28,500",Hybrid,5,207,
413,Nissan,Pathfinder Rock Creek,3.5L V6,3498,284,190,7.4,"$42,820",Petrol,7,351,
414,Nissan,Armada Platinum,5.6L V8,5552,400,210,6.5,"$65,300",Petrol,8,560,
415,Nissan,Terrano XL,1.6L Inline-4,1598,104,165,12.5,"$14,000",Petrol,5,145,
416,Nissan,GT-R50 by Italdesign,3.8L Twin-Turbo V6,3799,720,315,2.5,"$1,100,000",Petrol,2,780,
417,Nissan,370Z NISMO,3.7L V6,3696,350,250,5.2,"$45,790",Petrol,2,374,
418,Nissan,Ariya E-4ORCE,Dual Electric Motors,87,389,200,5.1,"$60,000",Electric,5,600,
419,Nissan,Patrol NISMO,5.6L V8,5552,428,210,6.5,"$105,000",Petrol,7,560,
420,Nissan,Infiniti Q60*,3.0L V6 Twin-Turbo,2997,300,250,5,"$41,750",Petrol,4,400,
421,Nissan,Primera,2.0L Inline-4,1998,140,200,9.6,"$20,000",Petrol,5,190,
422,Nissan,Skyline,3.0L V6 Twin-Turbo,2997,400,250,5,"$50,000",Petrol,5,475,
423,Nissan,Cedric,2.0L Inline-6,1998,150,190,10.5,"$22,000",Petrol,5,190,
424,Nissan,Gloria,2.5L V6,2498,210,210,8.6,"$30,000",Petrol,5,250,
425,Nissan,Stanza,1.8L Inline-4,1796,120,175,11,"$18,500",Petrol,5,170,
426,Nissan,Patrol Super Safari,4.8L Inline-6,4750,280,190,8.2,"$55,000",Petrol,7,451,
427,Nissan,Pathfinder Hybrid,2.5L Inline-4 Hybrid,2488,250,190,7.7,"$42,500",Hybrid,7,329,
428,Nissan,X-Terra Pro-4X,2.5L Inline-4,2498,190,175,10.8,"$40,000",Petrol,7,240,
429,Nissan,Rogue Platinum,1.5L Turbo Inline-3,1497,201,180,8.2,"$38,000",Petrol,5,300,
430,Nissan,Qashqai Tekna,1.3L Turbo Hybrid Inline-4,1332,158,190,9.2,"$36,000",Hybrid,5,270,
431,Nissan,GT-R V-Spec,3.8L Twin-Turbo V6,3799,600,330,2.8,"$175,000",Petrol,2,652,
432,Nissan,Skyline NISMO,3.0L Twin-Turbo V6,2997,420,270,4.7,"$55,000",Petrol,5,475,
433,Nissan,Ariya Lounge Edition,Dual Electric Motors,87,389,200,5.1,"$63,000",Electric,5,600,
434,Nissan,Patrol Titanium,5.6L V8,5552,428,210,6.5,"$98,000",Petrol,7,560,
435,Nissan,Infiniti FX50*,5.0L V8,5026,390,250,5.6,"$61,750",Petrol,5,500,
436,Nissan,Avenir,2.0L Inline-4,1998,140,180,9.8,"$20,000",Petrol,5,186,
437,Nissan,Wingroad,1.8L Inline-4,1798,125,175,10.8,"$18,000",Petrol,5,168,
438,Nissan,Presea,1.8L Inline-4,1838,115,170,11.5,"$17,500",Petrol,5,161,
439,Nissan,Leopard,3.0L V6,2960,210,200,8.4,"$32,000",Petrol,5,265,
440,Nissan,Sunny NISMO Edition,1.6L Turbo Inline-4,1598,190,200,7.5,"$24,000",Petrol,5,240,
441,Nissan,Paladin,2.4L Inline-4,2438,150,180,10.6,"$20,000",Petrol,5,217,
442,Nissan,Hardbody SUV,2.5L Inline-4,2498,158,175,11,"$18,500",Petrol,5,225,
443,Nissan,Patrol Desert Edition,5.6L V8,5552,428,210,6.5,"$95,000",Petrol,7,560,
444,Nissan,Pathfinder Armada,5.6L V8,5552,400,200,6.5,"$60,000",Petrol,7,560,
445,Nissan,Rogue Midnight Edition,1.5L Turbo Inline-3,1497,201,180,8.2,"$39,000",Petrol,5,300,
446,Nissan,GT-R Black Edition,3.8L Twin-Turbo V6,3799,600,330,2.8,"$185,000",Petrol,2,652,
447,Nissan,Fairlady Z Heritage,3.0L Twin-Turbo V6,2997,400,250,4.2,"$48,000",Petrol,2,475,
448,Nissan,Skyline GT-R R34,2.6L Twin-Turbo Inline-6,2568,276,250,5.6,"$70,000",Petrol,4,392,
449,Nissan,Ariya Premiere,Dual Electric Motors,87,389,200,5.1,"$67,000",Electric,5,600,
450,Nissan,Infiniti QX55*,2.0L VC-Turbo Inline-4,1997,268,230,6.5,"$50,000",Petrol,5,380,
451,Nissan,NV350 Caravan,2.5L Inline-4 Diesel,2488,129,155,12.5,"$28,000",Diesel,8,356,
452,Nissan,Navara,2.3L Inline-4 Diesel,2298,190,180,10.2,"$32,000",Diesel,5,450,
453,Nissan,Titan XD,5.6L V8,5552,400,195,6.9,"$55,000",Petrol,6,560,
454,Nissan,Evalia,1.5L Inline-4 Diesel,1461,85,140,15,"$25,000",Diesel,7,200,
455,Nissan,Cabstar,2.5L Inline-4 Diesel,2488,130,145,14.8,"$27,000",Diesel,3,350,
456,Nissan,Cherry,1.4L Inline-4,1397,67,145,14,"$14,000",Petrol,5,110,
457,Nissan,Laurel,2.8L Inline-6 Diesel,2825,94,160,12.5,"$22,000",Diesel,5,184,
458,Nissan,Silvia,2.0L Turbo Inline-4,1998,247,235,5.9,"$45,000",Petrol,4,275,
459,Nissan,NX Coupe,2.0L Inline-4,1998,140,200,9,"$22,000",Petrol,4,180,
460,Nissan,AD Wagon,1.5L Inline-4,1498,105,165,12.3,"$16,000",Petrol,5,150,
461,Nissan,Patrol Super Safari Y61,4.8L Inline-6,4750,280,190,8.2,"$58,000",Petrol,7,451,
462,Nissan,Pathfinder Rock Creek Edition,3.5L V6,3498,284,195,7.2,"$44,000",Petrol,7,351,
463,Nissan,Terrano II,2.7L Inline-4 Diesel,2664,125,160,12.9,"$28,000",Diesel,5,278,
464,Nissan,Murano CrossCabriolet,3.5L V6,3498,260,195,7.6,"$47,000",Petrol,4,325,
465,Nissan,X-Trail Tekna,1.5L Turbo Hybrid,1497,204,190,8,"$43,000",Hybrid,5,305,
466,Nissan,GT-R LM NISMO,3.0L Twin-Turbo V6 Hybrid,3000,500,320,3,"$600,000",Hybrid,2,650,
467,Nissan,Skyline 400R,3.0L Twin-Turbo V6,2997,400,250,4.5,"$70,000",Petrol,5,475,
468,Nissan,Infiniti G37*,3.7L V6,3696,328,250,5.5,"$42,000",Petrol,5,365,
469,Nissan,Patrol Black Edition,5.6L V8,5552,400,200,6.5,"$85,000",Petrol,7,560,
470,Nissan,Ariya Empower+,Dual Electric Motors,87,389,200,5.1,"$68,000",Electric,5,600,
471,Nissan,Datsun 510 (Classic),1.6L Inline-4,1595,96,175,10.2,"$25,000",Petrol,4,135,
472,Nissan,200SX,2.0L Turbo Inline-4,1998,200,240,7.2,"$30,000",Petrol,4,265,
473,Nissan,300ZX,3.0L Twin-Turbo V6,2960,300,250,5.9,"$50,000",Petrol,4,384,
474,Nissan,R390 GT1 Road Car,3.5L Twin-Turbo V8,3495,550,354,3.3,"$1,000,000",Petrol,2,637,
475,Nissan,Figaro,1.0L Turbo Inline-4,987,76,170,12.8,"$20,000",Petrol,4,103,
476,Nissan,Hardbody Truck,2.4L Inline-4,2389,134,160,10.6,"$25,000",Petrol,5,206,
477,Nissan,Atlas,3.0L Inline-4 Diesel,2999,130,130,18,"$35,000",Diesel,3,300,
478,Nissan,Clipper,660cc Inline-3,659,48,110,18.5,"$10,000",Petrol,4,62,
479,Nissan,NV200,2.0L Inline-4,1998,131,140,14,"$28,000",Petrol,7,188,
480,Nissan,Violet,1.8L Inline-4,1770,85,155,13.8,"$18,000",Petrol,5,130,
481,Nissan,Bluebird Z,2.0L Inline-4,1998,140,190,11,"$23,000",Petrol,5,180,
482,Nissan,Stanza Wagon,2.4L Inline-4,2389,138,160,12,"$22,000",Petrol,7,205,
483,Nissan,180SX,2.0L Turbo Inline-4,1998,205,240,6.8,"$35,000",Petrol,4,275,
484,Nissan,Sunny California,1.6L Inline-4,1597,110,170,11,"$18,000",Petrol,5,140,
485,Nissan,Patrol Warrior,5.6L V8,5552,428,205,6.3,"$95,000",Petrol,7,580,
486,Nissan,Pathfinder Armada Platinum,5.6L V8,5552,400,190,6.8,"$70,000",Petrol,7,560,
487,Nissan,Rogue Sport SL,2.0L Inline-4,1998,141,190,9,"$32,000",Petrol,5,195,
488,Nissan,X-Trail Platinum Edition,1.5L Turbo Hybrid,1497,204,190,8,"$46,000",Hybrid,5,305,
489,Nissan,Qashqai e-Power,1.5L Hybrid,1497,187,200,7.5,"$40,000",Hybrid,5,330,
490,Nissan,GT-R Egoist,3.8L Twin-Turbo V6,3799,565,315,2.8,"$220,000",Petrol,2,637,
491,Nissan,Infiniti M45*,4.5L V8,4494,325,250,5.8,"$50,000",Petrol,5,451,
492,Nissan,Skyline 50th Anniversary,3.0L Twin-Turbo V6,2997,400,250,4.5,"$75,000",Petrol,5,475,
493,Nissan,Ariya Dual Motor AWD,Dual Electric Motors,87,389,200,5.1,"$70,000",Electric,5,600,
494,Nissan,Patrol Legend Edition,5.6L V8,5552,428,205,6.3,"$95,000",Petrol,7,580,
495,Nissan,Datsun 240Z (Classic),2.4L Inline-6,2393,151,210,8,"$45,000",Petrol,2,198,
496,Nissan,100NX,1.6L Inline-4,1597,110,185,9.6,"$18,000",Petrol,4,135,
497,Nissan,Cedric Special Edition,3.0L V6,2960,250,225,8.5,"$60,000",Petrol,5,330,
498,Nissan,300ZX Turbo,3.0L Twin-Turbo V6,2960,300,250,5.9,"$55,000",Petrol,4,384,
499,Nissan,Silvia S15 Spec-R,2.0L Turbo Inline-4,1998,250,240,5.6,"$35,000",Petrol,4,300,
500,Nissan,NV400,2.3L Inline-4 Diesel,2298,135,150,15,"$40,000",Diesel,3,360,
501,Nissan,Titan Warrior,5.6L V8,5552,400,180,7,"$55,000",Petrol,5,560,
502,Nissan,Caravan Coach,2.5L Inline-4 Diesel,2498,127,140,14,"$30,000",Diesel,7,260,
503,Nissan,Serena e-Power,1.2L Hybrid,1198,134,160,12,"$35,000",Hybrid,7,320,
504,Nissan,Elgrand,3.5L V6,3498,280,200,8.5,"$50,000",Petrol,7,344,
505,Nissan,Datsun 510,1.6L Inline-4,1595,96,175,10.2,"$25,000",Petrol,4,135,
506,Nissan,Prairie,2.0L Inline-4,1998,120,175,11,"$18,000",Petrol,5,170,
507,Nissan,Pulsar GTI-R,2.0L Turbo Inline-4,1998,230,225,6,"$30,000",Petrol,5,280,
508,Nissan,Almera Tino,1.8L Inline-4,1769,114,180,12.5,"$15,000",Petrol,5,160,
509,Nissan,Lucino,1.6L Inline-4,1597,115,185,10.5,"$12,000",Petrol,5,150,
510,Nissan,Rasheen,1.5L Inline-4,1497,105,165,13,"$10,000",Petrol,5,135,
511,Nissan,Mistral,2.7L Turbo Diesel,2663,125,160,12.5,"$25,000",Diesel,7,260,
512,Nissan,Patrol Y60,4.2L Inline-6,4169,155,160,12,"$45,000",Diesel,7,330,
513,Nissan,X-Trail GT,2.0L Turbo Inline-4,1998,280,215,6.4,"$38,000",Petrol,5,310,
514,Nissan,Terrano Regulus,3.3L V6,3275,170,175,10,"$28,000",Petrol,5,290,
515,Nissan,President,4.5L V8,4494,280,210,7.5,"$70,000",Petrol,5,400,
516,Nissan,Cima,4.1L V8,4130,270,210,8,"$60,000",Petrol,5,390,
517,Nissan,Leopard J. Ferie,3.0L V6 Turbo,2960,255,215,6.5,"$45,000",Petrol,5,340,
518,Nissan,Gloria Gran Turismo,3.0L V6 Turbo,2960,255,220,6.5,"$50,000",Petrol,5,340,
519,Nissan,Infiniti Q45*,4.5L V8,4494,340,240,6.2,"$50,000",Petrol,5,450,
520,Nissan,Datsun 240Z,2.4L Inline-6,2393,151,210,8,"$45,000",Petrol,2,198,
521,Nissan,280ZX,2.8L Inline-6,2753,145,205,9.5,"$35,000",Petrol,2,210,
522,Nissan,Silvia S13,1.8L Turbo Inline-4,1809,175,215,6.8,"$20,000",Petrol,4,230,
523,Nissan,200SX,2.0L Turbo Inline-4,1998,200,225,7,"$25,000",Petrol,4,260,
524,Nissan,NX Coupe,1.8L Inline-4,1839,140,200,9,"$18,000",Petrol,4,180,
525,Nissan,NV2500,4.0L V6,3954,261,160,10,"$36,000",Petrol,2,385,
526,Nissan,NV3500,5.6L V8,5552,375,170,9,"$42,000",Petrol,2,525,
527,Nissan,NT400 Cabstar,3.0L Inline-4 Diesel,2953,150,140,15,"$35,000",Diesel,3,350,
528,Porsche,Panamera,2.9L V6 Twin Turbo,2894,330,270,5.6,"$88,000",Petrol,4,450,0.2
529,Porsche,Panamera 4,2.9L V6 Twin Turbo,2894,330,270,5.4,"$92,000",Petrol,4,450,0.25
530,Porsche,Panamera 4S,2.9L V6 Twin Turbo,2894,440,289,4.4,"$105,000",Petrol,4,550,0.25
531,Porsche,Panamera Turbo S,4.0L V8 Twin Turbo,3996,620,315,3.1,"$180,000",Petrol,4,820,0.3
532,Porsche,Panamera GTS,4.0L V8 Twin Turbo,3996,473,300,3.9,"$130,000",Petrol,4,620,0.27
533,Porsche,Panamera Platinum Edition,2.9L V6 Twin Turbo,2894,330,270,5.4,"$102,000",Petrol,4,450,0.2
534,Porsche,Panamera E-Hybrid,2.9L V6 + Electric Motor,17.9,455,280,4.4,"$115,000",Hybrid (Petrol),4,700,
535,Porsche,Panamera 4 E-Hybrid Sport Turismo,2.9L V6 + Electric Motor,17.9,455,280,4.4,"$120,000",Hybrid (Petrol),4,700,
536,Porsche,Panamera Turbo S E-Hybrid,4.0L V8 + Electric Motor,17.9,690,315,3.2,"$190,000",Hybrid (Petrol),4,870,
537,Porsche,Panamera 4 Executive,2.9L V6 Twin Turbo,2894,330,270,5.6,"$95,000",Petrol,4,450,
538,Porsche,Cayenne,3.0L V6 Turbo,2995,335,245,5.9,"$80,000",Petrol,5,450,
539,Porsche,Cayenne Coupe,3.0L V6 Turbo,2995,335,245,6,"$85,000",Petrol,5,450,
540,Porsche,Cayenne S,2.9L V6 Twin Turbo,2894,434,265,5,"$95,000",Petrol,5,550,
541,Porsche,Cayenne Turbo,4.0L V8 Twin Turbo,3996,541,286,4,"$130,000",Petrol,5,770,
542,Porsche,Cayenne GTS,4.0L V8 Twin Turbo,3996,453,270,4.5,"$110,000",Petrol,5,620,
543,Porsche,Cayenne Turbo S E-Hybrid,4.0L V8 + Electric Motor,17.9,670,295,3.6,"$170,000",Hybrid (Petrol),5,900,
544,Porsche,Macan,2.0L I4 Turbo,1984,261,232,6.2,"$60,000",Petrol,5,400,
545,Porsche,Macan S,2.9L V6 Twin Turbo,2894,375,259,4.8,"$75,000",Petrol,5,520,
546,Porsche,Macan GTS,2.9L V6 Twin Turbo,2894,434,272,4.5,"$85,000",Petrol,5,550,
547,Porsche,Macan T,2.0L I4 Turbo,1984,261,232,6.2,"$65,000",Petrol,5,400,
548,Porsche,911 Carrera,3.0L Flat-6 Twin Turbo,2981,379,293,4.2,"$110,000",Petrol,4,450,
549,Porsche,911 Carrera S,3.0L Twin-Turbo Flat-6,2981,443,308,3.5,"$131,300",Petrol,4,528,
550,Porsche,911 Carrera 4,3.0L Twin-Turbo Flat-6,2981,379,293,4.2,"$106,500",Petrol,4,450,
551,Porsche,911 Carrera 4S,3.0L Twin-Turbo Flat-6,2981,443,306,3.4,"$113,300",Petrol,4,528,
552,Porsche,911 Targa 4,3.0L Twin-Turbo Flat-6,2981,379,289,4.4,"$121,300",Petrol,4,450,
553,Porsche,911 Turbo,3.8L Twin-Turbo Flat-6,3745,572,320,2.7,"$197,200",Petrol,4,750,
554,Porsche,911 Turbo S,3.8L Twin-Turbo Flat-6,3745,640,330,2.6,"$230,400",Petrol,4,800,
555,Porsche,911 GT3,4.0L Naturally Aspirated Flat-6,3996,502,318,3.4,"$161,100",Petrol,2,469,
556,Porsche,911 GT3 RS,4.0L Naturally Aspirated Flat-6,3996,518,296,3.2,"$241,300",Petrol,2,465,
557,Porsche,911 Dakar,3.0L Twin-Turbo Flat-6,2981,473,240,3.4,"$222,000",Petrol,2,570,
558,Porsche,Taycan,Dual Electric Motors,79.2,402,230,5.4,"$86,700",Electric,4,344,
559,Porsche,Taycan 4S,Dual Electric Motors,79.2,522,250,4,"$103,800",Electric,4,640,
560,Porsche,Taycan Turbo,Dual Electric Motors,93.4,670,260,3.2,"$150,900",Electric,4,850,
561,Porsche,Taycan Turbo S,Dual Electric Motors,93.4,750,260,2.8,"$185,000",Electric,4,1050,
562,Porsche,Taycan GTS,Dual Electric Motors,93.4,590,250,3.5,"$132,750",Electric,4,850,
563,Porsche,Taycan Cross Turismo,Dual Electric Motors,93.4,469,220,4.8,"$97,700",Electric,5,500,
564,Porsche,Taycan Sport Turismo,Dual Electric Motors,79.2,509,240,4.1,"$104,000",Electric,5,650,
565,Porsche,718 Cayman,2.0L Turbocharged Flat-4,1988,300,275,4.9,"$63,400",Petrol,2,380,
566,Porsche,718 Cayman S,2.5L Turbocharged Flat-4,2497,350,285,4.4,"$75,400",Petrol,2,420,
567,Porsche,718 Cayman GT4,4.0L Naturally Aspirated Flat-6,3995,414,302,4.2,"$100,200",Petrol,2,420,
568,Porsche,718 Cayman GT4 RS,4.0L Naturally Aspirated Flat-6,3996,493,315,3.2,"$141,700",Petrol,2,450,
569,Porsche,718 Boxster,2.0L Turbo Flat-4,1988,300,275,4.9,"$65,500",Petrol,2,380,
570,Porsche,718 Boxster T,2.0L Turbo Flat-4,1988,300,275,4.7,"$69,600",Petrol,2,380,
571,Porsche,718 Boxster GTS,4.0L Naturally Aspirated Flat-6,3995,394,293,4.3,"$90,300",Petrol,2,430,
572,Porsche,718 Spyder,4.0L Naturally Aspirated Flat-6,3995,414,301,4.1,"$98,300",Petrol,2,420,
573,Porsche,Panamera Base,2.9L Twin-Turbo V6,2894,325,265,5.6,"$92,300",Petrol,4,450,
574,Porsche,Panamera 4 E-Hybrid,2.9L Twin-Turbo V6 + Electric Motor,2894,462,280,4.4,"$113,300",Hybrid,4,700,
575,Porsche,Panamera 4 Sport Turismo,2.9L Twin-Turbo V6,2894,325,265,5.5,"$101,400",Petrol,4,450,
576,Porsche,Panamera Turbo S E-Hybrid Sport Turismo,4.0L Twin-Turbo V8 + Electric Motor,3996,690,315,3.2,"$200,200",Hybrid,4,870,
577,Porsche,Panamera 4S E-Hybrid Executive,2.9L Twin-Turbo V6 + Electric Motor,2894,560,295,3.7,"$128,900",Hybrid,4,750,
578,Porsche,Panamera Platinum Edition,2.9L Twin-Turbo V6,2894,325,265,5.6,"$98,300",Petrol,4,450,
579,Porsche,Panamera GTS Sport Turismo,4.0L Twin-Turbo V8,3996,473,300,3.9,"$136,900",Petrol,4,620,
580,Porsche,Panamera Turbo Executive,4.0L Twin-Turbo V8,3996,550,306,3.8,"$175,200",Petrol,4,770,
581,Porsche,Panamera Turbo S Exclusive Series,4.0L Twin-Turbo V8,3996,570,310,3.8,"$290,000",Petrol,4,800,
582,Porsche,Panamera 4S,2.9L Twin-Turbo V6,2894,443,289,4.1,"$105,000",Petrol,4,550,
583,Porsche,Macan Base,2.0L Turbo Inline-4,1984,265,232,6.4,"$58,000",Petrol,5,400,
584,Porsche,Macan T,2.0L Turbo Inline-4,1984,265,233,6.2,"$63,000",Petrol,5,400,
585,Porsche,Macan S,2.9L Twin-Turbo V6,2894,375,259,4.6,"$70,400",Petrol,5,520,
586,Porsche,Macan GTS,2.9L Twin-Turbo V6,2894,434,272,4.3,"$82,900",Petrol,5,550,
587,Porsche,Macan EV,Dual Electric Motors,95,603,240,4,"$85,000",Electric,5,750,
588,Porsche,Cayenne Base,3.0L Turbocharged V6,2995,335,245,5.9,"$72,200",Petrol,5,450,
589,Porsche,Cayenne E-Hybrid,3.0L V6 + Electric Motor,2995,455,253,4.8,"$91,000",Hybrid,5,700,
590,Porsche,Cayenne S Coupe,2.9L Twin-Turbo V6,2894,434,263,4.7,"$94,300",Petrol,4,550,
591,Porsche,Cayenne Turbo GT,4.0L Twin-Turbo V8,3996,631,300,3.3,"$182,150",Petrol,4,850,
592,Porsche,Cayenne Platinum Edition,3.0L Turbocharged V6,2995,335,245,5.8,"$79,000",Petrol,5,450,
593,Porsche,Cayenne Turbo S E-Hybrid Coupe,4.0L Twin-Turbo V8 + Electric Motor,3996,670,295,3.6,"$167,800",Hybrid,4,900,
594,Porsche,Cayenne GTS Coupe,4.0L Twin-Turbo V8,3996,453,270,4.5,"$111,200",Petrol,4,620,
595,Porsche,Cayenne Diesel (Regional Markets),3.0L Turbo Diesel V6,2967,262,221,7.3,"$69,000",Diesel,5,580,
596,Porsche,Cayenne S Hybrid,3.0L V6 + Electric Motor,2995,380,242,6.5,"$85,500",Hybrid,5,580,
597,Porsche,Cayenne Coupe Turbo E-Hybrid,4.0L Twin-Turbo V8 + Electric Motor,3996,728,295,3.6,"$182,900",Hybrid,4,950,
598,Porsche,Taycan Base,Dual Electric Motors,79.2,321,230,5.4,"$86,700",Electric,4,345,
599,Cadillac,CT4,2.0L Turbo Inline-4 Gasoline,2000,237,250,6,"$34,395",Petrol,5,350,
600,Cadillac,CT4-V,2.7L Turbo Inline-4 Gasoline,2700,325,260,4.9,"$46,595",Petrol,5,500,
601,Cadillac,CT5,2.0L Turbo Inline-4 Gasoline,2000,237,240,6.6,"$38,195",Petrol,5,350,
602,Cadillac,CT5-V,3.0L Twin-Turbo V6 Gasoline,3000,360,250,4.6,"$50,995",Petrol,5,550,
603,Porsche,Taycan Cross Turismo 4,Dual Electric Motors,93.4,375,240,5.1,"$94,800",Electric,4,500,
604,Porsche,Taycan Cross Turismo GTS,Dual Electric Motors,93.4,590,250,3.8,"$139,400",Electric,4,620,
605,Porsche,Taycan Sport Turismo Base,Dual Electric Motors,79.2,375,230,5.4,"$90,500",Electric,4,500,
606,Porsche,Taycan Sport Turismo GTS,Dual Electric Motors,93.4,590,250,3.7,"$136,700",Electric,4,620,
607,Porsche,Taycan Turbo S Cross Turismo,Dual Electric Motors,93.4,750,260,2.9,"$190,000",Electric,4,1050,
608,Porsche,911 Carrera Base,3.0L Twin-Turbo Flat-6,2981,379,293,4.2,"$106,100",Petrol,4,450,
609,Porsche,911 Carrera S Cabriolet,3.0L Twin-Turbo Flat-6,2981,443,304,3.9,"$129,900",Petrol,4,530,
610,Porsche,911 Carrera 4,3.0L Twin-Turbo Flat-6,2981,379,293,4.4,"$113,300",Petrol,4,450,
611,Porsche,911 Carrera 4 GTS,3.0L Twin-Turbo Flat-6,2981,473,311,3.3,"$137,000",Petrol,4,570,
612,Porsche,911 Targa 4 GTS,3.0L Twin-Turbo Flat-6,2981,473,307,3.5,"$157,300",Petrol,4,570,
613,Porsche,911 Turbo Cabriolet,3.8L Twin-Turbo Flat-6,3745,572,320,2.9,"$184,100",Petrol,4,750,
614,Porsche,911 Turbo S Coupe,3.8L Twin-Turbo Flat-6,3745,640,330,2.7,"$207,000",Petrol,4,800,
615,Porsche,911 GT3 Touring,4.0L Naturally Aspirated Flat-6,3996,502,318,3.9,"$170,000",Petrol,2,470,
616,Porsche,911 GT3 RS Clubsport,4.0L Naturally Aspirated Flat-6,3996,525,296,3.2,"$223,800",Petrol,2,465,
617,Porsche,911 Dakar Limited Edition,3.0L Twin-Turbo Flat-6,2981,473,240,3.4,"$222,000",Petrol,4,570,
618,Porsche,911 Carrera GTS Lightweight,3.0L Twin-Turbo Flat-6,2981,473,311,3.2,"$145,300",Petrol,4,570,
619,Porsche,911 Targa 4 Lightweight,3.0L Twin-Turbo Flat-6,2981,379,289,4.3,"$135,500",Petrol,4,450,
620,Porsche,911 Turbo Exclusive Series,3.8L Twin-Turbo Flat-6,3745,607,330,2.9,"$258,000",Petrol,4,750,
621,Porsche,911 GT2 RS,3.8L Twin-Turbo Flat-6,3745,700,340,2.8,"$293,200",Petrol,2,750,
622,Porsche,911 GT3 Cup,4.0L Naturally Aspirated Flat-6,3996,510,290,3.4,"$245,000",Petrol,1,470,
623,Porsche,911 GT4 RS,4.0L Naturally Aspirated Flat-6,3996,500,315,3.4,"$222,000",Petrol,2,450,
624,Porsche,911 RSR (Motorsport Edition),4.2L Naturally Aspirated Flat-6,4194,515,296,3.1,"$750,000",Petrol,1,480,
625,Porsche,911 Sport Turismo,3.0L Twin-Turbo Flat-6,2981,379,293,4.4,"$116,000",Petrol,4,450,
626,Porsche,911 Turbo Cabriolet Lightweight,3.8L Twin-Turbo Flat-6,3745,572,318,3,"$191,300",Petrol,4,750,
627,Porsche,911 Dakar Sport,3.0L Twin-Turbo Flat-6,2981,473,240,3.5,"$233,000",Petrol,4,570,
628,Tata Motors,Tiago,1.2L Revotron 3-cylinder Petrol,1199,86,170,13,"$8,200",Petrol,5,113,
629,Tata Motors,Tiago EV,Permanent Magnet Synchronous,24,74,120,5.7,"$11,000",Electric,5,114,
630,Tata Motors,Altroz,1.2L Revotron Petrol / 1.5L Diesel,1199,86,170,12,"$10,400",Petrol/Diesel,5,113,
631,Tata Motors,Altroz DCA,1.2L Revotron 3-cylinder Petrol,1199,86,170,12.5,"$11,300",Petrol,5,113,
632,Tata Motors,Altroz iTurbo,1.2L Turbocharged Petrol,1199,110,180,10,"$12,000",Petrol,5,140,
633,Tata Motors,Altroz CNG,1.2L Revotron Bi-Fuel,1199,86,165,12,"$11,800",CNG/Petrol,5,113,
634,Tata Motors,Tiago NRG,1.2L Revotron 3-cylinder Petrol,1199,86,170,13.5,"$9,200",Petrol,5,113,
635,Tata Motors,Nano GenX,624cc MPFI,624,37,105,29,"$4,000",Petrol,4,51,
636,Tata Motors,Indica eV2,1.4L CR4 Diesel,1396,70,155,16,"$6,200",Diesel,5,140,
637,Tata Motors,Indica V2 Xeta,1.2L MPFI Petrol,1193,65,140,16,"$5,000",Petrol,5,100,
638,Tata Motors,Tigor,1.2L Revotron 3-cylinder Petrol,1199,86,170,13,"$9,400",Petrol,5,113,
639,Tata Motors,Tigor EV,Permanent Magnet Synchronous,26,74,120,5.7,"$14,500",Electric,5,114,
640,Tata Motors,Zest,1.3L Quadrajet Diesel / 1.2L Revotron Petrol,1248,75,165,15,"$8,700",Diesel/Petrol,5,190,
641,Tata Motors,Indigo eCS,1.4L CR4 Diesel,1396,70,155,16.5,"$6,500",Diesel,5,140,
642,Cadillac,Escalade,6.2L V8 Gasoline,6200,420,210,6.8,"$79,295",Petrol,7,624,
643,Tata Motors,Indigo Marina,1.4L CR4 Diesel / 1.4L Petrol,1396,70,150,17,"$8,300",Diesel/Petrol,5,135,
644,Tata Motors,Manza,1.3L Quadrajet Diesel / 1.4L Petrol,1248,75,160,14,"$9,000",Diesel/Petrol,5,200,
645,Tata Motors,Indigo LX,1.4L CR4 Diesel,1396,70,150,17,"$7,000",Diesel,5,140,
646,Tata Motors,Indigo GLX,1.4L MPFI Petrol,1396,85,160,15,"$7,200",Petrol,5,115,
647,Cadillac,Escalade ESV,6.2L V8 Gasoline,6200,420,205,6.9,"$82,295",Petrol,7,624,
648,Tata Motors,Nexon,1.2L Turbo Petrol / 1.5L Diesel,1199,118,180,10,"$14,000",Petrol/Diesel,5,170,
649,Tata Motors,Nexon EV Max,Permanent Magnet Synchronous,40.5,143,140,9,"$25,000",Electric,5,250,
650,Tata Motors,Harrier,2.0L Kryotec Turbocharged Diesel,1956,168,180,11,"$23,000",Diesel,5,350,
651,Tata Motors,Safari,2.0L Kryotec Turbocharged Diesel,1956,168,180,11,"$25,500",Diesel,7,350,
652,Tata Motors,Punch,1.2L Revotron Petrol,1199,86,160,16,"$10,500",Petrol,5,113,
653,Tata Motors,Hexa,2.2L Varicor Diesel,2179,154,180,12,"$20,000",Diesel,7,400,
654,Tata Motors,Aria,2.2L Dicor Diesel,2179,138,162,13,"$19,000",Diesel,7,320,
655,Tata Motors,Sumo Gold,3.0L CR4 Diesel,2956,85,125,17.6,"$15,000",Diesel,7,250,
656,Tata Motors,Sumo Grande,2.2L Dicor Diesel,2179,118,140,15,"$16,500",Diesel,7,250,
657,Tata Motors,Nexon EV Prime,Permanent Magnet Synchronous,30.2,129,120,9.4,"$22,000",Electric,5,245,
658,Tata Motors,Tiago EV,Permanent Magnet Synchronous,24,74,120,5.7,"$11,000",Electric,5,114,
659,Tesla,Model S,Dual Electric Motors,100,670,250,3.1,"$88,490",Electric,5,967,
660,Tesla,Model S Plaid,Tri Electric Motors,100,1020,322,2.1,"$108,490",Electric,5,1400,
661,Tesla,Model 3,Single Electric Motor (RWD),60,283,225,5.8,"$40,240",Electric,5,420,
662,Tesla,Model 3 Performance,Dual Electric Motors (AWD),82,450,261,3.1,"$53,240",Electric,5,660,
663,Tesla,Model X,Dual Electric Motors (AWD),100,670,250,3.8,"$98,490",Electric,7,967,
664,Tesla,Model X Plaid,Tri Electric Motors,100,1020,262,2.6,"$113,490",Electric,6,1400,
665,Tesla,Model Y,Single Electric Motor (RWD),75,346,217,5,"$47,490",Electric,5,498,
666,Tesla,Model Y Long Range,Dual Electric Motors (AWD),82,384,217,4.8,"$50,490",Electric,5,559,
667,Tesla,Cybertruck,Tri Electric Motors,200,800,209,2.9,"$69,900",Electric,6,1355,
668,Tesla,Roadster 2,Quad Electric Motors,200,1288,402,1.9,"$200,000",Electric,4,10000,
669,Jeep,Wrangler,3.6L V6 Pentastar Gasoline,3600,285,180,6.8,"$35,195",Petrol,4,353,
670,Jeep,Wrangler Rubicon,2.0L Turbo I4 Gasoline,2000,270,180,7.1,"$42,100",Petrol,4,400,
671,Jeep,Grand Cherokee,3.6L V6 Pentastar Gasoline,3600,293,209,7,"$41,530",Petrol,5,352,
672,Jeep,Grand Cherokee L,3.6L V6 Pentastar Gasoline,3600,293,209,7.2,"$43,530",Petrol,7,352,
673,Jeep,Cherokee,2.4L I4 Tigershark Gasoline,2400,180,195,8.5,"$37,695",Petrol,5,230,
674,Jeep,Compass,2.0L Turbo Gasoline,2000,200,200,7.8,"$31,590",Petrol,5,320,
675,Jeep,Renegade,1.3L Turbo I4 Gasoline,1300,177,200,8.7,"$28,345",Petrol,5,285,
676,Jeep,Gladiator,3.6L V6 Pentastar Gasoline,3600,285,177,8.1,"$38,775",Petrol,5,353,
677,Jeep,Wagoneer,5.7L V8 Gasoline with eTorque,5700,392,190,7.4,"$63,595",Petrol,8,548,
678,Jeep,Grand Wagoneer,6.4L V8 Gasoline,6400,471,190,6,"$91,495",Petrol,8,617,0.5
679,Jeep,Grand Cherokee 4xe,2.0L Turbo PHEV,17.3,375,210,6,"$59,865",Hybrid,5,637,0.6
680,Jeep,Wrangler 4xe,2.0L Turbo PHEV,17.3,375,180,6.4,"$50,695",Hybrid,5,637,
681,Jeep,Compass 4xe,1.3L Turbo PHEV,11.4,240,200,7.3,"$46,500",Hybrid,5,270,
682,Jeep,Renegade 4xe,1.3L Turbo PHEV,11.4,240,200,7.5,"$44,500",Hybrid,5,270,
683,Mazda,Mazda2,1.5L 4-Cylinder,1500,108,180,10.2,"$17,000-$20,000",Petrol,5,142,
684,Jeep,Wagoneer S (Electric),Dual Electric Motors,100,600,177,4.5,"$80,000",Electric,5,850,0.7
685,Jeep,Gladiator Mojave Edition,3.6L V6 Pentastar Gasoline,3600,285,177,8.6,"$51,570",Petrol,5,353,
686,Jeep,Grand Cherokee Summit Reserve,5.7L V8 Gasoline,5700,357,190,7.3,"$66,575",Petrol,5,529,
687,Jeep,Jeep Cherokee X Edition,3.2L V6 Pentastar Gasoline,3200,271,195,7.6,"$41,295",Petrol,5,324,
688,Jeep,Wrangler 392,6.4L V8 HEMI Gasoline,6400,470,160,4.5,"$82,495",Petrol,4,637,0.65
689,Cadillac,XT4,2.0L Turbo Inline-4 Gasoline,2000,235,220,7.6,"$37,490",Petrol,5,350,
690,Cadillac,XT5,3.6L V6 Gasoline,3600,310,210,6.5,"$44,195",Petrol,5,366,
691,Cadillac,XT6,3.6L V6 Gasoline,3600,310,210,6.9,"$48,595",Petrol,7,366,
692,Cadillac,Lyriq EV,Single Electric Motor,100,340,190,5.7,"$58,590",Electric,5,440,
693,Cadillac,Escalade V,6.2L Supercharged V8 Gasoline,6200,682,200,4.4,"$149,990",Petrol,7,885,
694,Cadillac,Escalade Platinum,6.2L V8 Gasoline,6200,420,210,6.8,"$104,595",Petrol,7,624,
695,Cadillac,CT5-V Blackwing,6.2L Supercharged V8 Gasoline,6200,668,320,3.4,"$92,000",Petrol,5,893,
696,Cadillac,CT4-V Blackwing,3.6L Twin-Turbo V6 Gasoline,3600,472,290,3.9,"$60,495",Petrol,5,603,
697,Cadillac,XT4 Sport,2.0L Turbo Inline-4 Gasoline,2000,235,220,7.4,"$41,390",Petrol,5,350,
698,Cadillac,XT5 Sport,3.6L V6 Gasoline,3600,310,210,6.5,"$51,095",Petrol,5,366,
699,Cadillac,XT6 Sport,3.6L V6 Gasoline,3600,310,210,6.9,"$57,095",Petrol,7,366,
700,Cadillac,Lyriq Launch Edition,Single Electric Motor,100,340,190,5.7,"$59,990",Electric,5,440,
701,Cadillac,Lyriq EV Premium,Dual Electric Motors,100,500,210,4.5,"$64,990",Electric,5,620,
702,Cadillac,CT5 Premium Luxury,2.0L Turbo Inline-4 Gasoline,2000,237,240,6.8,"$41,290",Petrol,5,350,
703,Chevrolet,Spark,1.4L Inline-4 Gasoline,1400,98,180,10.7,"$14,595",Petrol,5,127,
704,Chevrolet,Sonic,1.4L Turbo Inline-4 Gasoline,1400,138,190,8.5,"$16,720",Petrol,5,200,
705,Chevrolet,Malibu,1.5L Turbo Inline-4 Gasoline,1500,160,210,8,"$25,000",Petrol,5,250,
706,Chevrolet,Camaro,2.0L Turbo Inline-4 Gasoline,2000,275,240,5.4,"$26,400",Petrol,4,400,
707,Chevrolet,Corvette,6.2L V8 Gasoline,6200,495,312,3,"$65,895",Petrol,2,637,
708,Chevrolet,Traverse,3.6L V6 Gasoline,3600,310,210,7,"$35,915",Petrol,7,360,
709,Chevrolet,Equinox,1.5L Turbo Inline-4 Gasoline,1500,170,200,8.9,"$26,600",Petrol,5,275,
710,Chevrolet,Blazer,3.6L V6 Gasoline,3600,308,220,6.6,"$44,000",Petrol,5,366,
711,Chevrolet,Tahoe,5.3L V8 Gasoline,5300,355,200,7.5,"$56,995",Petrol,7,519,
712,Chevrolet,Suburban,5.3L V8 Gasoline,5300,355,190,7.6,"$59,900",Petrol,8,519,
713,Chevrolet,Colorado,2.7L Turbo Inline-4 Gasoline,2700,310,190,6.8,"$30,695",Petrol,5,583,
714,Chevrolet,Silverado 1500,5.3L V8 Gasoline,5300,355,180,7,"$42,795",Petrol,6,519,
715,Chevrolet,Silverado 2500HD,6.6L V8 Gasoline,6600,401,170,8,"$41,500",Petrol,6,629,
716,Chevrolet,Silverado 3500HD,6.6L V8 Diesel,6600,445,160,8.5,"$45,500",Diesel,6,1234,
717,Chevrolet,Bolt EV,Single Electric Motor,66,200,150,6.5,"$27,495",Electric,5,360,
718,Chevrolet,Bolt EUV,Single Electric Motor,66,200,150,7,"$28,795",Electric,5,360,
719,Chevrolet,Trailblazer,1.3L Turbo Inline-3 Gasoline,1300,155,200,9.4,"$23,100",Petrol,5,236,
720,Chevrolet,Malibu Premier,2.0L Turbo Inline-4 Gasoline,2000,250,240,5.8,"$33,500",Petrol,5,353,
721,Chevrolet,Camaro ZL1,6.2L Supercharged V8 Gasoline,6200,650,318,3.5,"$67,300",Petrol,4,881,
722,Chevrolet,Corvette Stingray,6.2L V8 Gasoline,6200,495,312,3,"$65,895",Petrol,2,637,
723,Chevrolet,Silverado 1500 High Country,5.3L V8 Gasoline,5300,355,180,7,"$61,595",Petrol,6,519,
724,Chevrolet,Silverado 1500 Trail Boss,5.3L V8 Gasoline,5300,355,180,7,"$55,895",Petrol,6,519,
725,Chevrolet,Silverado 1500 RST,5.3L V8 Gasoline,5300,355,180,7.1,"$50,895",Petrol,6,519,
726,Chevrolet,Colorado ZR2,2.8L Turbo Diesel I4,2800,181,160,9.1,"$48,295",Diesel,5,500,
727,Chevrolet,Traverse Premier,3.6L V6 Gasoline,3600,310,210,7,"$46,600",Petrol,7,360,
728,Chevrolet,Equinox Premier,1.5L Turbo Inline-4 Gasoline,1500,170,200,8.8,"$33,400",Petrol,5,275,
729,Chevrolet,Blazer RS,3.6L V6 Gasoline,3600,308,220,6.6,"$48,900",Petrol,5,366,
730,Chevrolet,Bolt EV 2LT,Single Electric Motor,66,200,150,6.7,"$28,795",Electric,5,360,
731,Chevrolet,Camaro SS,6.2L V8 Gasoline,6200,455,290,4.3,"$43,500",Petrol,4,617,
732,Chevrolet,Corvette Grand Sport,6.2L V8 Gasoline,6200,460,290,3.9,"$65,900",Petrol,2,630,
733,Chevrolet,Traverse RS,3.6L V6 Gasoline,3600,310,210,7,"$43,700",Petrol,7,360,
734,Chevrolet,Blazer Premier,3.6L V6 Gasoline,3600,308,220,6.6,"$45,000",Petrol,5,366,
735,Chevrolet,Malibu LT,1.5L Turbo Inline-4 Gasoline,1500,160,210,8.5,"$25,800",Petrol,5,250,
736,Chevrolet,Spark Activ,1.4L Inline-4 Gasoline,1400,98,180,11,"$17,595",Petrol,5,127,
737,Chevrolet,Trax LT,1.2L Turbo Inline-3 Gasoline,1200,137,200,9.2,"$24,100",Petrol,5,220,
738,Chevrolet,Equinox LT,1.5L Turbo Inline-4 Gasoline,1500,170,200,8.9,"$28,400",Petrol,5,275,
739,Chevrolet,Silverado 3500HD High Country,6.6L V8 Diesel,6600,445,160,8.5,"$75,700",Diesel,6,1234,
740,Chevrolet,Colorado WT,2.7L Turbo Inline-4 Gasoline,2700,310,190,6.9,"$29,200",Petrol,5,583,
741,Chevrolet,Suburban High Country,6.2L V8 Gasoline,6200,420,200,7,"$82,400",Petrol,8,624,
742,Chevrolet,Silverado Custom,4.3L V6 Gasoline,4300,285,180,8.5,"$33,900",Petrol,6,413,
743,Chevrolet,Spark LS,1.4L Inline-4 Gasoline,1400,98,180,10.9,"$14,395",Petrol,5,127,
744,Chevrolet,Traverse LT,3.6L V6 Gasoline,3600,310,210,7.1,"$37,200",Petrol,7,360,
745,Chevrolet,Blazer LT,2.5L Inline-4 Gasoline,2500,193,200,9,"$36,100",Petrol,5,255,
746,Chevrolet,Malibu Premier,2.0L Turbo Inline-4 Gasoline,2000,250,240,5.8,"$34,500",Petrol,5,353,
747,Chevrolet,Equinox RS,1.5L Turbo Inline-4 Gasoline,1500,170,200,8.8,"$31,900",Petrol,5,275,
748,Chevrolet,Silverado 1500 Custom,4.3L V6 Gasoline,4300,285,180,8.6,"$34,900",Petrol,6,413,
749,Chevrolet,Silverado 2500HD LTZ,6.6L V8 Diesel,6600,445,160,8.4,"$56,400",Diesel,6,1234,
750,Chevrolet,Tahoe RST,5.3L V8 Gasoline,5300,355,180,7.4,"$64,100",Petrol,7,519,
751,Chevrolet,Suburban LT,5.3L V8 Gasoline,5300,355,180,5.1,"$64,400",Petrol,8,519,0.4
752,Chevrolet,Bolt EV Premier,Single Electric Motor,66,200,150,6.5,"$31,700",Electric,5,360,
753,Chevrolet,Tahoe LS,5.3L V8 Gasoline,5300,355,180,7.5,"$56,995",Petrol,8,519,
754,Chevrolet,Tahoe LT,5.3L V8 Gasoline,5300,355,180,7.4,"$62,495",Petrol,8,519,
755,Chevrolet,Tahoe RST,5.3L V8 Gasoline,5300,355,180,7.4,"$64,100",Petrol,7,519,
756,Chevrolet,Tahoe Z71,5.3L V8 Gasoline,5300,355,180,7.6,"$66,700",Petrol,7,519,
757,Chevrolet,Tahoe Premier,6.2L V8 Gasoline,6200,420,200,6.8,"$71,600",Petrol,7,624,
758,Chevrolet,Tahoe High Country,6.2L V8 Gasoline,6200,420,200,6.7,"$76,700",Petrol,7,624,
759,Chevrolet,Tahoe Midnight Edition,5.3L V8 Gasoline,5300,355,180,7.5,"$65,500",Petrol,8,519,
760,Chevrolet,Tahoe Sport Edition,6.2L V8 Gasoline,6200,420,200,6.8,"$70,000",Petrol,7,624,
761,GMC,Terrain,1.5L Turbo 4-cylinder,1500,175,190,9.5,"$29,900",Petrol,5,275,
762,GMC,Acadia,2.0L Turbo 4-cylinder,2000,228,200,7.8,"$36,800",Petrol,7,350,
763,GMC,Yukon,5.3L V8 Gasoline,5300,355,180,7.4,"$57,400",Petrol,8,519,
764,GMC,Yukon XL,6.2L V8 Gasoline,6200,420,200,6.9,"$61,100",Petrol,8,624,
765,GMC,Canyon,2.7L Turbo 4-cylinder,2700,310,190,7.6,"$36,900",Petrol,5,583,
766,GMC,Sierra 1500,5.3L V8 Gasoline,5300,355,180,7.3,"$37,100",Petrol,6,519,
767,GMC,Sierra 2500HD,6.6L V8 Diesel,6600,401,175,7.5,"$43,900",Diesel,6,629,
768,GMC,Sierra 3500HD,6.6L V8 Diesel,6600,445,175,7.4,"$49,000",Diesel,6,1234,
769,GMC,Hummer EV Pickup,Dual-Motor Electric,212,625,170,3,"$108,700",Electric,5,1000,
770,GMC,Hummer EV SUV,Dual-Motor Electric,212,625,170,3.5,"$105,600",Electric,5,1000,
771,GMC,Yukon Denali,6.2L V8 Gasoline,6200,420,200,6.8,"$72,800",Petrol,8,624,
772,GMC,Sierra Denali,6.2L V8 Gasoline,6200,420,190,6.7,"$66,800",Petrol,6,624,
773,GMC,Terrain AT4,1.5L Turbo 4-cylinder,1500,175,190,9.6,"$36,500",Petrol,5,275,
774,GMC,Acadia AT4,3.6L V6 Gasoline,3600,310,210,7.6,"$41,400",Petrol,6,366,
775,GMC,Sierra 1500 AT4,5.3L V8 Gasoline,5300,355,180,7.4,"$53,800",Petrol,6,519,
776,GMC,Sierra 2500HD Denali,6.6L V8 Diesel,6600,401,175,7.5,"$72,200",Diesel,6,1234,
777,GMC,Sierra Elevation,2.7L Turbo 4-cylinder,2700,310,190,7.6,"$45,000",Petrol,5,583,
778,GMC,Canyon AT4,2.7L Turbo 4-cylinder,2700,310,190,7.5,"$43,900",Petrol,5,583,
779,GMC,Canyon Denali,2.7L Turbo 4-cylinder,2700,310,190,7.5,"$48,000",Petrol,5,583,
780,GMC,Yukon XL Denali Ultimate,6.2L V8 Gasoline,6200,420,200,6.7,"$93,800",Petrol,8,624,
781,GMC,Terrain Denali,1.5L Turbo 4-cylinder,1500,175,190,9.5,"$38,600",Petrol,5,275,
782,GMC,Acadia Denali,3.6L V6 engine,3564,310,210,6.5,"$54,300",Petrol,7,366,
783,GMC,Yukon AT4,5.3L V8 engine,5327,355,210,7.1,"$71,505",Petrol,8,519,
784,GMC,Yukon XL AT4,5.3L V8 engine,5327,355,210,7.3,"$73,305",Petrol,8,519,
785,GMC,Sierra 1500 Elevation,2.7L Turbo engine,2713,310,180,7,"$52,000",Petrol,5,569,
786,GMC,Sierra 1500 SLT,5.3L V8 engine,5327,355,180,6.8,"$56,000",Petrol,5,519,
787,GMC,Sierra 2500HD AT4,6.6L V8 engine,6600,401,170,7.5,"$70,000",Petrol,5,629,
788,GMC,Sierra 3500HD AT4,6.6L V8 engine,6600,401,170,7.7,"$72,000",Petrol,5,629,
789,GMC,Canyon Elevation,2.5L I4 engine,2488,200,175,8.5,"$36,300",Petrol,5,259,
790,GMC,Canyon Denali Black Edition,3.6L V6 engine,3564,308,180,6.9,"$44,000",Petrol,5,373,
791,GMC,Sierra 1500 Denali Ultimate,6.2L V8 engine,6162,420,200,5.8,"$80,000",Petrol,5,624,
792,GMC,Yukon XL Denali Reserve,6.2L V8 engine,6162,420,210,6,"$82,000",Petrol,7,624,
793,GMC,Terrain Elevation Edition,1.5L Turbocharged I4 engine,1490,170,200,9.3,"$28,700",Petrol,5,275,
794,GMC,Acadia Black Edition,3.6L V6 engine,3564,310,210,6.5,"$45,000",Petrol,7,366,
795,GMC,Hummer EV SUV Edition 1,"Electric motors with up to 11,500 lb-ft torque",200,830,170,3.5,"$96,550",Electric,5,15590,
796,GMC,Hummer EV Pickup Edition 1,"Electric motors with up to 11,500 lb-ft torque",200,1000,170,3,"$96,550",Electric,5,15590,
797,GMC,Sierra Denali CarbonPro,6.2L V8 engine,6162,420,200,5.8,"$65,000",Petrol,5,624,
798,GMC,Yukon Denali Performance,6.2L V8 engine,6162,420,210,6,"$76,805",Petrol,8,624,
799,GMC,Sierra 2500HD Denali Black Edition,6.6L V8 engine,6600,401,170,7.5,"$75,000",Petrol,5,629,
800,GMC,Canyon AT4X,3.6L V6 engine,3564,308,180,6.9,"$50,000",Petrol,5,373,
801,GMC,Yukon XL SLT,5.3L V8 engine,5327,355,210,7.3,"$65,000",Petrol,8,519,
802,GMC,Sierra 1500 Pro,4.3L V6 engine,4300,285,180,7.5,"$37,700",Petrol,3,413,
803,GMC,Sierra 2500HD Pro,6.6L V8 engine,6600,401,170,7.7,"$60,000",Petrol,3,629,
804,GMC,Sierra 3500HD Pro,6.6L V8 engine,6600,401,170,7.8,"$62,000",Petrol,3,629,
805,GMC,Terrain SLT,1.5L Turbocharged I4 engine,1490,170,200,9.4,"$31,000",Petrol,5,275,
806,GMC,Acadia SLE,3.6L V6 engine,3564,310,210,6.6,"$40,000",Petrol,7,366,
807,GMC,Canyon SLT,2.5L I4 engine,2488,200,175,8.6,"$38,000",Petrol,5,259,
808,GMC,Yukon XL Elevation,5.3L V8 engine,5327,355,210,7.4,"$75,000",Petrol,8,519,
809,GMC,Sierra 1500 AT4X,6.2L V8 engine,6162,420,200,5.9,"$82,000",Petrol,5,624,
810,GMC,Hummer EV SUV Extreme Off-Road,"Electric motors with up to 11,500 lb-ft torque",200,830,170,3.6,"$110,000",Electric,5,15590,
811,GMC,Sierra EV Denali,Electric motors with advanced AWD,200,754,170,4.5,"$108,700",Electric,5,1064,
812,GMC,Hummer EV Omega Edition,"Electric motors with up to 11,500 lb-ft torque",200,1000,170,3,"$112,700",Electric,5,15590,
813,GMC,Canyon AT4X Edition 1,3.6L V6 engine,3564,308,180,6.8,"$55,000",Petrol,5,373,
814,GMC,Yukon Denali Ultimate Black,6.2L V8 engine,6162,420,210,6,"$90,000",Petrol,8,624,
815,GMC,Sierra HD Denali Reserve,6.6L V8 engine,6600,401,170,7.5,"$85,000",Petrol,5,629,
816,GMC,Acadia Denali Ultimate,3.6L V6 engine,3564,310,210,6.5,"$60,000",Petrol,7,366,
817,GMC,Terrain All-Terrain Edition,1.5L Turbocharged I4 engine,1490,170,200,9.3,"$35,000",Petrol,5,275,
818,GMC,Yukon Trailering Edition,5.3L V8 engine,5327,355,210,7.5,"$78,000",Petrol,8,519,
819,GMC,Hummer EV Adventure Series,"Electric motors with up to 11,500 lb-ft torque",200,830,170,3.6,"$105,000",Electric,5,15590,
820,Kia,Rio,1.6L 4-Cylinder,1591,120,180,10.3,"$17,000",Petrol,5,151,
821,Kia,Rio 5-Door,1.6L 4-Cylinder,1591,120,180,10.3,"$18,000",Petrol,5,151,
822,Kia,Seltos Nightfall Edition,1.6L Turbocharged 4-Cylinder,1591,175,210,7.5,"$28,000",Petrol,5,264,
823,Peugeot,508 PSE (Peugeot Sport Engineered),Hybrid I4 + Electric Motor,1599,360,250,5.2,"$55,000",Hybrid,5,520,
824,Kia,Sorento X-Line,2.5L Turbocharged 4-Cylinder,2500,277,220,7,"$42,000",Petrol,7,421,
825,Kia,Telluride SX,3.8L V6,3778,291,240,7,"$50,000",Petrol,7,355,
826,Kia,Forte LXS,2.0L 4-Cylinder,1999,147,190,9.2,"$19,000",Petrol,5,179,
827,Kia,K5 EX,1.6L Turbocharged 4-Cylinder,1591,180,220,7.8,"$28,500",Petrol,5,264,
828,Kia,Niro Plug-In Hybrid,1.6L 4-Cylinder Hybrid,1591,139,180,10.5,"$33,000",Hybrid,5,265,
829,Kia,EV6 Wind,Electric Motor,77.4,225,190,5.2,"$50,000",Electric,5,350,
830,Kia,Soul Turbo,1.6L Turbocharged 4-Cylinder,1591,201,200,6.5,"$28,000",Petrol,5,264,
831,Kia,Seltos SX,1.6L Turbocharged 4-Cylinder,1591,175,210,7.5,"$28,500",Petrol,5,264,
832,Kia,Stinger Scorpion Edition,2.5L Turbocharged 4-Cylinder,2500,300,270,5,"$55,000",Petrol,5,422,
833,Kia,Sorento Hybrid SX Prestige,1.6L Hybrid Turbocharged 4-Cylinder,1591,227,200,7.9,"$47,000",Hybrid,7,352,
834,Kia,Carnival EX,3.5L V6,3500,290,220,8,"$42,500",Petrol,8,355,
835,Kia,Telluride Nightfall Edition,3.8L V6,3778,291,240,7,"$51,000",Petrol,7,355,
836,Peugeot,508 Plug-In Hybrid,Hybrid I4 + Electric Motor,1598,225,210,7.5,"$44,000",Hybrid,5,360,
837,Kia,EV6 First Edition,Electric Motor,77.4,320,230,5,"$58,000",Electric,5,450,
838,Kia,Niro Touring,1.6L 4-Cylinder Hybrid,1591,139,180,10.5,"$33,000",Hybrid,5,265,
839,Kia,Forte GT-Line,1.6L Turbocharged 4-Cylinder,1591,201,200,6.5,"$25,000",Petrol,5,264,
840,Kia,Seltos EX,2.0L 4-Cylinder,1999,146,190,9,"$23,500",Petrol,5,179,
841,Peugeot,3008 Plug-In Hybrid,Hybrid I4 + Electric Motor,1598,225,210,7,"$42,000",Hybrid,5,360,
842,Kia,Sorento LX,2.5L 4-Cylinder,2500,191,210,8.5,"$35,500",Petrol,7,246,
843,Kia,Telluride EX,3.8L V6,3778,291,240,7,"$44,000",Petrol,7,355,
844,Kia,Soul EX,2.0L 4-Cylinder,1999,147,190,9.5,"$22,000",Petrol,5,179,
845,Kia,Forte FE,2.0L 4-Cylinder,1999,147,190,9.2,"$18,500",Petrol,5,179,
846,Kia,K5 GT-Line,1.6L Turbocharged 4-Cylinder,1591,180,220,7.8,"$29,000",Petrol,5,264,
847,Kia,Carnival LXS,3.5L V6,3500,290,220,8,"$39,500",Petrol,8,355,
848,Kia,EV6 Light,Electric Motor,77.4,225,190,5.2,"$46,000",Electric,5,350,
849,Kia,Niro EX,1.6L 4-Cylinder Hybrid,1591,139,180,10.5,"$30,000",Hybrid,5,265,
850,Kia,Stinger GT,3.3L Turbocharged V6,3300,365,270,4.7,"$51,500",Petrol,5,510,
851,Kia,Sorento SX Prestige,2.5L Hybrid Turbocharged 4-Cylinder,1591,227,200,7.9,"$48,000",Hybrid,7,352,
852,Kia,Telluride SX Prestige,3.8L V6,3778,291,240,7,"$52,000",Petrol,7,355,
853,Peugeot,508 Hybrid4,Hybrid I4 + Electric Motor,1598,300,235,6,"$47,000",Hybrid,5,520,
854,Kia,EV6 GT Performance,Electric Motor,77.4,577,260,3.5,"$65,000",Electric,5,740,
855,Kia,Niro SX Touring,1.6L 4-Cylinder Hybrid,1591,139,180,10.5,"$34,500",Hybrid,5,265,
856,Kia,Carnival SX Prestige,3.5L V6,3500,290,220,8,"$47,000",Petrol,8,355,
857,Kia,Seltos SX Turbo,1.6L Turbocharged 4-Cylinder,1591,175,210,7.5,"$32,000",Petrol,5,264,
858,Kia,Forte EX Premium,2.0L 4-Cylinder,1999,147,190,9.2,"$22,500",Petrol,5,179,
859,Kia,Soul EX Designer Edition,2.0L 4-Cylinder,1999,147,190,9.5,"$23,500",Petrol,5,179,
860,Kia,Rio S,1.6L 4-Cylinder,1591,120,180,10.3,"$17,500",Petrol,5,151,
861,Kia,Rio 5-Door S,1.6L 4-Cylinder,1591,120,180,10.3,"$18,000",Petrol,5,151,
862,Kia,Soul S,2.0L 4-Cylinder,1999,147,190,9.5,"$20,500",Petrol,5,179,
863,Kia,Seltos LX,2.0L 4-Cylinder,1999,146,190,9.2,"$23,000",Petrol,5,179,
864,Peugeot,3008 Hybrid4,Hybrid I4+ Electric Motor,1599,300,235,6,"$45,000",Hybrid,5,520,
865,Kia,Sorento Hybrid EX,1.6L Hybrid Turbocharged 4-Cylinder,1591,227,200,7.9,"$47,000",Hybrid,7,352,
866,Kia,Telluride LX,3.8L V6,3778,291,240,7,"$41,500",Petrol,7,355,
867,Kia,Carnival MPV EX,3.5L V6,3500,290,220,8,"$43,500",Petrol,8,355,
868,Kia,EV6 AWD GT-Line,Electric Motor,77.4,320,230,5,"$60,000",Electric,5,450,
869,Kia,Forte GT Turbo,1.6L Turbocharged 4-Cylinder,1591,201,200,6.5,"$25,500",Petrol,5,264,
870,Kia,Soul GT Designer Edition,2.0L 4-Cylinder,1999,147,190,9.5,"$23,000",Petrol,5,179,
871,Kia,Seltos X-Line Turbo,1.6L Turbocharged 4-Cylinder,1591,175,210,7.5,"$30,000",Petrol,5,264,
872,Peugeot,e-2008 GT,Electric Motor,50,136,200,8.5,"$40,000",Electric,5,260,
873,Kia,Telluride Limited Edition,3.8L V6,3778,291,240,7,"$53,000",Petrol,7,355,
874,Kia,Stinger GT-Line,2.5L Turbocharged 4-Cylinder,2500,300,270,5,"$50,000",Petrol,5,422,
875,Kia,Carnival Special Edition,3.5L V6,3500,290,220,8,"$45,500",Petrol,8,355,
876,Kia,Niro SX Hybrid,1.6L Hybrid Turbocharged 4-Cylinder,1591,139,180,10.5,"$36,000",Hybrid,5,265,
877,Kia,EV6 First Edition AWD,Electric Motor,77.4,320,230,5,"$62,000",Electric,5,450,
878,Kia,Sorento X-Pro Hybrid,1.6L Hybrid Turbocharged 4-Cylinder,1591,227,200,7.8,"$49,000",Hybrid,7,352,
879,Kia,Forte Limited Edition,2.0L 4-Cylinder,1999,147,190,9.2,"$22,500",Petrol,5,179,
880,Bugatti,Chiron,8.0L Quad-Turbo W16,7993,1500,420,2.5,"$3,000,000",Petrol,2,1600,0.4
881,Bugatti,Chiron Pur Sport,8.0L Quad-Turbo W16,7993,1500,350,2.3,"$3,300,000",Petrol,2,1600,0.4
882,Bugatti,Chiron Super Sport,8.0L Quad-Turbo W16,7993,1600,490,2.4,"$3,500,000",Petrol,2,1600,
883,Bugatti,Chiron Sport,8.0L Quad-Turbo W16,7993,1500,420,2.4,"$3,300,000",Petrol,2,1600,
884,Bugatti,Chiron Noire,8.0L Quad-Turbo W16,7993,1500,420,2.5,"$3,300,000",Petrol,2,1600,
885,Bugatti,Divo,8.0L Quad-Turbo W16,7993,1500,380,2.4,"$5,800,000",Petrol,2,1600,
886,Bugatti,Centodieci,8.0L Quad-Turbo W16,7993,1600,380,2.4,"$9,000,000",Petrol,2,1600,
887,Bugatti,La Voiture Noire,8.0L Quad-Turbo W16,7993,1500,420,2.5,"$18,000,000",Petrol,2,1600,
888,Bugatti,Bolide,8.0L Quad-Turbo W16,7993,1850,500,2.2,"$4,500,000",Petrol,2,1600,
889,Bugatti,Mistral,8.0L Quad-Turbo W16,7993,1600,420,2.4,"$5,000,000",Petrol,2,1600,
890,Volvo,Volvo FH,13.0L I6 Turbo Diesel,13000,540,120,15,"$120,000",Diesel,2,2600,
891,Volvo,Volvo FH16,16.1L I6 Turbo Diesel,16100,750,120,14.5,"$160,000",Diesel,2,3500,
892,Volvo,Volvo FM,12.8L I6 Turbo Diesel,12800,460,110,16,"$100,000",Diesel,2,2200,
893,Volvo,Volvo FMX,13.0L I6 Turbo Diesel,13000,500,110,16.5,"$110,000",Diesel,2,2500,
894,Volvo,Volvo VNL,12.8L I6 Turbo Diesel,12800,500,120,15,"$125,000",Diesel,2,2400,
895,Volvo,Volvo VNR,12.8L I6 Turbo Diesel,12800,400,110,17,"$95,000",Diesel,2,1800,
896,Volvo,Volvo VHD,12.8L I6 Turbo Diesel,12800,500,100,18,"$120,000",Diesel,2,2500,
897,Volvo,Volvo FE,7.7L I6 Turbo Diesel,7700,280,90,20,"$85,000",Diesel,2,1200,
898,Volvo,Volvo FL,5.1L I4 Turbo Diesel,5100,180,80,22,"$75,000",Diesel,2,800,
899,Jaguar Land Rover,Jaguar F-Type,V6 / V8 Petrol,2995,335,260,5.1,"$70,000",Petrol,2,450,
900,Jaguar Land Rover,Jaguar XE,I4 Petrol,1999,250,250,6.5,"$45,000",Petrol,5,365,
901,Jaguar Land Rover,Jaguar XF,I4 Petrol,1999,250,250,6.5,"$50,000",Petrol,5,365,
902,Jaguar Land Rover,Jaguar XJ,V6 Petrol,2995,300,250,6,"$85,000",Petrol,5,400,
903,Jaguar Land Rover,Jaguar E-PACE,I4 Petrol,1999,200,230,7,"$50,000",Petrol,5,430,
904,Jaguar Land Rover,Jaguar I-PACE,Electric (Dual Motor),90,400,200,4.8,"$70,000",Electric,5,696,
905,Jaguar Land Rover,Jaguar F-PACE,I4 Petrol / V6 Petrol,1999,250,230,7.2,"$55,000 / $65,000",Petrol,5,365,
906,Jaguar Land Rover,Jaguar X-TYPE,I4 Petrol,1998,160,215,9,"$40,000",Petrol,5,215,
907,Jaguar Land Rover,Jaguar F-PACE R-Dynamic,I4 Petrol / V6 Petrol,1999,340,250,5.4,"$65,000",Petrol,5,480,
908,Jaguar Land Rover,Jaguar XE R-Dynamic,I4 Petrol,1999,340,250,5.4,"$60,000",Petrol,5,450,
909,Jaguar Land Rover,Jaguar F-Type SVR,V8 Petrol,5000,575,320,3.7,"$120,000",Petrol,2,700,
910,Jaguar Land Rover,Jaguar I-PACE Electric Performance,Electric (Dual Motor),90,400,200,4.5,"$85,000",Electric,5,696,
911,Jaguar Land Rover,Jaguar F-PACE SVR,V8 Petrol,5000,550,283,4,"$85,000",Petrol,5,700,
912,Jaguar Land Rover,Jaguar XE S,I4 Petrol,1999,340,250,5.3,"$55,000",Petrol,5,450,
913,Jaguar Land Rover,Jaguar XF R-Dynamic,I4 Petrol / V6 Petrol,1999,340,250,5.4,"$65,000",Petrol,5,480,
914,Jaguar Land Rover,Jaguar XJ LWB (Long Wheelbase),V6 Petrol,2995,300,250,6,"$90,000",Petrol,5,400,
915,Jaguar Land Rover,Jaguar F-Type Heritage Edition,V8 Petrol,5000,550,300,3.9,"$110,000",Petrol,2,680,
916,Jaguar Land Rover,Jaguar E-PACE S,I4 Petrol,1999,200,230,7,"$50,000",Petrol,5,430,
917,Jaguar Land Rover,Jaguar I-PACE HSE,Electric (Dual Motor),90,400,200,4.5,"$90,000",Electric,5,696,
918,Jaguar Land Rover,Jaguar F-Type V8 R,V8 Petrol,5000,550,300,3.9,"$100,000",Petrol,2,680,
919,Jaguar Land Rover,Jaguar F-Type R-Dynamic,I4 Petrol / V6 Petrol,1999,300,250,5.1,"$70,000",Petrol,2,400,
920,Jaguar Land Rover,Jaguar XE P300 R-Dynamic,I4 Petrol,1999,300,250,5.5,"$55,000",Petrol,5,400,
921,Jaguar Land Rover,Jaguar XF Sportbrake,I4 Petrol / V6 Petrol,1999,250,250,6.5,"$60,000",Petrol,5,400,
922,Jaguar Land Rover,Jaguar I-PACE EV400 HSE,Electric (Dual Motor),90,400,200,4.5,"$85,000",Electric,5,696,
923,Jaguar Land Rover,Jaguar F-PACE S 30t AWD,I4 Petrol,1999,247,225,6.4,"$60,000",Petrol,5,365,
924,Jaguar Land Rover,Jaguar E-PACE R-Dynamic,I4 Petrol,1999,246,230,6.8,"$55,000",Petrol,5,430,
925,Jaguar Land Rover,Jaguar XJ50,V6 Petrol,2995,300,250,6,"$80,000",Petrol,5,400,
926,Jaguar Land Rover,Jaguar F-Type 75th Anniversary Edition,V8 Petrol,5000,550,300,3.9,"$100,000",Petrol,2,680,
927,Jaguar Land Rover,Jaguar F-PACE S AWD,I4 Petrol / V6 Petrol,1999,340,250,5.4,"$65,000",Petrol,5,480,
928,Jaguar Land Rover,Jaguar XE SE,I4 Petrol,1999,250,240,6.2,"$50,000",Petrol,5,365,
929,Jaguar Land Rover,Jaguar F-Type V6 S Convertible,V6 Petrol,2995,380,280,4.8,"$80,000",Petrol,2,460,
930,Jaguar Land Rover,Jaguar XE R-Sport AWD,I4 Petrol / V6 Petrol,1999,300,250,5.5,"$55,000",Petrol,5,400,
931,Jaguar Land Rover,Jaguar XF Portfolio AWD,I4 Petrol / V6 Petrol,1999,340,250,5.4,"$60,000",Petrol,5,450,
932,Jaguar Land Rover,Jaguar F-Type Coupe R,V8 Petrol,5000,550,300,3.9,"$100,000",Petrol,2,680,
933,Jaguar Land Rover,Jaguar I-PACE First Edition,Electric (Dual Motor),90,400,200,4.5,"$85,000",Electric,5,696,
934,Jaguar Land Rover,Jaguar F-PACE Prestige AWD,I4 Petrol / V6 Petrol,1999,340,250,5.4,"$65,000",Petrol,5,480,
935,Jaguar Land Rover,Jaguar XJ Supercharged,V8 Petrol,5000,510,280,4.2,"$90,000",Petrol,5,625,
936,Jaguar Land Rover,Jaguar F-Type P450 AWD,V8 Petrol,5000,450,290,4,"$90,000",Petrol,2,600,
937,Jaguar Land Rover,Jaguar F-PACE P400e Plug-in Hybrid,I4 Petrol + Electric Motor,1999,398,220,5.1,"$75,000",Plug-in Hybrid,5,640,
938,Jaguar Land Rover,Jaguar F-Type P300 Coupe,I4 Petrol,1999,300,250,5.5,"$60,000",Petrol,2,400,
939,Acura,NSX Type S,Twin-Turbo V6 Hybrid,3493,600,307,2.9,"$157,000",Hybrid,2,666,
940,Acura,TLX PMC Edition,V6,3500,290,250,5.7,"$62,000",Petrol,5,362,
941,Acura,MDX Advance,V6,3500,290,190,6,"$60,000",Petrol,7,362,
942,Acura,RDX Technology,I4 Turbocharged,1500,272,210,6.6,"$45,000",Petrol,5,400,
943,Acura,ILX Premium,I4,2400,201,200,6.6,"$30,000",Petrol,5,180,
944,Acura,TLX A-Spec,V6,3500,290,250,5.7,"$50,000",Petrol,5,362,
945,Acura,RDX SH-AWD,I4 Turbocharged,1500,272,210,6.6,"$50,000",Petrol,5,400,
946,Acura,MDX SH-AWD,V6,3500,290,190,6,"$55,000",Petrol,7,362,
947,Acura,RDX Platinum Elite,I4 Turbocharged,1500,272,210,6.6,"$55,000",Petrol,5,400,
948,Acura,TLX A-Spec Sedan,V6,3500,290,250,5.7,"$50,000",Petrol,5,362,
949,Acura,TLX 2.4L,Inline-4,2400,206,210,6,"$35,000",Petrol,5,247,
950,Acura,MDX Hybrid,V6 Hybrid,3500,321,190,6,"$55,000",Hybrid,7,335,
951,Acura,RDX Hybrid,Inline-4 Hybrid,1500,247,210,6.6,"$50,000",Hybrid,5,400,
952,Acura,ILX Technology Package,Inline-4,2400,201,200,6.6,"$30,000",Petrol,5,180,
953,Acura,NSX GT3 (Track Version),Twin-Turbo V6 Hybrid,3493,500,300,3,"$150,000",Hybrid,2,600,
954,Acura,RDX Turbo AWD,Inline-4 Turbocharged,1500,272,210,6.6,"$45,000",Petrol,5,400,
955,Acura,TLX 3.5L V6,V6,3500,290,250,5.7,"$50,000",Petrol,5,362,
956,Acura,ILX Special Edition,Inline-4,2400,201,200,6.6,"$30,000",Petrol,5,180,
957,Acura,MDX SH-AWD w/Technology Package,V6,3500,290,190,6,"$55,000",Petrol,7,362,
958,Acura,NSX 3.5L Hybrid Coupe,Twin-Turbo V6 Hybrid,3493,537,307,2.9,"$157,000",Hybrid,2,666,
959,Acura,MDX Elite,V6,3500,290,190,6,"$58,000",Petrol,7,362,
960,Acura,TLX V6 Advance,V6,3500,290,250,5.7,"$46,000",Petrol,5,362,
961,Acura,NSX Carbon Edition,Twin-Turbo V6 Hybrid,3493,537,307,2.9,"$157,000",Hybrid,2,666,
962,Acura,RDX Turbo SH-AWD,Turbocharged I4,1500,272,210,6.6,"$42,000",Petrol,5,400,
963,Acura,ILX Technology Plus,Inline-4,2400,201,200,6.6,"$28,000",Petrol,5,180,
964,Acura,TLX Type S PMC Edition,Turbocharged V6,3000,355,250,5.1,"$54,000",Petrol,5,480,
965,Acura,MDX Sport Hybrid,V6 Hybrid,3500,321,190,6,"$52,000",Hybrid,7,335,
966,Peugeot,208,Inline-4,1199,82,180,10.5,"$22,000",Petrol,5,160,0.05
967,Peugeot,2008,Inline-4,1199,100,190,9,"$25,000",Petrol,5,205,
968,Peugeot,301,Inline-4,1598,115,185,10,"$23,500",Petrol,5,150,
969,Peugeot,308,Inline-4,1598,130,200,8,"$28,000",Petrol,5,230,
970,Peugeot,3008,Inline-4,1598,180,210,7.5,"$32,000",Petrol,5,400,
971,Peugeot,5008,Inline-4,1998,165,200,9.5,"$35,000",Diesel,7,400,
972,Peugeot,508,Inline-4,1998,180,235,8,"$35,500",Petrol,5,300,
973,Peugeot,Partner,Diesel I4,1560,75,160,12,"$22,500",Diesel,5,200,
974,Peugeot,Expert,Diesel I4,1997,120,180,10,"$30,000",Diesel,3,300,
975,Peugeot,Boxer,Diesel I4,2200,140,160,11,"$32,000",Diesel,3,340,
976,Peugeot,e-208,Electric Motor,50,136,150,8.1,"$35,000",Electric,5,260,
977,Peugeot,e-2008,Electric Motor,50,136,150,8.5,"$38,000",Electric,5,260,
978,Peugeot,208 GTI,Inline-4,1598,208,230,6.5,"$28,000",Petrol,5,300,
979,Peugeot,308 GTI,Inline-4,1598,270,250,6,"$35,000",Petrol,5,330,
980,Peugeot,508 PSE (Peugeot Sport Engineered),Hybrid I4,1598,360,250,5.2,"$55,000",Hybrid,5,520,
981,Peugeot,308 Allure,Inline-4,1199,130,205,9.3,"$25,000",Petrol,5,230,
982,Peugeot,2008 Allure,Inline-4,1199,130,200,9.7,"$27,000",Petrol,5,230,
983,Peugeot,3008 Allure,Inline-4,1499,180,210,8,"$30,000",Petrol,5,250,
984,Peugeot,5008 Allure,Inline-4,1499,180,200,8.5,"$33,000",Petrol,7,250,
985,Peugeot,508 Allure,Inline-4,1499,180,225,8,"$35,000",Petrol,5,250,
986,Peugeot,3008 GT,Inline-4,1598,200,220,7.5,"$35,000",Petrol,5,280,
987,Peugeot,508 GT,Inline-4,1598,225,235,6.8,"$40,000",Petrol,5,300,
988,Peugeot,3008 GT Hybrid,Hybrid I4,1598,300,235,6,"$45,000",Hybrid,5,400,
989,Peugeot,5008 GT Hybrid,Hybrid I4,1598,300,210,6.5,"$48,000",Hybrid,7,400,
990,Peugeot,208 Allure Premium,Inline-4,1199,130,200,9.5,"$28,000",Petrol,5,230,
991,Peugeot,Partner Tepee,Inline-4,1560,100,170,12,"$25,000",Diesel,5,260,
992,Peugeot,Expert L2H1,Inline-4,1997,120,160,13,"$30,000",Diesel,3,320,
993,Peugeot,Boxer L2H2,Inline-4,2200,130,140,14,"$35,000",Diesel,3,350,
994,Peugeot,Partner Electric,Electric Motor,,136,130,9,"$40,000",Electric,5,260,
995,Peugeot,Expert Electric,Electric Motor,,136,130,9.5,"$45,000",Electric,5,260,
996,Peugeot,208 PSE (Peugeot Sport Engineered),Hybrid I4,1598,225,250,5.5,"$45,000",Hybrid,5,360,
997,Peugeot,308 PSE,Hybrid I4,1598,360,250,5,"$55,000",Hybrid,5,520,
998,Peugeot,508 PSE,Hybrid I4,1598,360,250,5.2,"$60,000",Hybrid,5,520,
999,Peugeot,3008 PSE,Hybrid I4,1598,300,235,6,"$50,000",Hybrid,5,400,
1000,Peugeot,2008 Active,Inline-4,1199,100,190,11.2,"$22,000",Petrol,5,205,
1001,Peugeot,3008 Active,Inline-4,1499,130,200,10,"$30,000",Petrol,5,240,
1002,Peugeot,5008 Active,Inline-4,1499,130,190,10.5,"$33,000",Petrol,7,240,
1003,Peugeot,3008 Allure Premium,Inline-4,1499,130,200,9.8,"$32,000",Petrol,5,240,
1004,Peugeot,5008 Allure Premium,Inline-4,1499,130,190,10.2,"$35,000",Petrol,7,240,
1005,Peugeot,3008 GT Line,Inline-4,1598,180,210,8.5,"$35,000",Petrol,5,250,
1006,Peugeot,5008 GT Line,Inline-4,1598,180,200,9,"$38,000",Petrol,7,250,
1007,Peugeot,2008 GT,Inline-4,1199,130,200,9.3,"$25,000",Petrol,5,230,
1008,Peugeot,5008 GT,Inline-4,1598,180,210,8.2,"$40,000",Petrol,7,250,
1009,Peugeot,508 SW (Station Wagon),Inline-4,1598,180,220,8.4,"$35,000",Petrol,5,300,
1010,Peugeot,508 Saloon,Inline-4,1598,180,210,8.6,"$37,000",Petrol,5,300,
1011,Peugeot,308 Saloon,Inline-4,1199,130,200,9,"$28,000",Petrol,5,230,
1012,Peugeot,301 Sedan,Inline-4,1199,82,180,12,"$20,000",Petrol,5,115,
1013,Peugeot,208 Sedan,Inline-4,1199,100,190,11.2,"$22,000",Petrol,5,205,
1014,Ford,Fusion (Mondeo),1.5L EcoBoost / 2.0L Hybrid,1500,160,220,7.5,"$25,000 - $40,000",Petrol/Hybrid,5,200,
1015,Ford,Taurus,3.5L V6 / 2.0L EcoBoost,2000,200,220,6.5,"$30,000 - $45,000",Petrol,5,300,
1016,Ford,Fiesta,1.0L EcoBoost / 1.5L,1000,85,200,7,"$15,000 - $25,000",Petrol,5,130,
1017,Ford,Focus,1.0L EcoBoost / 1.5L / 2.0L,1000,120,220,6.5,"$20,000 - $30,000",Petrol,5,150,
1018,Ford,KA+,1.2L Petrol,1200,70,165,10.5,"$12,000 - $15,000",Petrol,5,100,
1019,Ford,EcoSport,1.0L Turbo Inline-3 / 2.0L,1000,123,180,9,"$20,000 - $25,000",Petrol,5,170,
1020,Ford,Escape (Kuga),1.5L EcoBoost / 2.5L Hybrid,1500,181,190,7.5,"$25,000 - $38,000",Petrol/Hybrid,5,230,
1021,Ford,Edge,2.0L EcoBoost / 2.7L V6,2000,250,200,6.5,"$35,000 - $45,000",Petrol,5,400,
1022,Ford,Explorer,2.3L EcoBoost / 3.0L V6,2300,300,200,6,"$35,000 - $55,000",Petrol,7,420,
1023,Ford,Expedition,3.5L EcoBoost / 5.4L V8,3500,375,180,6.5,"$50,000 - $75,000",Petrol,8,650,
1024,Ford,Bronco,2.3L EcoBoost / 2.7L V6,2300,275,200,7.5,"$30,000 - $55,000",Petrol,4,400,
1025,Ford,Bronco Sport,1.5L EcoBoost / 2.0L EcoBoost,1500,181,185,7,"$26,000 - $38,000",Petrol,5,250,
1026,Ford,F-150,3.3L V6 / 5.0L V8 / 3.5L EcoBoost,3300,290,200,5,"$35,000 - $75,000",Petrol/Diesel,5,400,
1027,Ford,F-250 Super Duty,6.2L V8 / 7.3L V8 / 6.7L Turbo-Diesel,6200,385,180,6.5,"$40,000 - $70,000",Petrol/Diesel,5,700,
1028,Ford,F-350 Super Duty,6.7L Turbo-Diesel / 7.3L V8,6700,450,180,7,"$45,000 - $75,000",Diesel,5,1050,
1029,Ford,Maverick,2.5L Hybrid / 2.0L EcoBoost,2500,191,180,6.5,"$22,000 - $30,000",Hybrid/Petrol,5,250,
1030,Ford,Ranger,2.3L Turbo Inline-4 / 2.7L V6,2300,270,180,6,"$25,000 - $45,000",Petrol/Diesel,5,400,
1031,Ford,Mustang Mach-E,Electric Motor,68,290,180,3.5,"$43,000 - $61,000",Electric,5,430,
1032,Ford,F-150 Lightning,Electric Motor,98,452,180,4.5,"$40,000 - $90,000",Electric,5,1051,
1033,Ford,Escape Hybrid,2.5L Inline-4 + Electric,2500,200,180,7.7,"$28,000 - $38,000",Hybrid,5,210,
1034,Ford,Explorer Hybrid,3.3L V6 + Electric,3300,318,180,7.5,"$50,000 - $55,000",Hybrid,7,500,
1035,Ford,Mustang,5.0L V8,5000,450,250,4.3,"$55,000",Petrol,4,530,
1036,Ford,GT,3.5L Twin-Turbo V6,3500,660,348,3,"$500,000",Petrol,2,746,
1037,Ford,Focus ST,2.3L Turbo Inline-4,2300,280,250,5.7,"$30,000",Petrol,5,420,
1038,Ford,Fiesta ST,1.5L Turbo Inline-3,1500,200,230,6.5,"$23,000",Petrol,5,290,
1039,Ford,Bronco Raptor,3.0L Twin-Turbo V6,3000,400,220,5.5,"$70,000",Petrol,4,583,
1040,Ford,Ranger Raptor,2.7L Twin-Turbo V6,2700,392,200,6,"$45,000",Petrol,5,583,
1041,Ford,F-150 Raptor,3.5L Twin-Turbo V6,3500,450,200,5,"$70,000",Petrol,5,691,
1042,Ford,Puma,Turbocharged Inline-3,1000,123,191,9.6,"$28,000",Petrol,5,200,
1043,Ford,Territory,Turbocharged Inline-4,1500,140,180,11,"$32,000",Petrol,5,225,
1044,Ford,Everest,Turbocharged Inline-4,2000,210,190,10.5,"$52,000",Diesel,7,500,
1045,Ford,Flex,Naturally Aspirated V6,3500,287,200,7.9,"$31,000",Petrol,7,345,
1046,Ford,Transit,EcoBlue Turbo Diesel,2000,170,160,12,"$43,455",Diesel,215,405,
1047,Ford,Transit Connect,Inline-4 Gasoline Engine,2000,162,175,10.5,"$29,365",Petrol,27,200,
1048,Ford,F-450 Super Duty,Turbocharged V8 Diesel,6700,475,165,8.5,"$61,625",Diesel,26,1424,
1049,Ford,F-550 Super Duty,Turbocharged V8 Diesel,6700,475,165,8.8,"$64,540",Diesel,26,1424,
1050,Ford,Mustang Shelby GT500,Supercharged V8,5200,760,290,3.5,"$79,420",Petrol,2,847,
1051,Ford,Mustang Shelby GT350,Naturally Aspirated V8,5200,526,280,4,"$59,140",Petrol,2,582,
1052,Ford,F-150 Platinum,Turbocharged V6,3500,400,180,6.5,"$64,695",Petrol,5,678,
1053,Ford,F-150 Limited,Turbocharged V6,3500,450,190,6.1,"$84,910",Petrol,5,678,
1054,Ford,Explorer Platinum,Turbocharged V6,3000,400,230,6,"$56,505",Petrol,7,563,
1055,Ford,Expedition King Ranch,Turbocharged V6,3500,440,210,6.8,"$79,560",Petrol,78,691,
1056,Ford,Transit Custom,EcoBlue Turbo Diesel,2000,130,160,12.5,"$35,000",Diesel,29,385,
1057,Ford,E-Series Cutaway,V8 Gasoline Engine,7300,350,140,13,"$36,000",Petrol,2,569,
1058,Ford,Transit Chassis Cab,EcoBlue Turbo Diesel,2000,170,160,11.5,"$37,000",Diesel,2,405,
1059,Ford,Transit Electric (E-Transit),Electric Motor,89,266,140,9,"$52,000",Electric,212,430,
1060,Ford,Explorer Plug-in Hybrid,V6 Hybrid + Electric Motor,3000,457,225,6,"$53,000",Hybrid,7,825,
1061,Ford,Maverick Hybrid,I4 Hybrid,2500,191,180,7.8,"$25,000",Hybrid,5,210,
1062,Ford,Mustang (2024),V8 Gasoline Engine,5000,450,250,4.5,"$60,000",Petrol,4,570,
1063,Ford,Ranger (2024),I4 Turbo Diesel,2000,210,180,8,"$40,000",Diesel,5,500,
1064,Ford,Escape Plug-in Hybrid (2024),I4 Hybrid,2500,221,190,7.5,"$38,000",Hybrid,5,210,
1065,Ford,Bronco (2024),V6 EcoBoost,2700,310,200,6.7,"$45,000",Petrol,5,542,
1066,Ford,Explorer (2024),V6 Turbocharged,3000,400,230,5.9,"$55,000",Petrol,7,563,
1067,Mitsubishi,Mirage,1.2L MIVEC,1200,78,170,12,"$16,000 - $18,000",Petrol,5,100,
1068,Mitsubishi,Mirage G4,1.2L MIVEC,1200,78,170,12,"$17,000 - $19,000",Petrol,5,100,
1069,Mitsubishi,Outlander,2.5L 4-Cylinder,2500,181,190,9.5,"$28,000 - $35,000",Petrol,7,245,
1070,Mitsubishi,Outlander PHEV,2.4L Hybrid,2400,248,170,10.5,"$39,000 - $43,000",Hybrid,5,300,
1071,Mitsubishi,Eclipse Cross,1.5L Turbo,1500,152,180,9.8,"$25,000 - $28,000",Petrol,5,250,
1072,Mitsubishi,ASX (Outlander Sport),2.0L MIVEC,2000,148,190,10,"$23,000 - $26,000",Petrol,5,197,
1073,Mitsubishi,Pajero,3.2L Diesel Turbo,3200,189,180,10.5,"$40,000 - $45,000",Diesel,7,441,
1074,Mitsubishi,Pajero Sport,2.4L Diesel Turbo,2400,181,180,11,"$35,000 - $40,000",Diesel,7,430,
1075,Mitsubishi,Triton (L200),2.4L Diesel Turbo,2400,181,177,10.5,"$25,000 - $35,000",Diesel,5,430,
1076,Mitsubishi,Lancer Evolution X,2.0L Turbocharged,2000,291,240,5,"$40,000 - $50,000",Petrol,5,407,
1077,Mitsubishi,i-MiEV (Electric),Electric Motor,16,66,130,15,"$23,000 - $26,000",Electric,4,196,
1078,Mitsubishi,Xpander,1.5L MIVEC,1500,105,170,13.5,"$20,000 - $25,000",Petrol,7,141,
1079,Mitsubishi,Delica D:5,2.2L Diesel Turbo,2200,145,175,11,"$35,000 - $40,000",Diesel,7,360,
1080,Mitsubishi,Colt,1.1L / 1.5L MIVEC,1100,75,180,9,"$15,000 - $20,000",Petrol,5,100,
1081,Mitsubishi,Grandis,2.4L MIVEC,2400,165,190,11,"$25,000 - $30,000",Petrol,7,217,
1082,Mitsubishi,Outlander Black Edition,2.5L 4-Cylinder,2500,181,190,9.5,"$32,000 - $35,000",Petrol,7,245,
1083,Mitsubishi,Outlander SEL,2.5L 4-Cylinder,2500,181,190,9.5,"$31,000 - $34,000",Petrol,7,245,
1084,Mitsubishi,Outlander SE,2.5L 4-Cylinder,2500,181,190,9.5,"$29,000 - $32,000",Petrol,7,245,
1085,Mitsubishi,Eclipse Cross Black Edition,1.5L Turbo,1500,152,180,9.8,"$28,000 - $30,000",Petrol,5,250,
1086,Mitsubishi,ASX Exceed,2.0L MIVEC,2000,148,190,10,"$26,000 - $28,000",Petrol,5,197,
1087,Mitsubishi,Triton Athlete,2.4L Diesel Turbo,2400,181,177,10.5,"$27,000 - $35,000",Diesel,5,430,
1088,Mitsubishi,Pajero Final Edition,3.2L Diesel Turbo,3200,189,180,10.5,"$45,000 - $50,000",Diesel,7,441,
1089,Mitsubishi,L200 Barbarian X,2.4L Diesel Turbo,2400,181,177,10.5,"$30,000 - $35,000",Diesel,5,430,
1090,Mitsubishi,Space Star,1.2L MIVEC,1200,78,170,12,"$15,000 - $17,000",Petrol,5,100,
1091,Mitsubishi,Lancer EX,1.6L MIVEC / 2.0L,1600,117,200,10,"$20,000 - $25,000",Petrol,5,154,
1092,Mitsubishi,Montero Sport,2.4L Diesel Turbo,2400,181,180,11,"$35,000 - $40,000",Diesel,7,430,
1093,Mitsubishi,Attrage,1.2L MIVEC,1200,78,170,12.5,"$15,000 - $17,000",Petrol,5,100,
1094,Mitsubishi,RVR SE,2.0L MIVEC,2000,148,190,10.5,"$23,000 - $25,000",Petrol,5,197,
1095,Mitsubishi,Delica Van,2.0L Diesel / 2.2L Diesel,2000,145,175,11.5,"$30,000 - $35,000",Diesel,7,360,
1096,Mitsubishi,Canter (Truck),3.0L Diesel,3000,150,120,,"$35,000 - $45,000",Diesel,2,370,
1097,Mitsubishi,Lancer GLX,1.6L MIVEC,1600,115,190,11.5,"$17,000 - $20,000",Petrol,5,154,
1098,Mitsubishi,Pajero GLS,3.2L Diesel Turbo,3200,189,180,10.5,"$45,000 - $50,000",Diesel,7,441,
1099,Mitsubishi,Xpander Cross,1.5L MIVEC,1500,105,170,12,"$20,000 - $25,000",Petrol,7,141,
1100,Mitsubishi,Eclipse Cross PHEV,2.4L PHEV,2400,188,180,10.5,"$35,000 - $40,000",Plug-in Hybrid,5,199,
1101,Mitsubishi,Outlander ES,2.5L 4-Cylinder,2500,181,190,9.5,"$28,000 - $30,000",Petrol,7,245,
1102,Mitsubishi,Montero GLX,2.4L Diesel Turbo,2400,181,180,11,"$35,000 - $40,000",Diesel,7,430,
1103,Mitsubishi,Triton GLX-R,2.4L Diesel Turbo,2400,181,177,10.5,"$27,000 - $35,000",Diesel,5,430,
1104,Mitsubishi,ASX Dynamic,2.0L MIVEC,2000,148,190,10,"$25,000 - $28,000",Petrol,5,197,
1105,Mitsubishi,Mirage ES,1.2L MIVEC,1200,78,170,12.5,"$15,000 - $17,000",Petrol,5,100,
1106,Mitsubishi,Outlander LE,2.5L 4-Cylinder,2500,181,190,9.5,"$30,000 - $35,000",Petrol,7,245,
1107,Mitsubishi,Fuso Fighter (Truck),7.5L Diesel,7500,240,120,,"$70,000 - $90,000",Diesel,2,686,
1108,Mitsubishi,Fuso Canter Eco Hybrid,3.0L Diesel Hybrid,3000,150,120,,"$50,000 - $60,000",Diesel Hybrid,2,370,
1109,Mitsubishi,Space Runner,1.8L MIVEC,1800,140,185,10.5,"$20,000 - $23,000",Petrol,5,170,
1110,Mitsubishi,Toppo BJ,0.7L 3-Cylinder,660,52,130,15,"$10,000 - $12,000",Petrol,4,60,
1111,Mitsubishi,Chariot,2.0L MIVEC,2000,140,185,10.5,"$20,000 - $23,000",Petrol,7,170,
1112,Mitsubishi,Lancer SE Limited,2.0L MIVEC,2000,148,200,10,"$20,000 - $25,000",Petrol,5,197,
1113,Mitsubishi,Pajero SWB (Short Wheel Base),3.2L Diesel Turbo,3200,189,180,10.5,"$45,000 - $50,000",Diesel,5,441,
1114,Mitsubishi,Delica Space Gear,2.4L Petrol,2400,145,170,13,"$30,000 - $35,000",Petrol,7,206,
1115,Mitsubishi,i (Kei Car),0.7L 3-Cylinder,660,64,130,15.5,"$12,000 - $15,000",Petrol,4,94,
1116,Mitsubishi,Dion,2.0L 4-Cylinder,2000,135,180,11.5,"$15,000 - $18,000",Petrol,7,181,
1117,Mitsubishi,Airtrek,2.4L 4-Cylinder,2400,160,190,11,"$20,000 - $25,000",Petrol,5,214,
1118,Mitsubishi,eK Space,0.7L 3-Cylinder,660,52,130,15,"$10,000 - $12,000",Petrol,4,60,
1119,Mitsubishi,eK X,0.7L 3-Cylinder,660,64,140,13.5,"$12,000 - $15,000",Petrol,4,94,
1120,Mitsubishi,Colt CZC Convertible,1.5L Turbocharged,1500,147,200,9.5,"$25,000 - $30,000",Petrol,4,210,
1121,Mitsubishi,Galant Fortis,2.0L MIVEC,2000,154,200,10,"$18,000 - $22,000",Petrol,5,200,
1122,Mitsubishi,Endeavor,3.8L V6,3800,225,190,9.5,"$28,000 - $35,000",Petrol,5,343,
1123,Mitsubishi,Grand Lancer,1.8L MIVEC,1800,138,190,11.5,"$20,000 - $25,000",Petrol,5,173,
1124,Mitsubishi,Sigma,3.0L V6,3000,210,220,8.5,"$35,000 - $40,000",Petrol,5,270,
1125,Mitsubishi,Town Box,0.7L 3-Cylinder,660,48,120,16,"$10,000 - $12,000",Petrol,4,60,
1126,Mitsubishi,Minicab MiEV,Electric Motor,16,64,100,,"$18,000 - $20,000",Electric,2,196,
1127,Mazda,Mazda3,2.0L SkyActiv-G,2000,155,200,8.9,"$22,000 - $26,000",Petrol,5,213,
1128,Mazda,Mazda3 Hatchback,2.5L SkyActiv-G,2500,186,210,8.3,"$24,000 - $28,000",Petrol,5,252,
1129,Mazda,Mazda6,2.5L Turbocharged,2500,250,240,6.4,"$27,000 - $35,000",Petrol,5,420,
1130,Mazda,CX-3,2.0L SkyActiv-G,2000,146,180,9.5,"$21,000 - $25,000",Petrol,5,197,
1131,Mazda,CX-30,2.5L SkyActiv-G,2500,186,204,8.7,"$23,000 - $28,000",Petrol,5,252,
1132,Mazda,CX-5,2.5L SkyActiv-G,2500,187,200,8.8,"$26,000 - $32,000",Petrol,5,252,0.2
1133,Mazda,CX-50,2.5L Turbocharged,2500,256,220,6.9,"$29,000 - $36,000",Petrol,5,434,0.35
1134,Mazda,CX-8,2.2L Diesel,2200,187,200,9.2,"$36,000 - $42,000",Diesel,7,450,
1135,Mazda,CX-9,2.5L Turbocharged,2500,250,210,7.2,"$38,000 - $45,000",Petrol,7,420,
1136,Mazda,CX-90,3.3L Inline-6 Turbo,3300,340,240,6.2,"$50,000 - $60,000",Petrol,7,500,
1137,Mazda,MX-5 Miata,2.0L SkyActiv-G,2000,181,225,6.5,"$27,000 - $33,000",Petrol,2,205,
1138,Mazda,MX-5 Miata RF,2.0L SkyActiv-G,2000,181,225,6.5,"$33,000 - $40,000",Petrol,2,205,
1139,Mazda,MX-30 Electric,Electric Motor,35.5,143,140,9.7,"$33,000 - $37,000",Electric,5,271,
1140,Mazda,CX-4,2.0L SkyActiv-G,2000,158,190,9.6,"$22,000 - $28,000",Petrol,5,202,
1141,Mazda,CX-7,2.3L Turbocharged,2300,244,210,7.9,"$28,000 - $33,000",Petrol,5,350,
1142,Mazda,Tribute,3.0L V6,3000,200,190,9,"$24,000 - $30,000",Petrol,5,270,
1143,Mazda,B-Series Pickup,2.5L Diesel,2500,143,170,11.5,"$20,000 - $25,000",Diesel,5,330,
1144,Mazda,BT-50,3.2L Turbo Diesel,3200,200,180,10,"$27,000 - $35,000",Diesel,5,470,
1145,Mazda,RX-7,1.3L Rotary Twin-Turbo,1300,276,250,5.5,"$30,000 - $50,000",Petrol,4,314,
1146,Mazda,RX-3,1.2L Rotary,1200,110,180,8.9,"$15,000 - $20,000",Petrol,4,145,
1147,Mazda,RX-Vision Concept,Rotary SkyActiv-R,,400,300,,N/A (Concept Only),Petrol (Hybrid),2,,
1148,Mazda,323F,1.6L Inline-4,1600,105,180,10.5,"$14,000 - $18,000",Petrol,5,145,
1149,Mazda,Familia Sedan,1.5L Inline-4,1500,100,175,11,"$12,000 - $16,000",Petrol,5,135,
1150,Mazda,Premacy,2.0L Inline-4,2000,138,190,9.8,"$18,000 - $24,000",Petrol,7,180,
1151,Mazda,Demio,1.5L SkyActiv-G,1500,108,180,10.2,"$13,000 - $18,000",Petrol,5,142,
1152,Mazda,Millenia,2.3L Miller Cycle V6,2300,210,215,8.2,"$25,000 - $30,000",Petrol,5,280,
1153,Mazda,Eunos Cosmo,2.0L Twin-Rotor Turbo,2000,280,240,6,"$40,000 - $50,000",Petrol,4,300,
1154,Mazda,Atenza,2.5L SkyActiv-G,2500,192,210,8.5,"$22,000 - $28,000",Petrol,5,252,
1155,Mazda,Roadpacer AP,1.3L Rotary,1300,130,170,11.5,"$20,000 - $25,000",Petrol,5,165,
1156,Mazda,626,2.0L Inline-4,2000,140,190,9.5,"$18,000 - $22,000",Petrol,5,180,
1157,Mazda,929,3.0L V6,3000,205,220,8,"$25,000 - $30,000",Petrol,5,270,
1158,Mazda,Luce,1.8L Rotary,1800,135,180,10.5,"$15,000 - $20,000",Petrol,5,170,
1159,Mazda,Capella,1.6L Inline-4,1600,110,175,11.2,"$14,000 - $18,000",Petrol,5,145,
1160,Mazda,Carol,660cc Inline-3,660,63,140,15.5,"$9,000 - $12,000",Petrol,4,90,
1161,Mazda,Autozam AZ-1,657cc Turbocharged Inline-3,657,63,140,11,"$12,000 - $18,000",Petrol,2,85,
1162,Mazda,Spiano,660cc Inline-3,660,54,130,16,"$8,000 - $10,000",Petrol,4,80,
1163,Mazda,Verisa,1.5L Inline-4,1500,113,170,11,"$14,000 - $18,000",Petrol,5,140,
1164,Mazda,MX-6,2.5L V6,2500,164,210,8.8,"$18,000 - $24,000",Petrol,4,215,
1165,Mazda,MPV,3.0L V6,3000,200,185,9.5,"$25,000 - $30,000",Petrol,7,265,
1166,Mazda,Proceed Marvie,2.6L Inline-4,2600,120,160,12,"$20,000 - $25,000",Petrol,5,200,
1167,Mazda,Sentia,3.0L V6,3000,200,200,9,"$22,000 - $28,000",Petrol,5,265,
1168,Mazda,Cronos,2.5L V6,2500,160,190,8.5,"$18,000 - $22,000",Petrol,5,210,
1169,Mazda,Scrum,660cc Inline-3,660,63,130,15,"$9,000 - $11,000",Petrol,4,85,
1170,Mazda,Parkway,1.8L Inline-4,1800,115,160,12.5,"$20,000 - $25,000",Petrol,5,155,
1171,Mazda,Titan (Truck),3.0L Inline-4,3000,130,120,15,"$25,000 - $30,000",Diesel,2,300,
1172,Mazda,CX-60,2.5L Inline-4,2500,187,200,8.5,"$40,000 - $45,000",Petrol/Diesel,5,250,
1173,Mazda,CX-80,3.0L Inline-6,3000,250,210,7.5,"$45,000 - $50,000",Petrol,7,400,
1174,Mazda,T1500,1.5L Inline-4,1500,75,120,18,"$15,000 - $18,000",Petrol,2,105,
1175,Mazda,Bongo Van,2.0L Inline-4,2000,100,160,14,"$18,000 - $22,000",Petrol/Diesel,3,140,
1176,Mazda,Bongo Friendee,2.5L Inline-4,2500,115,160,12.5,"$20,000 - $24,000",Petrol/Diesel,7,160,
1177,Mazda,Revue,1.3L Inline-4,1300,75,130,15.5,"$10,000 - $12,000",Petrol,5,110,
1178,Mazda,Protegé,1.8L Inline-4,1800,125,185,9,"$15,000 - $18,000",Petrol,5,170,
1179,Mazda,Xedos 6,2.5L V6,2500,170,215,8.5,"$25,000 - $30,000",Petrol,5,230,
1180,Mazda,Xedos 9,3.0L V6,3000,200,220,7.5,"$30,000 - $35,000",Petrol,5,260,
1181,Mazda,121,1.3L Inline-4,1300,70,155,13,"$12,000 - $15,000",Petrol,5,110,
1182,Mazda,1200,1.2L Inline-4,1200,60,130,16,"$10,000 - $12,000",Petrol,4,90,
1183,Mazda,1500,1.5L Inline-4,1500,85,145,14,"$12,000 - $15,000",Petrol,5,120,
1184,Mazda,RX-2,1.3L Inline-2 (Wankel),1308,130,185,8.5,"$20,000 - $25,000",Petrol,4,220,
1185,Mazda,RX-5,1.6L Inline-2 (Wankel),1588,135,190,8,"$25,000 - $30,000",Petrol,4,210,
1186,Mazda,RX-7 Spirit R,1.3L Inline-2 (Wankel),1308,280,250,5.5,"$35,000 - $40,000",Petrol,2,290,
1187,Mazda,Cosmo Sport (110S),1.0L Inline-2 (Wankel),1000,110,170,10,"$30,000 - $35,000",Petrol,2,150,
1188,Mazda,Eunos 500,2.0L Inline-4,1998,135,200,9,"$25,000 - $28,000",Petrol,5,170,
1189,Mazda,Eunos Roadster,1.6L Inline-4,1590,116,180,9.5,"$15,000 - $18,000",Petrol,2,140,
1190,Mazda,Familia Astina,1.8L Inline-4,1800,135,200,8.5,"$20,000 - $22,000",Petrol,5,170,
1191,Mazda,Savanna RX-7,1.3L Inline-2 (Wankel),1308,165,230,7.5,"$28,000 - $32,000",Petrol,2,230,
1192,Mazda,Capella Cargo,2.0L Inline-4,2000,115,180,12,"$18,000 - $22,000",Petrol,4,160,
1193,Mazda,818,1.6L Inline-4,1600,100,170,12.5,"$14,000 - $18,000",Petrol,5,130,
1194,Mazda,Sentia Hardtop Coupe,2.5L V6,2500,160,210,8,"$30,000 - $35,000",Petrol,4,220,
1195,Mazda,Biante,2.0L Inline-4,2000,150,185,10,"$22,000 - $26,000",Petrol,7,200,
1196,Mazda,Premacy Hydrogen RE Hybrid,1.3L Wankel + Electric,1308,200,180,9.5,"$40,000 - $45,000",Hybrid,5,260,
1197,Mazda,Carol P360,0.36L Inline-2,360,26,85,35,"$8,000 - $10,000",Petrol,4,45,
1198,Mazda,T2000,2.0L Inline-4,2000,110,170,12.5,"$18,000 - $20,000",Petrol,2,160,
1199,Mazda,AZ-Offroad,1.3L Inline-4,1298,85,145,12,"$15,000 - $18,000",Petrol,5,130,
1200,Mazda,Scrum Wagon,0.66L Inline-3,657,64,120,15.5,"$10,000 - $12,000",Petrol,4,95,
1201,Mazda,Persona,1.5L Inline-4,1497,92,160,13.5,"$13,000 - $16,000",Petrol,5,130,
1202,Mazda,Astina,1.8L Inline-4,1800,140,190,8.5,"$20,000 - $24,000",Petrol,5,160,
1203,Mazda,Etude,1.6L Inline-4,1598,105,170,10,"$14,000 - $16,000",Petrol,5,135,
1204,Mazda,Porter,1.5L Inline-4,1497,95,130,14,"$12,000 - $15,000",Petrol,2,130,
1205,Mazda,MX-3,1.6L Inline-4,1598,130,190,8.5,"$18,000 - $22,000",Petrol,4,140,
1206,Mazda,MX-5 Superlight Concept,1.8L Inline-4,1798,143,200,7.5,"$30,000 - $35,000",Petrol,2,160,
1207,Mazda,Premacy Hydrogen RE,1.3L Wankel + Electric,1308,200,180,9.5,"$40,000 - $45,000",Hybrid,5,260,
1208,Mazda,Bongo Truck,2.0L Inline-4,1998,120,130,15,"$15,000 - $18,000",Petrol,2,150,
1209,Mazda,Rotary Pickup,1.3L Wankel Rotary Engine,1308,130,150,14.5,"$18,000 - $22,000",Petrol,2,160,
1210,Mazda,Luce Rotary Coupe,1.3L Wankel Rotary Engine,1308,135,175,12,"$25,000 - $30,000",Petrol,4,180,
1211,Mazda,Millenia S,2.5L V6,2500,200,220,8,"$30,000 - $35,000",Petrol,5,250,
1212,Mazda,787B (Race Car),2.6L Wankel Rotary Engine,2620,700,320,3.5,"$5,000,000 - $7,000,000",Petrol,1,500,
1213,Toyota,Crown Signia,2.5L Hybrid I4,2487,240,180,7.6,"$43,590  $48,000",Hybrid (Gas + Electric),5,239,
1214,Toyota,4Runner (6th Gen),2.4L Turbo I4 (i-FORCE MAX Hybrid),2393,326,180,6.8,"$50,000",Hybrid,7,630,
1215,Toyota,Corolla Cross,2.0L Gas / 2.0L Hybrid,1987,169,190,8,"$25,210  $29,135",Gas / Hybrid,5,190,
1216,Toyota,C-HR+,1.8L / 2.0L Hybrid,1798,140,180,7.9," 33,000",Hybrid,5,190,
1217,Toyota,RAV4 (6th Gen),2.5L Hybrid / Plug-in Hybrid,2487,219,200,6,"$29,000  $43,000",Hybrid / Plug-in,5,221,